alpha,beta,phase_offset,psi_offset,chi_red,K
141.52065828215507,1.5553026995408743,8.205298653920662,9.792018227829976,1.2321605914218485,-22.92522891164535
120.32916115492398,1.9366955292846344,8.205298653920662,9.792018227829976,1.1904424548130668,-25.540215257130875
49.04637252352952,1.6948078600250651,8.205298653920662,9.792018227829976,1.1680472130462805,-25.53587025922321
61.62078564502295,2.030438453838684,8.205298653920662,9.792018227829976,1.1680604559882817,-24.832363733100923
39.73240841089846,1.3964306822448265,8.205298653920662,9.792018227829976,1.1621530926143802,-26.22919684341587
102.12707016651434,2.3975184309723545,8.205298653920662,9.792018227829976,1.165154547748076,-23.371466969687024
108.49697068294893,2.0874400665213244,8.205298653920662,9.792018227829976,1.15766913654013,-26.03568232473744
47.077656845718245,1.630246093849422,8.205298653920662,9.792018227829976,1.1557757743263708,-25.739712340398917
38.439587908513225,1.2983536390322428,8.205298653920662,9.792018227829976,1.1490629770243033,-27.437217532395696
108.11651771921689,2.337797243937203,8.205298653920662,9.792018227829976,1.155488818598951,-23.299932751433793
75.70752960169312,2.290176894885249,8.205298653920662,9.792018227829976,1.1501563933077015,-24.25016097897976
139.35270235991055,1.571265595208203,8.205298653920662,9.792018227829976,1.1519203210604056,-23.75613248715352
135.23370753119772,1.726446179979817,8.205298653920662,9.792018227829976,1.1528560926328517,-23.374460394923794
41.45202290144081,1.4426169976106422,8.205298653920662,9.792018227829976,1.1422386780111842,-26.294847549273026
113.81302042694136,2.254853986660152,8.205298653920662,9.792018227829976,1.1500081384349476,-23.252771663657914
106.03588513179744,2.3582174452134126,8.205298653920662,9.792018227829976,1.1490488924411606,-23.357424766198175
102.6953148651598,2.387072008670458,8.205298653920662,9.792018227829976,1.1479123964684865,-23.422508809672085
79.13447673693507,2.3322485230762737,8.205298653920662,9.792018227829976,1.1445409669135709,-24.13299458091625
44.251423816788616,1.456067007581268,8.205298653920662,9.792018227829976,1.1287710928403463,-27.46149171088811
59.21718044004336,1.960111962699429,8.205298653920662,9.792018227829976,1.1348110413061874,-25.11753180754824
131.31950836599106,1.7548920232711538,8.205298653920662,9.792018227829976,1.1366635103078926,-24.524651273390962
124.63425220838516,2.0246630489728545,8.205298653920662,9.792018227829976,1.1382424160125049,-23.289106921983862
126.42804335578502,1.9784333837584145,8.205298653920662,9.792018227829976,1.138038179519323,-23.306083178667677
41.267173451849175,1.4239321579118922,8.205298653920662,9.792018227829976,1.1273466274217034,-26.542369067808675
106.3001056158812,2.350118400082849,8.205298653920662,9.792018227829976,1.1353589826189106,-23.406559394481626
60.05016473567154,1.8000527558757111,8.205298653920662,9.792018227829976,1.1228456990502185,-27.5840979722214
135.38850013364112,1.6727338194101975,8.205298653920662,9.792018227829976,1.1333296273836058,-24.05900455058341
58.57955464111748,1.7731553529606998,8.205298653920662,9.792018227829976,1.1206372202334824,-27.579088544073826
119.50578483842136,2.140606659422033,8.205298653920662,9.792018227829976,1.1333466208447633,-23.300152434374034
41.41056162156958,1.3985736739623604,8.205298653920662,9.792018227829976,1.1208554573210479,-27.10051322644966
52.59762039009765,1.7797608778168694,8.205298653920662,9.792018227829976,1.1251690196268196,-25.57786301477608
71.30383192372724,2.2119440332989484,8.205298653920662,9.792018227829976,1.1256475110353046,-24.542150461678677
135.03625934179317,1.698785187760265,8.205298653920662,9.792018227829976,1.1275809262356757,-23.837339736750366
116.24421828691573,2.2024122066229666,8.205298653920662,9.792018227829976,1.1271129837643359,-23.33906305043549
50.78651837653344,1.6148669212501687,8.205298653920662,9.792018227829976,1.114387480512079,-27.493537660208194
131.29796549391656,1.8310477611957052,8.205298653920662,9.792018227829976,1.1256521255349352,-23.512731768908917
53.62767757678941,1.8055937854746704,8.205298653920662,9.792018227829976,1.1184735120852283,-25.55451491993252
116.50416782578318,2.1967825435738035,8.205298653920662,9.792018227829976,1.1254281552757257,-23.34626467433405
133.27697376643258,1.764842912014899,8.205298653920662,9.792018227829976,1.1246017705505578,-23.639890338364303
102.34177891323073,2.139392644533018,8.205298653920662,9.792018227829976,1.1168834608416267,-26.168492855377842
43.83453880760431,1.4599965812709144,8.205298653920662,9.792018227829976,1.112352123090586,-27.18232316977283
127.04448540269097,1.9537282783006449,8.205298653920662,9.792018227829976,1.123966139275002,-23.411915760996205
84.64468811016995,2.1176836459552675,8.205298653920662,9.792018227829976,1.1133870024056394,-26.943909847916103
123.88543618019024,1.9092655174833768,8.205298653920662,9.792018227829976,1.1180246147064625,-24.91697759123724
109.83605230086164,2.302449572536574,8.205298653920662,9.792018227829976,1.1218270010393425,-23.414533519639573
112.26930609841546,2.0704281662945903,8.205298653920662,9.792018227829976,1.1137940522997625,-25.614891354028924
67.49035288213784,2.136294798183968,8.205298653920662,9.792018227829976,1.1131942697493424,-24.782614984881427
48.0508971083934,1.5602217172492487,8.205298653920662,9.792018227829976,1.1044247879839375,-27.31558503882823
70.52268644513315,1.9772563520519668,8.205298653920662,9.792018227829976,1.1045261033901064,-27.324565538214454
48.46937608297554,1.646659600686462,8.205298653920662,9.792018227829976,1.1061820616578417,-26.051291209498565
128.17555966968993,1.9129161520717448,8.205298653920662,9.792018227829976,1.111351767576664,-23.550306713065936
106.735771497069,2.334675974929013,8.205298653920662,9.792018227829976,1.1096413188525511,-23.508222932732377
120.923131592848,1.9642512023883116,8.205298653920662,9.792018227829976,1.105399019711277,-25.02798209143388
63.25211207101068,2.042410912222536,8.205298653920662,9.792018227829976,1.1036055303023042,-25.05652137561266
65.59998855445474,1.9069227472798784,8.205298653920662,9.792018227829976,1.0969060775647694,-27.367631850009488
99.08565507799112,2.3924231553680078,8.205298653920662,9.792018227829976,1.1077953704054173,-23.655244520274945
81.91510705561117,2.3464829164418006,8.205298653920662,9.792018227829976,1.1051891369589701,-24.181792931673233
120.6753103478051,2.1021195054419053,8.205298653920662,9.792018227829976,1.1078128073301619,-23.44755555689863
110.9682040319516,2.088636656414735,8.205298653920662,9.792018227829976,1.1013001187050508,-25.62123754676752
124.5537597966766,2.008818086368649,8.205298653920662,9.792018227829976,1.1074121802675554,-23.49548278238846
56.18651021461466,1.866507242391961,8.205298653920662,9.792018227829976,1.100229462238305,-25.50904556989746
124.40040665405532,1.9106811057747848,8.205298653920662,9.792018227829976,1.1017078486446052,-24.747224713016557
46.35982348108293,1.5639436369194757,8.205298653920662,9.792018227829976,1.0932745099213161,-26.515932558413738
95.49306846637684,2.4004915792951493,8.205298653920662,9.792018227829976,1.1017221660767984,-23.765696164296827
130.14354869338925,1.8384052830474784,8.205298653920662,9.792018227829976,1.101856734946372,-23.828380583856973
52.247149668676855,1.6603032416162478,8.205298653920662,9.792018227829976,1.0902123969131468,-27.288852964982585
118.58883266454372,2.002872984789377,8.205298653920662,9.792018227829976,1.0968285202484802,-25.124065196192515
107.3991133736546,2.3234198260165044,8.205298653920662,9.792018227829976,1.1010588765788525,-23.538232448742367
129.7534662073456,1.8314029560798843,8.205298653920662,9.792018227829976,1.09764298899332,-24.05624450701174
93.41677736982656,2.1613478437525373,8.205298653920662,9.792018227829976,1.0900825512707528,-26.4684365872394
120.95530684210216,2.0903058736952005,8.205298653920662,9.792018227829976,1.098574305210064,-23.51137908465946
60.35013121251679,1.82191976390844,8.205298653920662,9.792018227829976,1.0858907249944223,-27.334974920764765
123.90928418613932,2.0178492933226124,8.205298653920662,9.792018227829976,1.0968835460992645,-23.57007202581585
88.43115156663661,2.1480504519032166,8.205298653920662,9.792018227829976,1.0875068539488444,-26.669634849379847
68.24440764767861,2.141864459419125,8.205298653920662,9.792018227829976,1.0917519003882348,-24.850868053349394
105.59370121034166,2.340280257640117,8.205298653920662,9.792018227829976,1.095726551958018,-23.587855208439493
114.15250995968708,2.0612627829084005,8.205298653920662,9.792018227829976,1.0907856023379363,-25.368605034053015
60.8622835921765,1.8319684079138483,8.205298653920662,9.792018227829976,1.0842924548076012,-27.322324370771053
88.7575053603245,2.3882681918604334,8.205298653920662,9.792018227829976,1.0936930046817888,-23.991819393535433
116.9690386854516,2.028130743550548,8.205298653920662,9.792018227829976,1.0899971300414995,-25.183597123470403
73.88856208143258,2.2397746448863955,8.205298653920662,9.792018227829976,1.0903887215362689,-24.582580095173476
62.92449976733866,2.0278624459804746,8.205298653920662,9.792018227829976,1.088265422928195,-25.16307028081802
66.96903710654054,2.115310370181689,8.205298653920662,9.792018227829976,1.0889044890206936,-24.932945234835138
79.94906203430155,2.0932455863835173,8.205298653920662,9.792018227829976,1.0832901261661771,-26.957664590670426
48.46196138272421,1.6261528281499409,8.205298653920662,9.792018227829976,1.0842297444737385,-26.376700114239863
47.64184022085573,1.5941016586977952,8.205298653920662,9.792018227829976,1.0836570313780178,-26.562947581416964
119.13332499635727,1.9999621467975004,8.205298653920662,9.792018227829976,1.088928459559277,-25.029178523439956
108.49980984411792,2.306389862207652,8.205298653920662,9.792018227829976,1.092773373360823,-23.564827899039354
82.37456503772336,2.3446265596848974,8.205298653920662,9.792018227829976,1.090427110681772,-24.227717579735977
108.65650639925131,2.11516562383116,8.205298653920662,9.792018227829976,1.0865432182065762,-25.670525194182453
102.07182495309098,2.3681810239810943,8.205298653920662,9.792018227829976,1.0914282585032633,-23.665719666269425
96.92071028017544,2.16541697089599,8.205298653920662,9.792018227829976,1.0837106226772637,-26.272933788997165
70.32619455371083,1.9845555949462157,8.205298653920662,9.792018227829976,1.0804512438452825,-27.1909250425755
54.81822518428541,1.8199850070434425,8.205298653920662,9.792018227829976,1.0840273857104186,-25.735010467972344
76.21736687183962,2.2725979882869467,8.205298653920662,9.792018227829976,1.087447316219401,-24.492070087978846
55.08943691208149,1.827121775237046,8.205298653920662,9.792018227829976,1.0833684672218657,-25.71977501528433
48.79755090897048,1.6008673181930817,8.205298653920662,9.792018227829976,1.0797266885282135,-26.931772806277095
115.8282917197116,2.044687943681609,8.205298653920662,9.792018227829976,1.085598378357329,-25.22785656156572
67.93057949101032,2.1329216901281,8.205298653920662,9.792018227829976,1.0855389764709016,-24.90009055068696
60.623176880005694,1.9713160443837128,8.205298653920662,9.792018227829976,1.0836859232261637,-25.332366191877902
101.53064064615896,2.1567589317533304,8.205298653920662,9.792018227829976,1.082342346851877,-26.03568358496243
128.07252399309846,1.8840426750534505,8.205298653920662,9.792018227829976,1.0885135751631505,-23.9448575744178
63.6640740945699,2.041790924444399,8.205298653920662,9.792018227829976,1.082537662758146,-25.154304595451055
70.46141470120138,2.179485713287264,8.205298653920662,9.792018227829976,1.0835170680587118,-24.780851096996987
48.396273025650586,1.6078828744905709,8.205298653920662,9.792018227829976,1.077893095417689,-26.649219617688765
88.01634488505884,2.3815812434476413,8.205298653920662,9.792018227829976,1.08564165836176,-24.050381291294993
52.66975524938838,1.6789948059047504,8.205298653920662,9.792018227829976,1.0763229516086945,-27.138535370530068
95.27352296210086,2.167627258419614,8.205298653920662,9.792018227829976,1.0790658577677616,-26.326885430609302
79.82747651218843,2.0948698717830325,8.205298653920662,9.792018227829976,1.0767922503772376,-26.92657971701518
123.86289772449308,2.010359039783296,8.205298653920662,9.792018227829976,1.0862698053478437,-23.67072107984882
117.75814494678102,2.02278587996166,8.205298653920662,9.792018227829976,1.0818508703415775,-25.070769054017386
58.69636267843683,1.9210971353782893,8.205298653920662,9.792018227829976,1.0796707460334012,-25.48760706597248
126.47637457214172,1.8959241598146832,8.205298653920662,9.792018227829976,1.0835863980319993,-24.304803041542964
100.12018884977726,2.377126047565554,8.205298653920662,9.792018227829976,1.0845464703315204,-23.734760738940352
111.65308612309208,2.092976213895753,8.205298653920662,9.792018227829976,1.0792375288974643,-25.449189618656554
113.62504250670317,2.072947214773322,8.205298653920662,9.792018227829976,1.079597499896642,-25.328739523286377
97.4523192246756,2.387979112755445,8.205298653920662,9.792018227829976,1.0834045437753113,-23.79763740393227
50.24025485345573,1.6349268141868831,8.205298653920662,9.792018227829976,1.0737154849685178,-26.943797985194642
95.38281075190112,2.168891932837724,8.205298653920662,9.792018227829976,1.076229245498198,-26.306861407148574
117.42479817540855,2.1570446694141765,8.205298653920662,9.792018227829976,1.0841588478918676,-23.582577535284393
57.23731151231044,1.7708876356638823,8.205298653920662,9.792018227829976,1.0729782940576176,-27.21166017970115
94.69503681031388,2.3932448096623773,8.205298653920662,9.792018227829976,1.0829222192663308,-23.867232741438983
121.87802478396796,2.0582817598806,8.205298653920662,9.792018227829976,1.0836904916330359,-23.64329848352728
51.18018044254909,1.7055892976067497,8.205298653920662,9.792018227829976,1.0751757243891626,-26.176845868845728
85.78635696997947,2.140344974824103,8.205298653920662,9.792018227829976,1.0738757499912206,-26.70326616026778
101.02790309415258,2.370840610091548,8.205298653920662,9.792018227829976,1.0822925043320826,-23.727371367572687
111.64003027742444,2.0940934520235714,8.205298653920662,9.792018227829976,1.0773567740984507,-25.437918373157018
126.23799839460082,1.905474028071964,8.205298653920662,9.792018227829976,1.0802226811374325,-24.25721211997194
49.57876760304852,1.645191582694309,8.205298653920662,9.792018227829976,1.0724225301055441,-26.51676669136257
120.29354423430247,2.093960449654972,8.205298653920662,9.792018227829976,1.0816359204592212,-23.631388318170423
108.19624418876992,2.304275057918701,8.205298653920662,9.792018227829976,1.0809808617546486,-23.627924804214075
56.7006543014582,1.865177195214173,8.205298653920662,9.792018227829976,1.0738499638149765,-25.67962595820511
106.78647680095972,2.13429564631015,8.205298653920662,9.792018227829976,1.074580650108863,-25.70729226906464
117.7989763568582,2.146348439645124,8.205298653920662,9.792018227829976,1.0793260128041013,-23.619226505090207
50.78763493750898,1.6865158745227689,8.205298653920662,9.792018227829976,1.0703054307413984,-26.326253075207003
52.13412693071795,1.6767858140780163,8.205298653920662,9.792018227829976,1.0677547209977643,-26.979355552628885
91.40674290631188,2.388764120685167,8.205298653920662,9.792018227829976,1.0767951185224058,-23.985251414841947
106.43277976143096,2.1378686711554598,8.205298653920662,9.792018227829976,1.0719416525343652,-25.711650405013494
69.34049917906421,2.154057312613915,8.205298653920662,9.792018227829976,1.073076018308556,-24.894383223692476
63.55323016994669,2.033918611355148,8.205298653920662,9.792018227829976,1.072029132755429,-25.22739426279094
50.22363063209274,1.6585108673110796,8.205298653920662,9.792018227829976,1.067916078122869,-26.554348664889748
100.8258164500067,2.369294407034189,8.205298653920662,9.792018227829976,1.0764260933889136,-23.759019602467944
60.14585288774216,1.9525809744245637,8.205298653920662,9.792018227829976,1.0709160560214388,-25.454506995228478
72.12102831046435,2.014923018701509,8.205298653920662,9.792018227829976,1.0661850386379146,-27.06805335397984
50.64462214708052,1.655184906063937,8.205298653920662,9.792018227829976,1.0665336862091075,-26.76972498018659
125.65044364427314,1.9422573967377588,8.205298653920662,9.792018227829976,1.0755566528043883,-23.97559539035575
107.8957979819707,2.305186954927308,8.205298653920662,9.792018227829976,1.0756917364336773,-23.658969080357057
117.92321598117223,2.141374929503897,8.205298653920662,9.792018227829976,1.0757662604119727,-23.646938236349072
123.60456889465397,1.9487294694671675,8.205298653920662,9.792018227829976,1.0734045103691465,-24.492647995842447
101.46186126641064,2.364654242014737,8.205298653920662,9.792018227829976,1.0750915831797436,-23.75361441301085
125.61082915941589,1.9401051966535905,8.205298653920662,9.792018227829976,1.0745822479837617,-24.01407920792208
56.36050427497749,1.7603407760111054,8.205298653920662,9.792018227829976,1.0638903917735765,-27.10185996165277
53.33695370623117,1.763917928393255,8.205298653920662,9.792018227829976,1.0666618919683999,-26.05999725492499
105.40945396357492,2.1459378770757667,8.205298653920662,9.792018227829976,1.0680140403495628,-25.745853643570985
125.33016802507956,1.9440960924030009,8.205298653920662,9.792018227829976,1.0726439843325857,-24.048590441451367
72.3692397381553,2.205947005828748,8.205298653920662,9.792018227829976,1.069650506794922,-24.759428032685662
61.56144463967017,1.9852101415336136,8.205298653920662,9.792018227829976,1.0676897762296944,-25.383652064187064
97.25823395987526,2.383487641652877,8.205298653920662,9.792018227829976,1.0724304344329216,-23.85288367431732
116.0330180395582,2.17736705132009,8.205298653920662,9.792018227829976,1.073261074029636,-23.650131224783205
99.69951398157176,2.169298619123424,8.205298653920662,9.792018227829976,1.0661655718483614,-26.04077897583626
115.26973425694835,2.061254138601896,8.205298653920662,9.792018227829976,1.068778091418277,-25.142081568500895
100.15311593334071,2.168468009552029,8.205298653920662,9.792018227829976,1.0656606036404723,-26.01468143774904
82.83603381934576,2.3397600409934967,8.205298653920662,9.792018227829976,1.0700522190496533,-24.30347238164796
62.43635273265227,2.00526733403791,8.205298653920662,9.792018227829976,1.066567517123398,-25.33474047231314
92.42726725210352,2.387518898774317,8.205298653920662,9.792018227829976,1.0708449174294112,-23.98345115393093
121.32706893937215,2.061506545321606,8.205298653920662,9.792018227829976,1.0718459097865458,-23.746409195964105
116.34359875051828,2.049417343190484,8.205298653920662,9.792018227829976,1.067858552997686,-25.059077036536067
94.52703281722384,2.1738119982129973,8.205298653920662,9.792018227829976,1.0641130454542174,-26.281359052586293
71.87244489739464,2.1966864699482898,8.205298653920662,9.792018227829976,1.0677547761058401,-24.794305294987186
113.1821932724308,2.084780939482925,8.205298653920662,9.792018227829976,1.067029169926496,-25.26942322906007
104.53148147410812,2.3384049286986794,8.205298653920662,9.792018227829976,1.070900325588915,-23.724840242368025
74.72699198856398,2.2421094330781983,8.205298653920662,9.792018227829976,1.067470316403542,-24.658160681637113
51.28605003131888,1.6811283060573745,8.205298653920662,9.792018227829976,1.0615249720920688,-26.59705407404185
86.64528166012019,2.3666735026643124,8.205298653920662,9.792018227829976,1.0683041863656844,-24.174802747635617
114.27422366218296,2.07409936535322,8.205298653920662,9.792018227829976,1.0658457885473378,-25.18759379626959
102.6290038575591,2.3534721194768053,8.205298653920662,9.792018227829976,1.0691540409846962,-23.76289146951198
72.4268031583699,2.02201317872661,8.205298653920662,9.792018227829976,1.0594458608974182,-27.019230684196934
107.90662775121508,2.3016564718454475,8.205298653920662,9.792018227829976,1.0693094496535869,-23.69379305912282
56.661250300071096,1.769706863958049,8.205298653920662,9.792018227829976,1.0589851864955027,-27.052254640574656
114.39155107078892,2.073441832488811,8.205298653920662,9.792018227829976,1.0648995599961526,-25.172257271579745
60.65060739075907,1.8423922625279945,8.205298653920662,9.792018227829976,1.0585341166635518,-27.11165638062394
68.57539721068359,1.9700543174424467,8.205298653920662,9.792018227829976,1.0586294709095003,-27.078998475782473
124.34493142523584,1.953930228661264,8.205298653920662,9.792018227829976,1.06748657283537,-24.2156967331248
100.227469768739,2.170027992424764,8.205298653920662,9.792018227829976,1.0620154982712433,-25.98992565204718
110.80510821385384,2.262597215306485,8.205298653920662,9.792018227829976,1.0686251333936185,-23.67795486882974
124.35497207566485,1.95503574049944,8.205298653920662,9.792018227829976,1.0673162970159924,-24.199110409996734
114.41250159089532,2.07351933406386,8.205298653920662,9.792018227829976,1.0644291839149587,-25.167141642955247
104.6820426625962,2.335598290446555,8.205298653920662,9.792018227829976,1.068161267200062,-23.73707287982348
62.675265928562304,2.0086469550003727,8.205298653920662,9.792018227829976,1.0627388415776566,-25.34696114350512
54.05388016148376,1.72255586577036,8.205298653920662,9.792018227829976,1.0581860914618035,-26.932013083152047
59.37542675967306,1.9276822984925133,8.205298653920662,9.792018227829976,1.0619626806951965,-25.581847682155054
51.81838527831583,1.700482924845062,8.205298653920662,9.792018227829976,1.059251188596122,-26.489100511108443
108.69188908049227,2.127007159706196,8.205298653920662,9.792018227829976,1.062788259149215,-25.52234910134096
109.57703089824678,2.279410196089202,8.205298653920662,9.792018227829976,1.0678038662754503,-23.689399794950305
103.66890990683436,2.3441847849800013,8.205298653920662,9.792018227829976,1.0673125841908904,-23.756042972342403
123.44235570488466,1.9627610305770844,8.205298653920662,9.792018227829976,1.0658148334069473,-24.363272723239536
81.16431842270941,2.3215225194586537,8.205298653920662,9.792018227829976,1.0647563870207484,-24.39405151958866
61.44524610618144,1.8573701118957613,8.205298653920662,9.792018227829976,1.0567408173534345,-27.10024106352169
105.79771568549536,2.323873468146345,8.205298653920662,9.792018227829976,1.0667025738787435,-23.730539260965294
55.18424147031537,1.811917594952973,8.205298653920662,9.792018227829976,1.0594634371205363,-25.965435824804427
95.50201123558443,2.176520561302397,8.205298653920662,9.792018227829976,1.0594428959422062,-26.209505308933142
73.09768538817968,2.214658825924218,8.205298653920662,9.792018227829976,1.0630280035537814,-24.75973269262965
103.49352382787649,2.159349749339768,8.205298653920662,9.792018227829976,1.0605971377528995,-25.807489199373673
61.34451309445767,1.975779220660641,8.205298653920662,9.792018227829976,1.0606063307863094,-25.45228723370831
110.08753911430138,2.116698006169542,8.205298653920662,9.792018227829976,1.0614254498772089,-25.427652036241508
52.174000801810685,1.698622652033421,8.205298653920662,9.792018227829976,1.0569672769664862,-26.6470235287587
53.02208599047741,1.7076927200511562,8.205298653920662,9.792018227829976,1.0565360084648696,-26.807229001124902
73.68415875746975,2.2238115193304964,8.205298653920662,9.792018227829976,1.0626601558947721,-24.733279863063515
124.01629120002666,1.9713183918416348,8.205298653920662,9.792018227829976,1.0652609795016945,-24.095860626925315
118.7779914238078,2.1158371426250118,8.205298653920662,9.792018227829976,1.0661484233963514,-23.740338115572644
121.60210342494923,2.048354384303664,8.205298653920662,9.792018227829976,1.065872244830863,-23.8287150931973
68.03028249083329,2.1230887502246247,8.205298653920662,9.792018227829976,1.0615363443724255,-25.032971367099492
116.52203155444234,2.051207696685978,8.205298653920662,9.792018227829976,1.0623467449632167,-24.99848277036455
86.40393900581725,2.363213080834953,8.205298653920662,9.792018227829976,1.0639144596385595,-24.203988936991664
117.29129940794093,2.04221916351257,8.205298653920662,9.792018227829976,1.0621636091837818,-24.937965027041805
83.00918887788414,2.338070225092096,8.205298653920662,9.792018227829976,1.0631784900447077,-24.330155025011052
122.76964842096696,2.01494116079472,8.205298653920662,9.792018227829976,1.0648173136103773,-23.914984016909006
93.85843871626192,2.3848779818973327,8.205298653920662,9.792018227829976,1.0639791313188494,-23.97708443808587
52.57097907526586,1.7237998248558597,8.205298653920662,9.792018227829976,1.0563566078864712,-26.398562400099156
73.49550348261414,2.2201284499638376,8.205298653920662,9.792018227829976,1.061225353220919,-24.75027799485069
95.09649815790728,2.3839344625838947,8.205298653920662,9.792018227829976,1.063819988497585,-23.94601484055408
52.47927018510714,1.7059085097230169,8.205298653920662,9.792018227829976,1.0553485675979375,-26.642630624990588
71.40389223056569,2.011194799893616,8.205298653920662,9.792018227829976,1.0545321111724295,-27.006595598746657
58.83057260519036,1.9109012082985688,8.205298653920662,9.792018227829976,1.0579490417349355,-25.659977613730312
89.95097803769839,2.1674833177305715,8.205298653920662,9.792018227829976,1.0563254085607652,-26.440538771910628
122.91714952338756,1.974341138890736,8.205298653920662,9.792018227829976,1.0625189204685441,-24.366040994234446
83.57129206776597,2.342092206636039,8.205298653920662,9.792018227829976,1.0616656771170438,-24.31644636334893
61.35847775993108,1.9743690323001035,8.205298653920662,9.792018227829976,1.0578062333528142,-25.473850968442264
115.9548877585983,2.1722288260993423,8.205298653920662,9.792018227829976,1.06360031966233,-23.721814334352196
120.393923198219,2.0758288602818595,8.205298653920662,9.792018227829976,1.0633010442844892,-23.81327397141521
53.200268951215165,1.7160135080823835,8.205298653920662,9.792018227829976,1.0536600269480905,-26.73961982866676
85.45254163273025,2.3556758698480422,8.205298653920662,9.792018227829976,1.060714996783234,-24.25270288503211
93.27123161543426,2.176543637771005,8.205298653920662,9.792018227829976,1.054972910290258,-26.28763359337626
86.96126603106723,2.155578355369641,8.205298653920662,9.792018227829976,1.054128032211864,-26.549123876439896
63.07958917509241,1.887936629369321,8.205298653920662,9.792018227829976,1.052096105907631,-27.06459624075788
100.09283896650004,2.366203404120796,8.205298653920662,9.792018227829976,1.0616478025580744,-23.84628901695885
52.87430863473798,1.725704367275469,8.205298653920662,9.792018227829976,1.0532233617988023,-26.47591306631667
79.14250930038541,2.2968600417535043,8.205298653920662,9.792018227829976,1.0591401611965987,-24.505274946115005
122.5271402126707,2.0156396247837165,8.205298653920662,9.792018227829976,1.0612251737837084,-23.97162056823381
82.81857434697099,2.130202136388135,8.205298653920662,9.792018227829976,1.0526515242108723,-26.692024939046906
94.06284636643711,2.383059047617081,8.205298653920662,9.792018227829976,1.0603465081356724,-23.989448719180135
119.10359473688742,2.1041568613439523,8.205298653920662,9.792018227829976,1.061203010593434,-23.79716451032123
84.70112961417969,2.3496906494486893,8.205298653920662,9.792018227829976,1.059215692888228,-24.286993560798884
112.29778699570451,2.0997928135415838,8.205298653920662,9.792018227829976,1.0568438554601103,-25.251691423077933
58.75480485989225,1.9064690834906912,8.205298653920662,9.792018227829976,1.054581381491059,-25.699013573868303
57.81481689410801,1.7972048053029257,8.205298653920662,9.792018227829976,1.0509719543598681,-26.985874686664697
53.03022303028001,1.7225136672100376,8.205298653920662,9.792018227829976,1.0520134285129032,-26.579483001699884
54.341933509658574,1.7794321859897764,8.205298653920662,9.792018227829976,1.0531489182707139,-26.166156319939937
85.68590813800022,2.1493177918508053,8.205298653920662,9.792018227829976,1.0524866601252039,-26.58836368683194
59.28835998844982,1.920238223474314,8.205298653920662,9.792018227829976,1.0544048461742248,-25.657850501725118
82.36996049556944,2.329987236682016,8.205298653920662,9.792018227829976,1.0581676948243115,-24.379593366583045
121.80270187068987,1.9922119195198744,8.205298653920662,9.792018227829976,1.0585034492988443,-24.447024551530195
65.90664673974668,1.9344512041277824,8.205298653920662,9.792018227829976,1.0503094473496,-27.043431074261424
53.18014586192656,1.730165674896881,8.205298653920662,9.792018227829976,1.051201479250736,-26.513994771765695
90.03568865495895,2.376861337124879,8.205298653920662,9.792018227829976,1.0584938002821846,-24.112557363515204
121.68420904195747,1.9944109549683304,8.205298653920662,9.792018227829976,1.057911811515647,-24.45134434935312
98.90109264452065,2.370834900768884,8.205298653920662,9.792018227829976,1.059145609219062,-23.882691408102602
93.58456959631977,2.38231851185796,8.205298653920662,9.792018227829976,1.0586782498219025,-24.010293384510042
105.62161067338737,2.1519512835843244,8.205298653920662,9.792018227829976,1.0542247641986802,-25.647564741155453
108.83879364403091,2.1304731907346763,8.205298653920662,9.792018227829976,1.054738185033097,-25.458659199386613
119.8593133857456,2.0845324479392247,8.205298653920662,9.792018227829976,1.059317458181185,-23.842640558505355
70.25996099171999,2.162018454435838,8.205298653920662,9.792018227829976,1.0552632733440748,-24.94963845556266
53.36160947671733,1.7293677234437157,8.205298653920662,9.792018227829976,1.0503306715396925,-26.58898636549146
64.33600053109608,2.0414005626193017,8.205298653920662,9.792018227829976,1.0540803035716209,-25.30343188525045
105.02328532348412,2.327309939546808,8.205298653920662,9.792018227829976,1.0587374992623018,-23.78396661818887
121.25192083250144,2.000338423563406,8.205298653920662,9.792018227829976,1.0569338315150236,-24.491754442532716
93.6274857002884,2.381845606705284,8.205298653920662,9.792018227829976,1.0577179612730796,-24.013924199185226
58.6955675176296,1.8149191960482085,8.205298653920662,9.792018227829976,1.0484473142030002,-26.977933585961395
81.86066522849895,2.124337131021562,8.205298653920662,9.792018227829976,1.049529815619007,-26.705562770154234
90.22156209398688,2.171146927837725,8.205298653920662,9.792018227829976,1.050504774071605,-26.395756410078636
90.8571107689847,2.3782618335459773,8.205298653920662,9.792018227829976,1.0569147292026488,-24.095674568151974
56.63129126202042,1.7786645581818163,8.205298653920662,9.792018227829976,1.0483485679010058,-26.906795578050655
60.28537284908103,1.9439709622813128,8.205298653920662,9.792018227829976,1.0520161718153735,-25.60286159114873
81.8211545915302,2.1242401618738995,8.205298653920662,9.792018227829976,1.0490775989583754,-26.70414094801759
66.107030339392,2.079151139898727,8.205298653920662,9.792018227829976,1.0529310839619697,-25.201265457759842
101.840352606919,2.1704775998017,8.205298653920662,9.792018227829976,1.0516045243188548,-25.842293219736746
55.43586786837747,1.809416665256805,8.205298653920662,9.792018227829976,1.0500574377392,-26.080472478074423
56.77364536068673,1.8488394544123,8.205298653920662,9.792018227829976,1.050246177191847,-25.928128145393597
73.76401266316846,2.044309782785163,8.205298653920662,9.792018227829976,1.0477214333143179,-26.91490225839002
56.44667958445719,1.839227042305268,8.205298653920662,9.792018227829976,1.0499905094025785,-25.965739032971857
96.26530387677028,2.37818471636389,8.205298653920662,9.792018227829976,1.056276424439575,-23.95521308318455
56.83706351808054,1.850128149560476,8.205298653920662,9.792018227829976,1.0497217521516167,-25.92884413540667
62.408321516034064,1.995108896699037,8.205298653920662,9.792018227829976,1.0509140126742607,-25.457178331580828
54.96250244469838,1.7929248650427212,8.205298653920662,9.792018227829976,1.048768590804519,-26.169581997100746
113.40960467415633,2.092091345424421,8.205298653920662,9.792018227829976,1.0522900603801888,-25.138164810027117
120.22808648653576,2.0711228960883687,8.205298653920662,9.792018227829976,1.0557432836884137,-23.90777842427033
87.2264055326621,2.159882151163316,8.205298653920662,9.792018227829976,1.0478811538243786,-26.502472168373526
107.2827477801251,2.143663030937745,8.205298653920662,9.792018227829976,1.0509166040745987,-25.527173387195255
84.95207294103302,2.348928745596737,8.205298653920662,9.792018227829976,1.053918239684951,-24.30450278190958
56.58045832020908,1.780128475150235,8.205298653920662,9.792018227829976,1.0461714181056365,-26.86895597205907
54.42822139812999,1.7729976971365602,8.205298653920662,9.792018227829976,1.0476938709044172,-26.28943242650354
55.2435803705705,1.8008386360288284,8.205298653920662,9.792018227829976,1.048069961910937,-26.143926910959156
60.15500676470124,1.8424530604417555,8.205298653920662,9.792018227829976,1.0458216931914293,-26.977885820647273
100.84718905360128,2.1746238780200144,8.205298653920662,9.792018227829976,1.0495782339317095,-25.882896544951755
87.6059012301717,2.16188828788745,8.205298653920662,9.792018227829976,1.0475849621874354,-26.48580610019011
121.82062857434217,2.022518144398518,8.205298653920662,9.792018227829976,1.0546690355723312,-24.076176066019716
99.27276801409292,2.3667264415428946,8.205298653920662,9.792018227829976,1.0545205579601158,-23.89931722904344
102.58937566637462,2.346177165415199,8.205298653920662,9.792018227829976,1.0546403295070113,-23.84042401666829
88.22419566821002,2.3675081984882667,8.205298653920662,9.792018227829976,1.0531675624861625,-24.196141080371138
57.16619242141718,1.7913167000271528,8.205298653920662,9.792018227829976,1.0450698220127081,-26.879914851017205
71.35720580992813,2.1791700393236937,8.205298653920662,9.792018227829976,1.0507692546961116,-24.918916455259456
57.052004321591134,1.8541955727940405,8.205298653920662,9.792018227829976,1.0476735567523068,-25.935225942171417
119.1516886920241,2.0295615270078717,8.205298653920662,9.792018227829976,1.0522541811540878,-24.65989200171023
61.90294897391261,1.9816585146189567,8.205298653920662,9.792018227829976,1.0488646956915482,-25.510759437788764
121.75180364267388,2.0215301910649828,8.205298653920662,9.792018227829976,1.0537034618107113,-24.10587505575498
111.04897795759872,2.250271421708618,8.205298653920662,9.792018227829976,1.0544256837303645,-23.768864265629656
97.50157548825896,2.181640249877958,8.205298653920662,9.792018227829976,1.0478018833197829,-26.044224901194312
78.02803102148731,2.2795704185617325,8.205298653920662,9.792018227829976,1.0514124409355485,-24.59425682179354
121.41884816185356,2.0086677399904715,8.205298653920662,9.792018227829976,1.0526163974606475,-24.34700961212608
55.85260065337598,1.8174542694954,8.205298653920662,9.792018227829976,1.0463893889064741,-26.094590573458195
118.54252012232548,2.10939221814003,8.205298653920662,9.792018227829976,1.053617195758749,-23.866391593174065
57.1275025233456,1.7916171088668165,8.205298653920662,9.792018227829976,1.0441787529359625,-26.863692328329538
74.13372985038276,2.2245280245552266,8.205298653920662,9.792018227829976,1.0502447141376021,-24.781345604634417
121.36294449025448,2.0339658435056838,8.205298653920662,9.792018227829976,1.0530442976576113,-24.05862997332107
79.76000578768593,2.108839966197934,8.205298653920662,9.792018227829976,1.0448208028871664,-26.74261286293941
84.84526497200223,2.14767802464587,8.205298653920662,9.792018227829976,1.0451988359447442,-26.576340656937546
117.02688433753164,2.055182900935307,8.205298653920662,9.792018227829976,1.0505333605310505,-24.839467487964676
61.20246522488058,1.8620115101893049,8.205298653920662,9.792018227829976,1.0436235804244378,-26.970134604690845
118.06134768957808,2.04382555382891,8.205298653920662,9.792018227829976,1.0503834673245667,-24.74333718727358
73.13698699913715,2.038850630300999,8.205298653920662,9.792018227829976,1.0435482576553619,-26.89931956997955
63.57896472932523,2.0200287534773054,8.205298653920662,9.792018227829976,1.0472568760689405,-25.40645939974577
121.44641394555678,2.0148053150514045,8.205298653920662,9.792018227829976,1.0513880080520823,-24.265736906052314
70.75880308789019,2.167419151279617,8.205298653920662,9.792018227829976,1.0485828103561603,-24.964309219744337
106.9920415829842,2.1476360711643707,8.205298653920662,9.792018227829976,1.0473536938445756,-25.519866528287597
121.45805203856604,2.0207246203565887,8.205298653920662,9.792018227829976,1.0512454472068509,-24.191678879003
89.80983951875116,2.172607163742086,8.205298653920662,9.792018227829976,1.0445538546302804,-26.37807593677046
78.34599525143976,2.2824477182121257,8.205298653920662,9.792018227829976,1.0493134496395882,-24.591795618141113
84.63980741060136,2.344796342856725,8.205298653920662,9.792018227829976,1.0501380947922045,-24.335229727887633
75.407483869284,2.065819750816928,8.205298653920662,9.792018227829976,1.0429048107902639,-26.846268932754853
95.16800980965232,2.3774829094417385,8.205298653920662,9.792018227829976,1.0510850533310971,-24.00826598756137
105.67931307689024,2.1559319619930903,8.205298653920662,9.792018227829976,1.04658094023912,-25.593009871700623
119.61460094857722,2.0283561390831157,8.205298653920662,9.792018227829976,1.0495366865444928,-24.56254162307239
119.74160783929813,2.0271265991685965,8.205298653920662,9.792018227829976,1.0495427551656993,-24.54640568101478
90.61014060290448,2.175649366363075,8.205298653920662,9.792018227829976,1.043832154218853,-26.33986079363309
114.6482475792053,2.1874461623869905,8.205298653920662,9.792018227829976,1.0510144068883096,-23.812216379471096
54.94991313396627,1.76502381133362,8.205298653920662,9.792018227829976,1.0422540798775761,-26.579033962912913
93.692254950745,2.182723117930067,8.205298653920662,9.792018227829976,1.043602949850091,-26.201529802909278
86.50658392255201,2.356486087340187,8.205298653920662,9.792018227829976,1.0488407487943985,-24.275738129748483
103.62328614420936,2.3353220021329406,8.205298653920662,9.792018227829976,1.0501843551617687,-23.85075971925133
89.13848545802561,2.3691090114557767,8.205298653920662,9.792018227829976,1.048898821258129,-24.188684609152926
55.027060335577545,1.7683344508206744,8.205298653920662,9.792018227829976,1.041599544995308,-26.554323593452377
106.62316509197916,2.151142230319224,8.205298653920662,9.792018227829976,1.045330246838066,-25.52788738517498
71.80868353523563,2.0235926220215816,8.205298653920662,9.792018227829976,1.0408457435821699,-26.90433742265259
72.63213932981999,2.198480678484543,8.205298653920662,9.792018227829976,1.0464042943298912,-24.87943934201986
61.884900913481935,1.8758374886947424,8.205298653920662,9.792018227829976,1.040418476814948,-26.944797799225324
120.76395978510908,2.023030660360021,8.205298653920662,9.792018227829976,1.0486044534325407,-24.341426704114898
55.77062975789058,1.7756566762901826,8.205298653920662,9.792018227829976,1.0407817598864735,-26.682689253342097
108.52538144429654,2.138564588436765,8.205298653920662,9.792018227829976,1.0452244258307188,-25.409333304570268
76.37216663075267,2.07749957403665,8.205298653920662,9.792018227829976,1.0407219015900384,-26.80862883165495
76.45845660077184,2.078449852452053,8.205298653920662,9.792018227829976,1.0406661612435202,-26.806130788470263
104.42120615572551,2.163809892310752,8.205298653920662,9.792018227829976,1.044305730469815,-25.650886676691176
74.34286823707153,2.2255160015238573,8.205298653920662,9.792018227829976,1.046030271974864,-24.795882856633195
115.01221639745506,2.1792109646148248,8.205298653920662,9.792018227829976,1.049309845504075,-23.83200556603817
78.03900709774744,2.094758032851985,8.205298653920662,9.792018227829976,1.0405041971465905,-26.764100892241352
78.59001581882757,2.1001953843628343,8.205298653920662,9.792018227829976,1.040356590491366,-26.747990286054762
112.30095617465123,2.1077181203053925,8.205298653920662,9.792018227829976,1.0452303532386076,-25.156213556111602
113.1199555438642,2.100110074834376,8.205298653920662,9.792018227829976,1.0452169371648066,-25.09671221333561
80.20498998863852,2.1150988634923067,8.205298653920662,9.792018227829976,1.0402048030476463,-26.700117629098386
110.33815511779416,2.125101355202588,8.205298653920662,9.792018227829976,1.0445937988402558,-25.286392985041473
56.08441712291157,1.781744272343687,8.205298653920662,9.792018227829976,1.0397246581586566,-26.690234316603856
89.78725077705212,2.370533223163008,8.205298653920662,9.792018227829976,1.047310705275936,-24.17672672592845
103.8953192948252,2.33193543306065,8.205298653920662,9.792018227829976,1.0484011887179916,-23.857624572519384
109.49265095020414,2.268869213699432,8.205298653920662,9.792018227829976,1.0485572416882065,-23.811839835564896
103.82074149692106,2.33248981162103,8.205298653920662,9.792018227829976,1.0482254719613748,-23.859617604665143
114.8235123846355,2.083358087609156,8.205298653920662,9.792018227829976,1.0452383315237352,-24.966141321792705
71.8386252022002,2.184120429492978,8.205298653920662,9.792018227829976,1.0445822686642943,-24.932063051316128
120.66350213838795,2.030443998541216,8.205298653920662,9.792018227829976,1.047151075281479,-24.277865866385326
110.86438382924646,2.1210380826807977,8.205298653920662,9.792018227829976,1.0441845901994984,-25.24749537794198
77.68136570871289,2.091806237595435,8.205298653920662,9.792018227829976,1.0393158108778908,-26.76588840359608
115.07344504330176,2.176992704947196,8.205298653920662,9.792018227829976,1.0480715473094302,-23.844369429370744
55.69722418838913,1.778881627241887,8.205298653920662,9.792018227829976,1.0392744546841075,-26.61109401042556
64.78000524108081,2.0441796126648057,8.205298653920662,9.792018227829976,1.0427157079586462,-25.362376523693847
118.98828361971972,2.0401805111358726,8.205298653920662,9.792018227829976,1.0457511236719932,-24.570516790495347
91.91093630564262,2.180884582435155,8.205298653920662,9.792018227829976,1.04056995182936,-26.263538229258284
65.1082948928718,1.9294005775984004,8.205298653920662,9.792018227829976,1.0381950833849036,-26.942621611324512
118.26354391610374,2.1082818488595763,8.205298653920662,9.792018227829976,1.0470556041518615,-23.941912416021164
81.57264162985976,2.3158104367630017,8.205298653920662,9.792018227829976,1.0448782743122254,-24.480657086878836
61.03080474203597,1.8636887002392517,8.205298653920662,9.792018227829976,1.0377641465858705,-26.901373361244517
97.48020537578718,2.3696447751405287,8.205298653920662,9.792018227829976,1.0463380032136207,-23.98012787833255
119.6098235690325,2.036177431424236,8.205298653920662,9.792018227829976,1.0452715723446468,-24.469391945228427
73.45215480314499,2.210156300773818,8.205298653920662,9.792018227829976,1.0433685154994994,-24.856314147963918
116.16495959985676,2.1541029041056845,8.205298653920662,9.792018227829976,1.0467214662871158,-23.87847631943393
98.67669893867811,2.36501752125713,8.205298653920662,9.792018227829976,1.0462269909508881,-23.955904933546602
80.20973393790712,2.3014146797099926,8.205298653920662,9.792018227829976,1.044257717949444,-24.53992997425363
85.43512197245984,2.154631463569018,8.205298653920662,9.792018227829976,1.038493721893299,-26.513811530239227
58.87004581382042,1.8969390446470984,8.205298653920662,9.792018227829976,1.0398236048687952,-25.859540541363945
76.20183260157467,2.0773685745948,8.205298653920662,9.792018227829976,1.0374702620421856,-26.79087675757811
116.84892923418889,2.139110571650747,8.205298653920662,9.792018227829976,1.0461144247241263,-23.903017780757676
107.52573067729544,2.292705105406569,8.205298653920662,9.792018227829976,1.0461362849964677,-23.836819057082206
81.9979538993023,2.3191298274833088,8.205298653920662,9.792018227829976,1.043377651421322,-24.4718476328915
56.99787430966858,1.8412909148649703,8.205298653920662,9.792018227829976,1.0383667341027367,-26.100926078413643
57.71393030824324,1.862971251968773,8.205298653920662,9.792018227829976,1.0385220751604707,-26.004649159503234
85.57143473676781,2.3480186476569287,8.205298653920662,9.792018227829976,1.0436644407011915,-24.335713257284272
119.98510976681531,2.0389582188933986,8.205298653920662,9.792018227829976,1.0441663190745536,-24.344549948679457
90.2269677133562,2.177250186311184,8.205298653920662,9.792018227829976,1.038172325038659,-26.321789686749728
67.99583856230198,1.9742375039020883,8.205298653920662,9.792018227829976,1.0359449694221048,-26.913011140333857
87.0478692827996,2.356835453580004,8.205298653920662,9.792018227829976,1.043543757480539,-24.285056684569376
85.08996335277931,2.1531513660955994,8.205298653920662,9.792018227829976,1.0372632570042657,-26.51878619081797
119.8102357982406,2.03998577416796,8.205298653920662,9.792018227829976,1.0437329629272665,-24.375030528773134
61.65943794771272,1.875828197273634,8.205298653920662,9.792018227829976,1.0356428364354817,-26.888071965401394
55.93156548404496,1.793341785722859,8.205298653920662,9.792018227829976,1.0365496981439033,-26.47002529234005
69.11006974881462,2.1322376557797758,8.205298653920662,9.792018227829976,1.0403997390588597,-25.110673098721506
67.59611105257687,1.9688013320325268,8.205298653920662,9.792018227829976,1.0353422064595834,-26.910551342315763
55.96271397203059,1.7953605756193127,8.205298653920662,9.792018227829976,1.036374682266124,-26.449987382325496
57.4900751536068,1.8086011055273872,8.205298653920662,9.792018227829976,1.0354814513722073,-26.71980117911069
70.0695685188741,2.1501698857624376,8.205298653920662,9.792018227829976,1.0402307672817726,-25.057006311128827
119.95996066281454,2.0468577782075386,8.205298653920662,9.792018227829976,1.0433003024914638,-24.25677487717154
61.3925976491339,1.961366624023356,8.205298653920662,9.792018227829976,1.038389716128935,-25.650992569855845
56.820275174761264,1.7996389113450988,8.205298653920662,9.792018227829976,1.0354710723690532,-26.65092876730098
94.77329848022704,2.3738853119110246,8.205298653920662,9.792018227829976,1.0433460252090085,-24.05904022507012
96.47410681532372,2.370983723073578,8.205298653920662,9.792018227829976,1.0434438774506418,-24.0181534058357
119.681685043173,2.0630694277339074,8.205298653920662,9.792018227829976,1.0434576920395247,-24.13333690477349
56.127585931675945,1.79512537334395,8.205298653920662,9.792018227829976,1.0357367577048793,-26.504758814807648
81.96387947296024,2.131943500627017,8.205298653920662,9.792018227829976,1.0358235295416263,-26.61713892175526
65.18580831829844,1.93296735845567,8.205298653920662,9.792018227829976,1.0346633614897824,-26.909782097316
98.311339027067,2.3650016490897343,8.205298653920662,9.792018227829976,1.043409305698156,-23.97889061092318
59.142541659699525,1.9018575450407555,8.205298653920662,9.792018227829976,1.0373477172320937,-25.866482224405054
114.98161619251428,2.174873522153362,8.205298653920662,9.792018227829976,1.0436908929198818,-23.885458775785434
117.3082190374987,2.062390787870342,8.205298653920662,9.792018227829976,1.0412762330988656,-24.690394606029518
100.17358289057708,2.355730212763291,8.205298653920662,9.792018227829976,1.0429319435679705,-23.946213527569327
119.65339710412984,2.0471532918614628,8.205298653920662,9.792018227829976,1.0420698503219386,-24.327728138489906
66.10423115167667,2.070043558378657,8.205298653920662,9.792018227829976,1.0381970636964073,-25.31154718652734
56.68565921025316,1.825533748663318,8.205298653920662,9.792018227829976,1.0354383645831489,-26.232580692244003
118.4710840229858,2.096542897156894,8.205298653920662,9.792018227829976,1.04250717629101,-24.02886392058501
73.13377241049795,2.0440329163250937,8.205298653920662,9.792018227829976,1.033917684833439,-26.830693554175266
70.15848740067513,2.005887877435597,8.205298653920662,9.792018227829976,1.033647423557561,-26.873601735087785
119.606182444571,2.0589896886748704,8.205298653920662,9.792018227829976,1.0418809098322375,-24.19927577956991
115.52358980472266,2.0813721947776287,8.205298653920662,9.792018227829976,1.0399058044554885,-24.846849136941614
91.52180508473543,2.182506479225921,8.205298653920662,9.792018227829976,1.0355063499548114,-26.249371868483443
56.612827640056,1.8209141713823411,8.205298653920662,9.792018227829976,1.0347464237187012,-26.277116362891967
108.02236020323376,2.284102652639902,8.205298653920662,9.792018227829976,1.0422935738301304,-23.86015560496004
57.76390372676881,1.8598050694411936,8.205298653920662,9.792018227829976,1.0351011189549713,-26.06324985633835
116.5177593338904,2.071865810416924,8.205298653920662,9.792018227829976,1.0397607475243373,-24.75025639295257
81.59339842145893,2.3133792321596616,8.205298653920662,9.792018227829976,1.0398308296665955,-24.507684309385485
65.92435000848904,2.065534496630818,8.205298653920662,9.792018227829976,1.0372042604443907,-25.331369002896096
65.40070245996962,1.937529864532792,8.205298653920662,9.792018227829976,1.0328418649609257,-26.89280575502439
61.01599860688346,1.9498102974937976,8.205298653920662,9.792018227829976,1.0359388864254668,-25.70991003520607
116.24583926536413,2.0749039319175324,8.205298653920662,9.792018227829976,1.0394022127194587,-24.77227797544418
119.4074628547008,2.063394820082479,8.205298653920662,9.792018227829976,1.0409855013457916,-24.19507923157968
119.15745884858076,2.051480446510382,8.205298653920662,9.792018227829976,1.0403789022678158,-24.395155134059433
119.21734036210138,2.051657922685436,8.205298653920662,9.792018227829976,1.0403958960075124,-24.378809218485546
99.77208078665772,2.356875406413181,8.205298653920662,9.792018227829976,1.041074937055192,-23.9640950365564
104.7818446441874,2.319461381323208,8.205298653920662,9.792018227829976,1.0412361807977224,-23.89117988144733
108.20075347319428,2.2811895706621077,8.205298653920662,9.792018227829976,1.0413137632691734,-23.866292039846225
56.67169994031919,1.8170284163824848,8.205298653920662,9.792018227829976,1.0331726102740013,-26.351110430326287
58.10235966163155,1.8684309275612636,8.205298653920662,9.792018227829976,1.0340524854680917,-26.03915585418928
90.0049452609455,2.367234113789678,8.205298653920662,9.792018227829976,1.0396871203480256,-24.210568358402107
112.96158116127714,2.209557185413516,8.205298653920662,9.792018227829976,1.0409692920391627,-23.88221570349158
113.760384548436,2.1001613524516074,8.205298653920662,9.792018227829976,1.0379019503608136,-24.97476963290828
56.70687290007659,1.8104568843797608,8.205298653920662,9.792018227829976,1.0325932097131432,-26.457397790301965
101.36531247966288,2.346887933774568,8.205298653920662,9.792018227829976,1.040332599017137,-23.941474539925526
104.27691384131047,2.323738490768548,8.205298653920662,9.792018227829976,1.0404202321419445,-23.90175776475413
111.59209669623004,2.12018838914274,8.205298653920662,9.792018227829976,1.037034884622442,-25.133303278617106
61.39802162788607,1.958247918375392,8.205298653920662,9.792018227829976,1.0345365349171227,-25.69315473862341
66.38363693789665,2.074295117254877,8.205298653920662,9.792018227829976,1.0356472536784607,-25.313964707806775
56.93450346758156,1.8106622714885816,8.205298653920662,9.792018227829976,1.0320894409780623,-26.523208958618383
75.53067854185723,2.238386477950556,8.205298653920662,9.792018227829976,1.0372257149558086,-24.791322876846767
70.23210650237836,2.150809600095016,8.205298653920662,9.792018227829976,1.036276463999445,-25.075222765160184
114.477005197375,2.093910757269228,8.205298653920662,9.792018227829976,1.0374242558772417,-24.90940992664962
107.10448946802236,2.2938320761270887,8.205298653920662,9.792018227829976,1.040112343036372,-23.8797850498722
118.45011147869546,2.058396540519908,8.205298653920662,9.792018227829976,1.0384555972454528,-24.478828196386388
117.43969077976858,2.0660073461362884,8.205298653920662,9.792018227829976,1.0379700819367528,-24.617926839064555
70.4967267438329,2.012067008955654,8.205298653920662,9.792018227829976,1.0309154847940347,-26.84770851363303
86.44863442906205,2.350594495678351,8.205298653920662,9.792018227829976,1.038100936231466,-24.335034129378613
89.48273856150037,2.177496841691209,8.205298653920662,9.792018227829976,1.0325603255634732,-26.317943493837717
91.9945000915668,2.370920485639431,8.205298653920662,9.792018227829976,1.0385963620675573,-24.158301998064825
112.39487608613663,2.218154494960288,8.205298653920662,9.792018227829976,1.0396636560689578,-23.888224811314775
57.09237608653164,1.8309524045942285,8.205298653920662,9.792018227829976,1.0319848314991398,-26.27633627244749
101.94387599548112,2.1797811222085954,8.205298653920662,9.792018227829976,1.034206518078453,-25.72225949470964
86.95402685768983,2.3533361057363464,8.205298653920662,9.792018227829976,1.0378459114354568,-24.319060665969026
82.78918857099991,2.140503359769639,8.205298653920662,9.792018227829976,1.0314727008603333,-26.56190816223785
71.01405578433045,2.0191794361557958,8.205298653920662,9.792018227829976,1.0304706496327052,-26.837641838503103
74.17722343414907,2.217439887765707,8.205298653920662,9.792018227829976,1.0359977884117908,-24.8658770346437
70.09287198216684,2.1476474103154573,8.205298653920662,9.792018227829976,1.035293958945581,-25.09012026159721
112.6354832479472,2.111984527218709,8.205298653920662,9.792018227829976,1.0360462261506214,-25.044871134279507
69.85273083533184,2.1430697336513305,8.205298653920662,9.792018227829976,1.0351032228436434,-25.10530473204114
101.79874119034504,2.1804237301554537,8.205298653920662,9.792018227829976,1.033921026542867,-25.728378549724663
59.30213229801367,1.84314915209859,8.205298653920662,9.792018227829976,1.0302566971194556,-26.734403466041595
113.64106648707433,2.195837276706058,8.205298653920662,9.792018227829976,1.0390598641217745,-23.90892709089955
75.75394421079041,2.076306626382461,8.205298653920662,9.792018227829976,1.0304522932260614,-26.752295203900516
106.17020785973313,2.3036844711961635,8.205298653920662,9.792018227829976,1.0389405723484821,-23.89385772071072
87.37574416258859,2.168787029518512,8.205298653920662,9.792018227829976,1.031625326241265,-26.39694978963308
106.53102102201495,2.2995422878453557,8.205298653920662,9.792018227829976,1.0387413703262731,-23.89269149420939
99.90856688845678,2.354562163127227,8.205298653920662,9.792018227829976,1.0383232984109283,-23.97771586406678
117.2271844678488,2.121070588970412,8.205298653920662,9.792018227829976,1.038430334465805,-24.025136974842233
97.46732918325011,2.189677979114819,8.205298653920662,9.792018227829976,1.032732978749495,-25.950707428231464
111.30372161125226,2.124045294601302,8.205298653920662,9.792018227829976,1.0352152621771895,-25.137341518273672
69.96333982366896,2.144805864115014,8.205298653920662,9.792018227829976,1.0345753278763359,-25.102712611710388
93.04937311380635,2.187715419901224,8.205298653920662,9.792018227829976,1.0320462781643798,-26.159050091432025
90.43058950531922,2.3672046670348976,8.205298653920662,9.792018227829976,1.037405145922166,-24.21018575251078
99.9418649198584,2.185922139434794,8.205298653920662,9.792018227829976,1.0330544644865902,-25.823923849400696
64.9553344497584,2.041626910629489,8.205298653920662,9.792018227829976,1.033329360180135,-25.430554991066643
105.74478294720352,2.307826209438105,8.205298653920662,9.792018227829976,1.038261222515607,-23.901692899977526
58.97628428791938,1.839226690940933,8.205298653920662,9.792018227829976,1.0295461435579074,-26.70050607617651
83.66003457626701,2.147489653145413,8.205298653920662,9.792018227829976,1.0300784956185387,-26.52338897219672
86.2918952879188,2.1638655996002427,8.205298653920662,9.792018227829976,1.0301844403474718,-26.42928641590348
62.94200586637935,1.9940459540489852,8.205298653920662,9.792018227829976,1.0320067278503926,-25.593622930158052
61.17048341563135,1.874312007388994,8.205298653920662,9.792018227829976,1.028561882468951,-26.784975677543414
111.01163610395264,2.238654319321981,8.205298653920662,9.792018227829976,1.037347119112261,-23.89813285218243
99.40949275977152,2.3563429614652733,8.205298653920662,9.792018227829976,1.0368899613131608,-23.995151703357816
58.31392591149819,1.831674640892217,8.205298653920662,9.792018227829976,1.028672083310065,-26.622363225414365
99.89125729044204,2.3537433615306185,8.205298653920662,9.792018227829976,1.0367557757751524,-23.987317070279147
71.28073862377474,2.0239374254433784,8.205298653920662,9.792018227829976,1.0283500937600352,-26.817162961821786
57.55360991593699,1.8411524675023685,8.205298653920662,9.792018227829976,1.0295566327320536,-26.266089827786278
118.47345399652562,2.0685330316439234,8.205298653920662,9.792018227829976,1.0359135594548785,-24.35354655170888
100.96874404170772,2.184237480125404,8.205298653920662,9.792018227829976,1.0316451460683296,-25.75849808898406
60.92265744504077,1.9426522529020789,8.205298653920662,9.792018227829976,1.0308409019418598,-25.78128498197096
118.47823222659837,2.0784877174581027,8.205298653920662,9.792018227829976,1.03603706479018,-24.2358624230317
90.65265205078582,2.36681361782297,8.205298653920662,9.792018227829976,1.0356472874099494,-24.21329636949353
67.76299551004588,1.9761424527089984,8.205298653920662,9.792018227829976,1.0277302428777846,-26.842700604961188
91.40586730577068,2.368340395224152,8.205298653920662,9.792018227829976,1.0355279624592588,-24.19198142596365
87.28265693678367,2.353614662474428,8.205298653920662,9.792018227829976,1.0350860481582602,-24.323205562456735
61.04823797539503,1.9456121571545992,8.205298653920662,9.792018227829976,1.0305421636972874,-25.773390998904873
91.91325365442653,2.186474111122152,8.205298653920662,9.792018227829976,1.0298982734520201,-26.1963949025986
111.33393240241053,2.1254919448046223,8.205298653920662,9.792018227829976,1.0331316112646047,-25.11507178010969
57.74945091892451,1.8290717726165011,8.205298653920662,9.792018227829976,1.0279843241862987,-26.496813194331246
117.46614624495363,2.072550412801519,8.205298653920662,9.792018227829976,1.034412924368638,-24.534355431495705
118.15014523896394,2.0709610280363364,8.205298653920662,9.792018227829976,1.03475243838652,-24.399063615556305
62.63271928017858,1.9851166235945925,8.205298653920662,9.792018227829976,1.0302745601842087,-25.637438386435374
62.86996053970984,1.990887020823933,8.205298653920662,9.792018227829976,1.0302977097128965,-25.617730848277933
114.93828119926934,2.093943365897317,8.205298653920662,9.792018227829976,1.033417452549621,-24.816923059888172
85.60068984486563,2.1608681887736765,8.205298653920662,9.792018227829976,1.0283839047088204,-26.443312319001965
58.72657810948665,1.879316565905768,8.205298653920662,9.792018227829976,1.0289194724186754,-26.062383636722917
112.7222532221596,2.2091241248571407,8.205298653920662,9.792018227829976,1.0356569539400833,-23.92896045813683
112.14728196357318,2.2189508420017177,8.205298653920662,9.792018227829976,1.03566636580789,-23.921954738344937
92.07638990939476,2.1873743016165577,8.205298653920662,9.792018227829976,1.0289571013792278,-26.18302256337963
104.20085120325372,2.3212972538706538,8.205298653920662,9.792018227829976,1.0353975616844358,-23.93494255187326
117.5261262382198,2.0733892088344703,8.205298653920662,9.792018227829976,1.0339536372757008,-24.511075443409766
90.56359047073936,2.183375309910545,8.205298653920662,9.792018227829976,1.0286049317308632,-26.246919659228954
69.50063455204452,2.001320055869669,8.205298653920662,9.792018227829976,1.0265487911110085,-26.82154708913407
82.09584048313943,2.1373645356699456,8.205298653920662,9.792018227829976,1.0275068937720786,-26.558223281092634
61.11471005257297,1.945998600068691,8.205298653920662,9.792018227829976,1.0292112331733345,-25.784795766704953
89.48865594383327,2.179794202397929,8.205298653920662,9.792018227829976,1.0282870071242525,-26.290243835904192
96.93568013773448,2.19194588823126,8.205298653920662,9.792018227829976,1.0292388686251164,-25.95428324234695
116.7905344390045,2.125847352211423,8.205298653920662,9.792018227829976,1.034772444216394,-24.064476696661714
92.81323039548045,2.3692349765779426,8.205298653920662,9.792018227829976,1.0340741230980561,-24.16098060710104
78.78837610759268,2.1092423899044945,8.205298653920662,9.792018227829976,1.0268712074475637,-26.651762743507476
57.91334648902303,1.8484910051437,8.205298653920662,9.792018227829976,1.027539359578088,-26.26576154832693
76.30538245881878,2.2463866258030976,8.205298653920662,9.792018227829976,1.0319398762992453,-24.787007838219967
108.40032011422336,2.2741509491835075,8.205298653920662,9.792018227829976,1.0349172292944666,-23.91255833596694
115.87216890936284,2.0867176315056497,8.205298653920662,9.792018227829976,1.0327812521881428,-24.710776671109176
101.0285048737563,2.34569120963694,8.205298653920662,9.792018227829976,1.034590278381011,-23.98157158196508
111.73702781830264,2.2250789141623954,8.205298653920662,9.792018227829976,1.034883326392029,-23.92501797738642
114.73011992345953,2.0971461675072334,8.205298653920662,9.792018227829976,1.0322395048418203,-24.820736657696806
100.84417985323252,2.346628890506068,8.205298653920662,9.792018227829976,1.0341971157498304,-23.98690054181572
60.40021054062351,1.8654227517163375,8.205298653920662,9.792018227829976,1.0258193640414521,-26.710994139099625
88.6849693464805,2.358993875294459,8.205298653920662,9.792018227829976,1.0330187705629494,-24.28869196035863
117.61363018385742,2.1017054207940333,8.205298653920662,9.792018227829976,1.0337679950210936,-24.16170950669116
57.99320051416396,1.8377163996425168,8.205298653920662,9.792018227829976,1.0262609237676785,-26.442765993942686
67.34386055964238,1.9717803518990424,8.205298653920662,9.792018227829976,1.025274921673325,-26.82088179868331
113.41650372464753,2.109569100974227,8.205298653920662,9.792018227829976,1.0313126299965005,-24.92868856637856
90.13388137143338,2.1827017426846425,8.205298653920662,9.792018227829976,1.0272222702327432,-26.256213911838987
58.40752435271277,1.8399440094788844,8.205298653920662,9.792018227829976,1.0256975751778008,-26.52944320848974
88.89656964526127,2.1782716164441496,8.205298653920662,9.792018227829976,1.0267751516450723,-26.304780466009728
73.35923422805284,2.051806302797217,8.205298653920662,9.792018227829976,1.0252200293070053,-26.760768624147143
117.70143823056064,2.0965491913694194,8.205298653920662,9.792018227829976,1.0330840923691311,-24.201660475513922
93.21137956030248,2.3687079348701303,8.205298653920662,9.792018227829976,1.0328164387573076,-24.157517858712726
74.81323935162969,2.2239165843475632,8.205298653920662,9.792018227829976,1.0304182331893716,-24.869965536370607
99.03044711600998,2.355977647867548,8.205298653920662,9.792018227829976,1.0331193496171227,-24.024655590182384
81.56888525526239,2.3084681928338,8.205298653920662,9.792018227829976,1.031211281991022,-24.558238590459695
117.82996727200631,2.0843397883612056,8.205298653920662,9.792018227829976,1.0323875129053997,-24.314630041654524
66.18104996073775,2.064939754652187,8.205298653920662,9.792018227829976,1.028441721604923,-25.389131032037273
59.27228690218143,1.8918312065644187,8.205298653920662,9.792018227829976,1.0265119255223496,-26.03863492920204
100.94559265717874,2.3451995367001786,8.205298653920662,9.792018227829976,1.0329040005298957,-23.993336428654228
87.04529779302061,2.170141126129508,8.205298653920662,9.792018227829976,1.0259783800399869,-26.373074665811604
62.28812119327112,1.895914542117083,8.205298653920662,9.792018227829976,1.024451944854546,-26.75914540795646
104.47927817156535,2.17315943977951,8.205298653920662,9.792018227829976,1.0285928543646594,-25.533911999239507
102.80991438550149,2.3317496475937105,8.205298653920662,9.792018227829976,1.0329201905375196,-23.967054181314513
58.17617674583477,1.8512711371097623,8.205298653920662,9.792018227829976,1.0255847366006645,-26.301483921929343
58.51440427652746,1.8430536483359816,8.205298653920662,9.792018227829976,1.0249427475354185,-26.515036526509977
97.99887016296664,2.360004920840595,8.205298653920662,9.792018227829976,1.0324636998549945,-24.04841811277492
77.53221585572929,2.2618193236323663,8.205298653920662,9.792018227829976,1.030105706742479,-24.74076384606113
117.36574084665132,2.0809785689581446,8.205298653920662,9.792018227829976,1.0315028574636933,-24.45725348753799
62.67792973432303,1.9022522533148845,8.205298653920662,9.792018227829976,1.0241351019557248,-26.7647172217132
58.86769792467194,1.846893430745652,8.205298653920662,9.792018227829976,1.0245727006477705,-26.5593512869641
72.18163466973442,2.037979039599122,8.205298653920662,9.792018227829976,1.0241846631714153,-26.771071480951345
94.5010047801642,2.3678322698560947,8.205298653920662,9.792018227829976,1.0319085841248097,-24.129808347412606
100.23539222932332,2.349160698986452,8.205298653920662,9.792018227829976,1.0323055177181777,-24.008479648863986
75.64925439569193,2.0786494780326024,8.205298653920662,9.792018227829976,1.0243252978724222,-26.709714516663638
71.88145154466754,2.0342702377708832,8.205298653920662,9.792018227829976,1.0240686734250448,-26.77432714792794
105.71175531782978,2.3043720687784486,8.205298653920662,9.792018227829976,1.0325174097440046,-23.94138726277058
69.35833720729738,2.001108426861748,8.205298653920662,9.792018227829976,1.0238984653394654,-26.799392456223178
117.61359167916218,2.093758150545227,8.205298653920662,9.792018227829976,1.0317686856565604,-24.253387486652567
98.8095354514979,2.3563921268328443,8.205298653920662,9.792018227829976,1.0320942009875058,-24.034972639474685
61.95805609289617,1.9650230596488711,8.205298653920662,9.792018227829976,1.0266359059694639,-25.739840655790204
75.05984361089617,2.0722187172884645,8.205298653920662,9.792018227829976,1.0241427642480545,-26.720636087894565
110.94499374734984,2.235756743516077,8.205298653920662,9.792018227829976,1.0325026170254763,-23.939763688706883
92.21074622628244,2.1893335542006582,8.205298653920662,9.792018227829976,1.0259579628456268,-26.1573065871344
67.7782541642612,1.97912617355928,8.205298653920662,9.792018227829976,1.0237111836605217,-26.80516605586169
112.76428979586764,2.116868098385069,8.205298653920662,9.792018227829976,1.029551538301248,-24.96363261206056
105.5196397544138,2.3062468154510185,8.205298653920662,9.792018227829976,1.0322874783961975,-23.944365476851377
83.93547095914559,2.329049188619223,8.205298653920662,9.792018227829976,1.0304310192586488,-24.469564713244147
59.62895172745515,1.9010752983440824,8.205298653920662,9.792018227829976,1.025683499723137,-26.00744364067049
85.61486426999316,2.3412816030710246,8.205298653920662,9.792018227829976,1.0305162574238667,-24.407125898872003
61.5153558919624,1.8849099233875108,8.205298653920662,9.792018227829976,1.023628785423443,-26.7221904142413
99.00021026886871,2.191359229644462,8.205298653920662,9.792018227829976,1.0267459339800566,-25.830607192828484
69.90497721173593,2.0088885497397517,8.205298653920662,9.792018227829976,1.0233631930587939,-26.790373020117556
67.51362922377882,1.975640500435972,8.205298653920662,9.792018227829976,1.0232835832824236,-26.80148752244886
111.97061896337505,2.2185798704359314,8.205298653920662,9.792018227829976,1.0318914418212963,-23.955865667020294
71.73449169551145,2.172648245036044,8.205298653920662,9.792018227829976,1.0281259963553322,-25.048663379313673
64.69120336348955,1.9340157981198305,8.205298653920662,9.792018227829976,1.0231351863913105,-26.786850426832565
110.66683812036383,2.1346335728107704,8.205298653920662,9.792018227829976,1.0285380807302564,-25.119586032572364
117.39170453340468,2.0994680929266565,8.205298653920662,9.792018227829976,1.0310239285424612,-24.236270930240366
85.7126069549862,2.163720227235359,8.205298653920662,9.792018227829976,1.0243380542192908,-26.412391637092
97.36362730372672,2.3612798499653,8.205298653920662,9.792018227829976,1.0307817633932703,-24.07140931515336
117.3716132187209,2.089193735810767,8.205298653920662,9.792018227829976,1.0301649041226144,-24.35983212480935
76.53464925853739,2.088931140776197,8.205298653920662,9.792018227829976,1.0229992832689274,-26.680208016186345
96.97816066856046,2.3623858900947283,8.205298653920662,9.792018227829976,1.0306108113782002,-24.08051967319821
88.85433084114148,2.179485098910547,8.205298653920662,9.792018227829976,1.0242420447104807,-26.289761241068287
59.06157322660941,1.852690633351827,8.205298653920662,9.792018227829976,1.023028592503142,-26.530235019429544
115.4473736088464,2.095551364070076,8.205298653920662,9.792018227829976,1.0290622425586624,-24.694454700172937
67.22561487732123,2.08552768970398,8.205298653920662,9.792018227829976,1.0263661387014233,-25.33673199211226
112.3700610553328,2.210861904779165,8.205298653920662,9.792018227829976,1.0309214470978378,-23.971256561482093
59.78395903670903,1.8614407799970396,8.205298653920662,9.792018227829976,1.0226379090149469,-26.603015782126228
73.49535866685233,2.201658470055918,8.205298653920662,9.792018227829976,1.0274593805900523,-24.95778889283257
71.27805134190119,2.0277515080124147,8.205298653920662,9.792018227829976,1.022189935391091,-26.766317007868192
100.06071175474426,2.348937826162484,8.205298653920662,9.792018227829976,1.0303038097029942,-24.02386269147363
115.91779359765984,2.139368527727825,8.205298653920662,9.792018227829976,1.030325189705714,-24.093588962184683
102.96787637603708,2.181284458997098,8.205298653920662,9.792018227829976,1.025890835788687,-25.60326297408546
117.27891630454752,2.095925479046457,8.205298653920662,9.792018227829976,1.0297270565751973,-24.301934011075033
59.665560563087965,1.899228535962024,8.205298653920662,9.792018227829976,1.0238850835001971,-26.04246554287371
66.5128970547621,2.0701009553926184,8.205298653920662,9.792018227829976,1.0257981297909344,-25.390185681977073
66.41912749406893,1.9608073865279465,8.205298653920662,9.792018227829976,1.0218606108166284,-26.785712601737167
97.9344550352273,2.193771942376003,8.205298653920662,9.792018227829976,1.0249269224368722,-25.87376223399898
100.92875101081182,2.343621008322032,8.205298653920662,9.792018227829976,1.0301704467182122,-24.010851766745276
69.38030556932559,2.1284729369297537,8.205298653920662,9.792018227829976,1.0262733564878916,-25.200068791569933
63.5483332587602,1.9178034780322548,8.205298653920662,9.792018227829976,1.0218108945243292,-26.753048672170724
110.4310035716056,2.2418901335442456,8.205298653920662,9.792018227829976,1.0303516435874074,-23.9553176812258
59.609861257668754,1.8604617935040864,8.205298653920662,9.792018227829976,1.0220703497806827,-26.569784345535663
109.21971954126693,2.259427726347397,8.205298653920662,9.792018227829976,1.0301292929411894,-23.95133780674163
64.38974840636604,1.930910283437328,8.205298653920662,9.792018227829976,1.021429751381091,-26.76279107207176
69.34072492336192,2.1273328192256,8.205298653920662,9.792018227829976,1.0257083946255348,-25.207008455855476
72.41015536439674,2.182997412144388,8.205298653920662,9.792018227829976,1.0261831544185993,-25.0252648780976
83.5022803471446,2.3240365374664838,8.205298653920662,9.792018227829976,1.0277496820299334,-24.50191488918198
58.92161247154483,1.869641667717417,8.205298653920662,9.792018227829976,1.0222491644853775,-26.251212056106983
76.90954526499196,2.093823836234989,8.205298653920662,9.792018227829976,1.0213201094045439,-26.65902323803721
101.16027091502694,2.3414312969431847,8.205298653920662,9.792018227829976,1.0290858088812547,-24.014346460106474
92.4877020598472,2.365765988975852,8.205298653920662,9.792018227829976,1.0283494898275432,-24.202753133190125
62.729755487216494,1.981189865528208,8.205298653920662,9.792018227829976,1.0234495047898522,-25.71071480132842
66.37278113255547,2.065997565613713,8.205298653920662,9.792018227829976,1.0243399197555039,-25.41348152468781
59.23261722177758,1.8598354964888275,8.205298653920662,9.792018227829976,1.0211392304333025,-26.4755227359582
91.0377894541357,2.363378901991496,8.205298653920662,9.792018227829976,1.0279163642926317,-24.24606116189411
105.95687910355387,2.29922819770934,8.205298653920662,9.792018227829976,1.0289206874594554,-23.96582309263976
59.23232292762221,1.8806216647955691,8.205298653920662,9.792018227829976,1.021850941724479,-26.182916904565527
69.73479137514629,2.00858116395365,8.205298653920662,9.792018227829976,1.0204075058174005,-26.765235957937957
92.33939416780512,2.365384965378894,8.205298653920662,9.792018227829976,1.0279247887852863,-24.209290707334837
99.53792575670978,2.350664665009333,8.205298653920662,9.792018227829976,1.028498330430723,-24.044086583586992
101.5199508764788,2.187421165034209,8.205298653920662,9.792018227829976,1.023907531958524,-25.671877977431315
59.73070000915065,1.8976634542297148,8.205298653920662,9.792018227829976,1.021974255268368,-26.0812585948845
80.53783585575611,2.2951680831169483,8.205298653920662,9.792018227829976,1.026344941097241,-24.630593688893708
99.03871607055132,2.353016116381113,8.205298653920662,9.792018227829976,1.0282715020413944,-24.05432425672679
114.54467787636038,2.166740014537055,8.205298653920662,9.792018227829976,1.0282666626104378,-24.059564635148494
116.64071951389406,2.113587510179201,8.205298653920662,9.792018227829976,1.0277512515227085,-24.235871602269597
60.24611328949396,1.9129902178272715,8.205298653920662,9.792018227829976,1.021811019218964,-26.00715966408288
61.95337908319544,1.8957203722355305,8.205298653920662,9.792018227829976,1.0199642255710784,-26.679300783567168
61.41572596300062,1.8878375435805168,8.205298653920662,9.792018227829976,1.0200088693220883,-26.655550820407456
60.71163364914601,1.9265598003209448,8.205298653920662,9.792018227829976,1.02195933802701,-25.943133872899963
73.9032208050783,2.2064921071850847,8.205298653920662,9.792018227829976,1.0247708001551297,-24.955037370968576
93.483191043571,2.1940392075753863,8.205298653920662,9.792018227829976,1.021986370823559,-26.072421204699083
98.1855062648929,2.194890535189259,8.205298653920662,9.792018227829976,1.022641435122024,-25.844541434790383
106.4149196038477,2.2933729078495872,8.205298653920662,9.792018227829976,1.0278973428686693,-23.97128965708483
116.7256815200825,2.105882558638214,8.205298653920662,9.792018227829976,1.0270742097604353,-24.306383741707972
59.17018651188559,1.8699194104996903,8.205298653920662,9.792018227829976,1.0203259083356613,-26.31570064687806
116.70024318402012,2.104448964024158,8.205298653920662,9.792018227829976,1.0268167430245905,-24.32836928511142
110.37005060731292,2.2405293422633434,8.205298653920662,9.792018227829976,1.0276835175862327,-23.97934503657134
59.68301869766135,1.893514592239072,8.205298653920662,9.792018227829976,1.0207973479326335,-26.12567970919367
96.4051771268597,2.361784569756068,8.205298653920662,9.792018227829976,1.026959675841687,-24.11492509746233
59.25057681289578,1.8678441779015031,8.205298653920662,9.792018227829976,1.0198966429786664,-26.36696288549036
116.64488002117714,2.104775958823069,8.205298653920662,9.792018227829976,1.0265211049653606,-24.33640146988124
109.5566785318385,2.146606532144972,8.205298653920662,9.792018227829976,1.024053042965066,-25.157412326385362
114.87307228709273,2.10545732099564,8.205298653920662,9.792018227829976,1.0253851388464246,-24.694315001148777
90.02144142375694,2.3597877159584613,8.205298653920662,9.792018227829976,1.0260974518586692,-24.286920689445637
112.6099803856756,2.123357292974049,8.205298653920662,9.792018227829976,1.0245596756742708,-24.915412058065026
59.80684585310106,1.896296452792768,8.205298653920662,9.792018227829976,1.0202420076973326,-26.12027455298922
89.84361019388821,2.185433737137714,8.205298653920662,9.792018227829976,1.020474461140521,-26.22338100831802
68.26039737552524,1.98963773185892,8.205298653920662,9.792018227829976,1.0185814662442414,-26.754326287323252
72.2247331226148,2.178015092227028,8.205298653920662,9.792018227829976,1.0233056658703794,-25.056618819001457
61.7194971855302,1.893989782811957,8.205298653920662,9.792018227829976,1.0186480512988478,-26.645374561722544
115.57467303758698,2.101840499251935,8.205298653920662,9.792018227829976,1.0252529111818942,-24.594506291907045
115.59632500037556,2.101767402471282,8.205298653920662,9.792018227829976,1.0252474022610734,-24.590911371320434
72.41274292826067,2.044425323510737,8.205298653920662,9.792018227829976,1.0185515495026662,-26.72107659735266
64.53308375742614,1.9358463626196,8.205298653920662,9.792018227829976,1.0183369579009198,-26.726503653440385
85.72720491250729,2.338955772230449,8.205298653920662,9.792018227829976,1.0250812408129466,-24.435009028374925
89.79894577718447,2.358792082827847,8.205298653920662,9.792018227829976,1.0255363947144704,-24.29701837888723
115.1276164525206,2.151233163503946,8.205298653920662,9.792018227829976,1.0264275775909968,-24.119068073143183
64.37220193025566,1.9335395166314695,8.205298653920662,9.792018227829976,1.0182466997803667,-26.722488179303717
102.09377077799324,2.333142190162945,8.205298653920662,9.792018227829976,1.0264440217250084,-24.018958049302626
113.38142075135876,2.1178136290785687,8.205298653920662,9.792018227829976,1.0242470068663267,-24.838266779474637
94.93306052304035,2.19654217388522,8.205298653920662,9.792018227829976,1.0206362899281751,-25.99427993461908
97.47321685080996,2.357975344313914,8.205298653920662,9.792018227829976,1.0258874665366169,-24.099121867609032
98.54792213380728,2.353827993135198,8.205298653920662,9.792018227829976,1.0259505495442285,-24.077915904285796
88.13208977825512,2.17895087832234,8.205298653920662,9.792018227829976,1.019593928058447,-26.287485687316178
61.741341876633534,1.9524311729175707,8.205298653920662,9.792018227829976,1.0203185138802537,-25.853403679384055
60.61956877128311,1.8797744374807903,8.205298653920662,9.792018227829976,1.0183194749370543,-26.564589180275824
87.33910121926327,2.175281035012944,8.205298653920662,9.792018227829976,1.0194061979286897,-26.317406147814424
113.92483770735562,2.113978599836855,8.205298653920662,9.792018227829976,1.0241061161823017,-24.78015141563268
96.30285602092064,2.361256650865513,8.205298653920662,9.792018227829976,1.0256628700382364,-24.12511066201015
59.56145404362488,1.8833453916981284,8.205298653920662,9.792018227829976,1.0190849280506797,-26.23404784252264
113.79341706140886,2.1790212714887502,8.205298653920662,9.792018227829976,1.025931861076809,-24.065218740170064
100.64724326876222,2.342624894893305,8.205298653920662,9.792018227829976,1.0257838576768836,-24.043554478242662
75.34795989278376,2.22735781520025,8.205298653920662,9.792018227829976,1.0229307269454069,-24.893384787969875
105.16388163832713,2.3054436301375176,8.205298653920662,9.792018227829976,1.0258169647418416,-23.993541128152767
116.2400261876847,2.1051136351205173,8.205298653920662,9.792018227829976,1.024770058947072,-24.41815808328477
95.11299667939171,2.1970072506902483,8.205298653920662,9.792018227829976,1.0200732826200618,-25.981607340366217
90.6659243711215,2.188897774351432,8.205298653920662,9.792018227829976,1.0192878385116249,-26.180230539987697
71.62715169603295,2.1667893880818383,8.205298653920662,9.792018227829976,1.0219431520359492,-25.100786665755262
100.85022061958614,2.1912480598432182,8.205298653920662,9.792018227829976,1.0208001374606748,-25.686366862456982
64.88895975296846,2.0299049046467985,8.205298653920662,9.792018227829976,1.0204865439257989,-25.563483654639487
97.40585631474522,2.357748251588305,8.205298653920662,9.792018227829976,1.0251420007630263,-24.105141992871467
96.56060531314324,2.1974123901341898,8.205298653920662,9.792018227829976,1.020069561337537,-25.90981008977769
83.08404784812025,2.1499426793100014,8.205298653920662,9.792018227829976,1.018241937034648,-26.46221112142973
112.7093754465935,2.1992250895288805,8.205298653920662,9.792018227829976,1.0254909810055748,-24.03887672375874
59.65182497580823,1.8833721884968495,8.205298653920662,9.792018227829976,1.0183143426792551,-26.257955599688714
60.9319426135599,1.885200963603694,8.205298653920662,9.792018227829976,1.017447882355741,-26.569063854190325
80.2195961435158,2.1273593214420714,8.205298653920662,9.792018227829976,1.017846807773195,-26.547476309257206
73.02945555077615,2.1906046293018875,8.205298653920662,9.792018227829976,1.021916900268793,-25.02239969106513
90.36660588787852,2.188113695215762,8.205298653920662,9.792018227829976,1.0189629584166664,-26.190840144046863
116.01537455761584,2.123368371738892,8.205298653920662,9.792018227829976,1.0246888729130597,-24.254930436979784
75.5402537174002,2.081719794816252,8.205298653920662,9.792018227829976,1.017231786258142,-26.65730867799477
110.9641196899404,2.228929970163918,8.205298653920662,9.792018227829976,1.025205539146438,-24.009979812428487
74.22611679211937,2.209737191924248,8.205298653920662,9.792018227829976,1.0218781816139586,-24.95853666932432
83.10411136536372,2.318026230639532,8.205298653920662,9.792018227829976,1.0231272275290004,-24.545373487836912
61.23639960347023,1.9365748472084905,8.205298653920662,9.792018227829976,1.0187657486683261,-25.940522961637267
114.67891362771137,2.110508445422454,8.205298653920662,9.792018227829976,1.0231721949906498,-24.67380189704007
110.7121819040797,2.2327333816897124,8.205298653920662,9.792018227829976,1.024966849431997,-24.00925001401394
74.41276190304698,2.212468719942507,8.205298653920662,9.792018227829976,1.0216274949562236,-24.950544097608987
113.88036420875022,2.175505258658035,8.205298653920662,9.792018227829976,1.0246146784746901,-24.08793809929037
100.87660359797002,2.191730195394257,8.205298653920662,9.792018227829976,1.0199543230732073,-25.67844990232369
65.48247008415262,2.042721953427943,8.205298653920662,9.792018227829976,1.0197453510577956,-25.52511535890564
78.4181673646254,2.1114077358502783,8.205298653920662,9.792018227829976,1.0169956936636613,-26.589787794967798
59.999180695693205,1.877816755309212,8.205298653920662,9.792018227829976,1.0171067122737987,-26.428603803919966
84.62870679329728,2.160895066880641,8.205298653920662,9.792018227829976,1.0175345291148719,-26.404668884808398
61.08159378354281,1.931489170122916,8.205298653920662,9.792018227829976,1.0183131828018046,-25.97012990432363
64.45756712213426,2.01887398368558,8.205298653920662,9.792018227829976,1.0193450854882353,-25.611675038023858
81.40634720503331,2.3018098983747137,8.205298653920662,9.792018227829976,1.0223705283926925,-24.618783016954872
109.29733857153164,2.2536984123977817,8.205298653920662,9.792018227829976,1.0245328423651412,-24.00083240960115
115.84285981719216,2.108329025446025,8.205298653920662,9.792018227829976,1.0232688263852905,-24.463656148287065
69.19168535868623,2.120628439294819,8.205298653920662,9.792018227829976,1.0202337044573995,-25.26177704351098
114.62504096403326,2.1588446169073023,8.205298653920662,9.792018227829976,1.0241604740086399,-24.132023403584164
109.8179895501598,2.147217739453623,8.205298653920662,9.792018227829976,1.0213238218718568,-25.109246717668043
76.06404620382344,2.0878679483595874,8.205298653920662,9.792018227829976,1.0164554864363853,-26.64039099124992
95.2115843784847,2.362203270751735,8.205298653920662,9.792018227829976,1.0237073180886902,-24.161802763584188
61.92289997824277,1.954708022043448,8.205298653920662,9.792018227829976,1.0183268759525133,-25.867155500588986
104.07782859380646,2.3149652327259247,8.205298653920662,9.792018227829976,1.0242243743303427,-24.013360139024833
80.30545750099866,2.128761823563167,8.205298653920662,9.792018227829976,1.0167273699211647,-26.536817363020035
72.37534211791346,2.1788413344478528,8.205298653920662,9.792018227829976,1.0206512951504287,-25.068142459023026
115.89384300151993,2.122532539201273,8.205298653920662,9.792018227829976,1.0235181012643024,-24.28954253867601
115.9662081485894,2.113070103281032,8.205298653920662,9.792018227829976,1.0231933701167237,-24.383284255110553
115.02271423358366,2.1488099374983136,8.205298653920662,9.792018227829976,1.0237779511202885,-24.166949087860772
101.5114428145739,2.335666126934001,8.205298653920662,9.792018227829976,1.0238704880899243,-24.044027293675768
111.64440189322146,2.134123721347933,8.205298653920662,9.792018227829976,1.0213752021767488,-24.960232104209858
88.83245463994498,2.183253833783766,8.205298653920662,9.792018227829976,1.0174161060436082,-26.244199434603782
60.357923692159865,1.8820842191376244,8.205298653920662,9.792018227829976,1.0162887892244623,-26.463507429806107
86.84407880356473,2.344049779741922,8.205298653920662,9.792018227829976,1.022248035908169,-24.41281235729018
107.68422154625122,2.274818883628072,8.205298653920662,9.792018227829976,1.0236612899063258,-24.00306322295602
109.1786495570053,2.254609060004313,8.205298653920662,9.792018227829976,1.023624521207069,-24.008493267346964
108.38211009706068,2.2655514211156174,8.205298653920662,9.792018227829976,1.0235096030754938,-24.00581410703702
105.233844143119,2.17590477293939,8.205298653920662,9.792018227829976,1.019506783523034,-25.41277557156998
109.25873987440768,2.25331595991247,8.205298653920662,9.792018227829976,1.023456905997154,-24.010560823491325
61.11103655952616,1.890954636866411,8.205298653920662,9.792018227829976,1.015545526954898,-26.534144440157572
104.4853015589192,2.3103720873530875,8.205298653920662,9.792018227829976,1.0232197547714923,-24.01755491022091
82.18583620972862,2.3086513621643974,8.205298653920662,9.792018227829976,1.0212017346498299,-24.59405940655556
106.36174436436283,2.1701145062892806,8.205298653920662,9.792018227829976,1.0195300137508225,-25.339021147581562
111.44759918339938,2.218928421510057,8.205298653920662,9.792018227829976,1.0231745254489366,-24.03931322207551
106.4877910418888,2.289006284576786,8.205298653920662,9.792018227829976,1.0231805265767677,-24.007975869095052
60.54291901979422,1.8857339489514688,8.205298653920662,9.792018227829976,1.0154972326168088,-26.460697863773003
86.3719730252621,2.340926721567186,8.205298653920662,9.792018227829976,1.0215575199648879,-24.433427936542845
109.4354949447552,2.2504120695448933,8.205298653920662,9.792018227829976,1.0230650730954933,-24.01550027983234
105.67971033588672,2.173944204500131,8.205298653920662,9.792018227829976,1.019181192384133,-25.38100977074934
72.71708632187796,2.0505474484725994,8.205298653920662,9.792018227829976,1.014927630904335,-26.6858118880078
106.89652165709676,2.284019398126801,8.205298653920662,9.792018227829976,1.0229712825926467,-24.00895270807499
82.98227566225587,2.315722471079184,8.205298653920662,9.792018227829976,1.0209950620456185,-24.563404540682647
96.36181816814768,2.3591012735668784,8.205298653920662,9.792018227829976,1.0223678460211252,-24.1443824942245
68.13242911314386,1.990844969683508,8.205298653920662,9.792018227829976,1.0146624428451092,-26.71422967588849
100.32106852548728,2.194323326005417,8.205298653920662,9.792018227829976,1.0179974600504471,-25.694696297334797
106.72624351264912,2.1684614802396425,8.205298653920662,9.792018227829976,1.019096459176893,-25.310452394350598
63.54161003299035,1.9251360570129208,8.205298653920662,9.792018227829976,1.0145915975063131,-26.64963199991591
108.3075311555191,2.265890717833642,8.205298653920662,9.792018227829976,1.0227188161122944,-24.012583135041233
67.8697259992286,2.0927278712429143,8.205298653920662,9.792018227829976,1.0182191045223772,-25.36717097664297
72.58407307551481,2.049136297716913,8.205298653920662,9.792018227829976,1.0146141700915554,-26.684820670127127
60.4510416189763,1.9064837482749368,8.205298653920662,9.792018227829976,1.0158671705132538,-26.14907182758332
62.65086975359612,1.9718828069407264,8.205298653920662,9.792018227829976,1.0168029620352963,-25.81366010498432
115.55123411161522,2.1149982832458534,8.205298653920662,9.792018227829976,1.0215159464233192,-24.446351411519828
61.78577908288703,1.948359170114685,8.205298653920662,9.792018227829976,1.0164467405105955,-25.918208062263947
103.55147742610656,2.318446113340727,8.205298653920662,9.792018227829976,1.0223660228141516,-24.031551129800675
71.85479973055143,2.040272289589467,8.205298653920662,9.792018227829976,1.0143861781635286,-26.691529766399885
93.61658805021118,2.362223710616618,8.205298653920662,9.792018227829976,1.0216159157046858,-24.213573802195015
63.14583313089928,1.91980779695605,8.205298653920662,9.792018227829976,1.0143198505702187,-26.631062279802762
69.22753601099932,2.0062109372010326,8.205298653920662,9.792018227829976,1.0141761589297122,-26.708201666944046
62.49124554465782,1.9673117758878504,8.205298653920662,9.792018227829976,1.0164684128020798,-25.836230739634924
71.43729697141335,2.161164224841258,8.205298653920662,9.792018227829976,1.0185741664749879,-25.138254451405604
115.3195789651472,2.135525863753756,8.205298653920662,9.792018227829976,1.0217535956743355,-24.258070813433438
101.06705041215092,2.1928013954719745,8.205298653920662,9.792018227829976,1.0175922259061,-25.649377864027045
109.91428975227984,2.242506736381941,8.205298653920662,9.792018227829976,1.022199112624233,-24.02821393601353
112.69730859821284,2.195328326452,8.205298653920662,9.792018227829976,1.0220075074252686,-24.08364738406036
65.87612457745333,1.9595802719812097,8.205298653920662,9.792018227829976,1.0138808777796362,-26.690403410001753
99.66739218569066,2.345615501082136,8.205298653920662,9.792018227829976,1.0216152470383109,-24.0866048811382
97.34566858684684,2.3556010049145897,8.205298653920662,9.792018227829976,1.0213619919206207,-24.13038367066739
60.75026622877499,1.9149054211476084,8.205298653920662,9.792018227829976,1.0151557936189892,-26.110833501473824
73.39112157086673,2.194215172235772,8.205298653920662,9.792018227829976,1.0183939661137666,-25.028869332946428
113.8120534004924,2.172404182149293,8.205298653920662,9.792018227829976,1.0215515950856393,-24.135022423878894
83.15034848297812,2.3164277295101527,8.205298653920662,9.792018227829976,1.0197323197710517,-24.564691542833867
63.33629338044639,1.9883536980072731,8.205298653920662,9.792018227829976,1.016005187608321,-25.756476843014944
81.04236673237924,2.296359979948221,8.205298653920662,9.792018227829976,1.0193981449724014,-24.652990431074247
86.57889216114138,2.173978189084906,8.205298653920662,9.792018227829976,1.0148423157862139,-26.314615007483095
97.8235986136964,2.3537203589082765,8.205298653920662,9.792018227829976,1.0210812799827889,-24.122844686423917
67.13362848014658,1.9779850706715507,8.205298653920662,9.792018227829976,1.013306309269822,-26.695651596641152
97.3585182892842,2.1995253636714267,8.205298653920662,9.792018227829976,1.0162150358068194,-25.840965687813327
110.1056759147166,2.1478710209787835,8.205298653920662,9.792018227829976,1.0185871851133828,-25.05587616825265
68.78954975394915,2.110440855770804,8.205298653920662,9.792018227829976,1.017132578084054,-25.315335957683946
69.67374849400495,2.0129255429345108,8.205298653920662,9.792018227829976,1.0132053400760872,-26.69697278717195
114.87799482187938,2.145663413160065,8.205298653920662,9.792018227829976,1.020820705307844,-24.23083045645094
60.49019955788059,1.900687069591143,8.205298653920662,9.792018227829976,1.0142396429124059,-26.238947333199363
71.56744656702865,2.037503656451719,8.205298653920662,9.792018227829976,1.0131792863202083,-26.68351759100451
102.14658798563904,2.1902649817482285,8.205298653920662,9.792018227829976,1.0167424580904758,-25.579878949712953
84.01820942011224,2.158877093971114,8.205298653920662,9.792018227829976,1.0141109806632425,-26.40136110979401
67.66803148530906,2.087239964190644,8.205298653920662,9.792018227829976,1.0165440149598153,-25.39727013609604
63.75113727919774,1.929959416940477,8.205298653920662,9.792018227829976,1.013014852853159,-26.631256723932463
68.47308108869298,2.103726555629791,8.205298653920662,9.792018227829976,1.0166118239297264,-25.341271473185603
113.91981513052562,2.1686518463217084,8.205298653920662,9.792018227829976,1.020696465142568,-24.15665280491521
103.06187100357124,2.321608497733564,8.205298653920662,9.792018227829976,1.020835530343515,-24.047386848788523
111.24408577480165,2.1402527317411,8.205298653920662,9.792018227829976,1.0184116230054656,-24.957184288445088
76.33095392340599,2.092756200166278,8.205298653920662,9.792018227829976,1.0131803566595743,-26.60862647359543
65.43712946984164,2.0382039637174785,8.205298653920662,9.792018227829976,1.0158457442441378,-25.572430562627392
108.3496031649335,2.263769181450968,8.205298653920662,9.792018227829976,1.0208982377766223,-24.02922943014093
114.91400961347496,2.142901828846206,8.205298653920662,9.792018227829976,1.0202301194651173,-24.25496569399347
113.74968980324124,2.1719714217425263,8.205298653920662,9.792018227829976,1.0204622999918682,-24.151409925382914
79.15277304076417,2.274822010154452,8.205298653920662,9.792018227829976,1.018218013876984,-24.743400408937685
62.850170118723824,1.9177718965029984,8.205298653920662,9.792018227829976,1.0127415729169014,-26.589313625544758
62.63599940881403,1.9148779185727705,8.205298653920662,9.792018227829976,1.0127520640358316,-26.578250677044725
60.61033338301107,1.8969699799139617,8.205298653920662,9.792018227829976,1.0134170933144298,-26.321485554895247
108.31692955128638,2.2639749700824296,8.205298653920662,9.792018227829976,1.0206260152937088,-24.03158704612629
88.8676971665263,2.1853066839994284,8.205298653920662,9.792018227829976,1.0141636476442648,-26.21988162127271
86.51455757099785,2.3403028092596543,8.205298653920662,9.792018227829976,1.0190760637109801,-24.44371882320214
92.5606999672694,2.196715563905244,8.205298653920662,9.792018227829976,1.0145394962354737,-26.062815378306148
113.31426407073472,2.1264550657579946,8.205298653920662,9.792018227829976,1.0185124416237628,-24.749894714638614
91.87191602804928,2.359871910010739,8.205298653920662,9.792018227829976,1.0194966918733577,-24.273096063001237
98.34423084042449,2.350914270728751,8.205298653920662,9.792018227829976,1.0199587408309005,-24.120470912109724
94.26570527242129,2.199474163091395,8.205298653920662,9.792018227829976,1.0146687513213006,-25.983981686953793
61.93177225674121,1.9487781529524284,8.205298653920662,9.792018227829976,1.0141314172033093,-25.947978163945187
61.27127062826292,1.9285306969189973,8.205298653920662,9.792018227829976,1.0137910184266061,-26.057380761295075
60.720396309315,1.9050225301283772,8.205298653920662,9.792018227829976,1.0130963171408407,-26.238574900677243
93.34674503112234,2.1984042164833824,8.205298653920662,9.792018227829976,1.014243305582649,-26.024376823885085
114.45691637199305,2.1216286973377976,8.205298653920662,9.792018227829976,1.0185682350653533,-24.58805019452669
85.33566725428675,2.167852748017822,8.205298653920662,9.792018227829976,1.0131778833887857,-26.348493928421796
100.89206366311524,2.194724628725467,8.205298653920662,9.792018227829976,1.0154014784848697,-25.64210144130643
90.40881719916246,2.35659722001985,8.205298653920662,9.792018227829976,1.0188500832769836,-24.319165759843894
115.06439904205553,2.132646836824861,8.205298653920662,9.792018227829976,1.0191801942620633,-24.341746343908504
93.10219418761434,2.3606422919097128,8.205298653920662,9.792018227829976,1.0190893615248644,-24.242558042438326
113.78060106645452,2.1246841250216164,8.205298653920662,9.792018227829976,1.0181418776482336,-24.682808445453325
110.15175930961338,2.149074275923496,8.205298653920662,9.792018227829976,1.0171039075537793,-25.0344730494333
61.03028016215696,1.9187404634126608,8.205298653920662,9.792018227829976,1.0131586090727216,-26.12967331886016
67.7363208516687,1.98774806659695,8.205298653920662,9.792018227829976,1.0117215975319822,-26.680957464562333
61.246660652085865,1.9003467160003424,8.205298653920662,9.792018227829976,1.0122476016198474,-26.43746375496659
75.69707229164469,2.228527758342537,8.205298653920662,9.792018227829976,1.0167191574425536,-24.919496484019746
110.245024342624,2.1485651494588893,8.205298653920662,9.792018227829976,1.0169985271914315,-25.025411373878985
67.3281944771879,1.9821497031184092,8.205298653920662,9.792018227829976,1.0116326096246138,-26.677581419583138
94.00538561929945,2.1995622517472526,8.205298653920662,9.792018227829976,1.013989124218906,-25.991478677653333
84.4616828594414,2.3258404851258945,8.205298653920662,9.792018227829976,1.0178193236838475,-24.526179434081048
83.43973770290371,2.1558422109730344,8.205298653920662,9.792018227829976,1.0125193326556032,-26.409193349220494
67.91295720622672,2.0910890478453013,8.205298653920662,9.792018227829976,1.0150462374601907,-25.394825526396538
102.67636595779398,2.323728206811268,8.205298653920662,9.792018227829976,1.019314356708499,-24.062422740585934
106.4789796465052,2.286102792551276,8.205298653920662,9.792018227829976,1.0193682116113967,-24.039545178151737
102.1500200487021,2.327812745726291,8.205298653920662,9.792018227829976,1.0192148091097484,-24.068842587232975
62.82445777387664,1.919162806186492,8.205298653920662,9.792018227829976,1.011549545793142,-26.56393283186035
112.02550423827836,2.2043215071696807,8.205298653920662,9.792018227829976,1.019227954212294,-24.10141499707868
110.73533758282936,2.226680987617925,8.205298653920662,9.792018227829976,1.0192895758403036,-24.07079631806351
90.83520506696624,2.193012978126646,8.205298653920662,9.792018227829976,1.0132025135652003,-26.130115679338903
62.33924942450143,1.958731706149152,8.205298653920662,9.792018227829976,1.0132713903195107,-25.913419813502188
74.14419405893553,2.2046438511741258,8.205298653920662,9.792018227829976,1.0160031409893113,-25.00603980549227
87.85348536249688,2.181666694425729,8.205298653920662,9.792018227829976,1.0127254728449906,-26.25030398253893
74.69000010739764,2.213076589021796,8.205298653920662,9.792018227829976,1.0159858266489603,-24.977071987267742
96.24526192490738,2.2012728233527383,8.205298653920662,9.792018227829976,1.0138350914450653,-25.880373321365095
67.82077748830154,1.989627445698872,8.205298653920662,9.792018227829976,1.0108829802623314,-26.671821757932587
78.10732192906883,2.260770533397149,8.205298653920662,9.792018227829976,1.0161063605165428,-24.80592109782267
88.18624900209741,2.183495346313037,8.205298653920662,9.792018227829976,1.0122387466429827,-26.233597411049317
112.52926232796548,2.134340126927853,8.205298653920662,9.792018227829976,1.0164549473605609,-24.801780214610428
108.36619785762652,2.2613824208415,8.205298653920662,9.792018227829976,1.0184561905223248,-24.052265915529755
110.99237728377918,2.1447503546084192,8.205298653920662,9.792018227829976,1.0159851036676415,-24.947166501492074
63.82899678433655,1.9340848308054603,8.205298653920662,9.792018227829976,1.0105412882653053,-26.592256733593146
70.61010707026486,2.143207609126762,8.205298653920662,9.792018227829976,1.0143742295640052,-25.223239801183716
70.41943569534718,2.0248870189807207,8.205298653920662,9.792018227829976,1.0103463651135747,-26.665029233224455
71.59811712263794,2.0398904063681584,8.205298653920662,9.792018227829976,1.0103859189419095,-26.65706122095243
91.658598807521,2.3582145215686268,8.205298653920662,9.792018227829976,1.0172801209068725,-24.292933200630724
78.16968489015112,2.112904763400408,8.205298653920662,9.792018227829976,1.0106869985072253,-26.547091175815734
109.44415100925627,2.24568072796599,8.205298653920662,9.792018227829976,1.018134484851795,-24.06478847091545
64.19106647433824,1.9394223302631133,8.205298653920662,9.792018227829976,1.0102636691697278,-26.600925190094436
102.4887190289135,2.1912066695436465,8.205298653920662,9.792018227829976,1.0138531996964315,-25.535573905429256
61.44904286193414,1.928470200545462,8.205298653920662,9.792018227829976,1.0115361731893178,-26.102389740937348
106.03971534416554,2.290080875165557,8.205298653920662,9.792018227829976,1.0180245981086202,-24.051527134304095
110.99849127066052,2.220864790691138,8.205298653920662,9.792018227829976,1.0179804950111575,-24.09158630807231
61.343542293099496,1.9242823821939647,8.205298653920662,9.792018227829976,1.0114154338255072,-26.132922205440973
63.76966189835122,1.9949551284405944,8.205298653920662,9.792018227829976,1.012427955592852,-25.7680493964863
68.88493641176754,2.004859114375193,8.205298653920662,9.792018227829976,1.0100122595446157,-26.665107599457226
87.03930663613723,2.341726657634055,8.205298653920662,9.792018227829976,1.0165365941175646,-24.441466872529155
70.89089838069786,2.148100164886273,8.205298653920662,9.792018227829976,1.0140235547239826,-25.20892252695885
111.42695883351264,2.1424387581225237,8.205298653920662,9.792018227829976,1.0155735167309314,-24.900668490706646
68.33828456385784,2.098495163548236,8.205298653920662,9.792018227829976,1.0134623778561078,-25.38077123568094
112.83519405258644,2.186596271118219,8.205298653920662,9.792018227829976,1.0176432038492982,-24.155368991877555
100.23626512265946,2.197718427038879,8.205298653920662,9.792018227829976,1.013204890747651,-25.66190878369871
62.12203251575462,1.9497773801613365,8.205298653920662,9.792018227829976,1.0116338198592811,-25.98046502960824
61.25748588815389,1.9190876230245948,8.205298653920662,9.792018227829976,1.0110218243284126,-26.182096565674964
105.85487231730346,2.291919978322269,8.205298653920662,9.792018227829976,1.0177263661604068,-24.054402463411183
77.02504165688752,2.24593156495267,8.205298653920662,9.792018227829976,1.0149474370282479,-24.865949625110687
107.247461718346,2.169499989292873,8.205298653920662,9.792018227829976,1.0143860473965132,-25.228136872432614
90.78015518378348,2.35614376589686,8.205298653920662,9.792018227829976,1.0166205165960411,-24.32220780266874
85.20069436913863,2.330050213496861,8.205298653920662,9.792018227829976,1.015958906290249,-24.51047333425351
87.93382373243425,2.346051455775225,8.205298653920662,9.792018227829976,1.0162489873695308,-24.413160974940887
81.04554848251877,2.2939266332372483,8.205298653920662,9.792018227829976,1.0153556854140988,-24.679343768463088
101.6271244372184,2.1943347012548315,8.205298653920662,9.792018227829976,1.013164431873688,-25.58123360819916
108.86515894965366,2.1598649908371077,8.205298653920662,9.792018227829976,1.0145578806284516,-25.108429051319465
62.99691984259979,1.9241856541361528,8.205298653920662,9.792018227829976,1.0097545816519942,-26.535439574349827
114.34712181859096,2.148654866828423,8.205298653920662,9.792018227829976,1.0168639633246797,-24.30003541558896
63.63119387057174,1.9326006512347789,8.205298653920662,9.792018227829976,1.0096468518250825,-26.56736205162443
110.87718873343978,2.146718324308125,8.205298653920662,9.792018227829976,1.0149603529821216,-24.94348402166538
62.5738401829018,1.91908259002652,8.205298653920662,9.792018227829976,1.0097346941459275,-26.505133747740963
61.26398956816246,1.9141161008463712,8.205298653920662,9.792018227829976,1.0103892253968179,-26.251707790959408
114.49920138603444,2.141480957625319,8.205298653920662,9.792018227829976,1.01659438645324,-24.35203181893502
83.22358916828676,2.3144185782604865,8.205298653920662,9.792018227829976,1.0153662629974711,-24.5897596918924
114.52155725713388,2.138074393894996,8.205298653920662,9.792018227829976,1.0163880507703866,-24.386474717740388
64.23030201072378,1.941064148405161,8.205298653920662,9.792018227829976,1.0093756103630078,-26.587229615138867
78.02687789619786,2.112190074826984,8.205298653920662,9.792018227829976,1.009639395168184,-26.542122895325793
98.5867073451934,2.3476969127356284,8.205298653920662,9.792018227829976,1.0166708777868725,-24.13829899183058
106.25690373189956,2.175495870609339,8.205298653920662,9.792018227829976,1.0135659639353345,-25.2899084409834
106.1399379277596,2.288089479067011,8.205298653920662,9.792018227829976,1.0169831430086573,-24.060306138143165
70.01146649140117,2.130915277933653,8.205298653920662,9.792018227829976,1.012923273727791,-25.274001946870964
63.65322999464196,1.933504486356867,8.205298653920662,9.792018227829976,1.009211625535483,-26.56000853527547
65.38897131836843,1.9574460870857564,8.205298653920662,9.792018227829976,1.0090789699976859,-26.616791390379003
91.69123359707162,2.196805087940632,8.205298653920662,9.792018227829976,1.0110004460397335,-26.07643959163232
109.83953426702904,2.2383774494218898,8.205298653920662,9.792018227829976,1.0168482024394376,-24.083875747873343
69.29000386943432,2.116807757568381,8.205298653920662,9.792018227829976,1.0126496543546675,-25.32381817858211
61.98136499402881,1.9138362936821096,8.205298653920662,9.792018227829976,1.0094233338878609,-26.433727120253938
72.83472064080874,2.0560759980389776,8.205298653920662,9.792018227829976,1.0089887596907996,-26.63103248719866
105.3299521649491,2.1804089694519035,8.205298653920662,9.792018227829976,1.0131144189729058,-25.34868384072444
108.55487500780362,2.257177174353032,8.205298653920662,9.792018227829976,1.0167289595418045,-24.070577688234863
109.8372620685407,2.2382594853612687,8.205298653920662,9.792018227829976,1.0167012701740097,-24.08548900802415
65.53162537034493,2.0362692808341336,8.205298653920662,9.792018227829976,1.0116421011743553,-25.615976958964858
102.51958481387524,2.3230264317605247,8.205298653920662,9.792018227829976,1.016574832610712,-24.08441209430098
110.25708504505933,2.2315462049889447,8.205298653920662,9.792018227829976,1.0166125648529256,-24.093403592273102
80.97149772921102,2.292595935209931,8.205298653920662,9.792018227829976,1.0144429570883515,-24.688611390319256
96.01279579814629,2.202812985123757,8.205298653920662,9.792018227829976,1.011361482952594,-25.873557337994594
111.1478158900265,2.2165749526866563,8.205298653920662,9.792018227829976,1.01649889800769,-24.113959927525602
102.44689587614047,2.3235040621036944,8.205298653920662,9.792018227829976,1.0164310113340569,-24.086227960084475
66.8025087554288,1.9775355011315128,8.205298653920662,9.792018227829976,1.0086676487599915,-26.636195071414832
114.34752635670576,2.135706944130334,8.205298653920662,9.792018227829976,1.0155427114671591,-24.447209681109218
96.80671126583292,2.3538548516819304,8.205298653920662,9.792018227829976,1.0159977696471032,-24.176488344250494
101.16261050243143,2.332887399392419,8.205298653920662,9.792018227829976,1.0162783967751228,-24.10205283120791
113.19247607967752,2.1764878127279417,8.205298653920662,9.792018227829976,1.0161497033963678,-24.20330919690212
100.13033613379986,2.1988485355402645,8.205298653920662,9.792018227829976,1.01188004622989,-25.65724548047925
94.99632123081304,2.3575739151967667,8.205298653920662,9.792018227829976,1.0157622816655028,-24.217345500531298
80.81747167092269,2.290816924929601,8.205298653920662,9.792018227829976,1.014160393993317,-24.69713073896473
63.04768724680347,1.9736734942864305,8.205298653920662,9.792018227829976,1.0105036229746687,-25.882015056637563
74.45144502491347,2.0751695827670744,8.205298653920662,9.792018227829976,1.008673446536774,-26.605552087271008
104.6152057756096,2.30383567957098,8.205298653920662,9.792018227829976,1.016198901926502,-24.071490637626326
108.07295860150155,2.263336606889254,8.205298653920662,9.792018227829976,1.0162311611505088,-24.072028600483165
64.89221830651462,2.02053866788674,8.205298653920662,9.792018227829976,1.0108976488522503,-25.68261858504888
79.00240553645855,2.270194642346425,8.205298653920662,9.792018227829976,1.0136657036344487,-24.781255179770227
114.2846446868811,2.1376977489109805,8.205298653920662,9.792018227829976,1.0152077800871926,-24.43656820354809
109.02793388351807,2.2497465919811788,8.205298653920662,9.792018227829976,1.0160321609460583,-24.08228737616737
72.10332462638132,2.168449298870456,8.205298653920662,9.792018227829976,1.0123666433507297,-25.14994624155588
114.02950801128442,2.153015276198005,8.205298653920662,9.792018227829976,1.015351951943215,-24.31130343551023
61.60736471895715,1.916727069738755,8.205298653920662,9.792018227829976,1.0088674888538292,-26.301634899139838
65.52981078952624,2.035360067461468,8.205298653920662,9.792018227829976,1.010799768242491,-25.62704567238043
106.3325667697419,2.176038137717072,8.205298653920662,9.792018227829976,1.0124791787818364,-25.273850901057262
65.54643532162851,1.9607569914326888,8.205298653920662,9.792018227829976,1.008048732343423,-26.605214956079585
113.31925450009656,2.134833643547012,8.205298653920662,9.792018227829976,1.014253306834578,-24.65187806103088
113.76850379647604,2.160457761213962,8.205298653920662,9.792018227829976,1.0152672081256027,-24.27654843935131
112.1772415343869,2.196431402149244,8.205298653920662,9.792018227829976,1.0155227535231082,-24.161951575339288
77.26712982967234,2.1055782610344806,8.205298653920662,9.792018227829976,1.008254804020513,-26.54822137978215
67.31213886103421,1.9853451442310472,8.205298653920662,9.792018227829976,1.0078404077201373,-26.631541774104143
112.4729423831364,2.139108503991636,8.205298653920662,9.792018227829976,1.0137268750008703,-24.75659748912241
111.90056529829826,2.1424139067526937,8.205298653920662,9.792018227829976,1.013540287948518,-24.81933134677091
63.2683289374298,1.9783948841076864,8.205298653920662,9.792018227829976,1.0097359404961939,-25.870640050303415
78.69925800901547,2.266115611221693,8.205298653920662,9.792018227829976,1.0129916574246909,-24.799964561874024
67.70397906905704,1.990880885619632,8.205298653920662,9.792018227829976,1.0076500395830574,-26.632829382081262
113.0602077992239,2.177468416369706,8.205298653920662,9.792018227829976,1.015137246336352,-24.21627827028073
97.49937323659115,2.203162204530585,8.205298653920662,9.792018227829976,1.0104844634834356,-25.790061666038888
90.410336301665,2.3538672779587984,8.205298653920662,9.792018227829976,1.0143839364001108,-24.347349860084
65.56606227787042,1.9615495394068037,8.205298653920662,9.792018227829976,1.0075773580707896,-26.59861075885514
66.69142369957214,1.9771268947661724,8.205298653920662,9.792018227829976,1.0075142036842109,-26.6195118487693
110.39883840658172,2.1522424560515816,8.205298653920662,9.792018227829976,1.012861263222721,-24.957847294766186
74.27269737663197,2.2039628670100484,8.205298653920662,9.792018227829976,1.0120362535574203,-25.02963349702792
97.94959103143682,2.349186208189749,8.205298653920662,9.792018227829976,1.0148773085913314,-24.16201677291113
110.51289827533702,2.1516176549183115,8.205298653920662,9.792018227829976,1.012804026419944,-24.946560292811277
111.96563988817836,2.1426006177801327,8.205298653920662,9.792018227829976,1.013193052506291,-24.805822317600036
108.20256931667484,2.2605679486257912,8.205298653920662,9.792018227829976,1.0151558764626778,-24.0836424628984
107.98894012996178,2.167370920553097,8.205298653920662,9.792018227829976,1.0121661906833264,-25.149336128945446
84.18384190506809,2.320978450629653,8.205298653920662,9.792018227829976,1.0133296278070845,-24.56568386931116
65.25379548242395,1.957536279590613,8.205298653920662,9.792018227829976,1.007340397446991,-26.586727905043464
106.82777318878176,2.174047403817525,8.205298653920662,9.792018227829976,1.011828300923251,-25.231968372410822
75.87120119642937,2.2279769921169645,8.205298653920662,9.792018227829976,1.0120675528310248,-24.944851548467526
113.69994993994948,2.1601061561051864,8.205298653920662,9.792018227829976,1.0145304660181091,-24.29327484532481
103.88198448978874,2.309963489529096,8.205298653920662,9.792018227829976,1.0149476563932183,-24.08581517822559
113.56162569313952,2.136444983525436,8.205298653920662,9.792018227829976,1.0136568793630911,-24.588155089457498
64.93873962304784,2.020318466294455,8.205298653920662,9.792018227829976,1.0097197842321857,-25.695180975685506
113.26319137781417,2.171578694063058,8.205298653920662,9.792018227829976,1.0145757310882426,-24.24515150151057
82.1224095373065,2.3029896126937217,8.205298653920662,9.792018227829976,1.0128737686418543,-24.650729005081825
113.1562628031436,2.173999927068237,8.205298653920662,9.792018227829976,1.0145250499146448,-24.23755049166804
78.10111531769414,2.1142603874113064,8.205298653920662,9.792018227829976,1.0075518623878774,-26.523407892368514
109.85549034678668,2.1561931633188323,8.205298653920662,9.792018227829976,1.0123117611655044,-24.998872114525028
73.80940708797122,2.196210755266023,8.205298653920662,9.792018227829976,1.011428648061346,-25.059924365946884
113.98127862039776,2.1471582982738084,8.205298653920662,9.792018227829976,1.0139893235549458,-24.386728350529026
65.95565462071488,1.9675754760917528,8.205298653920662,9.792018227829976,1.0069659408269294,-26.598487718271087
66.75889822670511,2.062081230331117,8.205298653920662,9.792018227829976,1.0099067206842889,-25.5362091418916
67.32932269291184,1.986471927141622,8.205298653920662,9.792018227829976,1.0068993452804444,-26.619777693436582
64.49909880526374,1.9477353451448352,8.205298653920662,9.792018227829976,1.0070239197049315,-26.555918494009305
70.88535547216928,2.145567183391321,8.205298653920662,9.792018227829976,1.0107858041189832,-25.237823315242633
80.37168286149577,2.284940747115044,8.205298653920662,9.792018227829976,1.0123705146134592,-24.7287192388676
86.0189050650053,2.174924110670716,8.205298653920662,9.792018227829976,1.0081282431983571,-26.286551428752784
113.90037724134297,2.150625160517833,8.205298653920662,9.792018227829976,1.0139081053550278,-24.362703291523584
113.75472419604787,2.156575352885497,8.205298653920662,9.792018227829976,1.0140159931565993,-24.322807150453592
104.37465165682806,2.3049068817158087,8.205298653920662,9.792018227829976,1.0145242430881218,-24.086438744754833
87.27606832330004,2.340933441902834,8.205298653920662,9.792018227829976,1.0131960404061164,-24.45476080412296
109.24574318524792,2.1603077371079,8.205298653920662,9.792018227829976,1.0119036708361857,-25.045755144297857
111.7227988960812,2.1449352534867785,8.205298653920662,9.792018227829976,1.012538727351436,-24.820970941464775
106.85018640233116,2.174395543280781,8.205298653920662,9.792018227829976,1.011313123898179,-25.22494374730797
97.30065324706982,2.2038928758290126,8.205298653920662,9.792018227829976,1.0095377168839377,-25.793131614249866
97.48298190324444,2.350363144156418,8.205298653920662,9.792018227829976,1.0140255918544916,-24.17658763156621
84.52207987709998,2.1660521118190985,8.205298653920662,9.792018227829976,1.0077662912227352,-26.337178409829612
100.18286425019949,2.200112135182522,8.205298653920662,9.792018227829976,1.0099287222986777,-25.638305715996584
108.26293744552828,2.1665297320565173,8.205298653920662,9.792018227829976,1.0114363250318534,-25.119741613619716
112.83607306007504,2.180143871113671,8.205298653920662,9.792018227829976,1.0139685628244,-24.226668564009746
109.3028725962402,2.1602526002198204,8.205298653920662,9.792018227829976,1.0116444461543284,-25.037662530409644
75.5063424634638,2.2221114412281797,8.205298653920662,9.792018227829976,1.0112344461109382,-24.970066371786455
113.1955365176848,2.1389656708526843,8.205298653920662,9.792018227829976,1.012755426238803,-24.627122114383738
110.58857251683834,2.152451164937119,8.205298653920662,9.792018227829976,1.011786116831724,-24.924560206290852
101.41195213494552,2.329437444610207,8.205298653920662,9.792018227829976,1.0138763440799279,-24.11677244025348
113.27548812526538,2.1688288749672324,8.205298653920662,9.792018227829976,1.0135864604196871,-24.27363638365023
77.18585984977891,2.245678508020191,8.205298653920662,9.792018227829976,1.0112620210921393,-24.88473513829357
62.00647936727777,1.9253069243628855,8.205298653920662,9.792018227829976,1.0070307260544502,-26.28242482835161
94.14324183054768,2.2031919153797475,8.205298653920662,9.792018227829976,1.008518580180844,-25.944233101906253
62.11012933091207,1.9379986510169545,8.205298653920662,9.792018227829976,1.0074048756368477,-26.135434754406322
89.85208780657662,2.351266113672949,8.205298653920662,9.792018227829976,1.0127291689050868,-24.374813629453318
91.10639749246717,2.354462917230748,8.205298653920662,9.792018227829976,1.0128071027044097,-24.337279873495984
76.03902325423844,2.0942066429555557,8.205298653920662,9.792018227829976,1.00629468415483,-26.55691138812514
101.94964944519866,2.1960184227831547,8.205298653920662,9.792018227829976,1.0095866655369254,-25.53161756145147
102.05296353923843,2.1957199527408164,8.205298653920662,9.792018227829976,1.0095796272820636,-25.525300236145988
109.76149060552083,2.1580771826362763,8.205298653920662,9.792018227829976,1.0111752165995935,-24.99182222757015
112.45558926840846,2.142516769726029,8.205298653920662,9.792018227829976,1.0119734741343511,-24.72032914764094
84.36511063290708,2.165523349208783,8.205298653920662,9.792018227829976,1.006977145726365,-26.336586045796093
70.28991877002031,2.026695138071389,8.205298653920662,9.792018227829976,1.0059238708653666,-26.619760611553108
92.7006955313252,2.20109677007774,8.205298653920662,9.792018227829976,1.0079640639149605,-26.008043737661836
99.38411128425582,2.2021948044147592,8.205298653920662,9.792018227829976,1.008987074633949,-25.675718834100657
95.04830275548166,2.355676324847352,8.205298653920662,9.792018227829976,1.0129373730445947,-24.23491019610475
76.07611126281685,2.0947582450941558,8.205298653920662,9.792018227829976,1.0060624169733776,-26.55418835631904
107.51162828177812,2.1716750773330915,8.205298653920662,9.792018227829976,1.0104544667638713,-25.166538069889736
93.83132772684316,2.3566152701699394,8.205298653920662,9.792018227829976,1.0127179220871083,-24.26524636442303
94.10821090691574,2.356467486137703,8.205298653920662,9.792018227829976,1.0126956768054127,-24.258630508300854
85.76247361131269,2.3312498199330207,8.205298653920662,9.792018227829976,1.0118160792505606,-24.516857046976995
63.733563073130576,1.9875047277291744,8.205298653920662,9.792018227829976,1.0076437772252742,-25.856570673877375
104.0618744147762,2.188713508819319,8.205298653920662,9.792018227829976,1.0096262824282407,-25.399563812932563
113.51573538288396,2.1425293445886666,8.205298653920662,9.792018227829976,1.0122075860498416,-24.52691794662963
79.61503121829423,2.129247488897576,8.205298653920662,9.792018227829976,1.0061427192604282,-26.47422619656212
71.52580252591879,2.15616787432532,8.205298653920662,9.792018227829976,1.0095033377857239,-25.209518342182438
91.38835252746482,2.198182922205092,8.205298653920662,9.792018227829976,1.0074824122932609,-26.06380614521225
65.4888383381088,1.962780323524285,8.205298653920662,9.792018227829976,1.0056062629418343,-26.565636521755707
109.42143971070088,2.240870992223748,8.205298653920662,9.792018227829976,1.0131514287317716,-24.119786754624236
96.88917280865977,2.204892997317458,8.205298653920662,9.792018227829976,1.0082415252917194,-25.80449372355263
72.62185243391947,2.056002721120848,8.205298653920662,9.792018227829976,1.005593524595002,-26.601234745385835
62.19397572007945,1.9280811121020776,8.205298653920662,9.792018227829976,1.0062654058786134,-26.29013512714082
108.09119939766656,2.168728290859008,8.205298653920662,9.792018227829976,1.0102189903204313,-25.118997570344092
113.63784849268926,2.1491931450657944,8.205298653920662,9.792018227829976,1.0122302628307418,-24.42817383773926
93.12417727003508,2.20222892904188,8.205298653920662,9.792018227829976,1.0075070465072655,-25.98490673043614
88.65333026529281,2.18884027847443,8.205298653920662,9.792018227829976,1.0068893969286892,-26.17545460202454
63.64223085100691,1.9391561796328036,8.205298653920662,9.792018227829976,1.0055725701301623,-26.480110235192974
75.11399505087763,2.2153348405538225,8.205298653920662,9.792018227829976,1.0098485364665053,-25.001487776595862
86.5478874433195,2.1788359059270306,8.205298653920662,9.792018227829976,1.006559257654343,-26.255121527172157
66.10969243866734,2.045580034379213,8.205298653920662,9.792018227829976,1.0078949125287047,-25.61520396788941
103.1942896408786,2.314451475171765,8.205298653920662,9.792018227829976,1.0127006311847213,-24.108709973789516
94.93026738463786,2.3553439130413807,8.205298653920662,9.792018227829976,1.0121837057979295,-24.242688164801315
113.501678478101,2.156348952600609,8.205298653920662,9.792018227829976,1.0121126507964222,-24.372404263843695
64.98747222212802,2.0188581544888398,8.205298653920662,9.792018227829976,1.0075014547841068,-25.723977163521983
112.83279076783958,2.143543070371948,8.205298653920662,9.792018227829976,1.0111881349650804,-24.64073308376217
113.51919366757951,2.152994341058601,8.205298653920662,9.792018227829976,1.0118159843057648,-24.407115287367596
70.24971677345948,2.027008431651751,8.205298653920662,9.792018227829976,1.0049167811040038,-26.608951090120247
80.88592554852194,2.289111505107954,8.205298653920662,9.792018227829976,1.0103483869860808,-24.72027637626733
63.51571628859198,1.9801647211770048,8.205298653920662,9.792018227829976,1.0067287957074238,-25.90349292069826
76.88949267047148,2.2406348158448424,8.205298653920662,9.792018227829976,1.0096985656404736,-24.91104538719153
64.9917487998636,1.9570613946558664,8.205298653920662,9.792018227829976,1.0049097704412173,-26.53683821878277
64.15687281609388,1.9463193409127089,8.205298653920662,9.792018227829976,1.004982048956503,-26.49904280487676
101.99723639293408,2.1968101179197674,8.205298653920662,9.792018227829976,1.0083543396814345,-25.517925853506792
77.59960552910805,2.1109638131662933,8.205298653920662,9.792018227829976,1.0051390753569707,-26.514796950961635
112.24895100742458,2.145928356641903,8.205298653920662,9.792018227829976,1.0106765395594288,-24.71767606191242
72.34901774340598,2.1700074283300808,8.205298653920662,9.792018227829976,1.008728606788596,-25.166466965178184
113.40858740879624,2.147344297748873,8.205298653920662,9.792018227829976,1.011306048773616,-24.491818492318306
113.05430983897192,2.1694399811223946,8.205298653920662,9.792018227829976,1.011763006273233,-24.30691727418612
93.91401804679886,2.2040159365080285,8.205298653920662,9.792018227829976,1.0067668179657863,-25.94184655259202
64.85928344002131,1.955744356586408,8.205298653920662,9.792018227829976,1.0046137378750633,-26.525991834348353
83.07123844402432,2.15763266953158,8.205298653920662,9.792018227829976,1.0053830863210316,-26.367226155698894
109.95482289696297,2.1586929801490555,8.205298653920662,9.792018227829976,1.0097604081312617,-24.954266302546966
73.27497740475746,2.0645150399691232,8.205298653920662,9.792018227829976,1.004588787104079,-26.584386788169237
113.03886676192312,2.1451311108705085,8.205298653920662,9.792018227829976,1.010824035695192,-24.585054092323027
102.79769041736844,2.19445505568504,8.205298653920662,9.792018227829976,1.0081839238649113,-25.46696791637172
69.3670531770286,2.0159879761835957,8.205298653920662,9.792018227829976,1.0044262909626558,-26.603197070187402
63.78633684643825,1.942451603992339,8.205298653920662,9.792018227829976,1.0046786222019815,-26.468063276188204
66.52503029780804,1.978127770586937,8.205298653920662,9.792018227829976,1.0043898942276928,-26.57264621571463
63.911762969669205,1.990097778493947,8.205298653920662,9.792018227829976,1.0063009577054889,-25.862403722119165
112.34555074510952,2.146414864757716,8.205298653920662,9.792018227829976,1.0103377527932813,-24.694996675185774
101.12923259677162,2.1996116086744597,8.205298653920662,9.792018227829976,1.007722360571501,-25.564560752212472
82.38939535614274,2.303604683546041,8.205298653920662,9.792018227829976,1.0099194435769097,-24.659772187354562
103.89995175217508,2.190480115877392,8.205298653920662,9.792018227829976,1.0082314320734382,-25.396952788631538
112.80512776025378,2.14560913789714,8.205298653920662,9.792018227829976,1.0104993521083545,-24.622018183650457
69.83717005879183,2.02227435200939,8.205298653920662,9.792018227829976,1.004227187500169,-26.601574324739055
75.8865209762457,2.0938659984155805,8.205298653920662,9.792018227829976,1.0044466561591634,-26.54356021719909
64.3908958995642,1.9502074516656047,8.205298653920662,9.792018227829976,1.0043503576242943,-26.498330239166442
62.43273796932122,1.9380134226321388,8.205298653920662,9.792018227829976,1.0050912549229,-26.212703035021672
69.34960682808358,2.016013861123213,8.205298653920662,9.792018227829976,1.0041384044951147,-26.59980431833115
107.18096175963764,2.175136437578118,8.205298653920662,9.792018227829976,1.0086986668716473,-25.1718443213725
62.97988434199264,1.962167770176933,8.205298653920662,9.792018227829976,1.0055402400157643,-26.01803834945832
101.54735197320656,2.1986671873291783,8.205298653920662,9.792018227829976,1.0075580948569536,-25.538139735117547
64.93839740561843,2.0161718704157607,8.205298653920662,9.792018227829976,1.0063177337221325,-25.747933633503017
100.81672102215695,2.200581118623859,8.205298653920662,9.792018227829976,1.007412639607184,-25.580341567708224
92.24524128033175,2.201321365165853,8.205298653920662,9.792018227829976,1.0060390234283065,-26.014321030014916
76.41923186969937,2.0996172194533926,8.205298653920662,9.792018227829976,1.0042348569302364,-26.531621408922565
62.76400323434176,1.95423619194257,8.205298653920662,9.792018227829976,1.005259448080919,-26.073214343760107
62.69061938020335,1.9344180227300145,8.205298653920662,9.792018227829976,1.0045570144299287,-26.322845613767026
112.1995367259202,2.147734923329793,8.205298653920662,9.792018227829976,1.009919075127099,-24.70559879206108
113.2891618357318,2.152494894443393,8.205298653920662,9.792018227829976,1.0106157514468237,-24.455235168764602
91.6591175020971,2.353940095562322,8.205298653920662,9.792018227829976,1.0104855616587909,-24.337014499652188
113.1846207109986,2.149753172067051,8.205298653920662,9.792018227829976,1.0103429016817804,-24.5056003006313
105.64473924272244,2.288916349232295,8.205298653920662,9.792018227829976,1.0113339265720758,-24.110876812346152
64.58297472524886,1.9532350987071825,8.205298653920662,9.792018227829976,1.0039344834322743,-26.499636278170485
75.18358165315298,2.0866453312022344,8.205298653920662,9.792018227829976,1.0039331743178563,-26.551205852030414
71.76537410808011,2.0470357888976025,8.205298653920662,9.792018227829976,1.0037167961552562,-26.589737002850438
73.18450116478584,2.1834277413747145,8.205298653920662,9.792018227829976,1.0078116860647937,-25.125247387587297
89.35522031849511,2.347913681548235,8.205298653920662,9.792018227829976,1.0099846892615376,-24.408133014212407
109.85683348874808,2.2315252960055574,8.205298653920662,9.792018227829976,1.0110000538662398,-24.155157710022547
66.25343557504901,2.046895345883684,8.205298653920662,9.792018227829976,1.0060892827437538,-25.62711657750633
77.38890856673103,2.1097643798565717,8.205298653920662,9.792018227829976,1.0038311530360664,-26.508234260884695
111.79849571393166,2.1502581696760927,8.205298653920662,9.792018227829976,1.0093097629367629,-24.746501830010487
105.92397394035407,2.2854070356082588,8.205298653920662,9.792018227829976,1.0109488300268625,-24.114635812326867
78.83097969085073,2.1236392885447657,8.205298653920662,9.792018227829976,1.003827297690879,-26.47505718202272
74.49297884040733,2.2043390015718387,8.205298653920662,9.792018227829976,1.0077038172635486,-25.052273539760105
66.1829061547429,1.9747147694176304,8.205298653920662,9.792018227829976,1.0033777338005279,-26.54905222565078
77.29103833000407,2.2449834249500924,8.205298653920662,9.792018227829976,1.0081440003437603,-24.902787541327566
66.40564355940491,1.9777296543740877,8.205298653920662,9.792018227829976,1.003328537911123,-26.553884177196164
100.98240906056115,2.330033475089792,8.205298653920662,9.792018227829976,1.0106494349756499,-24.146414793827372
74.4247906771242,2.078579499318238,8.205298653920662,9.792018227829976,1.003445625235004,-26.558483703802477
72.8401994460724,2.060323958497648,8.205298653920662,9.792018227829976,1.0033397183919424,-26.576933273879362
82.71303985550206,2.155879444351953,8.205298653920662,9.792018227829976,1.0040454440808826,-26.36809485461633
109.05324857908438,2.1655715483949223,8.205298653920662,9.792018227829976,1.008235575589673,-25.01407123471604
76.53758146540171,2.101378654738639,8.205298653920662,9.792018227829976,1.003467543372428,-26.522563035965774
110.85601911890006,2.155381849642552,8.205298653920662,9.792018227829976,1.0087032902539472,-24.84677033892516
73.81253092122597,2.071757270748847,8.205298653920662,9.792018227829976,1.003253749651686,-26.565014656540693
109.856890633276,2.161011029064724,8.205298653920662,9.792018227829976,1.0083861865619683,-24.942944580207964
112.3149086540074,2.183988774048018,8.205298653920662,9.792018227829976,1.01027141208995,-24.275670092280595
102.98850304735453,2.1948996515740617,8.205298653920662,9.792018227829976,1.0068253097496176,-25.442409208583218
99.45980980233315,2.3390045915690223,8.205298653920662,9.792018227829976,1.01032098000782,-24.169393647942208
110.17426985999194,2.159323498114276,8.205298653920662,9.792018227829976,1.0083842965145229,-24.912108660071436
98.4454220640852,2.3438705435212484,8.205298653920662,9.792018227829976,1.0101707308037429,-24.18661168291105
77.24665132966106,2.2441367509364483,8.205298653920662,9.792018227829976,1.0077706433133784,-24.907818159531583
105.89133672945998,2.2853233377237387,8.205298653920662,9.792018227829976,1.0104355732989379,-24.119433866115696
92.92304118898431,2.203451710022307,8.205298653920662,9.792018227829976,1.0050317330341618,-25.97530989102537
77.82931723685788,2.114465317524875,8.205298653920662,9.792018227829976,1.0033014583721827,-26.494030641255975
77.88536059045913,2.115026963665983,8.205298653920662,9.792018227829976,1.0032777812285698,-26.492573302606516
63.86136826939555,1.985884134003868,8.205298653920662,9.792018227829976,1.0046332190477731,-25.9060847900456
111.07760601831497,2.209260815237116,8.205298653920662,9.792018227829976,1.0101938420149448,-24.205203609636072
72.28379327482408,2.167389002115229,8.205298653920662,9.792018227829976,1.0067664264995817,-25.187712674970342
78.84629064172596,2.124151923652917,8.205298653920662,9.792018227829976,1.0032768037193411,-26.470066312898428
66.93194201836779,2.061477927691058,8.205298653920662,9.792018227829976,1.0055046850794886,-25.576693283332318
88.54816189808871,2.344262394556793,8.205298653920662,9.792018227829976,1.0090630684215585,-24.439828175178917
106.9497500315134,2.272347059486165,8.205298653920662,9.792018227829976,1.0102062147555917,-24.12539368636969
63.49539436904335,1.9429698134788824,8.205298653920662,9.792018227829976,1.00311011477658,-26.394509521280508
90.66818736565163,2.197932975680615,8.205298653920662,9.792018227829976,1.0044872100843671,-26.072650062801284
67.60854485018969,2.0762216262302218,8.205298653920662,9.792018227829976,1.0055463412669394,-25.521089019495342
107.86533677556476,2.172899561828544,8.205298653920662,9.792018227829976,1.007392405070607,-25.10289122267439
84.8941761115766,2.323221169828244,8.205298653920662,9.792018227829976,1.0084889252722617,-24.57108818634226
108.2462587607647,2.170796220269665,8.205298653920662,9.792018227829976,1.0074768977627742,-25.072802032663407
69.5390735786863,2.116110612532907,8.205298653920662,9.792018227829976,1.0059397506144132,-25.37355098524823
99.80627164950536,2.2038173098268743,8.205298653920662,9.792018227829976,1.0057689153942284,-25.624887086471873
96.26750379204208,2.35102440970887,8.205298653920662,9.792018227829976,1.0095610312222083,-24.231696469214132
65.77339889590054,2.034438719405884,8.205298653920662,9.792018227829976,1.0049155324802592,-25.688020728679398
88.95565174970989,2.3457271448453696,8.205298653920662,9.792018227829976,1.008832066932233,-24.428360509967398
112.55773217009404,2.1756995162186854,8.205298653920662,9.792018227829976,1.0094438353646908,-24.32550815758082
68.78262747659653,2.01026370017793,8.205298653920662,9.792018227829976,1.0023237358487571,-26.575067813015835
112.8770362990081,2.156030345186593,8.205298653920662,9.792018227829976,1.0087990855005966,-24.490113407823447
63.55178284335591,1.975330335852263,8.205298653920662,9.792018227829976,1.003786333914484,-25.975002302782148
68.77090734030344,2.010214218780348,8.205298653920662,9.792018227829976,1.0022149428985676,-26.573610675632008
112.33981827047609,2.1519272021380544,8.205298653920662,9.792018227829976,1.0083234931095615,-24.632780955639916
63.160529790865056,1.9618606777311955,8.205298653920662,9.792018227829976,1.0034297046690654,-26.06381978797749
101.44910064405744,2.200422249399395,8.205298653920662,9.792018227829976,1.0056019309652215,-25.52668329216719
83.21570789601533,2.3094591360202656,8.205298653920662,9.792018227829976,1.0076171682200397,-24.642133203780393
63.47565165009153,1.9453188875308316,8.205298653920662,9.792018227829976,1.0022629791126156,-26.358117446874317
108.62512751278476,2.248448171418275,8.205298653920662,9.792018227829976,1.0091989501713503,-24.154013824134964
109.36980570728969,2.165637544480248,8.205298653920662,9.792018227829976,1.0068208632375035,-24.965198817075947
90.38105487974946,2.3497770248602308,8.205298653920662,9.792018227829976,1.008080931853179,-24.38979351133153
106.71939835035272,2.1799977224680305,8.205298653920662,9.792018227829976,1.0061283924948918,-25.177480880667456
100.1805045070021,2.203823488041266,8.205298653920662,9.792018227829976,1.0048510536479487,-25.59534004604029
72.66007877458048,2.059501482585418,8.205298653920662,9.792018227829976,1.0016476773015701,-26.561601959371163
67.98809111954901,2.000587246179535,8.205298653920662,9.792018227829976,1.0015732500650787,-26.557229507121747
103.31183970551535,2.310395897693496,8.205298653920662,9.792018227829976,1.0089148126420449,-24.139339209386087
112.64025279829625,2.16848642363604,8.205298653920662,9.792018227829976,1.0083290814950383,-24.391756862447327
99.1625014499091,2.3393823671274987,8.205298653920662,9.792018227829976,1.00869008041141,-24.186060898308362
82.28537516003348,2.153830145385456,8.205298653920662,9.792018227829976,1.0022812409795696,-26.367245339087173
111.12008670349182,2.1569016607162723,8.205298653920662,9.792018227829976,1.007151724107329,-24.785409735867542
80.36628895828946,2.281154989475908,8.205298653920662,9.792018227829976,1.0066516662938145,-24.769341070001598
106.29329737418078,2.2791433473439757,8.205298653920662,9.792018227829976,1.0088499776942628,-24.13590144422564
75.83403545282187,2.2231348456826936,8.205298653920662,9.792018227829976,1.0058491814694066,-24.99506873885023
98.5071531816244,2.342384936716911,8.205298653920662,9.792018227829976,1.0084732081750292,-24.19805730318127
68.55498681649831,2.008248094809588,8.205298653920662,9.792018227829976,1.0013369270827175,-26.560487827679516
72.55348784720896,2.0584240740032698,8.205298653920662,9.792018227829976,1.0014046216061239,-26.560016052464817
111.94510367489,2.1546383519444845,8.205298653920662,9.792018227829976,1.0073202661175567,-24.670864021334317
71.86769200154515,2.0501949731424247,8.205298653920662,9.792018227829976,1.0013538520276268,-26.56435898074111
71.02164735982731,2.143365422046287,8.205298653920662,9.792018227829976,1.004878187043344,-25.284492413385852
110.82821621885384,2.1586113443813844,8.205298653920662,9.792018227829976,1.006837296640047,-24.814198387651622
73.70632463344924,2.1901091356912588,8.205298653920662,9.792018227829976,1.0053190772362255,-25.116539097765298
64.39387067968453,1.997427435240397,8.205298653920662,9.792018227829976,1.0030309305937208,-25.872787796675773
106.13590664836764,2.183293014291465,8.205298653920662,9.792018227829976,1.0055908491480483,-25.215096619943726
63.19521071438794,1.958302730839847,8.205298653920662,9.792018227829976,1.0022949324164945,-26.119147968290374
112.45326451807983,2.1563783301746184,8.205298653920662,9.792018227829976,1.007449258791404,-24.561908920701157
81.10037935339537,2.2887512669912127,8.205298653920662,9.792018227829976,1.0064081648358771,-24.738837868434324
106.49195205113897,2.2764096127471305,8.205298653920662,9.792018227829976,1.0085079048783572,-24.140236218023983
112.5780588249963,2.167780518824742,8.205298653920662,9.792018227829976,1.0078191254907953,-24.41072823424016
80.76182182553897,2.285160628202817,8.205298653920662,9.792018227829976,1.0063089477797305,-24.75433034814052
87.61353437240871,2.338812770113464,8.205298653920662,9.792018227829976,1.0071709938311695,-24.483356804899547
80.62615243729036,2.283668825824236,8.205298653920662,9.792018227829976,1.006229019572285,-24.76088315719394
78.79076103493078,2.124868233123109,8.205298653920662,9.792018227829976,1.0014704132544134,-26.456078300965956
89.64569487770942,2.347167225869839,8.205298653920662,9.792018227829976,1.0073370273105875,-24.41697031125146
91.96062797601262,2.202660747443801,8.205298653920662,9.792018227829976,1.0029364346243597,-26.003252801534675
69.64973142665626,2.1167795952556503,8.205298653920662,9.792018227829976,1.0042388209288162,-25.383766687547674
96.29124601415532,2.3498227817538435,8.205298653920662,9.792018227829976,1.0079047644173782,-24.242975436825052
110.84369845836292,2.1590742565785064,8.205298653920662,9.792018227829976,1.0065435190200218,-24.806329461584575
69.64477363502547,2.1165314940648585,8.205298653920662,9.792018227829976,1.0040698216789363,-25.385925961084958
110.8373878832849,2.1593625859823504,8.205298653920662,9.792018227829976,1.0063982816692554,-24.804058711119346
108.25922405825146,2.172781712075846,8.205298653920662,9.792018227829976,1.0056745552415116,-25.04803201826789
78.70885129042375,2.261369014162028,8.205298653920662,9.792018227829976,1.0056589185040932,-24.852823561970048
105.6774397018988,2.185951234210449,8.205298653920662,9.792018227829976,1.0049855675834845,-25.241944403451374
112.50926110619376,2.160882144049296,8.205298653920662,9.792018227829976,1.0071529570885767,-24.50082872743288
64.13406301824898,1.9888746414899143,8.205298653920662,9.792018227829976,1.0022755965017367,-25.92726957905863
103.86099363774294,2.304510075181284,8.205298653920662,9.792018227829976,1.0079529343746683,-24.144965559098353
76.39931038392574,2.10177478851044,8.205298653920662,9.792018227829976,1.0008942460844912,-26.502169888425577
77.71243841353574,2.2486103598854754,8.205298653920662,9.792018227829976,1.005363682486486,-24.903207299062924
112.3061689614613,2.157885057952072,8.205298653920662,9.792018227829976,1.0068602066891443,-24.570726910880065
109.96959031842412,2.2254994565081034,8.205298653920662,9.792018227829976,1.0078191577238123,-24.203267081033978
99.25124316000064,2.338170462636697,8.205298653920662,9.792018227829976,1.0076597175101722,-24.19251565986151
106.1506407610647,2.1838778920980104,8.205298653920662,9.792018227829976,1.0049235604459452,-25.20647055217389
69.55619147970428,2.022029466867423,8.205298653920662,9.792018227829976,1.0004725619326458,-26.55656742826845
103.33166213827484,2.309242659751547,8.205298653920662,9.792018227829976,1.0077321285497693,-24.149409441756884
65.68586277533431,2.029451597579339,8.205298653920662,9.792018227829976,1.0026332484040164,-25.73338612821292
111.44655568061964,2.15787643440963,8.205298653920662,9.792018227829976,1.0062526176246307,-24.719289955095647
101.65744824210454,2.2012287677166,8.205298653920662,9.792018227829976,1.0038897021940618,-25.498373874469014
85.13313888340298,2.173944343501219,8.205298653920662,9.792018227829976,1.001444273612186,-26.26695658681999
63.71512587217257,1.9512620107277316,8.205298653920662,9.792018227829976,1.0008663512049365,-26.332455689515854
108.47930152946542,2.2488153547856484,8.205298653920662,9.792018227829976,1.0076383455772635,-24.17070918055461
108.70065336607983,2.17099107431288,8.205298653920662,9.792018227829976,1.0053064604369253,-25.004216234414205
94.9217904183929,2.351950925186742,8.205298653920662,9.792018227829976,1.0071116597832865,-24.277951212561494
112.43921378134318,2.1639135791626387,8.205298653920662,9.792018227829976,1.0068011032244397,-24.478898916653154
65.16927005234055,2.0162661337450203,8.205298653920662,9.792018227829976,1.0022846178410167,-25.795034710156663
82.27735947101357,2.1545993046175766,8.205298653920662,9.792018227829976,1.001030244373663,-26.3573372865302
106.2444111689139,2.1837359859521968,8.205298653920662,9.792018227829976,1.0046328894957761,-25.196126659013224
63.71551135000146,1.9745964131053315,8.205298653920662,9.792018227829976,1.0015759115230363,-26.021484602615597
111.66716424102847,2.1579877975569985,8.205298653920662,9.792018227829976,1.0061328080987872,-24.680444694429145
66.80531170373938,2.0555916242219325,8.205298653920662,9.792018227829976,1.0027106434712054,-25.62569673938447
109.3459490855231,2.235209041113833,8.205298653920662,9.792018227829976,1.0073851755117655,-24.192064846242673
104.27019342095814,2.1925815722021014,8.205298653920662,9.792018227829976,1.004106474327709,-25.33151883560665
109.56862056235504,2.1666819883641466,8.205298653920662,9.792018227829976,1.005327439842211,-24.922579207043526
63.39714591912188,1.9537174586775308,8.205298653920662,9.792018227829976,1.0008586276613782,-26.226880902851164
100.22559729644637,2.332317372525992,8.205298653920662,9.792018227829976,1.0072095767447478,-24.182511280080625
65.33466424860973,1.968271325215511,8.205298653920662,9.792018227829976,1.0002045625490539,-26.458954904391543
112.22797207354874,2.1602804035196077,8.205298653920662,9.792018227829976,1.0062944667503027,-24.55721486330647
70.12438627390861,2.125140681454681,8.205298653920662,9.792018227829976,1.0032869916575329,-25.36076504677021
81.5489374350095,2.149203435682111,8.205298653920662,9.792018227829976,1.0006388521840646,-26.375790805300873
89.72736630750154,2.346668686504927,8.205298653920662,9.792018227829976,1.0061857230415514,-24.422345149422135
76.40213898671328,2.230196367163373,8.205298653920662,9.792018227829976,1.0043882121829462,-24.977097084547914
76.86745115972639,2.107087444959731,8.205298653920662,9.792018227829976,1.0001829711643004,-26.486753215599066
104.5085775801703,2.19182760010132,8.205298653920662,9.792018227829976,1.0039172512812786,-25.313193750994344
88.47151257150021,2.191620004101537,8.205298653920662,9.792018227829976,1.0013424824481614,-26.14018950831326
87.29818464605083,2.336379428145676,8.205298653920662,9.792018227829976,1.0058821725629072,-24.502849088168237
112.30256309935493,2.1705966133225587,8.205298653920662,9.792018227829976,1.006503392009153,-24.427533476728946
66.33401587093438,2.0442220473763086,8.205298653920662,9.792018227829976,1.0022103099303092,-25.67646729544617
94.1772351867868,2.3522860788940108,8.205298653920662,9.792018227829976,1.006480194995092,-24.299607781207065
110.6090496613352,2.212693788553608,8.205298653920662,9.792018227829976,1.0068915674517203,-24.24303315318001
81.44783485103359,2.1485316998846287,8.205298653920662,9.792018227829976,1.000440016328182,-26.37707494836993
63.46442165020281,1.960519600021556,8.205298653920662,9.792018227829976,1.0007053242250457,-26.151271959590435
105.28310364096968,2.18876393722654,8.205298653920662,9.792018227829976,1.0038210582624574,-25.257621131504074
107.13348166981652,2.2666861060748147,8.205298653920662,9.792018227829976,1.0069019580909582,-24.16185292228839
88.45223883219019,2.3416970030949926,8.205298653920662,9.792018227829976,1.0057360524881314,-24.465515281078716
72.9683537903831,2.176473034103651,8.205298653920662,9.792018227829976,1.00343374073881,-25.17657795080733
77.00475899110864,2.108706778065411,8.205298653920662,9.792018227829976,0.999862712029408,-26.481144180295377
67.3096372416241,2.0661648227952583,8.205298653920662,9.792018227829976,1.0021278336413566,-25.589786179067914
74.63284334206627,2.203546798724446,8.205298653920662,9.792018227829976,1.0036768428072076,-25.078174970266566
84.86077292917236,2.1728545747795067,8.205298653920662,9.792018227829976,1.0005317524580495,-26.269189975461575
64.16206010510307,1.9868652830317048,8.205298653920662,9.792018227829976,1.0010063745710522,-25.959625450028867
69.23292630873748,2.106918077670258,8.205298653920662,9.792018227829976,1.0024907628664594,-25.433036863237955
64.94559464913307,1.9648587313475616,8.205298653920662,9.792018227829976,0.9996190375163296,-26.42162977919629
63.9004388133643,1.9779767103823789,8.205298653920662,9.792018227829976,1.0007078699228427,-26.01830668023705
91.78084431264996,2.2033157394115364,8.205298653920662,9.792018227829976,1.0012638024054994,-25.99819083969632
111.6755494489317,2.1889340231073646,8.205298653920662,9.792018227829976,1.0062415390303787,-24.330274208578867
99.94651878401912,2.333381553646774,8.205298653920662,9.792018227829976,1.0064071407506823,-24.192439934199168
112.20755904370344,2.1670230027983166,8.205298653920662,9.792018227829976,1.0057778651245999,-24.484405164806734
73.54268136623017,2.185873030775824,8.205298653920662,9.792018227829976,1.003264298532923,-25.144078302275982
67.82300457107968,2.0008531373044747,8.205298653920662,9.792018227829976,0.9993257478890839,-26.522661344387547
111.73328156796236,2.1607027032193145,8.205298653920662,9.792018227829976,1.0053154614546784,-24.638131574542655
87.11496141216594,2.1856739934444818,8.205298653920662,9.792018227829976,1.000574969541795,-26.187363814295228
89.48911642056291,2.3454070609318904,8.205298653920662,9.792018227829976,1.0054413651861855,-24.434780159123942
75.58633696332653,2.09430536826828,8.205298653920662,9.792018227829976,0.9994137638815388,-26.502671323471624
88.12660705208923,2.339930637216966,8.205298653920662,9.792018227829976,1.0052025821280464,-24.479818246960644
88.08801749907195,2.339752966313256,8.205298653920662,9.792018227829976,1.0051962162809265,-24.4811312307201
66.61633926558247,2.049787846447998,8.205298653920662,9.792018227829976,1.00144032151585,-25.661764771033425
64.715974114981,1.9630269046305104,8.205298653920662,9.792018227829976,0.9993512251121649,-26.396518465437765
99.45052284450148,2.207106134982993,8.205298653920662,9.792018227829976,1.002132923129386,-25.613687837843372
70.97827813146694,2.0412700765806875,8.205298653920662,9.792018227829976,0.9990155975230088,-26.541616978111634
108.07189355572952,2.253107407758918,8.205298653920662,9.792018227829976,1.0062330297217306,-24.18140654254967
105.15061188427268,2.2897732308040304,8.205298653920662,9.792018227829976,1.006205928261871,-24.15917179900572
101.33932807292209,2.3240383171493733,8.205298653920662,9.792018227829976,1.006071966244821,-24.178934151391942
99.24859618518386,2.207503221357868,8.205298653920662,9.792018227829976,1.0019846216342039,-25.623946830448478
82.5256952729447,2.3011498567835247,8.205298653920662,9.792018227829976,1.0042722099848997,-24.693841461721092
76.11053592311684,2.1000874585575104,8.205298653920662,9.792018227829976,0.9990921684259811,-26.490774671065065
74.14138111436294,2.1952248655033486,8.205298653920662,9.792018227829976,1.0028696659417227,-25.112929414223867
86.97585314255963,2.33392355251128,8.205298653920662,9.792018227829976,1.0047545398431175,-24.521717947571798
91.29034680386998,2.20236402930054,8.205298653920662,9.792018227829976,1.0006623799985044,-26.01538967246062
63.73347033290981,1.9588538629936492,8.205298653920662,9.792018227829976,0.9995062600485111,-26.23458613181309
109.4063092724334,2.232288976647382,8.205298653920662,9.792018227829976,1.0059324425211114,-24.214721374656406
86.21017254399048,2.329387771523187,8.205298653920662,9.792018227829976,1.0045711113163776,-24.54990068691842
65.15520863822282,1.96837876216307,8.205298653920662,9.792018227829976,0.9989647119284045,-26.419327599619166
108.72963356557476,2.1729150136033297,8.205298653920662,9.792018227829976,1.0037087937469165,-24.97780725326404
79.60380261835351,2.2705762408606347,8.205298653920662,9.792018227829976,1.0036286485641808,-24.82626776893132
96.8756081557384,2.209695289883925,8.205298653920662,9.792018227829976,1.0013601755811623,-25.74917677300706
63.988446688195225,1.978494976443656,8.205298653920662,9.792018227829976,0.9999649350452183,-26.031036269290336
103.23937655740744,2.3084982816371564,8.205298653920662,9.792018227829976,1.0058563127565845,-24.166381457948802
84.25234953604388,2.315662621080208,8.205298653920662,9.792018227829976,1.0042398102325465,-24.625027191552157
108.18773338777544,2.1757746706603456,8.205298653920662,9.792018227829976,1.0034891657933878,-25.023870727788513
76.3668150408249,2.102914008445069,8.205298653920662,9.792018227829976,0.9988749639688941,-26.484180407835062
90.93739552388192,2.201530895254322,8.205298653920662,9.792018227829976,1.0003303169535878,-26.028347249140825
67.60914093772719,2.071614775681965,8.205298653920662,9.792018227829976,1.0011270070346383,-25.577927554807697
72.50116282211877,2.16753215227277,8.205298653920662,9.792018227829976,1.0022080507676165,-25.21639273341293
69.85831302736935,2.0277747453557424,8.205298653920662,9.792018227829976,0.9984717878566162,-26.53303975898937
75.06264601181287,2.209352626997997,8.205298653920662,9.792018227829976,1.0026424877753268,-25.063167785303932
108.45071982912128,2.17463962084166,8.205298653920662,9.792018227829976,1.0033997221639432,-24.998905842780232
63.81613836926197,1.9602278429417623,8.205298653920662,9.792018227829976,0.9991735027906841,-26.234844477051215
100.78453779277284,2.32744538308431,8.205298653920662,9.792018227829976,1.0055222600686187,-24.18930708935347
79.90250405370558,2.1366197857672944,8.205298653920662,9.792018227829976,0.9989587785738897,-26.4068471512798
103.91549670902548,2.1954771539797235,8.205298653920662,9.792018227829976,1.0023474552152094,-25.337473729048146
104.53978205391492,2.19303519729462,8.205298653920662,9.792018227829976,1.0024714761431999,-25.295692499348647
95.35860070590174,2.209603661327151,8.205298653920662,9.792018227829976,1.0008334502689173,-25.823419603756005
103.39584337953671,2.1974010078675548,8.205298653920662,9.792018227829976,1.0022214721970855,-25.371145784349565
107.03887478335744,2.266538588445542,8.205298653920662,9.792018227829976,1.0055868068871734,-24.175691695159976
109.194090031088,2.235154600526357,8.205298653920662,9.792018227829976,1.0055034972568893,-24.2150814473145
65.1946941339944,2.0135899030686346,8.205298653920662,9.792018227829976,1.000206811580314,-25.834605141813537
70.04816071285735,2.122103177080888,8.205298653920662,9.792018227829976,1.001546874935085,-25.384811664444918
63.90520481520264,1.9736538648722048,8.205298653920662,9.792018227829976,0.9995080311713972,-26.076333794900183
65.3432023807768,2.017453894959047,8.205298653920662,9.792018227829976,1.000238073919535,-25.815947504422837
66.0957554601023,2.0363491031301777,8.205298653920662,9.792018227829976,1.0004748229080647,-25.72849736550221
75.05023241325017,2.0892646119856124,8.205298653920662,9.792018227829976,0.9984329822059764,-26.501536550833098
64.42726709733569,1.9622983171723831,8.205298653920662,9.792018227829976,0.9986640948715922,-26.343129435218554
99.89750176365132,2.3327720333104907,8.205298653920662,9.792018227829976,1.0052323594995043,-24.20237916812881
93.44030963028204,2.3513598220787486,8.205298653920662,9.792018227829976,1.0047084528431547,-24.329998684760504
67.7402795913536,2.074067747996594,8.205298653920662,9.792018227829976,1.0007680895102178,-25.571713293237625
98.93995612863738,2.208532533745938,8.205298653920662,9.792018227829976,1.0011443398081545,-25.634104481177676
76.20783939476935,2.226073692984784,8.205298653920662,9.792018227829976,1.0024976650863733,-25.002661288239583
66.073381551841,1.9801787167565976,8.205298653920662,9.792018227829976,0.9982528792086741,-26.453435755158708
71.66930150308984,2.05051485443785,8.205298653920662,9.792018227829976,0.9981283812889511,-26.529940829491768
64.2144585835654,1.9842020222088053,8.205298653920662,9.792018227829976,0.9994169741889236,-26.005956030173614
108.49141172451876,2.174949120375942,8.205298653920662,9.792018227829976,1.0030182896480833,-24.98942112934472
72.81398138238106,2.064199078373477,8.205298653920662,9.792018227829976,0.9981020308456853,-26.523310979692166
68.05436941681648,2.080683828537332,8.205298653920662,9.792018227829976,1.0006385889651435,-25.54724880876686
94.97261523643384,2.20969183559626,8.205298653920662,9.792018227829976,1.0002598330854446,-25.838120674185845
76.02745936171453,2.223278862488101,8.205298653920662,9.792018227829976,1.002208623793869,-25.014604823932157
102.94032766806092,2.3104155349842728,8.205298653920662,9.792018227829976,1.004989521869332,-24.175660535080688
63.915674910870266,1.9697584184194028,8.205298653920662,9.792018227829976,0.9988140239947734,-26.130220717964544
88.18425722355258,2.339263651155946,8.205298653920662,9.792018227829976,1.0038153635091038,-24.487587697153074
68.55260554006679,2.011885205561043,8.205298653920662,9.792018227829976,0.9978034897302663,-26.512058287507422
109.6669661243718,2.2263109446904537,8.205298653920662,9.792018227829976,1.004828004555827,-24.240546706273225
78.6184395625735,2.2580297042981243,8.205298653920662,9.792018227829976,1.002454426015754,-24.88168568577709
99.83536536253028,2.2074900670282744,8.205298653920662,9.792018227829976,1.0008655063630854,-25.580025637391227
66.30831792027848,2.040587309816772,8.205298653920662,9.792018227829976,0.9998768585749116,-25.71712467325099
108.47001311442608,2.175536476166272,8.205298653920662,9.792018227829976,1.00265144713851,-24.985796298189694
103.02107965632148,2.199337019722733,8.205298653920662,9.792018227829976,1.0014139690539337,-25.387767903085145
64.19431357863434,1.9630938265249969,8.205298653920662,9.792018227829976,0.9982207850052182,-26.281007811017144
99.4831497938888,2.334606902810989,8.205298653920662,9.792018227829976,1.004563898896555,-24.213250564779504
101.15396186201124,2.3242191307136157,8.205298653920662,9.792018227829976,1.0046461532784494,-24.19261312316054
107.85374754047278,2.178759905494843,8.205298653920662,9.792018227829976,1.0023497300565,-25.03703456588652
111.68353697746096,2.1807026164755285,8.205298653920662,9.792018227829976,1.0041305158446225,-24.420714643417607
64.02961251047493,1.973729103639684,8.205298653920662,9.792018227829976,0.9985561918448326,-26.10300916483226
101.18251911899632,2.204822473641144,8.205298653920662,9.792018227829976,1.0008886765827147,-25.49949415085011
90.8449267899471,2.3480057201803817,8.205298653920662,9.792018227829976,1.0037675463259925,-24.40606835653795
86.46812323347578,2.330072074695764,8.205298653920662,9.792018227829976,1.0032861089944882,-24.549765274686973
90.92073161729952,2.202206141816632,8.205298653920662,9.792018227829976,0.9992591930476175,-26.02049301769737
79.6367544407843,2.270072293785418,8.205298653920662,9.792018227829976,1.0023601084648128,-24.834392220602474
98.08459661944872,2.209953814250369,8.205298653920662,9.792018227829976,1.0003374276756898,-25.67493178845205
109.57718680329396,2.2273828374123497,8.205298653920662,9.792018227829976,1.0045196416715476,-24.242426314897706
104.98310808439804,2.192121634247229,8.205298653920662,9.792018227829976,1.0016093297876838,-25.254688086007384
105.8589225357065,2.188388946083606,8.205298653920662,9.792018227829976,1.0017361056362024,-25.191298977291368
102.14881824053138,2.2022985590502344,8.205298653920662,9.792018227829976,1.000982181242742,-25.439963080631447
77.95041094549443,2.119540273976895,8.205298653920662,9.792018227829976,0.9977686809520045,-26.44261161006236
77.42570206912404,2.2424001667084497,8.205298653920662,9.792018227829976,1.0019207041638034,-24.944607199204142
104.54336667859148,2.29467754684741,8.205298653920662,9.792018227829976,1.0045121640931025,-24.17539170935557
74.59727296363099,2.085027038797307,8.205298653920662,9.792018227829976,0.9974923154157512,-26.498489472797832
75.28575801549724,2.2118438788194794,8.205298653920662,9.792018227829976,1.0014888858551974,-25.060770050943916
84.91402087182612,2.319685420392844,8.205298653920662,9.792018227829976,1.0029014575055935,-24.609279909544533
64.87614884896912,2.0025559538786557,8.205298653920662,9.792018227829976,0.9988915113583419,-25.90974357869529
73.2689828372976,2.0701201392769946,8.205298653920662,9.792018227829976,0.997353001046515,-26.5116038955024
109.39546878624051,2.230131739143019,8.205298653920662,9.792018227829976,1.0042983456070975,-24.239747851598015
64.05065145568447,1.967029467289322,8.205298653920662,9.792018227829976,0.9980414306143608,-26.19656294097774
68.49148082708726,2.0890101211576138,8.205298653920662,9.792018227829976,0.9997750698186653,-25.522944341501674
66.35706765221441,2.040771679048476,8.205298653920662,9.792018227829976,0.9991735186215982,-25.724393526078476
81.78661294594411,2.1530833591774297,8.205298653920662,9.792018227829976,0.9977011455672498,-26.34428356323618
109.77247228387728,2.223093895052429,8.205298653920662,9.792018227829976,1.0039560491860566,-24.259590022658237
111.15924012813646,2.1941754653889234,8.205298653920662,9.792018227829976,1.0036544323935113,-24.358128438193926
89.96184182927239,2.3453001751851588,8.205298653920662,9.792018227829976,1.0030848588464183,-24.436859148574666
111.60111954132068,2.172541007819518,8.205298653920662,9.792018227829976,1.0031577765937842,-24.526406555635184
104.93907168635216,2.289987411688216,8.205298653920662,9.792018227829976,1.0039842103838483,-24.18089831418914
75.82923889590731,2.098672801151892,8.205298653920662,9.792018227829976,0.9970529063982407,-26.476121629630548
78.62334802714206,2.1263008924080253,8.205298653920662,9.792018227829976,0.9972332603618984,-26.422839168623554
75.222803558002,2.0923244078063874,8.205298653920662,9.792018227829976,0.9968989750874548,-26.48395988011864
90.16459920886824,2.3457386513138943,8.205298653920662,9.792018227829976,1.0028863938692958,-24.432198450397557
64.42217469559353,1.986313134999804,8.205298653920662,9.792018227829976,0.997974051789361,-26.02365544429242
94.67086731965252,2.210281686381066,8.205298653920662,9.792018227829976,0.9989982545429247,-25.842706920681177
81.01923683828512,2.1472178945126075,8.205298653920662,9.792018227829976,0.9973094145761054,-26.36277805671654
70.51075244194328,2.1294419737344725,8.205298653920662,9.792018227829976,0.9998713633177299,-25.37068613734974
109.88652796062172,2.1707404158054686,8.205298653920662,9.792018227829976,1.0020480619459478,-24.826559960212844
95.71870658099098,2.211051886678433,8.205298653920662,9.792018227829976,0.9991296131688225,-25.790790525327132
65.79947649711544,1.9793350839056387,8.205298653920662,9.792018227829976,0.9968555736444205,-26.408269682660926
72.48113228665653,2.165519795691964,8.205298653920662,9.792018227829976,1.000192883838756,-25.23703096106367
108.76613865347356,2.239433667472838,8.205298653920662,9.792018227829976,1.0036362703766173,-24.23100363387465
82.243035394558,2.2968519621478407,8.205298653920662,9.792018227829976,1.0017938993387983,-24.7237103813867
85.62390872048823,2.179413036109977,8.205298653920662,9.792018227829976,0.9976801007386809,-26.21922589311416
99.63813700461716,2.3329134407349983,8.205298653920662,9.792018227829976,1.0034872693735484,-24.219779903228087
80.91948440660099,2.1465006817121832,8.205298653920662,9.792018227829976,0.9971647534423961,-26.36428646851662
109.13069098747944,2.2334225372102168,8.205298653920662,9.792018227829976,1.0035418576686523,-24.24317133110215
92.7620284640848,2.207509483969844,8.205298653920662,9.792018227829976,0.9985553385162655,-25.9312044741579
65.57800304443063,1.9771838114701128,8.205298653920662,9.792018227829976,0.9967397871867997,-26.39086693923144
64.28991841648644,1.9692058513645487,8.205298653920662,9.792018227829976,0.9971844500458774,-26.220571203328905
106.9368183935211,2.265690718104068,8.205298653920662,9.792018227829976,1.0035762516703497,-24.197898003706655
78.59360149261188,2.12630992730908,8.205298653920662,9.792018227829976,0.9968386516518859,-26.419963165188662
65.22376476631104,2.010442877129023,8.205298653920662,9.792018227829976,0.9980900818269404,-25.881092765520293
107.40147104087691,2.259334699852559,8.205298653920662,9.792018227829976,1.0034814282544329,-24.205211913259276
64.556552658696,1.9896613638058651,8.205298653920662,9.792018227829976,0.9976333990351712,-26.008973109365346
99.150767169034,2.209714988938643,8.205298653920662,9.792018227829976,0.9992817844693805,-25.605391588424027
106.47334616767878,2.2713785077659026,8.205298653920662,9.792018227829976,1.0033220451884308,-24.19600347886003
83.36522196285041,2.3066786246063917,8.205298653920662,9.792018227829976,1.0015496215822421,-24.67939629966478
67.68907653715438,2.002820638008359,8.205298653920662,9.792018227829976,0.9962439185283608,-26.471298262214926
68.93437777725308,2.0973292413199403,8.205298653920662,9.792018227829976,0.9989360611923637,-25.498432737123657
84.48870931606096,2.315702696526742,8.205298653920662,9.792018227829976,1.001631984660422,-24.63461634937059
73.43182178216091,2.181359812527333,8.205298653920662,9.792018227829976,0.999884845431073,-25.181627644992886
83.17254476473855,2.1639530733216787,8.205298653920662,9.792018227829976,0.9969552063252646,-26.295857907547273
85.82727767126278,2.1809702064441154,8.205298653920662,9.792018227829976,0.9971370646621744,-26.207466589695585
79.57412463829614,2.1354789688091955,8.205298653920662,9.792018227829976,0.9964893182421705,-26.393547582139274
80.39079968171923,2.142531331129732,8.205298653920662,9.792018227829976,0.996531129429692,-26.37303058808811
108.67605002513729,2.2398669215317284,8.205298653920662,9.792018227829976,1.002921317535829,-24.239231590937436
86.10872864020439,2.182626053580421,8.205298653920662,9.792018227829976,0.997065674872533,-26.196663087969743
109.57467952011189,2.1732845226106576,8.205298653920662,9.792018227829976,1.00121022777531,-24.84596532381939
107.40169669489168,2.2586902446643364,8.205298653920662,9.792018227829976,1.0029345242450176,-24.21208473978327
94.53633484996162,2.349132150945323,8.205298653920662,9.792018227829976,1.0024162587487448,-24.320598025791963
66.75303925777388,2.0485141744296413,8.205298653920662,9.792018227829976,0.9980227975240274,-25.704130532033954
95.15286098362792,2.2113043670860293,8.205298653920662,9.792018227829976,0.998234391146891,-25.81209344853295
101.82720015057056,2.204531413072175,8.205298653920662,9.792018227829976,0.9993690672516229,-25.444518691706968
72.37185915017342,2.060872220706713,8.205298653920662,9.792018227829976,0.9959050293877508,-26.501916263032754
84.93410697634735,2.3187680274917284,8.205298653920662,9.792018227829976,1.0013378143481229,-24.61977758193595
70.01405272400503,2.03235799261401,8.205298653920662,9.792018227829976,0.9958065753857978,-26.499523826748703
81.34581257610458,2.150501984669944,8.205298653920662,9.792018227829976,0.9964016872109399,-26.345821275197437
106.3478440945675,2.1879755585124485,8.205298653920662,9.792018227829976,1.0001965755857203,-25.13406035841077
95.81424667507969,2.34702185238271,8.205298653920662,9.792018227829976,1.0023691577907043,-24.293326667530813
111.00286044019248,2.193957009148008,8.205298653920662,9.792018227829976,1.0023466322529477,-24.386196557563412
110.56597553206156,2.171068743512436,8.205298653920662,9.792018227829976,1.0014021355324274,-24.714584531947107
108.66842215403788,2.1774084344285853,8.205298653920662,9.792018227829976,1.0007328799468997,-24.935301210253126
82.24024881452154,2.296161269125264,8.205298653920662,9.792018227829976,1.0008323236406893,-24.730979500969404
98.04485716653905,2.2113915380153486,8.205298653920662,9.792018227829976,0.99848212313835,-25.660769372909577
71.2623068572241,2.047834578027832,8.205298653920662,9.792018227829976,0.9956382634091809,-26.501461151234817
78.62047185725174,2.2564642479076014,8.205298653920662,9.792018227829976,1.000233084776927,-24.899116566072696
66.53670751986802,1.989541239484197,8.205298653920662,9.792018227829976,0.995767510906404,-26.42260470882401
107.03684588220636,2.263270488207496,8.205298653920662,9.792018227829976,1.002607781580079,-24.21084526011662
89.2991035930971,2.197950621854716,8.205298653920662,9.792018227829976,0.9970912598342524,-26.072263004530434
111.13032498065762,2.189058495023076,8.205298653920662,9.792018227829976,1.0020590319768345,-24.419804239462483
106.22739198358674,2.273638786558152,8.205298653920662,9.792018227829976,1.0025663779877492,-24.202423024875493
109.27262239448592,2.229328667452592,8.205298653920662,9.792018227829976,1.00241957035823,-24.266723716563483
79.96980520372499,2.2723889976892337,8.205298653920662,9.792018227829976,1.0002847323485327,-24.835039561673998
109.3837536879912,2.174809648522213,8.205298653920662,9.792018227829976,1.0007094869695543,-24.85783177915739
109.04522472604208,2.233092883360541,8.205298653920662,9.792018227829976,1.002373780485923,-24.259267391226288
73.27954226228853,2.1781707206875467,8.205298653920662,9.792018227829976,0.9990835236947724,-25.19844905344053
75.00556825644297,2.205962434571589,8.205298653920662,9.792018227829976,0.9993601417286443,-25.09498303534511
104.39971610054243,2.294178343039732,8.205298653920662,9.792018227829976,1.0023914381793706,-24.196301038367913
70.01538960318021,2.11843434068804,8.205298653920662,9.792018227829976,0.9983481462012469,-25.423470553340355
97.7850659338024,2.3407030310399506,8.205298653920662,9.792018227829976,1.0020313649345731,-24.259159557754636
78.07822119377786,2.122334157109833,8.205298653920662,9.792018227829976,0.9956355847261742,-26.42032682085703
100.79024349980683,2.324719073710199,8.205298653920662,9.792018227829976,1.0021670262059061,-24.217199954587453
70.86707253266194,2.134837866083501,8.205298653920662,9.792018227829976,0.9984237271511869,-25.361798670722735
64.60108962462034,1.974807863316073,8.205298653920662,9.792018227829976,0.9959185069273666,-26.214204060973596
74.3201660525756,2.1950924888837164,8.205298653920662,9.792018227829976,0.999088487767903,-25.136583000158325
78.50997932480493,2.2547758666895987,8.205298653920662,9.792018227829976,0.9997901830955068,-24.908033827848808
106.77211844730192,2.2663243441918155,8.205298653920662,9.792018227829976,1.0022159499367878,-24.212212548941867
93.13179420854856,2.3491208354711546,8.205298653920662,9.792018227829976,1.0015195609475778,-24.360705199539925
108.69794898086889,2.17817704715894,8.205298653920662,9.792018227829976,1.0001596082806021,-24.92216310667349
64.65478688567022,1.9755325594870925,8.205298653920662,9.792018227829976,0.9957269059448282,-26.216240846815506
71.47599483341709,2.050964098617527,8.205298653920662,9.792018227829976,0.9950526135415354,-26.494332710018245
91.51874181280174,2.347515226305603,8.205298653920662,9.792018227829976,1.0012285425947607,-24.405243138141195
106.16073863671753,2.273878855388048,8.205298653920662,9.792018227829976,1.0020240504599482,-24.20804634271313
91.7509871233,2.2062580830621243,8.205298653920662,9.792018227829976,0.9968756817091898,-25.963952975673788
99.90287202928978,2.2095577395514425,8.205298653920662,9.792018227829976,0.9981403017855038,-25.550862193004605
111.0686810574719,2.1764121316398786,8.205298653920662,9.792018227829976,1.0010394863087275,-24.57182890514649
90.73460477251086,2.3459345400179643,8.205298653920662,9.792018227829976,1.001105219983406,-24.42825232301623
73.67468110992009,2.076681382291241,8.205298653920662,9.792018227829976,0.995059822334957,-26.483466470704126
73.62419268459593,2.1834854744453622,8.205298653920662,9.792018227829976,0.9986125943236068,-25.182111985040557
81.85736485676202,2.1551303909018458,8.205298653920662,9.792018227829976,0.9955662152054328,-26.323943532202374
76.69737926896453,2.230424493782351,8.205298653920662,9.792018227829976,0.9991029641525151,-25.00534073876808
76.54027265405942,2.1075709311381985,8.205298653920662,9.792018227829976,0.9950769794267019,-26.444969121683812
76.50748038955909,2.2277212048943795,8.205298653920662,9.792018227829976,0.9990363898130249,-25.015912362494564
64.96775487774431,1.9763675443220592,8.205298653920662,9.792018227829976,0.9953176572310461,-26.27257872180284
77.02749707995623,2.112535246544269,8.205298653920662,9.792018227829976,0.9950198394080071,-26.4355939215655
100.06522307176056,2.3288083173197407,8.205298653920662,9.792018227829976,1.001469526487322,-24.231063205199796
65.70777621467077,1.9823510705126357,8.205298653920662,9.792018227829976,0.9949169107217013,-26.34910734168127
68.68910315082636,2.0172142194507785,8.205298653920662,9.792018227829976,0.9946212142467005,-26.46672043564666
74.10074555099115,2.0817839432636447,8.205298653920662,9.792018227829976,0.9946929756004854,-26.4753931982699
86.23907295893682,2.184304122251888,8.205298653920662,9.792018227829976,0.9956912110490826,-26.180530375246114
110.44033499511734,2.1746243324244148,8.205298653920662,9.792018227829976,1.0001843297659523,-24.69443598342768
78.50735498918242,2.126957599991883,8.205298653920662,9.792018227829976,0.9948662645904172,-26.403870750367908
68.35054217137105,2.082929258608246,8.205298653920662,9.792018227829976,0.9969852901450864,-25.572531484856707
102.76280419522136,2.2030465454561323,8.205298653920662,9.792018227829976,0.998153426114828,-25.371203791896153
64.7007166586784,1.9813786845890744,8.205298653920662,9.792018227829976,0.9953075612767626,-26.148836212317605
89.90592493609431,2.343326667964007,8.205298653920662,9.792018227829976,1.000451423207856,-24.45740039394041
110.486851919817,2.20270016549938,8.205298653920662,9.792018227829976,1.0010174036007269,-24.372445426878766
66.25597212240335,1.988401594020516,8.205298653920662,9.792018227829976,0.9946221265378734,-26.381199224156767
76.68292534669396,2.109373389726187,8.205298653920662,9.792018227829976,0.9946232870258868,-26.438044966554234
65.65240864552536,1.9824719013949303,8.205298653920662,9.792018227829976,0.994663704966847,-26.33599787645826
98.47149115266036,2.336984762952312,8.205298653920662,9.792018227829976,1.0010267124757606,-24.25619506315294
110.25395004707384,2.175244185440405,8.205298653920662,9.792018227829976,0.9998773063693214,-24.71720279112971
80.84279028562014,2.1475351155333584,8.205298653920662,9.792018227829976,0.9948243474514737,-26.34593197642243
97.42703795339284,2.3411870346848502,8.205298653920662,9.792018227829976,1.0008685185240764,-24.274394178897506
102.74466016871988,2.203343650202555,8.205298653920662,9.792018227829976,0.9978874125931093,-25.369602720974175
74.14731499285602,2.0826339024562373,8.205298653920662,9.792018227829976,0.994299202008311,-26.470711170105584
86.75064976511243,2.187304031982066,8.205298653920662,9.792018227829976,0.9953780900433338,-26.158943599434778
109.39249914870445,2.1772270143996053,8.205298653920662,9.792018227829976,0.9994211115140232,-24.828911741194634
65.88798453561928,1.985235436759225,8.205298653920662,9.792018227829976,0.9943774531769868,-26.348060740703374
74.82861990303206,2.090198971944602,8.205298653920662,9.792018227829976,0.9942223663390072,-26.462139560192682
72.83159884634244,2.0678629289708965,8.205298653920662,9.792018227829976,0.9940847209788288,-26.478853824579552
67.75806484182921,2.0691850582366555,8.205298653920662,9.792018227829976,0.9963166152626585,-25.635284372165806
103.60972949240949,2.2007277005563566,8.205298653920662,9.792018227829976,0.9978443233787408,-25.310114300493137
102.2520207349554,2.312692472950985,8.205298653920662,9.792018227829976,1.0008750310344732,-24.21679349700722
64.84006382642853,1.983862132912748,8.205298653920662,9.792018227829976,0.9947298884508852,-26.14606120416603
66.23617783620537,1.9891552465714848,8.205298653920662,9.792018227829976,0.994128986005284,-26.367198707940304
108.57042139200296,2.238268471319927,8.205298653920662,9.792018227829976,1.0006597212682142,-24.27160745728139
69.86260467414118,2.032559117024803,8.205298653920662,9.792018227829976,0.9938329540381191,-26.47133779048902
94.28802418506542,2.21197721951512,8.205298653920662,9.792018227829976,0.9960087951616508,-25.836428628273275
72.18707115557594,2.060587768680876,8.205298653920662,9.792018227829976,0.9938062557803874,-26.47827175774496
65.67702474276763,2.01689042033928,8.205298653920662,9.792018227829976,0.9953024016631251,-25.891781700343138
66.65440054175693,1.993960413846139,8.205298653920662,9.792018227829976,0.9939294109398792,-26.387518874720783
79.16296494408108,2.261633296787352,8.205298653920662,9.792018227829976,0.9983111719727847,-24.88846382666349
67.20010508400154,2.0002869519531146,8.205298653920662,9.792018227829976,0.9938315949756504,-26.41103043831724
77.71560237247215,2.2433630830866207,8.205298653920662,9.792018227829976,0.9980520855965195,-24.961726778285165
92.9617298254597,2.347972883853771,8.205298653920662,9.792018227829976,0.9999628775760836,-24.376459579827795
103.40231647223747,2.3023025719751047,8.205298653920662,9.792018227829976,1.0005733312056462,-24.21506962589939
108.70877943389743,2.1805096760778184,8.205298653920662,9.792018227829976,0.998715910823844,-24.89392202152269
95.77231675423484,2.213343899676829,8.205298653920662,9.792018227829976,0.9960677877385007,-25.761670910826755
67.82896743244741,2.0079211224766595,8.205298653920662,9.792018227829976,0.9936853431618137,-26.430459284473883
101.67804774143151,2.316839080122889,8.205298653920662,9.792018227829976,1.0004059847638787,-24.224848457621416
82.60366792760036,2.2979574479628724,8.205298653920662,9.792018227829976,0.9986101438921604,-24.73252075787081
65.74941011083754,1.9852601640760952,8.205298653920662,9.792018227829976,0.9938817935981983,-26.319134456029666
91.22708029094711,2.345890164255806,8.205298653920662,9.792018227829976,0.9996168133299562,-24.42511954363553
109.83844117030624,2.2146142442230428,8.205298653920662,9.792018227829976,1.0001357393683954,-24.342336789377818
69.35157404604978,2.1029560850149807,8.205298653920662,9.792018227829976,0.9961902291988272,-25.50088589801953
95.99700562828166,2.344850894237936,8.205298653920662,9.792018227829976,0.9999923465974451,-24.30778428505933
110.72920726835063,2.1817823880182345,8.205298653920662,9.792018227829976,0.9994903643383625,-24.566893940199066
73.34768789658388,2.074296409759171,8.205298653920662,9.792018227829976,0.9935165005056189,-26.469150608254377
71.0295235944304,2.0471631647426136,8.205298653920662,9.792018227829976,0.9934270939150295,-26.47339492703494
108.9605802350966,2.2308857163277054,8.205298653920662,9.792018227829976,1.000108781533763,-24.29561426509229
72.58725156179155,2.065658594096874,8.205298653920662,9.792018227829976,0.9933842236695135,-26.471932489343853
74.21218020951274,2.0840928749859984,8.205298653920662,9.792018227829976,0.9934272690635474,-26.460675366267647
65.01278848728734,1.991306111804036,8.205298653920662,9.792018227829976,0.9942952805103938,-26.08512605576715
82.48124942600279,2.296658501002426,8.205298653920662,9.792018227829976,0.9983551867020096,-24.73958139930194
83.24722899305097,2.1664846321494764,8.205298653920662,9.792018227829976,0.9941043615106732,-26.269222306001165
66.6491920439328,2.041789873071835,8.205298653920662,9.792018227829976,0.995192259120335,-25.768625736827264
75.97123577604293,2.1029689406265817,8.205298653920662,9.792018227829976,0.9934762630920947,-26.438510791246586
99.49118900839645,2.2116625096343085,8.205298653920662,9.792018227829976,0.9963107556605842,-25.55791943803113
90.79119545094304,2.344667970241062,8.205298653920662,9.792018227829976,0.9991204746484328,-24.44111943251292
83.9733864400278,2.3094288730492707,8.205298653920662,9.792018227829976,0.9983315729647846,-24.679067397681962
99.9592486625884,2.211049047058225,8.205298653920662,9.792018227829976,0.9962293261293311,-25.52923870270144
85.51351334992574,2.3208058455257543,8.205298653920662,9.792018227829976,0.9984976715660207,-24.618964632598
71.99395821912498,2.153545069414079,8.205298653920662,9.792018227829976,0.9963060632779643,-25.308264963098182
65.19102353253469,1.9845027585912904,8.205298653920662,9.792018227829976,0.9936643760283219,-26.2123357167085
66.95467974160381,1.9985545674277745,8.205298653920662,9.792018227829976,0.9931885232537224,-26.386075446125226
90.47287827884136,2.203961674624253,8.205298653920662,9.792018227829976,0.9946619047113265,-26.00224880671318
109.95406807406953,2.178868706817198,8.205298653920662,9.792018227829976,0.9985383925642386,-24.723424751998806
96.49763964412556,2.214022612094979,8.205298653920662,9.792018227829976,0.9955332066650655,-25.718757670933265
82.41567647582738,2.295784792869924,8.205298653920662,9.792018227829976,0.997976296612753,-24.74523690767325
108.76670890800948,2.233465986870925,8.205298653920662,9.792018227829976,0.9996758634093935,-24.295632261707695
68.08549243013275,2.075070167516202,8.205298653920662,9.792018227829976,0.9952507284224895,-25.621933912032663
90.7772640840966,2.344515145617848,8.205298653920662,9.792018227829976,0.9989478716788697,-24.442793062572292
95.13887556713556,2.3460532253944137,8.205298653920662,9.792018227829976,0.9992957402961261,-24.330833100061096
95.41211304439892,2.345582962171932,8.205298653920662,9.792018227829976,0.9993058495779555,-24.324994793643175
85.59477193084798,2.1818634283243767,8.205298653920662,9.792018227829976,0.9939024106879909,-26.188771406822813
79.29594277429788,2.2625124332175943,8.205298653920662,9.792018227829976,0.9973656807734403,-24.88978442704103
77.34187383855462,2.1171431908643115,8.205298653920662,9.792018227829976,0.993090391180066,-26.41102729840513
72.7232272237094,2.1662303796128413,8.205298653920662,9.792018227829976,0.9961660200568414,-25.26218072393253
110.35263387409655,2.199650327674476,8.205298653920662,9.792018227829976,0.9991180710930351,-24.427515500831177
66.32026416963684,2.0322059385464826,8.205298653920662,9.792018227829976,0.9944296658915603,-25.825506337372396
101.35676364732925,2.2084974695665807,8.205298653920662,9.792018227829976,0.9961152665491025,-25.44166086657594
73.29732811992594,2.0743789458500146,8.205298653920662,9.792018227829976,0.9927771822748825,-26.461129255809542
90.56470278857287,2.3438464629531666,8.205298653920662,9.792018227829976,0.9986907220481613,-24.450824844501728
105.75342884680153,2.1940157186208893,8.205298653920662,9.792018227829976,0.9969962429771202,-25.13982492578467
91.32805335244532,2.206800303929967,8.205298653920662,9.792018227829976,0.9944511627362901,-25.9627268935268
73.68723157888999,2.182524031189743,8.205298653920662,9.792018227829976,0.9962340835033351,-25.201329837471736
79.10878771288368,2.1338306425469256,8.205298653920662,9.792018227829976,0.9930713240053157,-26.373582879564456
83.75629380871906,2.30733494661861,8.205298653920662,9.792018227829976,0.9978393198883239,-24.691393440341784
100.61248650888756,2.3235936011212037,8.205298653920662,9.792018227829976,0.9993798543059101,-24.24313287864
67.24064798682012,2.055103839324332,8.205298653920662,9.792018227829976,0.9946584106555564,-25.714485051828017
93.47485342900724,2.3472297307648944,8.205298653920662,9.792018227829976,0.9988816852119827,-24.37189694540744
110.14282323848671,2.2049230902865986,8.205298653920662,9.792018227829976,0.999036558563461,-24.402068804347216
94.51262127067696,2.346623706186321,8.205298653920662,9.792018227829976,0.9989245137563497,-24.347378576597226
93.93609768699906,2.347056745254463,8.205298653920662,9.792018227829976,0.9988719589647006,-24.36098805886287
110.04954615651124,2.207192397487532,8.205298653920662,9.792018227829976,0.9990398160602467,-24.39151658783388
68.79503210762297,2.0209546635877302,8.205298653920662,9.792018227829976,0.9926217577095525,-26.436763289749965
65.87478282377488,2.019356442624272,8.205298653920662,9.792018227829976,0.994000590413814,-25.90036606224214
91.73799472580544,2.345979686953356,8.205298653920662,9.792018227829976,0.9986040294610271,-24.418551904079408
110.52937565519557,2.187231587353793,8.205298653920662,9.792018227829976,0.9985631868503797,-24.53791514353223
105.31718264533887,2.195977566437449,8.205298653920662,9.792018227829976,0.9966990536172733,-25.170596041997605
80.62996759209071,2.277424112703727,8.205298653920662,9.792018227829976,0.9972216217587898,-24.82901463449466
72.74225615950604,2.1662744299655685,8.205298653920662,9.792018227829976,0.9958464088879604,-25.26427529351503
66.17929290465845,1.99157437771612,8.205298653920662,9.792018227829976,0.9927772248220967,-26.32365862801332
89.35132302281654,2.2003600225562536,8.205298653920662,9.792018227829976,0.9939506080541194,-26.044007375741902
108.87103087978156,2.2306638481220205,8.205298653920662,9.792018227829976,0.9990870652863876,-24.31104688986071
74.97516173504319,2.2029571798426986,8.205298653920662,9.792018227829976,0.9961930683277831,-25.125624986927086
99.59354983925166,2.2122557369224864,8.205298653920662,9.792018227829976,0.9954311905431374,-25.543396976155268
99.04768101367443,2.21301058710678,8.205298653920662,9.792018227829976,0.9953330929095571,-25.574647665214098
65.39362383781145,2.002647291119388,8.205298653920662,9.792018227829976,0.9934606096881297,-26.01723513837554
88.15188444840004,2.335116015593101,8.205298653920662,9.792018227829976,0.9979905393993528,-24.530615121814826
81.53676171803565,2.2867398404766703,8.205298653920662,9.792018227829976,0.9971370940171197,-24.789398480462825
76.24831715987652,2.1066345490387874,8.205298653920662,9.792018227829976,0.9924838617006166,-26.424109660898708
98.42400587835724,2.213755109958328,8.205298653920662,9.792018227829976,0.9951407905230522,-25.608849701708895
104.12754538218849,2.2006681457528714,8.205298653920662,9.792018227829976,0.9962067214776349,-25.25438475305036
81.05358054422906,2.281718070451632,8.205298653920662,9.792018227829976,0.9969872631341239,-24.811870527526487
81.80269550913066,2.1566740347366675,8.205298653920662,9.792018227829976,0.9928312014917743,-26.301507816993883
76.92827297246971,2.231463805141445,8.205298653920662,9.792018227829976,0.9963040566683588,-25.01731159633143
106.70150243014191,2.190784438254994,8.205298653920662,9.792018227829976,0.9967098464467048,-25.05592443068074
90.38069377675554,2.342955931226697,8.205298653920662,9.792018227829976,0.998074357878168,-24.460761265211104
65.34003866099789,1.9989602365966024,8.205298653920662,9.792018227829976,0.9931699103763169,-26.054028626977164
65.43388039975545,1.988707153177387,8.205298653920662,9.792018227829976,0.9927258616421888,-26.207956664504923
68.39860974746337,2.0167869875561166,8.205298653920662,9.792018227829976,0.9921764522770778,-26.41962654233049
81.61163176772733,2.155277113888744,8.205298653920662,9.792018227829976,0.9926984534730247,-26.305757707464583
76.30281010208034,2.107358912736572,8.205298653920662,9.792018227829976,0.9922798056213957,-26.421167334659025
72.0847554629373,2.061004655633269,8.205298653920662,9.792018227829976,0.9920935968773024,-26.457686252124752
91.26575993630604,2.344857886983121,8.205298653920662,9.792018227829976,0.9980707234491927,-24.435507293631126
78.79402602635007,2.1314570542318307,8.205298653920662,9.792018227829976,0.9924224910450387,-26.374631867417527
66.77850274048295,1.9983787293014217,8.205298653920662,9.792018227829976,0.992261055786955,-26.35375351099594
72.55393389135193,2.1625602607942938,8.205298653920662,9.792018227829976,0.9953474616977309,-25.281667931772304
105.52360247300172,2.278084418281537,8.205298653920662,9.792018227829976,0.9988242109793605,-24.23974874659529
105.51874516252776,2.1957222651574,8.205298653920662,9.792018227829976,0.9962784055402475,-25.149110065943322
100.62322997780926,2.322959972072581,8.205298653920662,9.792018227829976,0.9987183890015158,-24.248889595481575
65.5815818794921,1.9890589846159656,8.205298653920662,9.792018227829976,0.9925485121477884,-26.234113693790686
94.77608536620818,2.345876012679909,8.205298653920662,9.792018227829976,0.9983409013933798,-24.346038110033035
67.17016707001362,2.0027259134237028,8.205298653920662,9.792018227829976,0.992145319790733,-26.373082026457972
86.53700954828638,2.1877537558044367,8.205298653920662,9.792018227829976,0.9931154190634869,-26.14785062424933
77.82119183629084,2.122444964315946,8.205298653920662,9.792018227829976,0.9922639171511655,-26.39366015662669
74.68934099992973,2.0904997204240203,8.205298653920662,9.792018227829976,0.9920591721341493,-26.44081610845483
100.45413368766428,2.211142576700837,8.205298653920662,9.792018227829976,0.9951531781175292,-25.488489851478263
103.58032814668178,2.202918434192739,8.205298653920662,9.792018227829976,0.9957209847794594,-25.28809454891862
110.3224594698866,2.186559595534902,8.205298653920662,9.792018227829976,0.997779668057865,-24.57848649573416
105.4501687302426,2.1961908110102115,8.205298653920662,9.792018227829976,0.996089843465968,-25.152085703771732
104.75357595197993,2.2866604369328485,8.205298653920662,9.792018227829976,0.9986328305337056,-24.23685244957994
75.61309270038016,2.212172151790881,8.205298653920662,9.792018227829976,0.995682319641347,-25.094237337152293
110.34073739237226,2.190469463714038,8.205298653920662,9.792018227829976,0.9977971914502493,-24.531736605490487
101.92187903515608,2.207986728302373,8.205298653920662,9.792018227829976,0.9952314688363975,-25.395894195758505
102.59241945511252,2.307619154151197,8.205298653920662,9.792018227829976,0.9984366854589708,-24.23826524067535
86.50441515183068,2.187800324800392,8.205298653920662,9.792018227829976,0.9928028752848008,-26.1463899574214
75.05090040001237,2.203474455915156,8.205298653920662,9.792018227829976,0.9954108631410781,-25.128620401004866
102.88896055414644,2.205370629853292,8.205298653920662,9.792018227829976,0.9953117503697279,-25.331778230772247
105.01445416446228,2.283464362439048,8.205298653920662,9.792018227829976,0.9983566578070722,-24.241404302035708
110.25781662686288,2.1877833388501813,8.205298653920662,9.792018227829976,0.997483859870147,-24.574993812891794
85.38657467736999,2.318792205294443,8.205298653920662,9.792018227829976,0.996855279071759,-24.635988176629787
69.49151965560065,2.030657775148057,8.205298653920662,9.792018227829976,0.9915529549848675,-26.432631737217896
76.59294352871837,2.110785808810917,8.205298653920662,9.792018227829976,0.9916960586369145,-26.410508035353807
79.59773027130977,2.265018058163392,8.205298653920662,9.792018227829976,0.9959940796759185,-24.886673643604894
109.05436091291986,2.22532523150889,8.205298653920662,9.792018227829976,0.9980137025691584,-24.342562891185672
109.91352631779594,2.206522754899396,8.205298653920662,9.792018227829976,0.9978086435715865,-24.41998551344944
82.94920458470271,2.165718934935086,8.205298653920662,9.792018227829976,0.992212645625805,-26.261965259657845
67.0219859717891,2.002047701833092,8.205298653920662,9.792018227829976,0.9916559583906591,-26.353201063281542
110.25636964733756,2.192789829726891,8.205298653920662,9.792018227829976,0.9975112517311593,-24.51914099191502
69.7632493503325,2.108989085299044,8.205298653920662,9.792018227829976,0.9940794782961905,-25.496163149955596
65.45436892807436,1.9947573191416976,8.205298653920662,9.792018227829976,0.9922245154783504,-26.13276839177165
109.05024769894985,2.183788256702925,8.205298653920662,9.792018227829976,0.9966555026749188,-24.805957500778405
101.71097842276826,2.2088583823112486,8.205298653920662,9.792018227829976,0.9948303765300539,-25.40543429998983
109.32380184581903,2.183508863433829,8.205298653920662,9.792018227829976,0.9967196823261537,-24.767945863027087
108.149275996133,2.18640066101996,8.205298653920662,9.792018227829976,0.9963057054996146,-24.90779828951875
108.68115222611983,2.2318949131683183,8.205298653920662,9.792018227829976,0.9979319071920004,-24.32503430619626
98.774349060153,2.2141797059651798,8.205298653920662,9.792018227829976,0.9942570706093974,-25.580277189058638
98.77520127957033,2.333029331909131,8.205298653920662,9.792018227829976,0.9978856786209255,-24.27777226797733
66.53919687347278,1.9974908813361765,8.205298653920662,9.792018227829976,0.9916061628978927,-26.317986294078242
67.58478229639229,2.0085336621651493,8.205298653920662,9.792018227829976,0.9914094796775909,-26.376274269896154
109.88675733223624,2.184754610548524,8.205298653920662,9.792018227829976,0.9968807365747523,-24.66734973884154
79.22714094246669,2.2604384762412195,8.205298653920662,9.792018227829976,0.9956805896405408,-24.90693623939212
80.83786421795429,2.278679769762377,8.205298653920662,9.792018227829976,0.9959204575222032,-24.830034498503064
78.64512416111022,2.130765634471089,8.205298653920662,9.792018227829976,0.9915420659219077,-26.36951350286889
66.68938541821636,2.038648113836345,8.205298653920662,9.792018227829976,0.9928607801718812,-25.81613075866473
104.31139927663564,2.201165517909075,8.205298653920662,9.792018227829976,0.9951631830350954,-25.228159087080073
110.178138439577,2.193327712496042,8.205298653920662,9.792018227829976,0.9971667749160953,-24.52546007609382
68.46141668270363,2.080851068020749,8.205298653920662,9.792018227829976,0.9933490413398495,-25.61767408517342
99.07341749222488,2.331310551509844,8.205298653920662,9.792018227829976,0.9976462686079485,-24.275812101206395
88.45185244053773,2.335527281036647,8.205298653920662,9.792018227829976,0.9967481646581042,-24.530104997362233
65.59303130950323,1.99499462239622,8.205298653920662,9.792018227829976,0.9917420672746631,-26.158464133262623
82.3569231873156,2.1617490204543657,8.205298653920662,9.792018227829976,0.9916841449782178,-26.27512648780783
77.99780074555194,2.2448620067463168,8.205298653920662,9.792018227829976,0.9952154316561636,-24.971518496403263
102.23106460111023,2.207897273288338,8.205298653920662,9.792018227829976,0.9945139846270514,-25.36761744885139
70.80888944339247,2.047096033326511,8.205298653920662,9.792018227829976,0.9909540747997725,-26.439022131601835
108.94417458898388,2.185113234928465,8.205298653920662,9.792018227829976,0.9961323264797641,-24.80672912203488
66.02354407849108,2.018926940439769,8.205298653920662,9.792018227829976,0.9922277165987362,-25.935909397864805
67.17979297279928,2.0047392373168837,8.205298653920662,9.792018227829976,0.9910980800032675,-26.34846980066076
97.92976940671544,2.21527422117876,8.205298653920662,9.792018227829976,0.9936660639132788,-25.623037137258386
108.86850088667488,2.2275139533361568,8.205298653920662,9.792018227829976,0.9973965297155319,-24.345774854068747
99.5684183868066,2.328389857288357,8.205298653920662,9.792018227829976,0.9973988219926637,-24.27180457667236
106.6470844335935,2.1928042508308607,8.205298653920662,9.792018227829976,0.9953549551747534,-25.039978827867607
103.33312942630624,2.300017013681469,8.205298653920662,9.792018227829976,0.9975025352441783,-24.246076139415386
108.79934213122192,2.1856454992447283,8.205298653920662,9.792018227829976,0.9959680454380632,-24.82212971049152
68.41174486723271,2.0187802924497618,8.205298653920662,9.792018227829976,0.990863234132972,-26.39594622810201
99.4171289138525,2.329155402586608,8.205298653920662,9.792018227829976,0.9972921616637141,-24.274546805629516
72.19322421412728,2.063580692880848,8.205298653920662,9.792018227829976,0.9907500607777283,-26.440797628022544
66.18017301809921,1.9962137089308956,8.205298653920662,9.792018227829976,0.9911275041977193,-26.262683491705918
76.92465640150891,2.230185752195169,8.205298653920662,9.792018227829976,0.9947450977346679,-25.031274112998094
77.10391006807883,2.232652141191096,8.205298653920662,9.792018227829976,0.9947577938804361,-25.02168205832795
108.1909012808805,2.2390114751805896,8.205298653920662,9.792018227829976,0.997258479704978,-24.31701996520766
107.59408360804956,2.2484443951838955,8.205298653920662,9.792018227829976,0.9972754084377072,-24.29662550996362
95.9889201177378,2.3425649999376645,8.205298653920662,9.792018227829976,0.996960564909291,-24.331851249741835
67.99429944386776,2.0695894489707456,8.205298653920662,9.792018227829976,0.9926996659081467,-25.673275139791937
70.90697461190476,2.130703152844731,8.205298653920662,9.792018227829976,0.9934298680654751,-25.41712477510924
99.87756737321315,2.213348053514679,8.205298653920662,9.792018227829976,0.993685218907209,-25.509092756123042
75.29170034516046,2.098123281797669,8.205298653920662,9.792018227829976,0.9907098666307083,-26.419153375550863
76.88111107696439,2.229459367570442,8.205298653920662,9.792018227829976,0.9945874786778696,-25.034998419618546
71.69270983124595,2.057927318303868,8.205298653920662,9.792018227829976,0.990570893082804,-26.43799923275243
104.99240286473312,2.282501268257363,8.205298653920662,9.792018227829976,0.9972453334975275,-24.254129147949918
89.01248218872277,2.20042731326798,8.205298653920662,9.792018227829976,0.9919513931697572,-26.041012133567882
73.80571711532244,2.082089919226462,8.205298653920662,9.792018227829976,0.9905732731993284,-26.432327116877126
108.98049087827204,2.2244518248083125,8.205298653920662,9.792018227829976,0.9969421147528599,-24.36293972576582
68.73556375837691,2.086047052475479,8.205298653920662,9.792018227829976,0.9927749694795829,-25.601858623432193
65.70783796343778,2.001578210844684,8.205298653920662,9.792018227829976,0.9912587767825347,-26.096112267126195
78.51248087556304,2.130161886653028,8.205298653920662,9.792018227829976,0.9907444786186363,-26.364650552539253
99.29261716629208,2.2143765016123496,8.205298653920662,9.792018227829976,0.9933791921101264,-25.54124783390224
106.883931453284,2.1925440596751,8.205298653920662,9.792018227829976,0.9949642815266613,-25.01178124655605
67.80352473207432,2.0124497143424804,8.205298653920662,9.792018227829976,0.9905068859606727,-26.366232939620932
65.93514564593988,2.013683019470335,8.205298653920662,9.792018227829976,0.9915277877748392,-25.985548908764017
109.33317699231684,2.1863017257999218,8.205298653920662,9.792018227829976,0.9957720607979483,-24.73490205936465
97.32335861850562,2.338308548166524,8.205298653920662,9.792018227829976,0.996688552663651,-24.309952906022794
67.60015943878633,2.0597447998671754,8.205298653920662,9.792018227829976,0.9921978780772182,-25.72360327191034
99.35816516830256,2.329069197145188,8.205298653920662,9.792018227829976,0.9967988785883087,-24.27957536487689
101.71554262223124,2.313423981053077,8.205298653920662,9.792018227829976,0.996896534670087,-24.257303251024034
65.9055577064164,1.9973416226778935,8.205298653920662,9.792018227829976,0.9908492444060589,-26.192019104044192
81.24254084239325,2.282166308166822,8.205298653920662,9.792018227829976,0.9949512170199746,-24.81974438708926
67.86096217961384,2.065872267501163,8.205298653920662,9.792018227829976,0.9922409267580447,-25.695190712529822
71.61382114079653,2.057335919975941,8.205298653920662,9.792018227829976,0.9902494620887684,-26.43352344065505
108.1332369485804,2.1884738168972007,8.205298653920662,9.792018227829976,0.9951901878153583,-24.886496903902874
66.04492071469456,2.016939572596087,8.205298653920662,9.792018227829976,0.9914173970574087,-25.96576039307039
109.0963422929124,2.186713088001341,8.205298653920662,9.792018227829976,0.9955054297343602,-24.765904504485132
68.08182737032372,2.0709217241793567,8.205298653920662,9.792018227829976,0.9922514037479079,-25.672576299678184
109.67160189181686,2.207581527149344,8.205298653920662,9.792018227829976,0.9963951516603908,-24.44539668359707
88.39772968515398,2.334596125713276,8.205298653920662,9.792018227829976,0.995769124994832,-24.53924597431912
103.05228887516188,2.206336872054109,8.205298653920662,9.792018227829976,0.9938808624143001,-25.304070371126052
80.98047006490985,2.151721762117475,8.205298653920662,9.792018227829976,0.9906870794605774,-26.30480364844434
109.9162829784331,2.19337658077076,8.205298653920662,9.792018227829976,0.9960218058812316,-24.565848253508943
103.54301882840636,2.204853882316769,8.205298653920662,9.792018227829976,0.993950168744624,-25.269876211147484
80.75622791381548,2.1499220956125957,8.205298653920662,9.792018227829976,0.9906352341606729,-26.3102556045067
66.91910489088062,2.0038825362060635,8.205298653920662,9.792018227829976,0.9903008357451282,-26.308991989871572
78.7941875606532,2.2541427403566985,8.205298653920662,9.792018227829976,0.9942740883266671,-24.93984136448232
99.95867318606538,2.213752577703602,8.205298653920662,9.792018227829976,0.9930890925473219,-25.49812174531979
67.03849106143653,2.0451482125482983,8.205298653920662,9.792018227829976,0.9916441845413507,-25.80119865710657
109.43748619724704,2.212917881756169,8.205298653920662,9.792018227829976,0.9962237167885208,-24.421895693669896
82.1936850048455,2.1613402013702085,8.205298653920662,9.792018227829976,0.9905786501900219,-26.269939934709257
70.631351678685,2.0461163145802037,8.205298653920662,9.792018227829976,0.9899407260481062,-26.423020796185927
84.87033567749972,2.1796621789943487,8.205298653920662,9.792018227829976,0.9908456311220541,-26.1875771592465
79.08765222703711,2.2576861428466515,8.205298653920662,9.792018227829976,0.9942543157445909,-24.9256591274187
67.89529397333864,2.014240959473838,8.205298653920662,9.792018227829976,0.9900379661487276,-26.3599770089011
68.59905457757165,2.0222426283637134,8.205298653920662,9.792018227829976,0.9899661886914353,-26.384717732603985
95.02029287255034,2.215758383591563,8.205298653920662,9.792018227829976,0.9921424324966922,-25.76553882263328
92.25891078256645,2.344531021730916,8.205298653920662,9.792018227829976,0.9958135032889159,-24.42588125256879
66.19920564527514,1.9995671847400445,8.205298653920662,9.792018227829976,0.9902685231500524,-26.22249960319463
72.7265857331754,2.0706368607314687,8.205298653920662,9.792018227829976,0.9898156978271082,-26.428378914363698
87.44452328580282,2.3297993173508047,8.205298653920662,9.792018227829976,0.9952439868513749,-24.57489628361099
105.86428632861283,2.271090298684314,8.205298653920662,9.792018227829976,0.9963868985804866,-24.273771150923803
91.34058606170156,2.3432179886513893,8.205298653920662,9.792018227829976,0.9956370157707054,-24.45187246272723
94.97137361073896,2.343794224715353,8.205298653920662,9.792018227829976,0.9959558755180985,-24.360569527296523
109.78014369887092,2.2004764878094534,8.205298653920662,9.792018227829976,0.9957636132610538,-24.507635756340786
67.59656316056854,2.011391005556419,8.205298653920662,9.792018227829976,0.9898519167243293,-26.341053299892593
76.05395945371053,2.21684417228181,8.205298653920662,9.792018227829976,0.9934838040778301,-25.090061111364392
109.49113997598018,2.1893458991720536,8.205298653920662,9.792018227829976,0.9952043541658455,-24.676540200179556
67.46491677391742,2.05530382768562,8.205298653920662,9.792018227829976,0.9914590747080908,-25.75400919402834
65.91788575961654,2.0030359728398253,8.205298653920662,9.792018227829976,0.9903753786674836,-26.1201015844016
102.1504310206456,2.309273330916554,8.205298653920662,9.792018227829976,0.9962053386961304,-24.261929807662575
98.22312941856872,2.2161519834179444,8.205298653920662,9.792018227829976,0.9924082879918606,-25.594291201371053
109.6100768211426,2.1906872212670123,8.205298653920662,9.792018227829976,0.9952331618113207,-24.643265841208635
106.0026140420392,2.19690444772165,8.205298653920662,9.792018227829976,0.9939561948113489,-25.075744796325925
108.27991024251033,2.189373375256281,8.205298653920662,9.792018227829976,0.9945933099445129,-24.855339913693328
83.92903012262363,2.173908445300057,8.205298653920662,9.792018227829976,0.9903613408916633,-26.214589440414695
108.68685894470562,2.1887048721396383,8.205298653920662,9.792018227829976,0.9947084530578368,-24.803967923741148
108.67991328446084,2.2278327677244363,8.205298653920662,9.792018227829976,0.9958773964640266,-24.369543396804996
109.75086519287537,2.198073712940157,8.205298653920662,9.792018227829976,0.995411192326685,-24.53891813499467
109.62431414891113,2.1916582894916843,8.205298653920662,9.792018227829976,0.9951432235405478,-24.630170847097975
89.20198518881135,2.201961464099469,8.205298653920662,9.792018227829976,0.9909162588174141,-26.02421901363069
106.23664560563812,2.19622555995835,8.205298653920662,9.792018227829976,0.9938844471615214,-25.05389913076535
109.64804029755491,2.203948686950781,8.205298653920662,9.792018227829976,0.9955060776400473,-24.489268488026163
109.6865164946002,2.193577312115764,8.205298653920662,9.792018227829976,0.9951634372158841,-24.59909355605472
66.15477533568642,2.001246762660585,8.205298653920662,9.792018227829976,0.9899647990834927,-26.191531679308945
94.19550696377677,2.215216798003027,8.205298653920662,9.792018227829976,0.9915359156096225,-25.801753573104964
83.87154722533356,2.173649275871199,8.205298653920662,9.792018227829976,0.9901885800629201,-26.214902837794416
109.12191701134724,2.2183039324867053,8.205298653920662,9.792018227829976,0.9956259514293383,-24.40961084082135
72.7843960472171,2.163934684916711,8.205298653920662,9.792018227829976,0.9925023493713836,-25.297350989493232
88.85599554774062,2.20066554002274,8.205298653920662,9.792018227829976,0.9907317788545501,-26.036871578533432
105.76724887125592,2.198101293930179,8.205298653920662,9.792018227829976,0.993641283046615,-25.091412676342493
65.98863364673088,2.007415565027671,8.205298653920662,9.792018227829976,0.9901836632370432,-26.077502350851333
99.65307192401022,2.214825798029452,8.205298653920662,9.792018227829976,0.9923522864371133,-25.50927771311471
84.43552044227572,2.310148836500616,8.205298653920662,9.792018227829976,0.9943372828732769,-24.69158604243067
106.6790679684883,2.259557353253541,8.205298653920662,9.792018227829976,0.9957824448465555,-24.296540691548767
94.30468741611809,2.215512625205932,8.205298653920662,9.792018227829976,0.9913539524766343,-25.79465704147918
80.29590064882684,2.2711302090252303,8.205298653920662,9.792018227829976,0.9936462696477671,-24.873408709035974
68.96000455518094,2.0274690716920247,8.205298653920662,9.792018227829976,0.9892120926338095,-26.38118365404748
66.55409327825286,2.0295079915894405,8.205298653920662,9.792018227829976,0.9904676162850352,-25.90589051372836
66.78768136227265,2.036227627602301,8.205298653920662,9.792018227829976,0.9905329499069522,-25.86587431034523
107.59493502323936,2.192230033203444,8.205298653920662,9.792018227829976,0.9938487058315484,-24.919219596793564
89.3008887652697,2.2026822047764085,8.205298653920662,9.792018227829976,0.9904795598171537,-26.01629457013042
89.2534185018431,2.337084323053148,8.205298653920662,9.792018227829976,0.9946489655311556,-24.520640897069597
109.1361713389437,2.1903344403101386,8.205298653920662,9.792018227829976,0.9944183309966281,-24.719021658580452
66.41814795077164,2.00319565442058,8.205298653920662,9.792018227829976,0.9894881624105346,-26.218946283273166
93.94699659048536,2.2151926560479183,8.205298653920662,9.792018227829976,0.9910814252019035,-25.810001370367978
66.39650733819134,2.023876254708796,8.205298653920662,9.792018227829976,0.9901870819708378,-25.946862197573545
96.74488853464948,2.2172656355059246,8.205298653920662,9.792018227829976,0.9914902593047361,-25.668298532683927
73.24948094155268,2.077364354172275,8.205298653920662,9.792018227829976,0.9889836005634564,-26.41648787650234
85.86090691793285,2.3199639693387155,8.205298653920662,9.792018227829976,0.9941547362737073,-24.63915733463177
92.58543136926096,2.2127526743971373,8.205298653920662,9.792018227829976,0.9908283728745235,-25.873513953283265
107.26825384879858,2.250518633829799,8.205298653920662,9.792018227829976,0.995410252721488,-24.31762483440075
106.3309136819943,2.196645211187331,8.205298653920662,9.792018227829976,0.9933691952968648,-25.037079155627218
83.19623284526588,2.169403835364633,8.205298653920662,9.792018227829976,0.9896191503161142,-26.231115523010562
93.4388700815775,2.344255735792416,8.205298653920662,9.792018227829976,0.9948758753967604,-24.403724388424617
96.56711575504004,2.33955058177429,8.205298653920662,9.792018227829976,0.9951108178891152,-24.33615157015247
66.16073296609592,2.0131864310188945,8.205298653920662,9.792018227829976,0.9897664666818103,-26.037456553169662
67.54956936471893,2.012602448171947,8.205298653920662,9.792018227829976,0.9889886483942021,-26.31629450400991
109.09729199638326,2.19113190382231,8.205298653920662,9.792018227829976,0.9941610110513003,-24.715841994390402
91.30649089104044,2.342371443014926,8.205298653920662,9.792018227829976,0.9945716937560565,-24.46104087952191
81.42941149154257,2.282846797871642,8.205298653920662,9.792018227829976,0.9933258738967888,-24.824684274530156
69.32715216422126,2.096349912109148,8.205298653920662,9.792018227829976,0.9909919185789567,-25.577098832636946
66.37978951190331,2.004764612203715,8.205298653920662,9.792018227829976,0.9891789493941204,-26.190773309424827
73.38466060963225,2.173576788738359,8.205298653920662,9.792018227829976,0.9918394073890358,-25.265555917762153
67.11292957532856,2.0439884232223307,8.205298653920662,9.792018227829976,0.9901434399442023,-25.830020871942185
75.67912668089572,2.10394231368133,8.205298653920662,9.792018227829976,0.9886894322261397,-26.392278046219317
66.21090547676233,2.007237535923892,8.205298653920662,9.792018227829976,0.989249401792052,-26.124687299642133
109.49476056216623,2.2014619285437647,8.205298653920662,9.792018227829976,0.9944087057402724,-24.540247037877666
91.14483159289048,2.209382710922611,8.205298653920662,9.792018227829976,0.9902042788117316,-25.93418563852634
82.4527207563586,2.164346113619729,8.205298653920662,9.792018227829976,0.9891699370106538,-26.24946437718608
107.65248605708877,2.243770104656676,8.205298653920662,9.792018227829976,0.9949241194053414,-24.339332629734425
72.95687770033011,2.0745224200544925,8.205298653920662,9.792018227829976,0.9885243577680192,-26.411656731091288
71.35143454799673,2.136856576082096,8.205298653920662,9.792018227829976,0.9912756919325215,-25.411254851388616
105.53042572785893,2.2000423012555075,8.205298653920662,9.792018227829976,0.9927436328313428,-25.098329718324198
84.94626331154353,2.3133420056575176,8.205298653920662,9.792018227829976,0.9935638380078368,-24.6779561929074
89.32688584575602,2.336905673264397,8.205298653920662,9.792018227829976,0.9940605134447548,-24.522903978132675
68.56352109766739,2.0791307781612147,8.205298653920662,9.792018227829976,0.990468952286785,-25.65685362079804
93.73274310865328,2.2153058977824003,8.205298653920662,9.792018227829976,0.9904829870428239,-25.815161121672944
67.30415334914801,2.011031210599768,8.205298653920662,9.792018227829976,0.9886783744099479,-26.289993012609713
109.23970972229613,2.211389398841064,8.205298653920662,9.792018227829976,0.9944518993749236,-24.46839127153369
109.4471871871684,2.202548812616456,8.205298653920662,9.792018227829976,0.9942597788749417,-24.53534464064925
79.49543894604082,2.140618582002375,8.205298653920662,9.792018227829976,0.9887602359806114,-26.323527908782133
66.33828574209056,2.0179971254485167,8.205298653920662,9.792018227829976,0.9893103548487286,-26.01085508262365
107.72562089033865,2.19324539812618,8.205298653920662,9.792018227829976,0.9931609529566182,-24.889607804352014
89.03749190020744,2.2021966531983,8.205298653920662,9.792018227829976,0.9896916457090561,-26.020293248412816
86.39008513484434,2.1896953964584758,8.205298653920662,9.792018227829976,0.9893518605064053,-26.12053629203962
101.70558628210092,2.311488455664147,8.205298653920662,9.792018227829976,0.9947390402192672,-24.278478561190045
82.04050939985397,2.16147792073042,8.205298653920662,9.792018227829976,0.9888585281120987,-26.25854540844611
73.62520008386664,2.177273263951065,8.205298653920662,9.792018227829976,0.9914819061695419,-25.254057493673574
76.79139208943657,2.226148567498157,8.205298653920662,9.792018227829976,0.9920460164438683,-25.063031944345383
108.99983337742312,2.192935171787724,8.205298653920662,9.792018227829976,0.9935771941899446,-24.710035954235117
108.82763856238827,2.2211558533067404,8.205298653920662,9.792018227829976,0.9943810866882699,-24.421374802858416
71.3508369970688,2.136497021895252,8.205298653920662,9.792018227829976,0.990946933894292,-25.415439909975575
68.70079226537801,2.025973613849999,8.205298653920662,9.792018227829976,0.9882643805732643,-26.3544344185321
80.13683051636353,2.2685037995327377,8.205298653920662,9.792018227829976,0.9925225538455892,-24.890272700874775
107.58173873665532,2.193914640340381,8.205298653920662,9.792018227829976,0.9929581891431583,-24.90191262152747
99.86657452807285,2.324158811473083,8.205298653920662,9.792018227829976,0.9945312605694426,-24.294306909685773
66.29337960772443,2.0108648720229354,8.205298653920662,9.792018227829976,0.9889021973245756,-26.094101436106484
95.1409609069964,2.217265561818337,8.205298653920662,9.792018227829976,0.9903837357304234,-25.743212846735343
103.611076325292,2.2068575936755934,8.205298653920662,9.792018227829976,0.9919112910443121,-25.239702463641407
107.78975123005442,2.24069069889984,8.205298653920662,9.792018227829976,0.9944518707379125,-24.354113964547636
67.59102811509634,2.055292713592223,8.205298653920662,9.792018227829976,0.9897571189984858,-25.777606938484517
106.51640056246649,2.2600308870842127,8.205298653920662,9.792018227829976,0.9945140535470004,-24.312017820260195
67.07276125903576,2.009991560451894,8.205298653920662,9.792018227829976,0.9883862501793135,-26.258944035227337
74.86766394229768,2.1973285648360275,8.205298653920662,9.792018227829976,0.9915276303378884,-25.177224525837207
107.3698325886872,2.2474033535326043,8.205298653920662,9.792018227829976,0.9944351958527812,-24.337857220195097
69.96053654814528,2.108766845821407,8.205298653920662,9.792018227829976,0.9904449249293998,-25.531065948457645
107.01566065946746,2.19572880144527,8.205298653920662,9.792018227829976,0.9926748248116063,-24.958026866445618
105.07571807265808,2.2783910154646776,8.205298653920662,9.792018227829976,0.9945088055747059,-24.28837296873956
89.52105123585454,2.3371710674281445,8.205298653920662,9.792018227829976,0.9935427443485605,-24.520956303666157
105.9819301573941,2.267083643767961,8.205298653920662,9.792018227829976,0.9944246163739952,-24.302407972493878
106.95421928070962,2.1960316683313152,8.205298653920662,9.792018227829976,0.9925890684201477,-24.962761502862925
103.17491590653091,2.2984123832361405,8.205298653920662,9.792018227829976,0.9944269937554009,-24.27878055347439
90.33603019537809,2.339545271484482,8.205298653920662,9.792018227829976,0.9935539200819948,-24.49652047452656
72.23046251550798,2.066948501251261,8.205298653920662,9.792018227829976,0.9878730796214645,-26.403239706787677
106.2486347251605,2.2633883052046286,8.205298653920662,9.792018227829976,0.9943018067870419,-24.30934896905338
85.50422048015295,2.185058558015541,8.205298653920662,9.792018227829976,0.9887821046470289,-26.147278541079732
94.45044882890936,2.216813744270638,8.205298653920662,9.792018227829976,0.9899490550312343,-25.77450481458644
81.00796412813563,2.277715727268827,8.205298653920662,9.792018227829976,0.992266909368647,-24.8523231220617
97.08384210693768,2.336980380134833,8.205298653920662,9.792018227829976,0.993994727276018,-24.33661654376837
75.68713553618102,2.104733894309476,8.205298653920662,9.792018227829976,0.9878862077831347,-26.383297664578862
101.12481980741052,2.2136545306149173,8.205298653920662,9.792018227829976,0.9910596950504382,-25.402849715778846
78.0719810954728,2.1282630706517978,8.205298653920662,9.792018227829976,0.9879926184086733,-26.34615282886105
96.91553205521454,2.3374874527224137,8.205298653920662,9.792018227829976,0.9939161497201573,-24.34011731992238
102.63069280764132,2.303157478424964,8.205298653920662,9.792018227829976,0.994172910086548,-24.281564928053804
93.38341888002608,2.3433205743143333,8.205298653920662,9.792018227829976,0.9936425455178032,-24.414866263734716
83.70044698434279,2.302998760104316,8.205298653920662,9.792018227829976,0.9925113842880151,-24.73520856995
71.07082552563872,2.130475773320711,8.205298653920662,9.792018227829976,0.9902885529323839,-25.44489491252618
73.22966325057938,2.0784479825651943,8.205298653920662,9.792018227829976,0.9876549918734547,-26.399971129055135
108.58657577253491,2.1939088185929734,8.205298653920662,9.792018227829976,0.992823721421258,-24.75977252623512
71.94467463560902,2.146977847922443,8.205298653920662,9.792018227829976,0.9904578009587792,-25.378535223136694
84.37618896775533,2.3083787795670645,8.205298653920662,9.792018227829976,0.9925531655091243,-24.708003004843377
105.70991624527964,2.270071999883413,8.205298653920662,9.792018227829976,0.9940407440149147,-24.30315985282106
107.82489788425283,2.194497145803709,8.205298653920662,9.792018227829976,0.9924865904348443,-24.861603491336506
76.34129940100152,2.1115833280198046,8.205298653920662,9.792018227829976,0.98771726854927,-26.372644410371322
99.41367899993728,2.2167774803954785,8.205298653920662,9.792018227829976,0.9904916758281989,-25.504720389580896
100.15223418518984,2.3217759101416107,8.205298653920662,9.792018227829976,0.9938596982500854,-24.297836623286404
75.1836139018446,2.099735316831385,8.205298653920662,9.792018227829976,0.9875899930282989,-26.385759998855267
107.74493653779888,2.2401356820844285,8.205298653920662,9.792018227829976,0.9937572471065853,-24.366251111283336
90.56828133165511,2.339782170163957,8.205298653920662,9.792018227829976,0.9931111509365864,-24.493258080462134
78.7537453692305,2.134768127008357,8.205298653920662,9.792018227829976,0.9877674448494361,-26.33006884674787
91.70596351530138,2.2117811324619367,8.205298653920662,9.792018227829976,0.9891936562829013,-25.89976450931426
90.02369002930789,2.2065842191810106,8.205298653920662,9.792018227829976,0.9889539347109688,-25.97224250708656
66.48414206841244,2.0172981596291777,8.205298653920662,9.792018227829976,0.9883136183404708,-26.048803119678343
91.40094354117596,2.3414556584567805,8.205298653920662,9.792018227829976,0.9931416243089239,-24.469649428304532
108.87895606457192,2.216934121656692,8.205298653920662,9.792018227829976,0.9934519865441446,-24.46037537367046
102.9590187892243,2.2998339470159834,8.205298653920662,9.792018227829976,0.993843587810544,-24.285011390837393
90.7072051140435,2.2089228880496847,8.205298653920662,9.792018227829976,0.988985751250669,-25.94278421743403
68.41499287462979,2.024173817218994,8.205298653920662,9.792018227829976,0.9875034246979364,-26.3262323649217
88.26019853014624,2.199619667212445,8.205298653920662,9.792018227829976,0.9886295863553292,-26.042428008871187
97.57600362622895,2.2184834811448013,8.205298653920662,9.792018227829976,0.9899817967890441,-25.607506337409944
99.40079648977068,2.2169731943765214,8.205298653920662,9.792018227829976,0.9902912147196294,-25.503419985969824
98.15368536955826,2.332371779747959,8.205298653920662,9.792018227829976,0.993567897282664,-24.32384739256882
68.04326943733913,2.020448846609739,8.205298653920662,9.792018227829976,0.9874832374936107,-26.306496508725996
109.05422598257844,2.210929277419865,8.205298653920662,9.792018227829976,0.9932252720700679,-24.501004333091362
102.28406274589928,2.3057161515782525,8.205298653920662,9.792018227829976,0.993704767067358,-24.287071971819355
82.08014672888746,2.288145411878773,8.205298653920662,9.792018227829976,0.9918882094917655,-24.80802430589203
68.19525698856185,2.0220534048161056,8.205298653920662,9.792018227829976,0.9874325693934809,-26.313648163394493
82.05268780448118,2.162351137825425,8.205298653920662,9.792018227829976,0.9878460041922205,-26.248725989157943
105.00631364992232,2.203430559303172,8.205298653920662,9.792018227829976,0.9913746062592508,-25.122408401762506
100.13460858173052,2.216033311318739,8.205298653920662,9.792018227829976,0.9902945310494355,-25.458038863476123
66.70139592838385,2.011839191459132,8.205298653920662,9.792018227829976,0.9877298452361232,-26.16236371890885
89.46754080929567,2.33635370323384,8.205298653920662,9.792018227829976,0.9926819107020165,-24.529327903152577
107.3887292654393,2.19626331368201,8.205298653920662,9.792018227829976,0.9919339944416846,-24.90170679323054
109.007736801526,2.2116060405155338,8.205298653920662,9.792018227829976,0.9930741935373769,-24.500366689832976
108.8145610103426,2.217507071670113,8.205298653920662,9.792018227829976,0.9931731738075478,-24.463441733524014
81.2227813087495,2.156013421795848,8.205298653920662,9.792018227829976,0.9876592056363502,-26.269855794353305
108.46621177462896,2.225696221182531,8.205298653920662,9.792018227829976,0.9932673838357836,-24.423514990068192
74.86229513986235,2.1963726210963728,8.205298653920662,9.792018227829976,0.9905479775221886,-25.187538851958205
108.90906111860691,2.214661260057184,8.205298653920662,9.792018227829976,0.9930909573970151,-24.48106310366996
66.5787101495339,2.019051140999238,8.205298653920662,9.792018227829976,0.9879524032906469,-26.04485322682412
106.96736114703518,2.2518493300281506,8.205298653920662,9.792018227829976,0.9934020801139293,-24.34260161505625
96.27304217839972,2.338813141051886,8.205298653920662,9.792018227829976,0.9931558386428144,-24.357883991509286
74.93190037931707,2.1973780432400787,8.205298653920662,9.792018227829976,0.990459993869641,-25.184275247595888
96.38087685068088,2.3384914191668287,8.205298653920662,9.792018227829976,0.9931303918456877,-24.356150060826213
107.9804265944399,2.1955573242588287,8.205298653920662,9.792018227829976,0.9919914412128427,-24.82782337298659
72.2288217613379,2.067870050338527,8.205298653920662,9.792018227829976,0.9869945427473146,-26.391235957217503
96.80587039830488,2.2189244416642997,8.205298653920662,9.792018227829976,0.9895002385563051,-25.64587607527015
98.07189010629769,2.218563303036376,8.205298653920662,9.792018227829976,0.9896862698375279,-25.576150671586397
82.27134385654075,2.164243679614941,8.205298653920662,9.792018227829976,0.9875388015672593,-26.239564591154423
90.39866642291214,2.208282776656944,8.205298653920662,9.792018227829976,0.9884659271457512,-25.951649160049975
71.56443574257979,2.139040652243679,8.205298653920662,9.792018227829976,0.9895899808572906,-25.41699381689908
105.0119698400058,2.203890271088696,8.205298653920662,9.792018227829976,0.9910093421126148,-25.116505868670746
96.41485148189491,2.338258472953044,8.205298653920662,9.792018227829976,0.992964328065716,-24.356955623617296
77.97240818027007,2.240979125531624,8.205298653920662,9.792018227829976,0.9907546327626153,-25.012404484993915
76.7864228760987,2.1167009479657395,8.205298653920662,9.792018227829976,0.9869615894268828,-26.35778582100568
78.001778258205,2.2413259874619627,8.205298653920662,9.792018227829976,0.9907132458222379,-25.01126363671808
73.89967612627636,2.180376293840837,8.205298653920662,9.792018227829976,0.989939728382073,-25.253342600429235
71.30275289749189,2.057626443542105,8.205298653920662,9.792018227829976,0.9867279986236362,-26.381708620487846
78.72915262226186,2.1351597683785712,8.205298653920662,9.792018227829976,0.9870181228596606,-26.322992238264415
93.4241879452436,2.342468177553201,8.205298653920662,9.792018227829976,0.9925503549293166,-24.422711966370798
108.40189342000298,2.1965618280216006,8.205298653920662,9.792018227829976,0.9918578275845956,-24.756559090865622
67.3240476892824,2.044610945302012,8.205298653920662,9.792018227829976,0.9880305666103208,-25.86215076187172
79.92589576172045,2.2648544288245773,8.205298653920662,9.792018227829976,0.9908927032551526,-24.914231057671962
90.71838895958663,2.33946794292126,8.205298653920662,9.792018227829976,0.9922425317151257,-24.49582545137936
72.70068630355696,2.0735738259431287,8.205298653920662,9.792018227829976,0.9866369523653717,-26.387250383387784
84.21607496685249,2.178040837106209,8.205298653920662,9.792018227829976,0.9874104262076544,-26.17848958308838
98.28387853526652,2.3311175102711985,8.205298653920662,9.792018227829976,0.9927944999037059,-24.328941569489057
108.97574621535084,2.2036175074019724,8.205298653920662,9.792018227829976,0.9922222761485381,-24.59386670696301
78.29407524465046,2.2449303322366347,8.205298653920662,9.792018227829976,0.9905336725835145,-24.99787600579164
72.38626219968131,2.0701250862658327,8.205298653920662,9.792018227829976,0.9865556397944323,-26.385618143318187
108.75598872207844,2.216152492117118,8.205298653920662,9.792018227829976,0.9924672989367023,-24.486900149577142
105.26590742015873,2.2035495542766483,8.205298653920662,9.792018227829976,0.9907208272526599,-25.09028390766757
100.3115726060526,2.3197943001791543,8.205298653920662,9.792018227829976,0.9928227204921803,-24.30637662373342
73.37396287043686,2.171247561833354,8.205298653920662,9.792018227829976,0.9895822602055546,-25.2912371627256
78.34956841132694,2.245564121809068,8.205298653920662,9.792018227829976,0.9904474486662348,-24.99582761372877
104.49133041056392,2.206078932812133,8.205298653920662,9.792018227829976,0.9904629657042756,-25.151707787422275
70.0905467213495,2.0441300413332613,8.205298653920662,9.792018227829976,0.9864916447073184,-26.35974795364547
76.7786515530733,2.116953173454519,8.205298653920662,9.792018227829976,0.986584475424954,-26.353807282787514
102.81164872449092,2.300078720638325,8.205298653920662,9.792018227829976,0.9927734729054374,-24.29672024848804
107.90317458516031,2.1971313741652096,8.205298653920662,9.792018227829976,0.991366536215891,-24.820878989606246
76.95734018512815,2.118737018193997,8.205298653920662,9.792018227829976,0.9865632100608945,-26.35079452560843
66.86544026282297,2.0281370741422933,8.205298653920662,9.792018227829976,0.9873926267663937,-25.984104507737307
108.14569835296282,2.2299798389360035,8.205298653920662,9.792018227829976,0.9924374256082821,-24.4217783782384
66.79952593000723,2.0242878421580457,8.205298653920662,9.792018227829976,0.9872374542922969,-26.020680159476466
108.17631334705014,2.197347671238518,8.205298653920662,9.792018227829976,0.9914171380688147,-24.77993353401089
69.94513208209717,2.042684424076583,8.205298653920662,9.792018227829976,0.9863550914147691,-26.354062905289588
85.09401598325522,2.183778939734026,8.205298653920662,9.792018227829976,0.9872033514140398,-26.147194472529254
68.1316163596064,2.023345257111401,8.205298653920662,9.792018227829976,0.9864876350630429,-26.285152812209414
108.87151318362018,2.2036945013439606,8.205298653920662,9.792018227829976,0.9918248663871209,-24.60835113184834
72.48139342243249,2.155225545853085,8.205298653920662,9.792018227829976,0.9890764459073652,-25.35755268738646
67.0023976779565,2.016347724835597,8.205298653920662,9.792018227829976,0.9867096419997848,-26.162584663030962
66.95874894051337,2.016502822256044,8.205298653920662,9.792018227829976,0.9867350882969544,-26.152107047971562
98.0829152027265,2.33165024332898,8.205298653920662,9.792018227829976,0.9923557935134979,-24.33565773502445
108.61187091601856,2.218523271012685,8.205298653920662,9.792018227829976,0.9921094645733036,-24.48156111167207
66.90163556139346,2.017000479837378,8.205298653920662,9.792018227829976,0.9867690728581897,-26.13455918197935
101.86156059030937,2.2136400437885584,8.205298653920662,9.792018227829976,0.9896020450040842,-25.336685222303323
71.54181193902701,2.061063954807409,8.205298653920662,9.792018227829976,0.9861188477766055,-26.374687955919143
99.79554422449104,2.3226223845348386,8.205298653920662,9.792018227829976,0.9923404120252196,-24.315592011546062
85.69748359346852,2.316621146064349,8.205298653920662,9.792018227829976,0.9910760622655741,-24.6694981089115
76.75546945189714,2.223675373676386,8.205298653920662,9.792018227829976,0.9897067659535286,-25.08719613355602
67.06059977021955,2.0338344328800417,8.205298653920662,9.792018227829976,0.9871205530190488,-25.94890399655208
95.26253976310224,2.340157478069344,8.205298653920662,9.792018227829976,0.9919630500772246,-24.38730610550676
71.06054928873026,2.1282338376428385,8.205298653920662,9.792018227829976,0.9884857575664417,-25.470119723941025
73.54137607261367,2.1735395139882456,8.205298653920662,9.792018227829976,0.9890319459388148,-25.28651646421854
87.34731200725324,2.196424831124517,8.205298653920662,9.792018227829976,0.9870960115389251,-26.06435833561899
66.86634229133753,2.0218519970592723,8.205298653920662,9.792018227829976,0.9867079998786564,-26.065019657318516
84.13350217087427,2.1780387817468494,8.205298653920662,9.792018227829976,0.9867069627073413,-26.174665552998334
98.1116147849926,2.331275782201459,8.205298653920662,9.792018227829976,0.9920707333914612,-24.337830005443422
67.05690951633949,2.0177872199693923,8.205298653920662,9.792018227829976,0.9864286358725517,-26.154473073015474
68.4214122092772,2.0269394495902446,8.205298653920662,9.792018227829976,0.9860726890575713,-26.29149198067775
84.58329919860856,2.308578422657945,8.205298653920662,9.792018227829976,0.9907436236026221,-24.71449998408203
67.39550455388613,2.018588533242905,8.205298653920662,9.792018227829976,0.9862535614295348,-26.209038792998673
96.17887799586356,2.219774047091548,8.205298653920662,9.792018227829976,0.9882521327812824,-25.668010781402735
71.64413383937648,2.1393129546393226,8.205298653920662,9.792018227829976,0.988481451204256,-25.42551941505514
92.26278894761847,2.2144701835800333,8.205298653920662,9.792018227829976,0.9876181660242771,-25.859620786551
97.32010054186011,2.2198812237611065,8.205298653920662,9.792018227829976,0.9884057729831182,-25.60633756923159
89.19030093964781,2.204732695976986,8.205298653920662,9.792018227829976,0.9871759021346206,-25.991449699705143
104.8301113005676,2.205907285093573,8.205298653920662,9.792018227829976,0.9898742313251808,-25.11478437042659
100.26883309431936,2.3193107535978186,8.205298653920662,9.792018227829976,0.9920008148876424,-24.31473413128621
68.73769000222852,2.0785061446571262,8.205298653920662,9.792018227829976,0.9875466954633886,-25.69507333967031
90.07528108013211,2.208124854198502,8.205298653920662,9.792018227829976,0.9871890076031413,-25.954110142779438
67.81555654203522,2.055488516308202,8.205298653920662,9.792018227829976,0.9871343926967485,-25.816604878735927
95.01342320802073,2.340278987100106,8.205298653920662,9.792018227829976,0.9915817935170239,-24.39557609357024
108.15917709220696,2.1995215584790486,8.205298653920662,9.792018227829976,0.9907519476730662,-24.75788421274189
85.23728313580837,2.313130111961684,8.205298653920662,9.792018227829976,0.9905482335207302,-24.69098297892416
67.97493836035217,2.059579138890044,8.205298653920662,9.792018227829976,0.9871489990920255,-25.794477941907914
91.29500782583273,2.2120904305212576,8.205298653920662,9.792018227829976,0.987271990262814,-25.90101081091874
76.56628952806454,2.2205739625320438,8.205298653920662,9.792018227829976,0.9892050938377216,-25.102556699881628
86.65763476576012,2.193196818607916,8.205298653920662,9.792018227829976,0.9866441093503019,-26.086253821310713
101.58752421777812,2.309549803420836,8.205298653920662,9.792018227829976,0.9917910441875788,-24.309169429432227
70.18117955180003,2.046468465410115,8.205298653920662,9.792018227829976,0.9855391142161392,-26.344692094967954
104.2223912053242,2.2081152949135685,8.205298653920662,9.792018227829976,0.9894319287400902,-25.15873192360181
96.69038897633952,2.336229389341881,8.205298653920662,9.792018227829976,0.9915204566362614,-24.364635967098973
98.13937789230827,2.2198354133382736,8.205298653920662,9.792018227829976,0.9882115237788816,-25.55721346561854
80.92396799791315,2.154978409330411,8.205298653920662,9.792018227829976,0.9859321360080231,-26.260945826286388
108.48646748280488,2.218399111180588,8.205298653920662,9.792018227829976,0.9913055977127978,-24.500917954367004
78.6422147900774,2.248344603131244,8.205298653920662,9.792018227829976,0.989359249610523,-24.990897303815235
67.51247884342536,2.0461184930204865,8.205298653920662,9.792018227829976,0.9866713294711529,-25.878474956659634
99.39031160468686,2.324288698646683,8.205298653920662,9.792018227829976,0.9915425674941337,-24.327231698368372
108.38064065848404,2.2016821070586303,8.205298653920662,9.792018227829976,0.9906212367024968,-24.70205925209345
108.53894173426642,2.215682721232156,8.205298653920662,9.792018227829976,0.9911023914197513,-24.523419053258444
69.42245116830229,2.0933096200252805,8.205298653920662,9.792018227829976,0.9873004320008429,-25.63027014815926
71.04190305999688,2.126971854783349,8.205298653920662,9.792018227829976,0.9877217663010127,-25.48237744641281
107.82382395947664,2.2333229879269254,8.205298653920662,9.792018227829976,0.9912891813447746,-24.429750307530558
108.02589083600888,2.2004451553766984,8.205298653920662,9.792018227829976,0.9903406987635067,-24.766313183557138
67.99959915936064,2.059320188854514,8.205298653920662,9.792018227829976,0.9867443188433337,-25.80220950920455
67.15090185123574,2.032466524359407,8.205298653920662,9.792018227829976,0.9861790533206719,-25.983649237958875
68.22246162269694,2.026635489723347,8.205298653920662,9.792018227829976,0.9853802117544619,-26.259163710432908
83.3617310207533,2.1735023838494243,8.205298653920662,9.792018227829976,0.9858013643211803,-26.19058907056098
87.00093465878757,2.195353364241185,8.205298653920662,9.792018227829976,0.9861948139677572,-26.06929265048649
72.29030355998935,2.070665799714817,8.205298653920662,9.792018227829976,0.9850990351910289,-26.36466802388189
95.23820055434815,2.2198591009702118,8.205298653920662,9.792018227829976,0.9873265687784694,-25.709188008019343
104.67217076557102,2.279187448564855,8.205298653920662,9.792018227829976,0.9913431200825026,-24.32535155770021
91.74553897459744,2.213789212036886,8.205298653920662,9.792018227829976,0.9867615892839569,-25.875744575456636
69.44141915562291,2.0932937722065503,8.205298653920662,9.792018227829976,0.9870144524190073,-25.63364822940647
81.06216868491988,2.27599723014346,8.205298653920662,9.792018227829976,0.9893423026501873,-24.87479022693263
102.9198754061293,2.2122929888217016,8.205298653920662,9.792018227829976,0.9886741887010957,-25.2494316779056
103.25978848558997,2.29420430257818,8.205298653920662,9.792018227829976,0.9912846596455746,-24.314828508154495
70.15269716993583,2.108530653751074,8.205298653920662,9.792018227829976,0.9871797675969904,-25.565016897852587
75.57250725045311,2.2053069810631314,8.205298653920662,9.792018227829976,0.9883804097657164,-25.16773736256974
108.50633334269511,2.206733890430968,8.205298653920662,9.792018227829976,0.9904119994429964,-24.627513306388117
69.59556324075366,2.0408514444746544,8.205298653920662,9.792018227829976,0.9850207566455929,-26.318482345860886
69.1628394513051,2.086900247126664,8.205298653920662,9.792018227829976,0.9868286852852874,-25.66495478006096
71.66276568999109,2.063940630134624,8.205298653920662,9.792018227829976,0.9848516013055515,-26.356443215067305
68.6187588264865,2.031030247666493,8.205298653920662,9.792018227829976,0.9849883481017379,-26.27414622132117
69.60622952717296,2.096546410131822,8.205298653920662,9.792018227829976,0.9868136601717825,-25.62140266887615
108.21037475044528,2.20303196730643,8.205298653920662,9.792018227829976,0.9900205764375574,-24.711198828737224
70.83146548560056,2.054703721357029,8.205298653920662,9.792018227829976,0.9848112570267213,-26.344782028678097
107.40989090761802,2.2013913928769853,8.205298653920662,9.792018227829976,0.9896285991941062,-24.840852185589732
92.75357046621092,2.3407410107527227,8.205298653920662,9.792018227829976,0.9904491986156726,-24.45616490809607
82.5150711501955,2.1678022084722954,8.205298653920662,9.792018227829976,0.9853248361778584,-26.211398280169778
79.58730970072014,2.1444360884534035,8.205298653920662,9.792018227829976,0.9850636869487113,-26.284467447388266
97.80612352978888,2.220709654263743,8.205298653920662,9.792018227829976,0.9873726277550835,-25.567976970190106
76.65837443546566,2.2210412032303566,8.205298653920662,9.792018227829976,0.9882477467841289,-25.106880563657526
74.19005546982703,2.1830477819766827,8.205298653920662,9.792018227829976,0.9877592137395865,-25.259026676672903
98.3781556811909,2.328873051213691,8.205298653920662,9.792018227829976,0.9907389155764852,-24.34650862536662
106.6502304283884,2.2027590469892147,8.205298653920662,9.792018227829976,0.9892206504055783,-24.92646325714821
92.37033475384315,2.215695916584295,8.205298653920662,9.792018227829976,0.9864127926342791,-25.84335982210398
96.3785106567069,2.3363631400172977,8.205298653920662,9.792018227829976,0.990560742073414,-24.378437225242106
69.84548055304548,2.1013318245928616,8.205298653920662,9.792018227829976,0.986604161815576,-25.6025421213061
75.11557171642244,2.197811310464388,8.205298653920662,9.792018227829976,0.9878183358301331,-25.20091434208953
98.2090682182716,2.2206673658661487,8.205298653920662,9.792018227829976,0.9872563314504189,-25.54318027406646
108.4089852327288,2.20901513871641,8.205298653920662,9.792018227829976,0.9899973334115159,-24.616048802068082
102.32255624464416,2.214392200537901,8.205298653920662,9.792018227829976,0.9879977619679474,-25.284462211783506
85.95896870664052,2.317033577587168,8.205298653920662,9.792018227829976,0.989419239272009,-24.67332129914496
71.30897723210916,2.060500411309434,8.205298653920662,9.792018227829976,0.9844433421728673,-26.345895897465788
81.7918419509222,2.162637745633077,8.205298653920662,9.792018227829976,0.9849597328736774,-26.22829661410975
108.31547264699236,2.2067507329164613,8.205298653920662,9.792018227829976,0.9897859137406481,-24.65464811140834
84.03061368002898,2.178563863154693,8.205298653920662,9.792018227829976,0.9851638758121087,-26.163489391816203
67.57416293736604,2.044301633049613,8.205298653920662,9.792018227829976,0.9855566286208769,-25.912992842010656
67.28582046502055,2.0310053094177647,8.205298653920662,9.792018227829976,0.9852123619467948,-26.028063652068333
67.77304547582622,2.0504727512515046,8.205298653920662,9.792018227829976,0.9856412392675071,-25.871892019901193
102.4713787363861,2.300807579248016,8.205298653920662,9.792018227829976,0.9905594347334792,-24.32140233604263
68.65822380507682,2.032369792630405,8.205298653920662,9.792018227829976,0.9845293053426692,-26.263910647497372
100.2466356892124,2.2186298572689798,8.205298653920662,9.792018227829976,0.9874363634832021,-25.41932344686524
69.91021523635307,2.10237650626037,8.205298653920662,9.792018227829976,0.9863808426807814,-25.600421040870444
106.01201216914214,2.204854938277208,8.205298653920662,9.792018227829976,0.9886704799125329,-24.984192809001918
86.83851232350895,2.1951899551663416,8.205298653920662,9.792018227829976,0.9853146941670254,-26.067255453341783
81.16884433064371,2.276437448616377,8.205298653920662,9.792018227829976,0.9885065521868284,-24.87722168336464
73.43190076386753,2.169783293844006,8.205298653920662,9.792018227829976,0.9871275542929953,-25.315925675520283
67.65261945798204,2.046085932610879,8.205298653920662,9.792018227829976,0.9853804753244768,-25.90501172081702
106.42491428571508,2.2040049784146305,8.205298653920662,9.792018227829976,0.9887465125654064,-24.94148560008742
102.07783981187768,2.215260563693945,8.205298653920662,9.792018227829976,0.9876728342891485,-25.29790675411813
92.96330341881108,2.2173229692629945,8.205298653920662,9.792018227829976,0.986086588743507,-25.811959827140562
73.95896976999194,2.0899216174304343,8.205298653920662,9.792018227829976,0.9842347238523278,-26.353680768056538
103.60553310588644,2.289709678894539,8.205298653920662,9.792018227829976,0.9904033817259678,-24.32744542997291
69.5823255241621,2.0419165606038803,8.205298653920662,9.792018227829976,0.984288971682669,-26.3024983185876
90.16055263124132,2.336058909963469,8.205298653920662,9.792018227829976,0.9895829258526304,-24.533384669904386
81.53926158358924,2.160915084756553,8.205298653920662,9.792018227829976,0.984664126470445,-26.23224889954739
67.54475558668007,2.0259792261834946,8.205298653920662,9.792018227829976,0.9846570396900433,-26.14170198062907
78.78554387314071,2.1378710387823503,8.205298653920662,9.792018227829976,0.9844103788288049,-26.294768438753646
69.21901821782392,2.086714653657424,8.205298653920662,9.792018227829976,0.9859448219212728,-25.67680275310771
101.05151594274628,2.217484533045635,8.205298653920662,9.792018227829976,0.9873671635320951,-25.365355316149824
68.96249540839058,2.080713096404196,8.205298653920662,9.792018227829976,0.9858366769466297,-25.706822565744183
99.9948597200731,2.3194037853199063,8.205298653920662,9.792018227829976,0.9902236492819488,-24.3345444126215
92.14844086672294,2.215612199170934,8.205298653920662,9.792018227829976,0.9858259410277688,-25.848285087292954
71.22615524928386,2.0600475947065178,8.205298653920662,9.792018227829976,0.9840828982219161,-26.338770226683682
74.65378597837783,2.0974556494997643,8.205298653920662,9.792018227829976,0.9841139691334636,-26.348685523546045
105.10021204525422,2.207568001245264,8.205298653920662,9.792018227829976,0.9882164201829231,-25.06429728563931
78.91820805331197,2.2505870157278167,8.205298653920662,9.792018227829976,0.9879601089801645,-24.989876909649528
68.16343545513854,2.060520753818153,8.205298653920662,9.792018227829976,0.9854486265309628,-25.81686951678857
95.67362399659788,2.3376112056634497,8.205298653920662,9.792018227829976,0.9898931649054693,-24.39709332058807
96.2275365162561,2.221387675398745,8.205298653920662,9.792018227829976,0.9863966806760172,-25.64700723891572
77.68263400659488,2.1278362835874844,8.205298653920662,9.792018227829976,0.984192303739262,-26.312999543251916
68.28217022842132,2.0635473039184973,8.205298653920662,9.792018227829976,0.9854386849487349,-25.80037247678693
76.16286315860626,2.2131787670372063,8.205298653920662,9.792018227829976,0.987410654059406,-25.143410659547758
98.95494610279306,2.2206129861690584,8.205298653920662,9.792018227829976,0.9868173638175616,-25.493670408069775
75.95106888972478,2.110942088766535,8.205298653920662,9.792018227829976,0.9840640186027885,-26.336377956414204
104.5116483882204,2.209336617968262,8.205298653920662,9.792018227829976,0.9879597739106576,-25.11233632734437
73.87304694363816,2.0892712867931493,8.205298653920662,9.792018227829976,0.9839716069846911,-26.350484026117837
76.79403522962974,2.22226744498974,8.205298653920662,9.792018227829976,0.9874724698170401,-25.107053571759614
79.34770842241531,2.2557161310180334,8.205298653920662,9.792018227829976,0.9879022886343996,-24.96898984949142
106.15301746224613,2.205132041819894,8.205298653920662,9.792018227829976,0.9883737349608791,-24.963336500535192
106.44246436849542,2.204536297206232,8.205298653920662,9.792018227829976,0.9884620731769628,-24.93322464200158
87.12500174676985,2.196919447316816,8.205298653920662,9.792018227829976,0.9850076343911709,-26.053612453363954
82.47708579251761,2.2890895631917374,8.205298653920662,9.792018227829976,0.988304344755071,-24.82110163011595
74.709976217633,2.0983086957504757,8.205298653920662,9.792018227829976,0.9838546093195037,-26.34505447659526
81.64988211557561,2.1620932195444027,8.205298653920662,9.792018227829976,0.9842782658254418,-26.225442310298334
85.4799582483779,2.31324917669329,8.205298653920662,9.792018227829976,0.988555309020969,-24.69820402025339
98.30568240682956,2.328311683048355,8.205298653920662,9.792018227829976,0.9897301768131318,-24.356892610331958
107.38736621237204,2.237354106189244,8.205298653920662,9.792018227829976,0.9896080099291028,-24.444775312007934
67.99371061319754,2.054685651330459,8.205298653920662,9.792018227829976,0.9849654762756538,-25.859309819983007
108.1266062852415,2.2090340350620465,8.205298653920662,9.792018227829976,0.9890224365854877,-24.65591739375198
108.11783397982144,2.2088914325205167,8.205298653920662,9.792018227829976,0.9890058776294237,-24.658743930243936
90.22757852572587,2.335809847886466,8.205298653920662,9.792018227829976,0.9890372421997404,-24.535901940296174
82.76251738755983,2.291546168639556,8.205298653920662,9.792018227829976,0.9881170882101988,-24.81051098799765
73.51753382009653,2.0857580345906115,8.205298653920662,9.792018227829976,0.9836654434687849,-26.346986142583095
68.5652535643332,2.070028449538981,8.205298653920662,9.792018227829976,0.9851756909582201,-25.769928442971377
67.48798959358211,2.0316041596384338,8.205298653920662,9.792018227829976,0.9843481467130223,-26.058665664524472
105.70283950285229,2.264022818632654,8.205298653920662,9.792018227829976,0.9897201051115568,-24.368907252996806
69.7350280603441,2.097396060262412,8.205298653920662,9.792018227829976,0.9855405614930282,-25.632367311383874
100.98629148085034,2.312079621696199,8.205298653920662,9.792018227829976,0.9897183659400227,-24.333494485271064
77.23732426631429,2.228162616015126,8.205298653920662,9.792018227829976,0.9871934470269342,-25.085371555214895
106.89962241514884,2.204616727638765,8.205298653920662,9.792018227829976,0.9882767740628184,-24.872813107595494
77.80466135575067,2.129359022736793,8.205298653920662,9.792018227829976,0.9837792105974357,-26.306359635924935
103.6389542853017,2.212194255034205,8.205298653920662,9.792018227829976,0.9873658274435148,-25.175875432292923
90.85086003785209,2.2124141075584447,8.205298653920662,9.792018227829976,0.985120408166635,-25.900983409857812
89.41163863063878,2.333182389098297,8.205298653920662,9.792018227829976,0.9887806138161033,-24.562415839870383
76.60378504232057,2.2191277486737846,8.205298653920662,9.792018227829976,0.9869670039601296,-25.122828944147777
108.13676059450536,2.213160976705794,8.205298653920662,9.792018227829976,0.9889492110892549,-24.608535440849995
76.03974585219702,2.1123390403283797,8.205298653920662,9.792018227829976,0.9835372140687505,-26.32913038164988
102.14794797820336,2.2159774563956063,8.205298653920662,9.792018227829976,0.9869073593171389,-25.28308624587069
98.10908477256206,2.3289357212992314,8.205298653920662,9.792018227829976,0.9894114319795998,-24.362423908966676
98.54324014005336,2.3268818007443315,8.205298653920662,9.792018227829976,0.989424293207654,-24.356890588957807
103.03869891403929,2.2943831427792105,8.205298653920662,9.792018227829976,0.9895481363678568,-24.33486115373632
75.72182522450328,2.2060025351945143,8.205298653920662,9.792018227829976,0.9866972129229566,-25.176589147151123
73.43913800333972,2.1689545526891294,8.205298653920662,9.792018227829976,0.9862063432600393,-25.326545588663404
107.82831267368051,2.207088003797935,8.205298653920662,9.792018227829976,0.9884856624457793,-24.719370355117924
100.0253568341412,2.318423566083851,8.205298653920662,9.792018227829976,0.989408419700093,-24.342540210637157
100.7164681825938,2.218903346178976,8.205298653920662,9.792018227829976,0.9865106464563186,-25.377662785627614
101.7655912070764,2.305677541046421,8.205298653920662,9.792018227829976,0.9894308202524548,-24.33433879634063
87.38185212815382,2.1986861827800936,8.205298653920662,9.792018227829976,0.9844162751563456,-26.038286753246414
106.57997216918436,2.250443745609431,8.205298653920662,9.792018227829976,0.9892616401590335,-24.40748827591604
79.1598320714315,2.252854719719764,8.205298653920662,9.792018227829976,0.9871678727644595,-24.985133515458596
85.43921655210586,2.188254562961717,8.205298653920662,9.792018227829976,0.9841467781705355,-26.106762382544836
73.38101459367817,2.1678282994540865,8.205298653920662,9.792018227829976,0.9860806305947851,-25.33204008998185
85.39475838078269,2.1879970872352037,8.205298653920662,9.792018227829976,0.984136722365576,-26.108209078808287
92.40660594571683,2.3392411335738217,8.205298653920662,9.792018227829976,0.9888079648612735,-24.47851576680405
108.0582635414966,2.212737156774338,8.205298653920662,9.792018227829976,0.9886393884518182,-24.624269078840022
85.48047410459924,2.188525103030884,8.205298653920662,9.792018227829976,0.9841153536450384,-26.105029324278526
84.0670874267885,2.302343181064358,8.205298653920662,9.792018227829976,0.9878160426072524,-24.759219582581792
108.0470057878821,2.2135327785289576,8.205298653920662,9.792018227829976,0.9885970880710697,-24.616999106570777
105.67698108232544,2.2075268092415854,8.205298653920662,9.792018227829976,0.9874937561411544,-24.995415149952926
80.08431462915281,2.150013346590072,8.205298653920662,9.792018227829976,0.9835121684046775,-26.257118701474752
106.57271752845678,2.205917479797094,8.205298653920662,9.792018227829976,0.9877462952768894,-24.900839063493912
71.94133029706437,2.141584068445468,8.205298653920662,9.792018227829976,0.9856175143894538,-25.44193939553325
108.03053437036536,2.2161620159349558,8.205298653920662,9.792018227829976,0.9886225315591469,-24.59011032672882
81.60147106840122,2.1622550753778995,8.205298653920662,9.792018227829976,0.9836239311656542,-26.22021861169609
91.4814296219823,2.214633334073639,8.205298653920662,9.792018227829976,0.9847751896406532,-25.869245499693665
100.59368540470273,2.219325114052751,8.205298653920662,9.792018227829976,0.9862769968572784,-25.38307416203376
100.4285312841365,2.315493874130965,8.205298653920662,9.792018227829976,0.9891541748572089,-24.342399965971392
75.0929716742636,2.1959734277735805,8.205298653920662,9.792018227829976,0.9862488891237418,-25.219349268471056
95.41622376261736,2.3372677895239207,8.205298653920662,9.792018227829976,0.988832430563276,-24.41132026854013
102.52572886084,2.2987606280802737,8.205298653920662,9.792018227829976,0.9891491609711259,-24.3379297790863
69.20550084272243,2.040276782739596,8.205298653920662,9.792018227829976,0.9831585394982705,-26.258614134982775
72.46144262505254,2.075039339689326,8.205298653920662,9.792018227829976,0.9829743892554864,-26.334100230500923
91.71295222814952,2.2154270452503084,8.205298653920662,9.792018227829976,0.9846138512929465,-25.857068511557383
81.2020501946153,2.275647598403765,8.205298653920662,9.792018227829976,0.9871065865384121,-24.888088321816102
107.84501580181865,2.209842109065306,8.205298653920662,9.792018227829976,0.9881223977324445,-24.686262305416314
106.45802079698326,2.206577005121261,8.205298653920662,9.792018227829976,0.9874738804878966,-24.908180102746268
104.74731388888895,2.275116704071266,8.205298653920662,9.792018227829976,0.9889576394701637,-24.36046385078205
100.57774377804576,2.219613265324085,8.205298653920662,9.792018227829976,0.9860221315466233,-25.381100305980024
107.12234426920618,2.206403346384093,8.205298653920662,9.792018227829976,0.9876826513374964,-24.823143696671153
85.7498904070806,2.1903733876149687,8.205298653920662,9.792018227829976,0.9837824287031077,-26.092418291821804
101.92411019025538,2.303825082271885,8.205298653920662,9.792018227829976,0.9889403169210204,-24.339767729714463
69.36350616470011,2.0876142583812225,8.205298653920662,9.792018227829976,0.9845727571490703,-25.69022285808695
77.39401312876049,2.229600558752921,8.205298653920662,9.792018227829976,0.9864073990660631,-25.08463652982383
107.28631733061182,2.2367067756624124,8.205298653920662,9.792018227829976,0.9886426727653677,-24.465312148139887
76.83158435222244,2.2217032248609314,8.205298653920662,9.792018227829976,0.9862542047455711,-25.117283178391478
93.11759821168374,2.3391460365300247,8.205298653920662,9.792018227829976,0.9883643980258182,-24.464859141955564
74.4502225739909,2.096666342989124,8.205298653920662,9.792018227829976,0.9827853586686753,-26.332733503974072
107.54395690880656,2.2306917157446264,8.205298653920662,9.792018227829976,0.9884611804024179,-24.49667306834061
68.33819049235021,2.033910691528177,8.205298653920662,9.792018227829976,0.9830540084604774,-26.186336220806183
104.08751983809292,2.2121674281768406,8.205298653920662,9.792018227829976,0.9866249362944713,-25.127583429826252
104.74932814242162,2.2748289060134965,8.205298653920662,9.792018227829976,0.9887704394752994,-24.36331870227074
85.773851194197,2.314349611282182,8.205298653920662,9.792018227829976,0.9874891944919236,-24.69615232743119
103.1943530368106,2.291934373466617,8.205298653920662,9.792018227829976,0.9887682357035424,-24.345431384360865
98.13862361200228,2.2224452155593326,8.205298653920662,9.792018227829976,0.9853708616122815,-25.52726489281844
98.24029577553183,2.327599353878483,8.205298653920662,9.792018227829976,0.9886099157193131,-24.368385836305016
67.7526762810364,2.0363850148864344,8.205298653920662,9.792018227829976,0.9833710962274734,-26.04701173151446
68.15783355256308,2.0558428409792384,8.205298653920662,9.792018227829976,0.9838303204457591,-25.874574642017414
71.6338072369147,2.066451802966,8.205298653920662,9.792018227829976,0.9826171294450594,-26.320015334066156
70.77526333754102,2.057143163257493,8.205298653920662,9.792018227829976,0.9826408446792146,-26.30456953217657
79.57559896663828,2.257237051097249,8.205298653920662,9.792018227829976,0.9865103967351819,-24.970644198161704
102.1549170560768,2.2169622157148297,8.205298653920662,9.792018227829976,0.9860385310053398,-25.271199409555347
96.30398052363796,2.33470028459557,8.205298653920662,9.792018227829976,0.9883722793032956,-24.39931762283117
106.06138313621128,2.256934743509291,8.205298653920662,9.792018227829976,0.9885075362084943,-24.401914405661064
107.43444370313102,2.232399540345895,8.205298653920662,9.792018227829976,0.9882453752048757,-24.492688575304236
87.96401954402387,2.3264968845872858,8.205298653920662,9.792018227829976,0.9875573683692283,-24.618707864530876
84.84112798877028,2.307704796521904,8.205298653920662,9.792018227829976,0.9871745361841576,-24.734150255631217
107.2377557054091,2.236650418043766,8.205298653920662,9.792018227829976,0.9882864624693795,-24.472372728362114
76.10570210556412,2.113901113318022,8.205298653920662,9.792018227829976,0.9826016166510173,-26.317194742607533
70.4494657084229,2.0538440833110627,8.205298653920662,9.792018227829976,0.9825412890167475,-26.29413524681569
100.5925267750629,2.2200032265981804,8.205298653920662,9.792018227829976,0.9856311008618192,-25.375420604366877
67.83525191573266,2.035809992604172,8.205298653920662,9.792018227829976,0.9831049265162316,-26.069698705186973
67.81652584899834,2.0395017580473223,8.205298653920662,9.792018227829976,0.9831974583903368,-26.01906290661383
95.57582562553716,2.222437768336249,8.205298653920662,9.792018227829976,0.9846808313549396,-25.665054195772687
71.89338505165593,2.139725810193013,8.205298653920662,9.792018227829976,0.98481309248434,-25.457067770401803
104.77377395941018,2.2740234223601163,8.205298653920662,9.792018227829976,0.9884141579169448,-24.369204125444213
67.84174911310507,2.0370663038506507,8.205298653920662,9.792018227829976,0.9830484287406956,-26.054831006732137
102.35238919705289,2.216762706207845,8.205298653920662,9.792018227829976,0.9858858153743687,-25.254561367043845
90.93173764033422,2.336393496678582,8.205298653920662,9.792018227829976,0.9877267727622021,-24.52672619164275
98.2612531754475,2.3271886993226047,8.205298653920662,9.792018227829976,0.9882714191035503,-24.371390811319177
94.17188313096588,2.338370040277482,8.205298653920662,9.792018227829976,0.9879702655898883,-24.444304531276522
86.83295716281187,2.3205000689587365,8.205298653920662,9.792018227829976,0.987220643989711,-24.660165060635723
92.94824602299478,2.3387012341289903,8.205298653920662,9.792018227829976,0.9878468765614992,-24.473341991665603
73.01836835445062,2.0818744110523117,8.205298653920662,9.792018227829976,0.9823142725889824,-26.327070234490026
79.90015009707201,2.149189425758365,8.205298653920662,9.792018227829976,0.9826463155273334,-26.252285120102417
107.44674184699568,2.209277532721927,8.205298653920662,9.792018227829976,0.9873098853228062,-24.7472279578348
107.65631789451784,2.211246349908251,8.205298653920662,9.792018227829976,0.9874511275351453,-24.696616349918923
72.63268762030862,2.0777663434141687,8.205298653920662,9.792018227829976,0.9822584814107734,-26.324277017875385
91.95445000115356,2.337919441944976,8.205298653920662,9.792018227829976,0.9876691276681783,-24.499707056950466
106.20867811575404,2.2083493734030384,8.205298653920662,9.792018227829976,0.9867220538158457,-24.919960011313886
104.84293440224069,2.272901663607456,8.205298653920662,9.792018227829976,0.9882274406379093,-24.373445791242567
82.99784576811194,2.1733308642010485,8.205298653920662,9.792018227829976,0.9828258521729192,-26.172767043209692
69.51788549258023,2.089940505902817,8.205298653920662,9.792018227829976,0.9839209503549512,-25.687586934328166
88.64697251322235,2.2054095068257453,8.205298653920662,9.792018227829976,0.9834127168753295,-25.978826682095136
87.42976798099103,2.3235686088844147,8.205298653920662,9.792018227829976,0.9871034741620606,-24.640474186699958
75.16170324057762,2.104728492026098,8.205298653920662,9.792018227829976,0.9821658180088748,-26.320526871780995
69.44514704146458,2.088046935682655,8.205298653920662,9.792018227829976,0.9837844731515146,-25.69865877423005
102.70913560422112,2.216315267550001,8.205298653920662,9.792018227829976,0.9856779548284467,-25.22472536165257
71.74890802798708,2.0684004490273797,8.205298653920662,9.792018227829976,0.982090668151056,-26.312714508173343
68.03428396418187,2.036321135612951,8.205298653920662,9.792018227829976,0.9826051382848086,-26.099882912691463
95.96676311936253,2.223005122791733,8.205298653920662,9.792018227829976,0.9843832495246733,-25.64081876021734
72.43122576008494,2.149388178204404,8.205298653920662,9.792018227829976,0.9845763612413433,-25.41934976013987
106.33234180563775,2.208724714530689,8.205298653920662,9.792018227829976,0.9865360230054275,-24.9000369243577
71.35481583767914,2.064294956202588,8.205298653920662,9.792018227829976,0.9819886781954756,-26.304597491769073
71.53934613582163,2.0662996715919206,8.205298653920662,9.792018227829976,0.9819728742975605,-26.307509086463156
94.40361298427668,2.3378092426989667,8.205298653920662,9.792018227829976,0.9875829136225905,-24.442752010791164
93.58874745882326,2.33836413693777,8.205298653920662,9.792018227829976,0.9875116225095112,-24.46124683253102
92.00392868641306,2.3377242455025566,8.205298653920662,9.792018227829976,0.987364678118846,-24.501020431058123
69.17510558630366,2.0812332968212246,8.205298653920662,9.792018227829976,0.9834982381565823,-25.73690286314163
106.42521358808784,2.2088077480140385,8.205298653920662,9.792018227829976,0.98650459963111,-24.887241990020858
70.73933889201045,2.0578061278072117,8.205298653920662,9.792018227829976,0.9819547041294476,-26.29034385824188
95.08008528371292,2.222475730863352,8.205298653920662,9.792018227829976,0.9840743578448153,-25.68533349325268
81.5828283451493,2.278637888263262,8.205298653920662,9.792018227829976,0.9860299296761882,-24.880461379024176
70.28981566776181,2.053196875647842,8.205298653920662,9.792018227829976,0.9819286085841431,-26.276292083286986
101.03014893699522,2.3098115522691245,8.205298653920662,9.792018227829976,0.9878381259864867,-24.353748634100086
68.14059131471113,2.0371496972955754,8.205298653920662,9.792018227829976,0.9823432963039749,-26.108750728163134
91.9300817000989,2.3375461393008408,8.205298653920662,9.792018227829976,0.9872430377927567,-24.503970869999826
106.71914458185516,2.2445464769567565,8.205298653920662,9.792018227829976,0.987604923656688,-24.453813050287458
80.06409391891422,2.1510462719942325,8.205298653920662,9.792018227829976,0.9821105847386381,-26.242895285518276
106.9500051180949,2.209466585988934,8.205298653920662,9.792018227829976,0.9865584604717562,-24.811603360813447
68.00710605942022,2.041913612040801,8.205298653920662,9.792018227829976,0.982464110856078,-26.02344701153572
92.45449262234015,2.218298881621237,8.205298653920662,9.792018227829976,0.9834924669757108,-25.811452906937266
92.32690128839796,2.2180034064505776,8.205298653920662,9.792018227829976,0.9834684623006625,-25.817289883012574
101.57089653965224,2.3054113715030558,8.205298653920662,9.792018227829976,0.9876989569673084,-24.354231169456046
68.02991836709712,2.044390909669133,8.205298653920662,9.792018227829976,0.9825026806066284,-25.996103956522347
96.8571485977557,2.3321647148542297,8.205298653920662,9.792018227829976,0.9874646646188691,-24.39864079340498
84.39905096983024,2.183185557751941,8.205298653920662,9.792018227829976,0.9824227613988563,-26.12514433443944
79.82956565385292,2.1491595341616545,8.205298653920662,9.792018227829976,0.9819872414928666,-26.246869356552015
74.08647981549619,2.178027369991611,8.205298653920662,9.792018227829976,0.9844695433901199,-25.30422061631664
94.21104170587942,2.221676451361901,8.205298653920662,9.792018227829976,0.9836520031287564,-25.726258280007894
81.84467659763604,2.281038540326904,8.205298653920662,9.792018227829976,0.9857947098545058,-24.870838280954324
93.88138488463824,2.337920647559244,8.205298653920662,9.792018227829976,0.9871634571163953,-24.457728200656614
71.73735265944381,2.135632918101706,8.205298653920662,9.792018227829976,0.9838933553315683,-25.483026711771455
71.79851217575377,2.069602893508062,8.205298653920662,9.792018227829976,0.9815942346664728,-26.30493150452506
83.62210959878885,2.297303313585332,8.205298653920662,9.792018227829976,0.9860200187543825,-24.792732988652826
94.88185781955823,2.3368519538581154,8.205298653920662,9.792018227829976,0.9872144959882251,-24.436189719226245
105.31804592538435,2.211084507248259,8.205298653920662,9.792018227829976,0.9858105020364083,-24.998602632511506
99.54344334590228,2.222407682403599,8.205298653920662,9.792018227829976,0.984481762653855,-25.430521700034983
73.8586966523301,2.0917556160143107,8.205298653920662,9.792018227829976,0.9815414424768057,-26.317295212847934
106.63019676057972,2.2098033932877144,8.205298653920662,9.792018227829976,0.9861928683007326,-24.84963936390436
75.84807700015867,2.2060001647920444,8.205298653920662,9.792018227829976,0.9846979608901735,-25.19067343579653
98.80258386405666,2.3236417985346662,8.205298653920662,9.792018227829976,0.9873837896916818,-24.37399950411045
69.42642253977357,2.045492274029144,8.205298653920662,9.792018227829976,0.9816498230059637,-26.229846296897215
89.76677681127207,2.2104465143497976,8.205298653920662,9.792018227829976,0.9828414605095497,-25.926671301884866
83.83578061478204,2.2989535717867824,8.205298653920662,9.792018227829976,0.9858931329702598,-24.785100612540358
100.74351999891113,2.311443378513715,8.205298653920662,9.792018227829976,0.9873663343722214,-24.359991760934243
106.90702086650292,2.239794233200172,8.205298653920662,9.792018227829976,0.9871186651330194,-24.481402184446896
103.48303222155349,2.2154267378825097,8.205298653920662,9.792018227829976,0.9851750881068443,-25.15566697707862
105.51155990126074,2.2626679620725696,8.205298653920662,9.792018227829976,0.9872966935081207,-24.406241309763104
98.88097024478655,2.22322136828744,8.205298653920662,9.792018227829976,0.9841861485940393,-25.468934545435495
88.4173324306861,2.3275541804781312,8.205298653920662,9.792018227829976,0.9863883485692343,-24.613681810370057
74.75625536174827,2.1013310141817385,8.205298653920662,9.792018227829976,0.981399665566299,-26.312980153633973
106.73283372187848,2.2429860179396,8.205298653920662,9.792018227829976,0.9870829051246921,-24.46906012952733
75.17125119061762,2.1056332935309428,8.205298653920662,9.792018227829976,0.9813835266378462,-26.310383033907613
106.0471226196855,2.2104346232563614,8.205298653920662,9.792018227829976,0.9858023210743635,-24.916770506768998
101.25788402322183,2.3074474682314303,8.205298653920662,9.792018227829976,0.9872672081429381,-24.359606009243862
100.15421539661904,2.221894946588776,8.205298653920662,9.792018227829976,0.9843670969091792,-25.389356303532445
97.94217603495925,2.2238561258799905,8.205298653920662,9.792018227829976,0.9839483081411983,-25.523436253527038
79.96966446212373,2.1506757091607227,8.205298653920662,9.792018227829976,0.98161916200285,-26.239801431565322
107.49363159084872,2.2220473842196355,8.205298653920662,9.792018227829976,0.9866420194049684,-24.598742549445124
85.69257769591336,2.1913804361437315,8.205298653920662,9.792018227829976,0.982125828941499,-26.0784815869808
82.02977207359542,2.1671119665884646,8.205298653920662,9.792018227829976,0.9817497342241903,-26.189624304594677
106.18956869507682,2.210555320705509,8.205298653920662,9.792018227829976,0.985751272068666,-24.897516564686402
107.3300042609104,2.228747373074711,8.205298653920662,9.792018227829976,0.9867364871445057,-24.54680631080125
81.74475957708624,2.1650063198576106,8.205298653920662,9.792018227829976,0.9816667314324192,-26.19650139967908
104.03451003548888,2.2809099675548907,8.205298653920662,9.792018227829976,0.9871265024479825,-24.37631320346561
80.72962366245785,2.2690624695300983,8.205298653920662,9.792018227829976,0.9851706974953026,-24.927577769327524
69.19133590258416,2.04420984213958,8.205298653920662,9.792018227829976,0.981389949318872,-26.205652599469968
71.81538322072787,2.1364860591835253,8.205298653920662,9.792018227829976,0.9833976002753558,-25.484279867361877
72.75880643127383,2.080558559804004,8.205298653920662,9.792018227829976,0.9810911263605543,-26.306998440872036
99.3355961972363,2.223113471367995,8.205298653920662,9.792018227829976,0.9839674179623212,-25.437789535649888
68.26297480129173,2.041876524755992,8.205298653920662,9.792018227829976,0.9816269831835449,-26.070597527534726
105.67991654200075,2.259554055505788,8.205298653920662,9.792018227829976,0.9868900129903125,-24.41982150099747
70.86625885795483,2.117365006350141,8.205298653920662,9.792018227829976,0.98306194816307,-25.57086613944589
106.03786986344387,2.254116949039968,8.205298653920662,9.792018227829976,0.9868510862141696,-24.43528730700262
71.54151418212305,2.067592540530157,8.205298653920662,9.792018227829976,0.9810700592223508,-26.291398184416487
107.2948698469167,2.2286995146777717,8.205298653920662,9.792018227829976,0.9865357738295716,-24.5520255825194
75.80051276447696,2.112347341664261,8.205298653920662,9.792018227829976,0.9810756210429584,-26.30146880214744
104.85855850977065,2.270685453120663,8.205298653920662,9.792018227829976,0.9868923234095512,-24.39545800965503
68.79966313307492,2.0420057988537224,8.205298653920662,9.792018227829976,0.9813167482538934,-26.165159450965255
85.79892571344746,2.192213227251173,8.205298653920662,9.792018227829976,0.9818633122006201,-26.07217916355567
83.75840692885211,2.2979156015336315,8.205298653920662,9.792018227829976,0.9853913351831346,-24.792650908032734
81.7604233721412,2.2796309392069247,8.205298653920662,9.792018227829976,0.9850966050847565,-24.880915930917546
106.60724816504936,2.21137131743545,8.205298653920662,9.792018227829976,0.9856440917785939,-24.834997743558027
100.08452606810944,2.315474325622361,8.205298653920662,9.792018227829976,0.9868365673660835,-24.369065890004784
107.32534585769136,2.21582923259038,8.205298653920662,9.792018227829976,0.9860472907066186,-24.690466925127016
92.11325954894431,2.3369509502206824,8.205298653920662,9.792018227829976,0.986292604887947,-24.507442299557763
106.88010222501276,2.238658898221331,8.205298653920662,9.792018227829976,0.986563301983524,-24.497306724678882
74.04815079509609,2.176563267638741,8.205298653920662,9.792018227829976,0.9836888937895016,-25.316398521817295
81.06355412114674,2.1599514454144497,8.205298653920662,9.792018227829976,0.9813245004149317,-26.21063047824173
94.61673784623969,2.2228582302895603,8.205298653920662,9.792018227829976,0.9829803916667196,-25.698538136903984
69.25770388963213,2.045399754171214,8.205298653920662,9.792018227829976,0.9811222949613141,-26.201925697287418
83.5782030642775,2.296283210936494,8.205298653920662,9.792018227829976,0.9852148351111939,-24.801609147831336
102.77644400928476,2.2177762400329044,8.205298653920662,9.792018227829976,0.9844227041373617,-25.20142072071299
79.74396937061739,2.2575947107653462,8.205298653920662,9.792018227829976,0.9846337831281117,-24.98008021772506
103.70298779475164,2.215766543077322,8.205298653920662,9.792018227829976,0.9846318108547544,-25.128474871632076
90.87483163110788,2.214772109539624,8.205298653920662,9.792018227829976,0.9823351324993859,-25.87325808657897
68.30828992597014,2.0437892041049395,8.205298653920662,9.792018227829976,0.9813972034449563,-26.054414675407504
102.7127257030558,2.2941025439977807,8.205298653920662,9.792018227829976,0.9866660653999261,-24.36950775442136
107.07923253526428,2.233164153130246,8.205298653920662,9.792018227829976,0.9862647992940252,-24.531505219083424
107.3517462266132,2.2201043600653634,8.205298653920662,9.792018227829976,0.9859655637892826,-24.639400882189967
68.35110048504615,2.043897308224615,8.205298653920662,9.792018227829976,0.9812764841199576,-26.060773314825223
73.82549370698693,2.172479457446059,8.205298653920662,9.792018227829976,0.9833655683208191,-25.335599794959485
78.0047571055697,2.235725670947005,8.205298653920662,9.792018227829976,0.984166054099054,-25.074159973497274
68.40353469882821,2.043472892699413,8.205298653920662,9.792018227829976,0.9811885458103415,-26.07564095586584
83.21028038741899,2.292938083002184,8.205298653920662,9.792018227829976,0.9849462370432965,-24.819308806379617
107.29796620330086,2.2185962067719345,8.205298653920662,9.792018227829976,0.9857899702148358,-24.663362207030012
68.60679584608391,2.061664154250053,8.205298653920662,9.792018227829976,0.9817110413445325,-25.881791575059648
69.62800290912881,2.0891685081871003,8.205298653920662,9.792018227829976,0.982178593991127,-25.715475092836954
68.38681075585035,2.05288176430976,8.205298653920662,9.792018227829976,0.9814845732594658,-25.953180320705872
87.1771408948653,2.199913668221072,8.205298653920662,9.792018227829976,0.9816191928524298,-26.01934750998916
70.45299653500435,2.107794991102921,8.205298653920662,9.792018227829976,0.9824123183835555,-25.621965937554762
97.05316553487243,2.224735949417763,8.205298653920662,9.792018227829976,0.9830277975640559,-25.565502582698315
100.7402353378116,2.2218875696940046,8.205298653920662,9.792018227829976,0.9837124015171262,-25.34160328342118
100.97409746013102,2.308724789746435,8.205298653920662,9.792018227829976,0.9864245633619306,-24.369840835802666
87.18105344604086,2.1999729184515644,8.205298653920662,9.792018227829976,0.9815715378557657,-26.018734641331655
72.36645336576922,2.077088798740263,8.205298653920662,9.792018227829976,0.980535095824958,-26.294307428418133
68.35814390077427,2.0498152033086683,8.205298653920662,9.792018227829976,0.981305376135828,-25.98683454803877
99.29738072488624,2.2237323329197807,8.205298653920662,9.792018227829976,0.9833951073142632,-25.433496574949967
102.59657582082846,2.2949037555552536,8.205298653920662,9.792018227829976,0.9864154498963339,-24.37209502036415
78.21685174397862,2.136019733791059,8.205298653920662,9.792018227829976,0.9806853148258701,-26.264461569045167
83.58624916396967,2.1788538575084715,8.205298653920662,9.792018227829976,0.9811274016483067,-26.138007594339005
73.93998760395381,2.093833757017805,8.205298653920662,9.792018227829976,0.9804683034694972,-26.30195605219853
69.19323584674049,2.0460907700030475,8.205298653920662,9.792018227829976,0.9807094460016728,-26.181902455648657
92.36611598755864,2.2191900807956983,8.205298653920662,9.792018227829976,0.9821816227234178,-25.802767751909627
106.98102609548351,2.214637385233104,8.205298653920662,9.792018227829976,0.9853547222820357,-24.749612987440713
96.4450239080826,2.3322654021633724,8.205298653920662,9.792018227829976,0.9860982403375493,-24.41806021640939
106.73487154136878,2.213369990499132,8.205298653920662,9.792018227829976,0.9852066753393594,-24.796037401465323
78.34574686257734,2.239972563539382,8.205298653920662,9.792018227829976,0.9839825691806997,-25.05784716836838
74.77174019575679,2.1025256337913305,8.205298653920662,9.792018227829976,0.9804396604903093,-26.29997215762716
107.20053562189156,2.2181159853859214,8.205298653920662,9.792018227829976,0.9854947775820436,-24.68172741911726
84.67020283311713,2.304615353340452,8.205298653920662,9.792018227829976,0.9848912355276087,-24.76050873147529
104.29213782551534,2.276664715264417,8.205298653920662,9.792018227829976,0.9862447496842635,-24.394047183398946
107.2476227170201,2.223567332012124,8.205298653920662,9.792018227829976,0.985669514338843,-24.614975322834432
102.98554545096091,2.2179549483793157,8.205298653920662,9.792018227829976,0.9840020989913587,-25.178369133449422
81.6843706674119,2.2783232400902875,8.205298653920662,9.792018227829976,0.9844353834045082,-24.890382296218554
99.60532378741767,2.317851215023836,8.205298653920662,9.792018227829976,0.9861662234305146,-24.37944882590255
105.82998094331738,2.212832826945089,8.205298653920662,9.792018227829976,0.9847536593038144,-24.91673319277041
80.47024421514227,2.265436383947474,8.205298653920662,9.792018227829976,0.9842218264509205,-24.948751443387508
104.48546015746874,2.21485336972944,8.205298653920662,9.792018227829976,0.9843478245025248,-25.052778539737485
68.642419210227,2.0442499755340577,8.205298653920662,9.792018227829976,0.9807635297310183,-26.108526603179296
107.23411400483728,2.2217552363571684,8.205298653920662,9.792018227829976,0.9855364415690266,-24.63684413401526
100.6318587459462,2.310973120023789,8.205298653920662,9.792018227829976,0.986156753273369,-24.37390931044807
99.22729840884917,2.320022910035533,8.205298653920662,9.792018227829976,0.9860844649518872,-24.38330589623487
86.03351914112858,2.1941226866557457,8.205298653920662,9.792018227829976,0.9811763981304936,-26.057116737471357
87.04265466075115,2.1995099292350915,8.205298653920662,9.792018227829976,0.981271953428035,-26.021037589722802
81.78278686456053,2.279215842489151,8.205298653920662,9.792018227829976,0.9843374565134171,-24.88684956435286
81.3886511459399,2.275210014138935,8.205298653920662,9.792018227829976,0.9842767790265758,-24.905287921120205
71.41161615599513,2.1272218940597725,8.205298653920662,9.792018227829976,0.9823188001590603,-25.535329533817972
75.51609403450756,2.1995019699388934,8.205298653920662,9.792018227829976,0.9831967194359793,-25.227724110019007
92.1336871143887,2.3362922501483183,8.205298653920662,9.792018227829976,0.985478829847201,-24.514024090664627
82.45546651377614,2.17121257500078,8.205298653920662,9.792018227829976,0.9806664466909785,-26.16665608878169
80.95428413988613,2.1597690476841365,8.205298653920662,9.792018227829976,0.9805276128348667,-26.204934342359422
101.94563471733017,2.30031882518729,8.205298653920662,9.792018227829976,0.9859915170684618,-24.374912013734633
74.16745248542897,2.177618872886356,8.205298653920662,9.792018227829976,0.9828294976038338,-25.319137647225894
101.21380599144634,2.221684611781882,8.205298653920662,9.792018227829976,0.9833267646736229,-25.30331849097831
106.84131989700698,2.2153842812427342,8.205298653920662,9.792018227829976,0.9849332402734003,-24.75962159126036
99.11234526096943,2.3204395653005463,8.205298653920662,9.792018227829976,0.9858433931100866,-24.38682686785043
106.60114910227158,2.214253870898105,8.205298653920662,9.792018227829976,0.9847910331946077,-24.80347049059944
103.2699966752938,2.2875577830861147,8.205298653920662,9.792018227829976,0.9858987842686474,-24.38441354885778
92.37976517945933,2.33635714016458,8.205298653920662,9.792018227829976,0.9853248733810785,-24.509195052753167
87.36036164490844,2.3213480934661703,8.205298653920662,9.792018227829976,0.9847766247239851,-24.6626721738168
79.30264006696058,2.251523505262796,8.205298653920662,9.792018227829976,0.9836409914971813,-25.011752542586525
74.63543330701015,2.101626556461809,8.205298653920662,9.792018227829976,0.9799794807797286,-26.294104110355743
81.98296714460643,2.1678882806408524,8.205298653920662,9.792018227829976,0.980427803221789,-26.177247254035013
105.53249541601124,2.2593540920434947,8.205298653920662,9.792018227829976,0.9856511145692345,-24.439539814321254
96.0233740660315,2.332946281412333,8.205298653920662,9.792018227829976,0.9855176458953693,-24.43056976006905
103.56214970330484,2.2173995245601503,8.205298653920662,9.792018227829976,0.9836822309401437,-25.124952360022704
74.77878616403842,2.103173683880769,8.205298653920662,9.792018227829976,0.9799157204047807,-26.29275196483985
81.10301895272515,2.2718956935909063,8.205298653920662,9.792018227829976,0.9838477003339271,-24.922461922885343
76.43798794567883,2.213088286853093,8.205298653920662,9.792018227829976,0.9830494233741013,-25.173887550460545
101.26355523959975,2.305683521841459,8.205298653920662,9.792018227829976,0.9857084692202739,-24.37775163757868
68.5332744204235,2.0516599817655106,8.205298653920662,9.792018227829976,0.9806086414228404,-25.99484472450212
73.21417867071787,2.0869402745177013,8.205298653920662,9.792018227829976,0.9798493889584462,-26.290447839910723
80.15246921029883,2.2613944548405414,8.205298653920662,9.792018227829976,0.9836345780647716,-24.969665588108608
77.60710643927025,2.22956084422907,8.205298653920662,9.792018227829976,0.9831992090957519,-25.105773937993543
91.03531992956208,2.2161247744556505,8.205298653920662,9.792018227829976,0.9813414508671809,-25.856266188356688
81.56476418149924,2.164862586948473,8.205298653920662,9.792018227829976,0.9802186234942484,-26.18616967234491
97.11142509415971,2.2254896927211973,8.205298653920662,9.792018227829976,0.9822511179681257,-25.553619782917778
70.53106300666883,2.108009527357978,8.205298653920662,9.792018227829976,0.9815370168680483,-25.631729119184367
105.564291465468,2.21430498774528,8.205298653920662,9.792018227829976,0.9841015662504811,-24.932646785271253
86.80776952335172,2.1987251988544614,8.205298653920662,9.792018227829976,0.9807391356628389,-26.024588412191545
87.53774574596025,2.2023946859759604,8.205298653920662,9.792018227829976,0.9808075469749278,-25.997601644869217
92.34195750585944,2.3360791636333857,8.205298653920662,9.792018227829976,0.9850262312903779,-24.512776717852837
99.47546546080495,2.224397571488595,8.205298653920662,9.792018227829976,0.9826286311795609,-25.41283374065179
92.98312816751246,2.3363831388534777,8.205298653920662,9.792018227829976,0.9850678804060242,-24.49683763058417
79.48129344766079,2.2534349479817166,8.205298653920662,9.792018227829976,0.9833968494424487,-25.005146054045696
72.82802330868583,2.153604691461098,8.205298653920662,9.792018227829976,0.9820864732710827,-25.424624559478033
96.91331618045048,2.225559525083355,8.205298653920662,9.792018227829976,0.9821242321685182,-25.56368842221068
70.80128003393176,2.1136934811645887,8.205298653920662,9.792018227829976,0.981532886353524,-25.605167867370653
71.66199306666606,2.070896424350508,8.205298653920662,9.792018227829976,0.9796838066171802,-26.267837291994176
100.26023885809026,2.312832338930193,8.205298653920662,9.792018227829976,0.9854416626137679,-24.3834666766254
86.31697503257116,2.31516796355362,8.205298653920662,9.792018227829976,0.9842959447723861,-24.703610902085057
70.20270926132407,2.056415054723629,8.205298653920662,9.792018227829976,0.9797602476226636,-26.22086943767815
69.06652316432728,2.071804852403446,8.205298653920662,9.792018227829976,0.9807979907953596,-25.83529312048206
83.25440248455561,2.1773659587133523,8.205298653920662,9.792018227829976,0.9801756219084496,-26.138392601136292
106.98761453011984,2.2213192572054936,8.205298653920662,9.792018227829976,0.9846437153470469,-24.674335071343194
88.00033101768133,2.3241183741915847,8.205298653920662,9.792018227829976,0.9843934535519104,-24.644439159834537
95.93994336941796,2.3327742116572523,8.205298653920662,9.792018227829976,0.9850846613245577,-24.436098868456124
71.07634486094537,2.1192073655144554,8.205298653920662,9.792018227829976,0.9814353125619903,-25.58097516319734
101.37155113225003,2.222093053951369,8.205298653920662,9.792018227829976,0.9827953811278525,-25.284765135552743
80.77568116341033,2.158901227350455,8.205298653920662,9.792018227829976,0.9798781710468939,-26.20232580556514
87.85529865237055,2.32339904971397,8.205298653920662,9.792018227829976,0.9843303643530567,-24.649807168774217
78.09329033404788,2.135862026477952,8.205298653920662,9.792018227829976,0.9796495711746938,-26.25452256167661
106.728468165498,2.217436537583737,8.205298653920662,9.792018227829976,0.9843279808458365,-24.75141825941215
94.2492894672326,2.2236744208835546,8.205298653920662,9.792018227829976,0.9814509637974432,-25.70188578538417
91.265334248269,2.3344556294141654,8.205298653920662,9.792018227829976,0.9846169948880583,-24.544334478137383
101.829238289935,2.3004333058050577,8.205298653920662,9.792018227829976,0.9852303118235193,-24.384125034174918
93.32151766968845,2.222157852840482,8.205298653920662,9.792018227829976,0.9812634802312954,-25.746988341794555
95.65373454624252,2.333335122118598,8.205298653920662,9.792018227829976,0.9849244889389802,-24.442620249802644
106.71760315757032,2.2178013077960657,8.205298653920662,9.792018227829976,0.9842433880907424,-24.748759350057686
98.72583368969676,2.321787177677521,8.205298653920662,9.792018227829976,0.9850684935549247,-24.398496693460565
81.16904447816853,2.272081045027747,8.205298653920662,9.792018227829976,0.983262145809012,-24.92490879179528
73.95786331589252,2.173141710324927,8.205298653920662,9.792018227829976,0.9819506959045821,-25.344786849136266
94.2299690110058,2.2237759074746606,8.205298653920662,9.792018227829976,0.9813036653930393,-25.701355873191876
95.34426821323947,2.225097677839898,8.205298653920662,9.792018227829976,0.9814768694764043,-25.64429381663732
84.02452605290678,2.298613421666332,8.205298653920662,9.792018227829976,0.9836305581839647,-24.797451346350925
91.0929836653102,2.3340043326146827,8.205298653920662,9.792018227829976,0.9844370255279138,-24.55059770132016
68.77359042655047,2.050322791496157,8.205298653920662,9.792018227829976,0.9798271422167669,-26.054465015521302
72.7046839572021,2.1507727647969546,8.205298653920662,9.792018227829976,0.9816041818344585,-25.44109147048588
103.5518427368252,2.2833990121598475,8.205298653920662,9.792018227829976,0.9850569581755375,-24.400165777363732
83.91676133147097,2.2977136206559834,8.205298653920662,9.792018227829976,0.983586709949203,-24.802229303697125
76.03267736077004,2.1164653666193374,8.205298653920662,9.792018227829976,0.9793297577529715,-26.27701548021908
73.46060071110959,2.09025219629082,8.205298653920662,9.792018227829976,0.9792656286273558,-26.282621119076005
70.99868151568862,2.064795357805167,8.205298653920662,9.792018227829976,0.9793122519828538,-26.24256299787164
81.25814694537989,2.162972349897572,8.205298653920662,9.792018227829976,0.9796392619031825,-26.187868353404028
79.70636683240663,2.150329103356043,8.205298653920662,9.792018227829976,0.9795039426655079,-26.222420689330495
70.81500558666025,2.0630381074788176,8.205298653920662,9.792018227829976,0.9792955159732548,-26.23577714027563
88.24179035905026,2.324905139639611,8.205298653920662,9.792018227829976,0.9840482682155535,-24.639510069202927
68.94991211652231,2.066205429765489,8.205298653920662,9.792018227829976,0.9802078320782665,-25.885054222130044
96.9044551919707,2.226050925854409,8.205298653920662,9.792018227829976,0.9816108064782267,-25.558527024835367
99.73922845599266,2.3157183093968854,8.205298653920662,9.792018227829976,0.9849098861866203,-24.392173577792377
104.34823921306602,2.2170566492263504,8.205298653920662,9.792018227829976,0.9831607426551324,-25.043307560757086
106.87323420981392,2.222731383284085,8.205298653920662,9.792018227829976,0.9842114741619157,-24.673656294808005
99.66093615967984,2.31615435157876,8.205298653920662,9.792018227829976,0.9848539362516334,-24.393280973656985
78.84793844012655,2.245092781823999,8.205298653920662,9.792018227829976,0.9826514904155821,-25.044964793940665
96.02515329701794,2.3321365956774827,8.205298653920662,9.792018227829976,0.9846322363512879,-24.43896694038112
102.91449821468376,2.2198556204862854,8.205298653920662,9.792018227829976,0.9827114840814211,-25.16399605253976
87.03075171037872,2.318802618081378,8.205298653920662,9.792018227829976,0.9837778474845993,-24.682774190577824
69.07533775371934,2.069820253679623,8.205298653920662,9.792018227829976,0.9801493985330066,-25.86157545730356
73.41001146274276,2.08997364020685,8.205298653920662,9.792018227829976,0.9790669528533823,-26.2792200497319
81.31157359819505,2.273321838799788,8.205298653920662,9.792018227829976,0.9829920698122098,-24.920862323389155
100.6215136028314,2.309587846057923,8.205298653920662,9.792018227829976,0.9848126667778658,-24.38934690962263
103.45451397877618,2.284127927873655,8.205298653920662,9.792018227829976,0.9848214153572223,-24.40233551989737
68.7971060909975,2.052369315438824,8.205298653920662,9.792018227829976,0.979651203117731,-26.032642897863337
72.8692423529023,2.08435701012688,8.205298653920662,9.792018227829976,0.9790488859802152,-26.274737316374893
71.1456313595134,2.066608070013785,8.205298653920662,9.792018227829976,0.9791013487785141,-26.242624879018866
94.09485945890664,2.223819843737914,8.205298653920662,9.792018227829976,0.9810093659275791,-25.705259332651227
82.66220788575085,2.2865549339886257,8.205298653920662,9.792018227829976,0.9831371401527043,-24.859073749756178
106.02543331533622,2.2490442047590733,8.205298653920662,9.792018227829976,0.9845526736335103,-24.49190048568249
72.30693163509859,2.078635905465532,8.205298653920662,9.792018227829976,0.9789581931539396,-26.266055011058675
99.90619060863315,2.3143688327406835,8.205298653920662,9.792018227829976,0.9846520905572681,-24.394077880375402
84.74422744910643,2.1876947332863352,8.205298653920662,9.792018227829976,0.9796587605065785,-26.086252333476203
96.28569497683002,2.226111149215228,8.205298653920662,9.792018227829976,0.9812400263031288,-25.58976751052203
83.48110258998972,2.2937539972789835,8.205298653920662,9.792018227829976,0.9831473590593289,-24.824170382467607
92.90004752819787,2.221782453360632,8.205298653920662,9.792018227829976,0.9806609813400315,-25.76163336109188
71.51268509088958,2.1271136625018414,8.205298653920662,9.792018227829976,0.9808566657549174,-25.55173805478411
73.2636225681921,2.1604135031582103,8.205298653920662,9.792018227829976,0.9812982225466008,-25.40334330187732
79.51005936345773,2.1490191173295727,8.205298653920662,9.792018227829976,0.979095725961916,-26.221916745427617
103.47099342336163,2.283603685867959,8.205298653920662,9.792018227829976,0.9845777773130466,-24.40625402124141
70.0673657997084,2.0955604434136745,8.205298653920662,9.792018227829976,0.9803436392716943,-25.70932050456124
82.31849612155683,2.2831515284419623,8.205298653920662,9.792018227829976,0.9828849112763991,-24.87643047344435
93.17669148352412,2.222405849546533,8.205298653920662,9.792018227829976,0.9806422122283868,-25.747811067610535
105.01287151878284,2.2644833755888385,8.205298653920662,9.792018227829976,0.9844523407983397,-24.444670639520155
77.69050999701723,2.229653169045619,8.205298653920662,9.792018227829976,0.9821055413535278,-25.11273828518076
88.53830678870557,2.2077818650573846,8.205298653920662,9.792018227829976,0.9799685866616126,-25.94971593386525
74.91772423419728,2.1884476255084597,8.205298653920662,9.792018227829976,0.9815552192749438,-25.28530948003307
105.92818437049306,2.250091277549558,8.205298653920662,9.792018227829976,0.9843039940320952,-24.492408399983105
105.87538902775188,2.216793218634379,8.205298653920662,9.792018227829976,0.9832503772763811,-24.86664376624208
69.13249901319513,2.051746517609658,8.205298653920662,9.792018227829976,0.9791687358562604,-26.099229146025895
68.980639875182,2.064725079820292,8.205298653920662,9.792018227829976,0.9796901636866818,-25.908947934399215
101.51143914373634,2.302270657773107,8.205298653920662,9.792018227829976,0.9845002386270987,-24.392605185981278
99.7495427503358,2.225183534489915,8.205298653920662,9.792018227829976,0.9816985779336629,-25.383289447774356
69.69237755453723,2.0861091684454607,8.205298653920662,9.792018227829976,0.9800981110721465,-25.763899346218324
95.27106927361037,2.333507734655413,8.205298653920662,9.792018227829976,0.9841996054533823,-24.456427838441506
102.53485500337251,2.2210810205280467,8.205298653920662,9.792018227829976,0.9822495548602054,-25.18777856468883
98.27920229532016,2.2263327998523863,8.205298653920662,9.792018227829976,0.9813762830389803,-25.47369390229047
69.57248929664708,2.0827926544841238,8.205298653920662,9.792018227829976,0.9799731562052884,-25.78486799022359
75.45560790515856,2.196897279418309,8.205298653920662,9.792018227829976,0.9815631987880843,-25.25071811125226
79.03902615571077,2.145092379171601,8.205298653920662,9.792018227829976,0.978902369399126,-26.229020094948613
104.61737428341772,2.2696028503546586,8.205298653920662,9.792018227829976,0.9843457613457155,-24.434129866167613
93.82199513444594,2.3352367261862383,8.205298653920662,9.792018227829976,0.9839947588683124,-24.487531071843925
103.81379056526832,2.218852082610411,8.205298653920662,9.792018227829976,0.982498503283254,-25.081669220340622
78.65504526737634,2.2421806046774293,8.205298653920662,9.792018227829976,0.9821013645765839,-25.060691365257114
101.75377036317654,2.222580847209443,8.205298653920662,9.792018227829976,0.9819713319452125,-25.24474028864601
69.58731827767596,2.0827948683079995,8.205298653920662,9.792018227829976,0.9798335548813221,-25.787325229128605
71.8051436225259,2.132454203544171,8.205298653920662,9.792018227829976,0.9805742927399501,-25.530941678853992
79.34271753541643,2.14786196737532,8.205298653920662,9.792018227829976,0.9787831558894416,-26.22173716487438
100.4630987954537,2.3100775769228648,8.205298653920662,9.792018227829976,0.9842182339728925,-24.396729306469936
77.4248496018529,2.130643847114285,8.205298653920662,9.792018227829976,0.9786212874186799,-26.25226069247292
106.58194444352172,2.221717663364032,8.205298653920662,9.792018227829976,0.9833841451498276,-24.722654451726086
99.07979123196898,2.3188944254212203,8.205298653920662,9.792018227829976,0.9841383524618337,-24.405287537354823
71.5319882300283,2.0714221780593363,8.205298653920662,9.792018227829976,0.9785179447010449,-26.24135514260361
77.87658768336743,2.23182662332637,8.205298653920662,9.792018227829976,0.981780766428736,-25.105941686613537
99.98601526389824,2.313288499653368,8.205298653920662,9.792018227829976,0.9841362324249959,-24.39950228018511
104.11077569928682,2.2755631632806512,8.205298653920662,9.792018227829976,0.984113062973486,-24.425407679991363
98.36430113101224,2.322624574307781,8.205298653920662,9.792018227829976,0.9840442701557304,-24.412839838368154
89.6742574976165,2.212698324436758,8.205298653920662,9.792018227829976,0.9797338811292351,-25.90009543896358
91.35903367019856,2.218321339283591,8.205298653920662,9.792018227829976,0.9799566191111222,-25.827626645804543
70.16969350929861,2.0588462809653407,8.205298653920662,9.792018227829976,0.9785533980667357,-26.18448252949086
105.86474611969426,2.217942612662725,8.205298653920662,9.792018227829976,0.9828663033279049,-24.85507619776695
71.52510713920637,2.126493540907518,8.205298653920662,9.792018227829976,0.9802790138148413,-25.561038105549784
87.90288242136096,2.205316138164079,8.205298653920662,9.792018227829976,0.9794380172095096,-25.96976639858377
90.82698858543452,2.216771050173122,8.205298653920662,9.792018227829976,0.9798026251399624,-25.850259475188498
88.51550090348431,2.3252972327066743,8.205298653920662,9.792018227829976,0.9831334747115842,-24.638689039067287
102.10304303422828,2.2223781437908627,8.205298653920662,9.792018227829976,0.9817537518244107,-25.214549977707286
87.84512305901522,2.2050741151711435,8.205298653920662,9.792018227829976,0.9793992626911379,-25.971643406072605
106.07148987468148,2.218636269201795,8.205298653920662,9.792018227829976,0.982909997157855,-24.8216673121947
98.16866370697224,2.3234145556761803,8.205298653920662,9.792018227829976,0.9838771530827072,-24.416653534878847
89.23764170872627,2.328040601328979,8.205298653920662,9.792018227829976,0.983158940582259,-24.615754053544528
104.00642954992132,2.276490306263071,8.205298653920662,9.792018227829976,0.983908350986494,-24.426602454694955
77.91697479015362,2.1355077745608213,8.205298653920662,9.792018227829976,0.9783428711636408,-26.241713112865334
81.40030011532215,2.1650566490072265,8.205298653920662,9.792018227829976,0.9785552662884435,-26.17257001052788
87.44372767085142,2.3201632800043512,8.205298653920662,9.792018227829976,0.9828302517711609,-24.676888618388755
98.21735034878932,2.226988454171888,8.205298653920662,9.792018227829976,0.9807562952077785,-25.47018340415222
99.9238632699286,2.225731910292822,8.205298653920662,9.792018227829976,0.9810792680045582,-25.36365496165006
93.31124526782922,2.2233380798783458,8.205298653920662,9.792018227829976,0.9799162180778039,-25.733595125418333
105.08655355633783,2.2618594206734457,8.205298653920662,9.792018227829976,0.9836419794124931,-24.46455308835796
79.85937190868779,2.152735037385781,8.205298653920662,9.792018227829976,0.978310890343525,-26.20573795389204
76.67606796465533,2.1240256437945533,8.205298653920662,9.792018227829976,0.9781143581386608,-26.255004990902375
86.72001631491725,2.199764788615255,8.205298653920662,9.792018227829976,0.978959517899821,-26.010042967469037
106.2170776472788,2.241565914819517,8.205298653920662,9.792018227829976,0.9833590628150629,-24.549822481508166
97.58029621479643,2.325753388932341,8.205298653920662,9.792018227829976,0.9835587678283156,-24.426781411970744
69.20753872610938,2.055829854014661,8.205298653920662,9.792018227829976,0.9784835888386589,-26.06039481493578
104.93984250302972,2.263830757312519,8.205298653920662,9.792018227829976,0.9835785187503244,-24.460052457549207
92.34147871726262,2.2213111096951224,8.205298653920662,9.792018227829976,0.9796759081401513,-25.778597824828775
74.46652894721336,2.1022018866956813,8.205298653920662,9.792018227829976,0.9779808270198725,-26.265503635210504
99.24351806381172,2.226521206515528,8.205298653920662,9.792018227829976,0.9808111487024198,-25.405553438327367
94.80239959357888,2.3335602616928384,8.205298653920662,9.792018227829976,0.9833354153078154,-24.47351500521239
87.33952067614867,2.31943288192835,8.205298653920662,9.792018227829976,0.9825884151909735,-24.682610037299746
72.40845888063394,2.1432754174656026,8.205298653920662,9.792018227829976,0.9800615994931242,-25.48860427705025
98.54280866057697,2.3211683769334712,8.205298653920662,9.792018227829976,0.9835022984804912,-24.41683838656474
96.62426904331222,2.329193133786092,8.205298653920662,9.792018227829976,0.9833992174442066,-24.441490217598414
99.81825151963294,2.2260703854234976,8.205298653920662,9.792018227829976,0.9808574659972567,-25.367935635846738
83.99278190309971,2.2970931207584044,8.205298653920662,9.792018227829976,0.98212535337207,-24.812411593216662
83.12859093723264,2.2897507090047924,8.205298653920662,9.792018227829976,0.9819980175217455,-24.84959507385665
69.10635397028881,2.061180626786822,8.205298653920662,9.792018227829976,0.9785997158357621,-25.97530107568703
69.12735867296377,2.058312438451466,8.205298653920662,9.792018227829976,0.9784890086810106,-26.015119592801373
102.89205926844096,2.221635160883153,8.205298653920662,9.792018227829976,0.9815050641536163,-25.14610565996375
69.20973744259337,2.056744000645807,8.205298653920662,9.792018227829976,0.9783832150074612,-26.049196455751257
104.59705777318156,2.219166334205994,8.205298653920662,9.792018227829976,0.9819221664278129,-24.99148323644047
104.94077189130677,2.2634514505526795,8.205298653920662,9.792018227829976,0.9833934801489572,-24.46404342665386
103.71095007678176,2.2203654172949,8.205298653920662,9.792018227829976,0.9816606116098768,-25.07560420274306
91.4147805485591,2.3332233525484583,8.205298653920662,9.792018227829976,0.982884267314753,-24.555791899563385
90.98197841988566,2.2177209687445014,8.205298653920662,9.792018227829976,0.9792931905381193,-25.838089054716548
76.40150000157361,2.210293804051957,8.205298653920662,9.792018227829976,0.980774731940064,-25.201821969549947
87.24756934753205,2.318800453158857,8.205298653920662,9.792018227829976,0.9823992812115983,-24.68746532026844
106.48086694873562,2.228866740347684,8.205298653920662,9.792018227829976,0.9827937661078936,-24.656303470518754
74.81533318315718,2.185564245064498,8.205298653920662,9.792018227829976,0.9804197224199969,-25.306418068377102
88.59288193327811,2.325102274079626,8.205298653920662,9.792018227829976,0.9825278137732893,-24.641593796611687
70.6350750030378,2.10627280184346,8.205298653920662,9.792018227829976,0.9793212887665473,-25.669274452675463
88.3781742000583,2.208002078977202,8.205298653920662,9.792018227829976,0.9788733767467024,-25.94517736128114
72.7405726943388,2.149266112143067,8.205298653920662,9.792018227829976,0.9799282133493536,-25.46387797580374
89.05933085347229,2.210916764954177,8.205298653920662,9.792018227829976,0.9789282724199723,-25.91788092732988
94.9386190590954,2.226201527607913,8.205298653920662,9.792018227829976,0.9797786144525957,-25.647917928343396
85.56652952429783,2.308596394499034,8.205298653920662,9.792018227829976,0.9820985888870947,-24.750881959359543
88.36694191740885,2.208005544365349,8.205298653920662,9.792018227829976,0.9788105147256613,-25.944992150740827
69.18371432144426,2.0623360116561003,8.205298653920662,9.792018227829976,0.9783271269166577,-25.974112128535577
104.02032646448755,2.275187933532578,8.205298653920662,9.792018227829976,0.9832067632204455,-24.439098039113603
79.65714141530025,2.151442764653325,8.205298653920662,9.792018227829976,0.977856918054429,-26.204754271104864
105.66471183899574,2.2199303016884784,8.205298653920662,9.792018227829976,0.9820454964626484,-24.85731995568293
71.57081120731662,2.1261245681125303,8.205298653920662,9.792018227829976,0.9794508800986665,-25.57227740295843
70.32879809517968,2.062042600711422,8.205298653920662,9.792018227829976,0.9777590516803486,-26.169991915631833
106.34453322622691,2.235042933881303,8.205298653920662,9.792018227829976,0.9827352911827721,-24.6054437053342
87.0723198368177,2.3176692909341625,8.205298653920662,9.792018227829976,0.9821520227421671,-24.695760141456773
102.56452044409824,2.291089812191487,8.205298653920662,9.792018227829976,0.98320189902605,-24.415693495122945
71.8176385837778,2.131085320200853,8.205298653920662,9.792018227829976,0.9794835722686357,-25.549164271435824
104.51600309703798,2.2199322946252096,8.205298653920662,9.792018227829976,0.9815595612268634,-24.99204364494539
69.43382392102555,2.073984766510464,8.205298653920662,9.792018227829976,0.9784896886148432,-25.870907830843663
76.60778948206757,2.123954919900612,8.205298653920662,9.792018227829976,0.9775574351049721,-26.248450053060324
87.15464765787185,2.318048212988401,8.205298653920662,9.792018227829976,0.9820833285894277,-24.69351442637964
105.91578286950669,2.245992098093737,8.205298653920662,9.792018227829976,0.9828266437920836,-24.53860186556216
85.2315546031761,2.306096200708652,8.205298653920662,9.792018227829976,0.9818325862806397,-24.766046590729694
105.88469778148078,2.2466193553223093,8.205298653920662,9.792018227829976,0.9828297245478649,-24.535545818207957
100.7689877756208,2.2254835844519505,8.205298653920662,9.792018227829976,0.9806098024603735,-25.29826452264906
102.09113113377607,2.223554369072289,8.205298653920662,9.792018227829976,0.98089884656556,-25.20234154123899
86.54517898793293,2.1993308480498683,8.205298653920662,9.792018227829976,0.978373159765514,-26.01050177915007
70.68618586592622,2.065296720130448,8.205298653920662,9.792018227829976,0.9775902864684942,-26.186530262465283
78.26324113114852,2.139408768663529,8.205298653920662,9.792018227829976,0.9776033916965188,-26.227295693789355
81.91569071216531,2.1696411982392902,8.205298653920662,9.792018227829976,0.9778680042837378,-26.151764291493706
104.52409472208063,2.2683943519622005,8.205298653920662,9.792018227829976,0.9829836986168904,-24.457488283932463
105.13278627062871,2.219895815701051,8.205298653920662,9.792018227829976,0.9816615512540042,-24.921348424084197
89.80852965171535,2.329112484871729,8.205298653920662,9.792018227829976,0.9822678161701812,-24.60647260071309
75.62556902370046,2.1145239457959093,8.205298653920662,9.792018227829976,0.977402445650935,-26.253985744120804
70.76238213104948,2.108316589772542,8.205298653920662,9.792018227829976,0.9789337998619742,-25.66436536370254
69.92033544589354,2.0598923325833027,8.205298653920662,9.792018227829976,0.9776124885170929,-26.129868919588905
105.08501482703755,2.220039567687905,8.205298653920662,9.792018227829976,0.981584169128598,-24.925345765657475
93.83026082565524,2.224989256124914,8.205298653920662,9.792018227829976,0.9792179988554457,-25.69997598800575
105.16277590125809,2.220109750623209,8.205298653920662,9.792018227829976,0.9815925423197172,-24.915417448358625
69.28049534523537,2.062181179286896,8.205298653920662,9.792018227829976,0.9779491037255,-25.992706138369588
93.89812799385936,2.225158346251405,8.205298653920662,9.792018227829976,0.9791687208232875,-25.69596806304855
72.45151236353946,2.082614308636508,8.205298653920662,9.792018227829976,0.9772651415692936,-26.236921146749403
91.5685588783912,2.332930417677048,8.205298653920662,9.792018227829976,0.9822882611758683,-24.557157164952983
91.62581580322365,2.332999762032145,8.205298653920662,9.792018227829976,0.9822793807376882,-24.555743406746576
70.16057640799366,2.09373656397959,8.205298653920662,9.792018227829976,0.9785627824893326,-25.74685266961808
100.10204737526408,2.2265714171831803,8.205298653920662,9.792018227829976,0.9802251639465849,-25.34017893132583
104.71743448465335,2.220381242466331,8.205298653920662,9.792018227829976,0.9813452996114632,-24.96409404598046
75.61230929680323,2.197651673095692,8.205298653920662,9.792018227829976,0.9799985081180812,-25.259871024308065
70.83414819682451,2.109615888346568,8.205298653920662,9.792018227829976,0.9787952327025056,-25.659757052253102
104.1523807444657,2.272740774695123,8.205298653920662,9.792018227829976,0.9827260305378797,-24.451253675589125
91.36507532878124,2.21944870175912,8.205298653920662,9.792018227829976,0.9786971217878484,-25.814449414109685
87.6390857500021,2.2051091260128004,8.205298653920662,9.792018227829976,0.9782030536331668,-25.967549188009826
70.78364500250925,2.066796187886752,8.205298653920662,9.792018227829976,0.9772851408138581,-26.18310163003919
104.19321259287908,2.272077962170954,8.205298653920662,9.792018227829976,0.9826421933752237,-24.4539815389012
89.27443715910375,2.2123262236851104,8.205298653920662,9.792018227829976,0.9783290883167646,-25.90279110894249
105.92651018059838,2.244095597477667,8.205298653920662,9.792018227829976,0.9823623431462857,-24.558017365682925
85.49072628319804,2.307537447767899,8.205298653920662,9.792018227829976,0.9814475706408274,-24.759672452175753
80.60524153147317,2.2638563479157767,8.205298653920662,9.792018227829976,0.9807525467449527,-24.975960957007167
70.64385990073748,2.1050053190546976,8.205298653920662,9.792018227829976,0.978588258898658,-25.68610750225862
79.65441444536654,2.1519256041407004,8.205298653920662,9.792018227829976,0.9773253211475044,-26.198649730947576
101.27541109496217,2.225333686906552,8.205298653920662,9.792018227829976,0.980296160507797,-25.256447639308977
103.09639851864044,2.2848186841026035,8.205298653920662,9.792018227829976,0.9826232798090949,-24.430963437446156
105.82141606317212,2.246173335469848,8.205298653920662,9.792018227829976,0.9823251359061022,-24.54811337030639
104.36513245744196,2.221032744547898,8.205298653920662,9.792018227829976,0.981041131738384,-24.996610955973907
75.13221372099757,2.18980880659133,8.205298653920662,9.792018227829976,0.9796822812735738,-25.294915795275088
77.72735187689547,2.228286709770032,8.205298653920662,9.792018227829976,0.9801773463892477,-25.131651031778144
91.10634823342129,2.33193148913972,8.205298653920662,9.792018227829976,0.9819776137727583,-24.57229853098939
105.9381378135851,2.2234407344100617,8.205298653920662,9.792018227829976,0.9816112280222139,-24.784599375331272
100.35386543639407,2.3089653804721597,8.205298653920662,9.792018227829976,0.9825389602822499,-24.417023769348024
81.0619576768739,2.1635464007712244,8.205298653920662,9.792018227829976,0.9772921881509782,-26.16698480513664
89.72189046941998,2.328423993732045,8.205298653920662,9.792018227829976,0.9817648404106499,-24.613591954960985
98.83098342359384,2.227972666267433,8.205298653920662,9.792018227829976,0.9796730576804058,-25.418102583890047
104.84303853557913,2.221069257466709,8.205298653920662,9.792018227829976,0.9810758562711546,-24.941934348391428
69.43045107231482,2.0630417467141484,8.205298653920662,9.792018227829976,0.9774588253583689,-26.00750096045334
105.97559031646584,2.2417399589731417,8.205298653920662,9.792018227829976,0.9820709653763916,-24.577791645636637
102.7429442667934,2.2882345282073686,8.205298653920662,9.792018227829976,0.9824315194519642,-24.429057944226678
69.41233336044056,2.065070029377239,8.205298653920662,9.792018227829976,0.9775094787056642,-25.978883352104248
92.64278507893638,2.2230676598943404,8.205298653920662,9.792018227829976,0.9785564788291826,-25.75234426611612
70.30841947642116,2.0637899878582715,8.205298653920662,9.792018227829976,0.9770610581444206,-26.144517355339755
72.16154996964427,2.136763510344295,8.205298653920662,9.792018227829976,0.9787973706156711,-25.531077261840974
104.35023096669676,2.221419059013158,8.205298653920662,9.792018227829976,0.9808553163975872,-24.99392996699601
102.18816421572288,2.224297731352735,8.205298653920662,9.792018227829976,0.9802857012078674,-25.184746877761068
105.9906992467533,2.224705242561086,8.205298653920662,9.792018227829976,0.981518379534613,-24.764019239009457
92.95511534099684,2.333674087619599,8.205298653920662,9.792018227829976,0.9819633274274719,-24.525881028552845
95.50259498002472,2.2276247411027583,8.205298653920662,9.792018227829976,0.9789822958263563,-25.608497732195243
69.54727276367112,2.073975734585076,8.205298653920662,9.792018227829976,0.9777291864734544,-25.890189825113055
90.34443828976356,2.3300741762607515,8.205298653920662,9.792018227829976,0.9817007746468477,-24.59601526352639
105.7959204450454,2.2457827509496155,8.205298653920662,9.792018227829976,0.9820701199834275,-24.555474119883097
70.63999293897021,2.0664238251951588,8.205298653920662,9.792018227829976,0.9769517330912808,-26.16484980746646
74.47715673031821,2.178737499508557,8.205298653920662,9.792018227829976,0.9792765818963177,-25.344565715314072
79.79906467696522,2.25433064165442,8.205298653920662,9.792018227829976,0.9802723169500338,-25.02057141867703
77.65581830815906,2.227027534021545,8.205298653920662,9.792018227829976,0.97987824275521,-25.139004459530625
69.47207559433963,2.063807284945014,8.205298653920662,9.792018227829976,0.9773148821009647,-26.004938901332096
70.66414086267353,2.0667635601802914,8.205298653920662,9.792018227829976,0.9768891331121804,-26.164422460696088
86.81711325002576,2.3154785223384664,8.205298653920662,9.792018227829976,0.981210624375956,-24.713236928528993
74.76997448374226,2.1835218879921,8.205298653920662,9.792018227829976,0.9792639237403428,-25.32462655566879
72.99810179865062,2.1524822267425634,8.205298653920662,9.792018227829976,0.9788104783097937,-25.46109845738903
71.32003591925502,2.119130582713993,8.205298653920662,9.792018227829976,0.9783380615009224,-25.618972674233305
105.15109990256218,2.2573010726389384,8.205298653920662,9.792018227829976,0.9820349034093404,-24.506470679707707
82.82953081809904,2.285896417109228,8.205298653920662,9.792018227829976,0.9806154972745111,-24.87547649469638
69.49014242100354,2.0648152413213694,8.205298653920662,9.792018227829976,0.9772381992065842,-25.995317499198535
77.54703282307703,2.225412475855478,8.205298653920662,9.792018227829976,0.9797379384434892,-25.14674109254452
91.66203039549346,2.332475769164361,8.205298653920662,9.792018227829976,0.981625864034569,-24.560811289793126
70.60452044936103,2.102947003894883,8.205298653920662,9.792018227829976,0.9780404095754932,-25.705029532289597
85.26885846213034,2.3055636841505844,8.205298653920662,9.792018227829976,0.9809071070907388,-24.773103855662256
101.87869869749662,2.225077862866769,8.205298653920662,9.792018227829976,0.9799844525431655,-25.204924469095978
70.95595746412317,2.111001818946036,8.205298653920662,9.792018227829976,0.9781424433329236,-25.661808476244
71.15037689235795,2.1152950960724866,8.205298653920662,9.792018227829976,0.9781968626286287,-25.639597452668074
93.47571894417854,2.3334007281321334,8.205298653920662,9.792018227829976,0.9817347188311814,-24.516235004536565
91.42814891403854,2.220185416374392,8.205298653920662,9.792018227829976,0.978087544399146,-25.80519521013743
69.80986491501025,2.0624605360527117,8.205298653920662,9.792018227829976,0.9769313940534792,-26.078903800162347
105.59390800401616,2.223264604802509,8.205298653920662,9.792018227829976,0.9810351606149389,-24.82864136033499
104.83920831753028,2.2219474992241004,8.205298653920662,9.792018227829976,0.9807186596760179,-24.932522444625633
69.51056845302377,2.067834575066229,8.205298653920662,9.792018227829976,0.9772180871131433,-25.960837104836035
82.4448136017946,2.282173206374281,8.205298653920662,9.792018227829976,0.9803963693687917,-24.89442870802178
69.5399113184121,2.070130637894195,8.205298653920662,9.792018227829976,0.9772479520356093,-25.93701464530761
87.89648947715057,2.320854729897988,8.205298653920662,9.792018227829976,0.9810691820916186,-24.677473593001604
105.65434911722906,2.224012050024399,8.205298653920662,9.792018227829976,0.9809607921355307,-24.812979957905593
96.722976736739,2.3273273840652564,8.205298653920662,9.792018227829976,0.981813668479698,-24.4561431926912
86.26479648586987,2.311956161065453,8.205298653920662,9.792018227829976,0.9808408555889288,-24.73645043512452
98.84710301501468,2.2285362904419657,8.205298653920662,9.792018227829976,0.9791607997333401,-25.41056553679084
79.60636574589262,2.1521814678870044,8.205298653920662,9.792018227829976,0.976635298242603,-26.191517057134508
74.1570053729149,2.101041983506221,8.205298653920662,9.792018227829976,0.9763973194829113,-26.24015292619778
83.9142953793153,2.184644591159895,8.205298653920662,9.792018227829976,0.9770016777600679,-26.08510894336784
78.37900888749789,2.2363098408385724,8.205298653920662,9.792018227829976,0.9796125661529158,-25.101868159616604
106.024152522518,2.2291910606103045,8.205298653920662,9.792018227829976,0.981185845064959,-24.71007210728076
102.27121304814578,2.224872300742973,8.205298653920662,9.792018227829976,0.9798266500035032,-25.17033712026401
101.23142144869875,2.301420944773909,8.205298653920662,9.792018227829976,0.9818867287273824,-24.425602638112135
105.6717336655123,2.246517077295493,8.205298653920662,9.792018227829976,0.981566304967192,-24.562445669139088
75.68379797357002,2.1977325357598687,8.205298653920662,9.792018227829976,0.9790624439699669,-25.267007105378575
90.88853889884004,2.330852958419229,8.205298653920662,9.792018227829976,0.9812091398016943,-24.585289471127883
69.95153951887708,2.0848679615096444,8.205298653920662,9.792018227829976,0.9773681481760831,-25.8221182828675
105.7465885435912,2.244507095679694,8.205298653920662,9.792018227829976,0.981473434368577,-24.57539831464129
100.56595921561023,2.2272105268807536,8.205298653920662,9.792018227829976,0.9793745734689228,-25.295536961674586
81.00251889514969,2.163713728053821,8.205298653920662,9.792018227829976,0.9766073837963003,-26.160679067307004
88.07112062307978,2.207932326116037,8.205298653920662,9.792018227829976,0.9773358430386064,-25.94168710421205
74.81633084669458,2.1078385782115987,8.205298653920662,9.792018227829976,0.9762459184462392,-26.239261065815175
102.29122036420875,2.2250381436154925,8.205298653920662,9.792018227829976,0.9797006032045479,-25.166548848106533
73.75092783217835,2.165499689998512,8.205298653920662,9.792018227829976,0.9785181902429341,-25.407605842036936
105.74517567077756,2.244184458797136,8.205298653920662,9.792018227829976,0.9813909283440353,-24.57910049917934
95.4572577345296,2.330602473279356,8.205298653920662,9.792018227829976,0.9814885133415004,-24.479427177161273
78.45187104088765,2.23708491179832,8.205298653920662,9.792018227829976,0.9794470384441626,-25.099717864286646
86.32422546107414,2.199278363121905,8.205298653920662,9.792018227829976,0.9770523762912448,-26.0048730686624
88.33592343102237,2.209189217386225,8.205298653920662,9.792018227829976,0.9772945077362494,-25.930693796653127
91.21957607651969,2.331378225691253,8.205298653920662,9.792018227829976,0.9811203650473794,-24.57714061435852
69.79694493232131,2.064460020548225,8.205298653920662,9.792018227829976,0.9766114192147578,-26.0514955095768
86.23425263540658,2.1988106617454832,8.205298653920662,9.792018227829976,0.9770175769857129,-26.007745722400145
105.99743412907384,2.232191110218764,8.205298653920662,9.792018227829976,0.9810541315407576,-24.680180975687335
72.72689474297559,2.0870381545679493,8.205298653920662,9.792018227829976,0.9761747384293846,-26.22082240145618
99.69228906888478,2.2282344850853377,8.205298653920662,9.792018227829976,0.9790684701267468,-25.35289115669413
77.76067606657169,2.1361772961888903,8.205298653920662,9.792018227829976,0.9762650047165133,-26.21807502652144
72.32773244975854,2.0831500721968723,8.205298653920662,9.792018227829976,0.9761624095066624,-26.21219535870346
69.67123253592612,2.073179128982844,8.205298653920662,9.792018227829976,0.9768990179067653,-25.92097097106331
105.34445079833436,2.2522522688587685,8.205298653920662,9.792018227829976,0.9813800827966243,-24.538794438897035
101.92420807415373,2.295043943732366,8.205298653920662,9.792018227829976,0.9816220136010678,-24.432835953724613
100.87061840045013,2.227090998765746,8.205298653920662,9.792018227829976,0.9792554956789375,-25.27144598739837
82.42851945836466,2.1746728890950635,8.205298653920662,9.792018227829976,0.9765386636232976,-26.12340973972449
103.87125227852788,2.2233377561963863,8.205298653920662,9.792018227829976,0.9799569735756073,-25.024906240560384
91.0322871282044,2.330861409997894,8.205298653920662,9.792018227829976,0.9809068236765106,-24.584166374743443
105.93884635190996,2.231551176327045,8.205298653920662,9.792018227829976,0.9808429740423145,-24.694479294540827
88.10872198067197,2.321387435390122,8.205298653920662,9.792018227829976,0.9805721171592151,-24.675001169456607
84.5724479770517,2.2998494508079403,8.205298653920662,9.792018227829976,0.9801062322705612,-24.807806091841954
100.03510339166374,2.2281845461106258,8.205298653920662,9.792018227829976,0.9789233297478551,-25.327096603390913
99.6904850132806,2.228502317915968,8.205298653920662,9.792018227829976,0.9788441728595964,-25.349981965524645
105.75972080176432,2.2275113113419422,8.205298653920662,9.792018227829976,0.98058071195257,-24.761210650623294
79.28290496621308,2.149917956342975,8.205298653920662,9.792018227829976,0.9761131333253693,-26.191512294132774
75.54748366906124,2.195077255067673,8.205298653920662,9.792018227829976,0.9785663166545026,-25.282125428047014
69.73547831272064,2.074143174749821,8.205298653920662,9.792018227829976,0.9766746864789257,-25.91967520498418
75.49005230958986,2.194150170222628,8.205298653920662,9.792018227829976,0.9785361039675996,-25.28625561432224
88.54898795188176,2.3232076568418165,8.205298653920662,9.792018227829976,0.9805186458503132,-24.66120710277359
96.70433764323074,2.229360808630304,8.205298653920662,9.792018227829976,0.9782067883781744,-25.531237948816827
105.85367793276858,2.2300313232358637,8.205298653920662,9.792018227829976,0.9806134144681097,-24.72176421431613
104.6983950873436,2.2622918512000325,8.205298653920662,9.792018227829976,0.9811931209143543,-24.50398699827662
104.15277596080186,2.2700135460122794,8.205298653920662,9.792018227829976,0.9812395451062285,-24.480571802487347
81.34860563977476,2.2705870946055318,8.205298653920662,9.792018227829976,0.9794809271468431,-24.953320964523797
102.57537199947102,2.2882496948298723,8.205298653920662,9.792018227829976,0.981260874470347,-24.444949143576178
103.89942403906164,2.2731390705091457,8.205298653920662,9.792018227829976,0.9811660090408816,-24.473948737788408
102.41738876291345,2.289730754721376,8.205298653920662,9.792018227829976,0.9811877702647683,-24.444079172279714
71.93992393061997,2.1302510579980947,8.205298653920662,9.792018227829976,0.9774334085749841,-25.577023827619577
76.1612852076302,2.1216979696751395,8.205298653920662,9.792018227829976,0.9756987213019246,-26.226807710146964
88.45286315598456,2.3225938786237066,8.205298653920662,9.792018227829976,0.9802643302919412,-24.66663759434492
73.92872238526313,2.099752552182636,8.205298653920662,9.792018227829976,0.9756512745790339,-26.226363953121982
71.24330211567035,2.1153179089393603,8.205298653920662,9.792018227829976,0.9771713605887161,-25.65348360136076
105.82322277890668,2.2360654335709853,8.205298653920662,9.792018227829976,0.9805475390762425,-24.658803487114497
92.04792134373056,2.3319776770182017,8.205298653920662,9.792018227829976,0.9805870672440661,-24.560696433602573
105.25400989800308,2.2253607964454147,8.205298653920662,9.792018227829976,0.9800001334560093,-24.845897972739856
98.15319225188284,2.2297230324440136,8.205298653920662,9.792018227829976,0.9782109816664472,-25.443059708713818
79.40305965208391,2.1512570156164514,8.205298653920662,9.792018227829976,0.9758066682429665,-26.18554826196255
86.8985667060703,2.314900825953103,8.205298653920662,9.792018227829976,0.9800177049240865,-24.721330123367007
71.90919887395073,2.0801095504203886,8.205298653920662,9.792018227829976,0.9756423395896039,-26.188699003735113
105.81665473342788,2.23348416973694,8.205298653920662,9.792018227829976,0.9804169506895789,-24.688089380651174
79.78646400726842,2.15453475615152,8.205298653920662,9.792018227829976,0.9757905471371691,-26.177877663682242
101.44889562676894,2.2271250075394,8.205298653920662,9.792018227829976,0.9788328924593197,-25.220793430635943
89.34657891012924,2.2140017685570967,8.205298653920662,9.792018227829976,0.9767695013154463,-25.883589964737823
76.03100214746053,2.1205825943566907,8.205298653920662,9.792018227829976,0.9755741869776609,-26.225829708648373
69.97809265851835,2.0676395858008902,8.205298653920662,9.792018227829976,0.9759733613367421,-26.041584290740627
76.24041607541554,2.122607541323518,8.205298653920662,9.792018227829976,0.9755704863633786,-26.22446826760497
77.28984293727993,2.132508831313359,8.205298653920662,9.792018227829976,0.9756122484751883,-26.215452799935456
100.98663674942428,2.302289599830715,8.205298653920662,9.792018227829976,0.9809875868129706,-24.436883119146206
91.64552125651332,2.221765346851313,8.205298653920662,9.792018227829976,0.9770614406257432,-25.78422931483306
71.62853112139366,2.123371279538034,8.205298653920662,9.792018227829976,0.9771240623459015,-25.614003162847855
82.43399487478479,2.281074530192356,8.205298653920662,9.792018227829976,0.9792795197046352,-24.905788532753228
95.97505125411212,2.229393691493314,8.205298653920662,9.792018227829976,0.9776616724058654,-25.566992325417004
74.17508148432994,2.102494771106265,8.205298653920662,9.792018227829976,0.975437068042329,-26.224375911099255
83.9718483685144,2.29462379228481,8.205298653920662,9.792018227829976,0.9794719533932789,-24.83814218071416
73.95825199901326,2.1003513367561766,8.205298653920662,9.792018227829976,0.97542961458276,-26.22277997072198
74.77362711484398,2.108446099165292,8.205298653920662,9.792018227829976,0.9754247735960984,-26.22639078026642
70.05311862625932,2.083867632253458,8.205298653920662,9.792018227829976,0.9763774310732235,-25.851182075865687
71.09669085138208,2.1115122945826386,8.205298653920662,9.792018227829976,0.9768784484845411,-25.67728255915274
94.70399948913725,2.331160926283758,8.205298653920662,9.792018227829976,0.9805788475719869,-24.50218903478944
105.58976092835732,2.228772191948877,8.205298653920662,9.792018227829976,0.9800011537688362,-24.767817630009244
87.9631120738836,2.3201694559904524,8.205298653920662,9.792018227829976,0.9799235845810707,-24.685795790299448
101.84222873586432,2.294715166254761,8.205298653920662,9.792018227829976,0.9808252412551748,-24.443693148189798
72.89429885316035,2.089939058653357,8.205298653920662,9.792018227829976,0.9753739864022052,-26.20812045091781
104.17933675632744,2.224650222037809,8.205298653920662,9.792018227829976,0.9793548286142264,-24.976579155501298
87.9490102950598,2.3200679085806257,8.205298653920662,9.792018227829976,0.9798809937977775,-24.686658833242507
83.0248670582619,2.1796008256455366,8.205298653920662,9.792018227829976,0.9758426101717471,-26.099021947932815
80.8069450167873,2.264309381737135,8.205298653920662,9.792018227829976,0.9788618612721797,-24.985356441371817
80.5207057980478,2.2611431644305497,8.205298653920662,9.792018227829976,0.97881272672279,-24.999782866450737
79.29662022188846,2.1506568663281485,8.205298653920662,9.792018227829976,0.9754916061043045,-26.183703232105792
80.38556154885663,2.259614071720208,8.205298653920662,9.792018227829976,0.9787796658943503,-25.006769494676007
85.11162259708594,2.303210343073502,8.205298653920662,9.792018227829976,0.9794620978876559,-24.792676846446245
99.2961558679036,2.2296017485111577,8.205298653920662,9.792018227829976,0.9780872398393388,-25.36666545734035
104.175748168294,2.224865631429836,8.205298653920662,9.792018227829976,0.9792602528503374,-24.974557315989372
71.29142475361029,2.11556030455624,8.205298653920662,9.792018227829976,0.976773090356375,-25.65785253859514
83.76729619320167,2.292754653340509,8.205298653920662,9.792018227829976,0.9792380410432445,-24.848850150241216
90.9467992720032,2.2199516621964506,8.205298653920662,9.792018227829976,0.9766747986085558,-25.812405699213084
96.0260949261383,2.328186874852932,8.205298653920662,9.792018227829976,0.9804728299758716,-24.480361794093696
84.6178666155238,2.1902246494464777,8.205298653920662,9.792018227829976,0.9758764440351669,-26.050785454361446
81.87297036898856,2.2753650147730013,8.205298653920662,9.792018227829976,0.9789274945121095,-24.93458132081185
98.2436265957564,2.3196227352049448,8.205298653920662,9.792018227829976,0.9805634931040289,-24.451930865020696
70.57697623460162,2.0703561551822247,8.205298653920662,9.792018227829976,0.9754484285307166,-26.105067041821464
70.2721289593795,2.0691923631534053,8.205298653920662,9.792018227829976,0.9755357600947419,-26.070370964156133
105.39363814757996,2.2474858511921525,8.205298653920662,9.792018227829976,0.9802964567268092,-24.58500707006979
105.62719334630614,2.231229660201066,8.205298653920662,9.792018227829976,0.9798618810202852,-24.736037125413336
87.82487611834361,2.207793209694344,8.205298653920662,9.792018227829976,0.9761829246451216,-25.93932628147719
77.49847138266938,2.134861883937816,8.205298653920662,9.792018227829976,0.9752276241181413,-26.207903984942845
74.25765853671471,2.17283674335161,8.205298653920662,9.792018227829976,0.97744702111563,-25.3861327129907
75.38946308889726,2.1148763282077425,8.205298653920662,9.792018227829976,0.975126164331467,-26.221668564612056
97.56092350075008,2.3226787142498324,8.205298653920662,9.792018227829976,0.9804349791860024,-24.46019808406351
72.04349214901305,2.08222837833803,8.205298653920662,9.792018227829976,0.9751714821770461,-26.182021453380322
70.91757722708182,2.072767872019014,8.205298653920662,9.792018227829976,0.9752941423303177,-26.12890085885331
80.59683965907504,2.261792716039295,8.205298653920662,9.792018227829976,0.9786127493440764,-24.998130065090393
76.29090186801619,2.20554252584013,8.205298653920662,9.792018227829976,0.9778223955343046,-25.244245943421234
70.5406551998382,2.07059033169908,8.205298653920662,9.792018227829976,0.9753402576733844,-26.096276204683484
71.2225828889375,2.113538701863405,8.205298653920662,9.792018227829976,0.9765231844953568,-25.67191468049166
91.17886966466422,2.2208389062511174,8.205298653920662,9.792018227829976,0.9765224085053297,-25.80015980207013
105.5884443944636,2.2317996834975133,8.205298653920662,9.792018227829976,0.9797104206701108,-24.734394998938086
82.88837131587493,2.284885247842752,8.205298653920662,9.792018227829976,0.9788850301468889,-24.889681372115184
105.54925342716898,2.230942062911083,8.205298653920662,9.792018227829976,0.9796623037736018,-24.748614714035337
77.91707858282905,2.22871015398637,8.205298653920662,9.792018227829976,0.9780624325583933,-25.14484056366035
105.6140744765132,2.2330626052965243,8.205298653920662,9.792018227829976,0.9797306701490147,-24.71732582820819
90.0250578339053,2.217060680137891,8.205298653920662,9.792018227829976,0.9763061370189157,-25.849574276795202
105.35527970668016,2.2473112045172456,8.205298653920662,9.792018227829976,0.9800541962386098,-24.591443173605185
77.22398973208793,2.132516045487307,8.205298653920662,9.792018227829976,0.9750438400930399,-26.20855096720315
74.7837943870266,2.109133631928032,8.205298653920662,9.792018227829976,0.974968733518069,-26.21911131534104
103.26769529052888,2.225957230987362,8.205298653920662,9.792018227829976,0.9786932880308336,-25.059104959353068
100.16147805056868,2.307774490864034,8.205298653920662,9.792018227829976,0.9803578196226361,-24.444466196141516
94.0407995940345,2.2276137048768163,8.205298653920662,9.792018227829976,0.9768481985002055,-25.663224515301632
71.19789546310808,2.1127008738489224,8.205298653920662,9.792018227829976,0.976386797738036,-25.678326074830245
101.80921138320332,2.227568829633583,8.205298653920662,9.792018227829976,0.9783067319446606,-25.18315751244808
72.94847581668824,2.148876094050564,8.205298653920662,9.792018227829976,0.976903756383287,-25.497041978882667
105.44190807848707,2.230017781160427,8.205298653920662,9.792018227829976,0.9794797772307087,-24.77173075835844
93.9354540915723,2.227489489512351,8.205298653920662,9.792018227829976,0.9767788231972665,-25.667944968058634
103.60743343064848,2.2258240602690336,8.205298653920662,9.792018227829976,0.978732592752038,-25.025124489836024
87.45739535745878,2.317242854844679,8.205298653920662,9.792018227829976,0.9793421974833004,-24.70823438718528
76.16962213850762,2.1226913950928576,8.205298653920662,9.792018227829976,0.9749114002698509,-26.215478465539505
71.55013999246434,2.120422634877059,8.205298653920662,9.792018227829976,0.9764295199065025,-25.63792691159133
102.96116099536378,2.2263974570486624,8.205298653920662,9.792018227829976,0.9785232849760732,-25.0853998520637
82.45481929865683,2.1760064608102283,8.205298653920662,9.792018227829976,0.975309971485781,-26.1089977829984
104.45371321160265,2.2634618239748363,8.205298653920662,9.792018227829976,0.980126346068407,-24.518539803193843
70.14157164625422,2.071231926920205,8.205298653920662,9.792018227829976,0.9753169797979561,-26.02336092167035
70.48324635802551,2.094550843065292,8.205298653920662,9.792018227829976,0.9759753370536349,-25.788734011245417
81.80506954160077,2.2743334930094505,8.205298653920662,9.792018227829976,0.9785344017785036,-24.941645219638637
98.47150600550935,2.2305039996304714,8.205298653920662,9.792018227829976,0.9774969675663197,-25.413519219539747
70.13688153093591,2.0714555468891263,8.205298653920662,9.792018227829976,0.9753009106319214,-26.01978345907021
98.15559955357782,2.3196307154857863,8.205298653920662,9.792018227829976,0.980162477294985,-24.45726060008459
100.55973042929764,2.22909578896855,8.205298653920662,9.792018227829976,0.9779147679251613,-25.27466635874149
74.10245126043475,2.169715120330068,8.205298653920662,9.792018227829976,0.977075339752374,-25.40313310534283
105.53185681044025,2.2325800317113504,8.205298653920662,9.792018227829976,0.9794951072594029,-24.732554875525047
82.45065095270245,2.280608395203984,8.205298653920662,9.792018227829976,0.978593004092011,-24.911837173592666
104.91662110822983,2.226971760218504,8.205298653920662,9.792018227829976,0.9791016636773956,-24.867372916679923
70.56132794011297,2.071621958526876,8.205298653920662,9.792018227829976,0.9750880965536309,-26.086609847436673
72.78154794516298,2.145468396619449,8.205298653920662,9.792018227829976,0.9767173927266929,-25.51459202554307
70.03788118586232,2.0744950203656742,8.205298653920662,9.792018227829976,0.9754046444966159,-25.965419620057737
81.02121256662188,2.165292774970979,8.205298653920662,9.792018227829976,0.975107912522087,-26.14295948316745
73.79902629427241,2.16430368519454,8.205298653920662,9.792018227829976,0.9769597707551355,-25.427850488127778
105.15774572292764,2.2283029917780084,8.205298653920662,9.792018227829976,0.9791583528775968,-24.8244424612966
88.5856652207516,2.3222861168443245,8.205298653920662,9.792018227829976,0.979296738465635,-24.671382894915823
99.44943549431706,2.312233521838067,8.205298653920662,9.792018227829976,0.9800735761886542,-24.44980983777141
98.8614306586948,2.230545283250038,8.205298653920662,9.792018227829976,0.9774063492599206,-25.38670151600425
97.26884689370728,2.3233857360426957,8.205298653920662,9.792018227829976,0.9799382888589951,-24.46898668153755
96.36348507768362,2.3265819901858293,8.205298653920662,9.792018227829976,0.9798720361739137,-24.481586408218956
70.18623739123305,2.083771830262407,8.205298653920662,9.792018227829976,0.9755124037978746,-25.87409887798063
101.71887151622514,2.2947347909206286,8.205298653920662,9.792018227829976,0.980023633604299,-24.454462305144524
95.00878305314784,2.229298183249739,8.205298653920662,9.792018227829976,0.9766824024246694,-25.609579666921917
82.19018423809564,2.1743090838588586,8.205298653920662,9.792018227829976,0.9750462724390226,-26.113106034252656
89.14545719407528,2.214048075351414,8.205298653920662,9.792018227829976,0.9758054995189712,-25.88185322505171
75.69406482606306,2.118441803003094,8.205298653920662,9.792018227829976,0.9746334922918856,-26.2134635946492
74.80565324400291,2.109843944166002,8.205298653920662,9.792018227829976,0.9745892745209968,-26.21300614948583
76.10592030557684,2.2021390960420035,8.205298653920662,9.792018227829976,0.9772498229970891,-25.26319773885261
104.6786434666806,2.227114543599967,8.205298653920662,9.792018227829976,0.9787716551253863,-24.89307760104607
77.3766341682061,2.220730268347623,8.205298653920662,9.792018227829976,0.9774545128222083,-25.183072397850975
81.30091875801095,2.268838421780231,8.205298653920662,9.792018227829976,0.9781203317438917,-24.969372215175866
95.1637664364446,2.2295797705114357,8.205298653920662,9.792018227829976,0.9766056911442343,-25.6001826876133
76.89825585537446,2.1299807742183816,8.205298653920662,9.792018227829976,0.974587471751726,-26.20548186113336
78.08524314162828,2.2304253337734963,8.205298653920662,9.792018227829976,0.9775565309721675,-25.14119224791625
99.916265523813,2.230094851524896,8.205298653920662,9.792018227829976,0.9774469778151853,-25.31464575151905
80.20585671698556,2.2567491951499505,8.205298653920662,9.792018227829976,0.9778879212362362,-25.025072256567665
89.22572284196592,2.3244775854216044,8.205298653920662,9.792018227829976,0.9790804420477076,-24.653396155075516
71.58950539038774,2.1203443549943586,8.205298653920662,9.792018227829976,0.9759674105632609,-25.644743813851072
77.9666771242222,2.1399006288820037,8.205298653920662,9.792018227829976,0.9745285740112589,-26.19272153089953
81.01362522325992,2.1656369396398247,8.205298653920662,9.792018227829976,0.9746923386037717,-26.138259653547383
99.5510454147185,2.311164301793156,8.205298653920662,9.792018227829976,0.9797161152181297,-24.45385654068022
70.77894277474216,2.100832183064768,8.205298653920662,9.792018227829976,0.9755541023585669,-25.758352629408403
102.71104359783048,2.284457480232547,8.205298653920662,9.792018227829976,0.9797107489520155,-24.47250391251421
99.60592518625909,2.310797261832036,8.205298653920662,9.792018227829976,0.9797080701912294,-24.453785693879343
86.22128880530724,2.2003823099457094,8.205298653920662,9.792018227829976,0.9751885567030689,-25.98879080958224
101.88055253343074,2.292796201183549,8.205298653920662,9.792018227829976,0.9797125366556382,-24.46070388944722
82.0397029210232,2.2761714906328905,8.205298653920662,9.792018227829976,0.97802958621521,-24.936003916073396
77.75614602282704,2.138082446870854,8.205298653920662,9.792018227829976,0.9744413071692973,-26.194274740266422
78.10397069267079,2.2304868008723133,8.205298653920662,9.792018227829976,0.9773755609109391,-25.142232301065054
73.96811405738191,2.166658633942305,8.205298653920662,9.792018227829976,0.9765166797692431,-25.42189453553608
97.53408046587596,2.3219117786626526,8.205298653920662,9.792018227829976,0.9795952844258368,-24.469791845715335
102.8034546392799,2.28333863550651,8.205298653920662,9.792018227829976,0.9796364640825996,-24.475549777457907
86.80592871994124,2.2035590332159387,8.205298653920662,9.792018227829976,0.9751842034186209,-25.967481121754115
82.92999928251928,2.1799580954147477,8.205298653920662,9.792018227829976,0.9747410426455079,-26.089424859948558
103.76920181487692,2.2716293678827384,8.205298653920662,9.792018227829976,0.9795099258113587,-24.50391632151648
99.87706403806708,2.230451911748119,8.205298653920662,9.792018227829976,0.9771820200357951,-25.313616831057743
99.08178385285198,2.23095501702133,8.205298653920662,9.792018227829976,0.9770177186519491,-25.36663469482543
70.41517308251584,2.073929307975007,8.205298653920662,9.792018227829976,0.9746358614511466,-26.034056912322928
70.38456905524056,2.0884848019286864,8.205298653920662,9.792018227829976,0.975152999767841,-25.847777858493004
72.01402099596883,2.128992230003917,8.205298653920662,9.792018227829976,0.9758568763432477,-25.602910765107953
99.75383646906864,2.309635189738472,8.205298653920662,9.792018227829976,0.9795564180202905,-24.455311754693945
105.3915127202448,2.237321849988561,8.205298653920662,9.792018227829976,0.9789533053459492,-24.69689014737194
86.81177087448947,2.313092009950509,8.205298653920662,9.792018227829976,0.9785059849209752,-24.738592338374445
71.23159435966426,2.0774972430272527,8.205298653920662,9.792018227829976,0.9743437206972348,-26.118479803815283
97.91591497437614,2.231392787397951,8.205298653920662,9.792018227829976,0.9767059078690631,-25.43889659351724
87.76112789639102,2.3180430286595595,8.205298653920662,9.792018227829976,0.9785750687172291,-24.705177190734577
99.3430159608211,2.312196021959437,8.205298653920662,9.792018227829976,0.9794649191077304,-24.45772233209601
99.92284693612072,2.230543965901063,8.205298653920662,9.792018227829976,0.9770929514971116,-25.309042874074834
77.98843002698453,2.1404006883454514,8.205298653920662,9.792018227829976,0.9742486143015491,-26.188722394327208
104.48179171935958,2.2280023349465665,8.205298653920662,9.792018227829976,0.9782826500847797,-24.905410738955307
91.1273826845144,2.3292456421563514,8.205298653920662,9.792018227829976,0.9789111453203442,-24.60044107525957
83.33731303992028,2.182897562344195,8.205298653920662,9.792018227829976,0.974642371624127,-26.076623326216858
70.34989025945106,2.075242797135843,8.205298653920662,9.792018227829976,0.9745668765479449,-26.00702235155596
82.05375725143644,2.2760544277539907,8.205298653920662,9.792018227829976,0.9777559895382076,-24.938140371666112
94.82172168695097,2.3296133222730617,8.205298653920662,9.792018227829976,0.9791646258859269,-24.514260298886843
83.74477389197543,2.2914485993338047,8.205298653920662,9.792018227829976,0.9779903978281911,-24.86193636707345
102.2367303863922,2.228458447969629,8.205298653920662,9.792018227829976,0.9775491382761914,-25.133137193031416
71.40523292499579,2.078980254053249,8.205298653920662,9.792018227829976,0.9742358308515672,-26.126615086913603
91.30750854323556,2.2221889223507105,8.205298653920662,9.792018227829976,0.9755058049812513,-25.783237373044617
80.1802616815277,2.2559609980524016,8.205298653920662,9.792018227829976,0.977371198171451,-25.031878132085915
71.10936546565868,2.108076659140877,8.205298653920662,9.792018227829976,0.9752794233952984,-25.721058810946584
105.26432944743031,2.243023151341476,8.205298653920662,9.792018227829976,0.9788636512320417,-24.64914023863506
74.93531288451928,2.182722129314129,8.205298653920662,9.792018227829976,0.9763470351185864,-25.353699218393526
71.92781320426758,2.083462932950667,8.205298653920662,9.792018227829976,0.9740641433661361,-26.14933976470445
97.93956864341784,2.23161687679665,8.205298653920662,9.792018227829976,0.9765119846242487,-25.434881145744082
78.35271748192551,2.233348564531795,8.205298653920662,9.792018227829976,0.9769913686208606,-25.13276012838097
101.6025013687638,2.229348280839588,8.205298653920662,9.792018227829976,0.9772289917759116,-25.18188351005415
88.84383371995355,2.3225184368613867,8.205298653920662,9.792018227829976,0.9784287195956011,-24.671410355008444
83.93571715692563,2.187133309311505,8.205298653920662,9.792018227829976,0.974440000541633,-26.056478140116237
105.00102961689907,2.231378971270857,8.205298653920662,9.792018227829976,0.9782708842186593,-24.80851516481482
77.57188590272601,2.222669622784608,8.205298653920662,9.792018227829976,0.9767450535667446,-25.180166887959448
104.7576963851131,2.2551306692958093,8.205298653920662,9.792018227829976,0.9789093142495106,-24.575072151270263
89.27265308220039,2.324035073498507,8.205298653920662,9.792018227829976,0.9784064670748951,-24.658352434811512
100.40785984192964,2.304455949078374,8.205298653920662,9.792018227829976,0.9791367890996691,-24.460554838826646
103.6322335603445,2.228085087097313,8.205298653920662,9.792018227829976,0.9776855780788976,-24.997120457338113
71.25308460043298,2.111047013003045,8.205298653920662,9.792018227829976,0.9751304387481649,-25.70685006116736
82.466354211022,2.2797685288913527,8.205298653920662,9.792018227829976,0.9775194376230055,-24.921914104487428
72.66863519670262,2.141534491524496,8.205298653920662,9.792018227829976,0.9755954709543172,-25.545778591380472
83.24247878793919,2.286863917402698,8.205298653920662,9.792018227829976,0.9776234800682541,-24.886857607046963
70.418996609329,2.076968841469423,8.205298653920662,9.792018227829976,0.9742893370425685,-25.996591263495205
100.13586860096204,2.306403270269172,8.205298653920662,9.792018227829976,0.9790905291480622,-24.460948271959563
102.62621839898024,2.2843041220370424,8.205298653920662,9.792018227829976,0.9790575105767809,-24.482292096015808
93.48864740541408,2.227803921998486,8.205298653920662,9.792018227829976,0.9755572876027847,-25.677311902377873
82.53723192661452,2.177670024939843,8.205298653920662,9.792018227829976,0.9741884869935152,-26.09400568857336
85.75337388380416,2.306154093698183,8.205298653920662,9.792018227829976,0.97788482349205,-24.783212753203447
71.47132139910555,2.115957987416237,8.205298653920662,9.792018227829976,0.9751183402880272,-25.680182433923438
97.8049865842964,2.2318928577568897,8.205298653920662,9.792018227829976,0.9762484211058683,-25.4399986558876
91.28743397260438,2.2224273392325955,8.205298653920662,9.792018227829976,0.9751863917554319,-25.780677375019327
78.69456658366222,2.2375521460473067,8.205298653920662,9.792018227829976,0.9768111825199338,-25.115973330633253
75.59790096332412,2.193072669613912,8.205298653920662,9.792018227829976,0.9761552788977425,-25.310952564897004
105.22135119009911,2.238691629865457,8.205298653920662,9.792018227829976,0.9783736056046783,-24.701856789383413
104.87086715679814,2.2520250007714253,8.205298653920662,9.792018227829976,0.9786635978484058,-24.596092755340862
99.58923755001118,2.2313916175156265,8.205298653920662,9.792018227829976,0.9765395750889503,-25.324774339512288
73.82773737545928,2.1016327010805043,8.205298653920662,9.792018227829976,0.9736653398702648,-26.189566298525687
97.1070870058062,2.3228768433986176,8.205298653920662,9.792018227829976,0.9788379793385856,-24.483060172408926
72.78026162051837,2.143436255230455,8.205298653920662,9.792018227829976,0.9754453376754231,-25.53859281350703
84.05507594659379,2.1881358729189344,8.205298653920662,9.792018227829976,0.9742107711364566,-26.050252922276005
71.75703250109697,2.0828062562191008,8.205298653920662,9.792018227829976,0.9737514510570676,-26.132022624530663
87.14252645701487,2.314374311039103,8.205298653920662,9.792018227829976,0.9779338477268174,-24.7324316148248
105.18922835749248,2.241392144182754,8.205298653920662,9.792018227829976,0.9783878842027753,-24.675870048420627
71.8963566393374,2.125158705159521,8.205298653920662,9.792018227829976,0.975127347659866,-25.631919474234603
101.1640792682856,2.2980774695565174,8.205298653920662,9.792018227829976,0.9789024144268342,-24.466812554722164
96.2250166758472,2.325852008014777,8.205298653920662,9.792018227829976,0.9787305864719978,-24.495794702777875
103.48765154705973,2.22858584184101,8.205298653920662,9.792018227829976,0.9774174865952623,-25.006721383668506
95.19852043436975,2.328405510484913,8.205298653920662,9.792018227829976,0.9786553629544668,-24.51283306388618
100.99608930760571,2.230429834605715,8.205298653920662,9.792018227829976,0.9767476874741627,-25.222962784791648
105.17333059485765,2.2415313395094785,8.205298653920662,9.792018227829976,0.9783353057918929,-24.676196279508623
76.26183096068985,2.203245091711665,8.205298653920662,9.792018227829976,0.9761631439300097,-25.267425347671075
83.03302471442444,2.2847413961159333,8.205298653920662,9.792018227829976,0.9773140349959909,-24.899008692737475
93.58308758528815,2.2282096149422728,8.205298653920662,9.792018227829976,0.9753432233018823,-25.670024542631413
77.84332675086456,2.2260534967694667,8.205298653920662,9.792018227829976,0.9764579386307155,-25.167876390293717
70.72684795579931,2.077262174605366,8.205298653920662,9.792018227829976,0.9738922335684604,-26.042225108311648
83.19633194528598,2.182508012547217,8.205298653920662,9.792018227829976,0.9740224112633785,-26.073699987818518
104.66993138555566,2.2307073472607186,8.205298653920662,9.792018227829976,0.977784805439603,-24.853994338643286
94.94167741839608,2.230376359299541,8.205298653920662,9.792018227829976,0.9755264993810606,-25.59981607402578
100.68468356664754,2.230803265014501,8.205298653920662,9.792018227829976,0.9766064921641137,-25.245003133727163
70.67654630438234,2.0941055475623784,8.205298653920662,9.792018227829976,0.9744304029697853,-25.82491340587264
103.58389603364115,2.2723208580334244,8.205298653920662,9.792018227829976,0.9786663852691719,-24.515750001961095
80.65346501915543,2.1637066411430084,8.205298653920662,9.792018227829976,0.9737438935975543,-26.135044060390143
70.45163091142916,2.083894528236001,8.205298653920662,9.792018227829976,0.9741644667326639,-25.915476524988634
98.70325190163692,2.232070118882177,8.205298653920662,9.792018227829976,0.9761478449169086,-25.380190094677875
77.91989448372931,2.1405642517688364,8.205298653920662,9.792018227829976,0.9735367376036846,-26.18003878725251
102.7034268632065,2.229202797063237,8.205298653920662,9.792018227829976,0.9770302496999071,-25.079531845982036
102.19345443170782,2.229581128003474,8.205298653920662,9.792018227829976,0.9768940067981202,-25.124595901137337
105.08611750929664,2.24422900203966,8.205298653920662,9.792018227829976,0.9782404110622489,-24.65669507726186
95.30725644387356,2.2308919366505364,8.205298653920662,9.792018227829976,0.9755019758435836,-25.57926214440463
96.79506154436962,2.3237707835885715,8.205298653920662,9.792018227829976,0.9785649518052483,-24.489901543451154
76.9049692292204,2.2126513833093355,8.205298653920662,9.792018227829976,0.9761386678840922,-25.227522158377017
98.83894917198393,2.3142707115527514,8.205298653920662,9.792018227829976,0.9786410192727872,-24.4702319649994
105.094495882082,2.2435500525587457,8.205298653920662,9.792018227829976,0.9781988534026036,-24.663180467042203
72.6833827810481,2.091292611244185,8.205298653920662,9.792018227829976,0.973440528136129,-26.161316395570363
77.27415812456643,2.1347761962441467,8.205298653920662,9.792018227829976,0.9734491909026661,-26.186004098655413
93.61993662348392,2.228448211825338,8.205298653920662,9.792018227829976,0.9751781453637204,-25.666238489138227
70.70470816436153,2.07827586626442,8.205298653920662,9.792018227829976,0.9737359806814989,-26.026009462715802
104.25270535704988,2.262182674974184,8.205298653920662,9.792018227829976,0.9783966859615609,-24.55442951493954
97.13101262069708,2.2322682058943712,8.205298653920662,9.792018227829976,0.9757025318612339,-25.47497459347921
81.70492002963627,2.2717501522858043,8.205298653920662,9.792018227829976,0.9768387748992046,-24.963669254419063
94.92852011689249,2.2305900380643067,8.205298653920662,9.792018227829976,0.9753001972423492,-25.59787255190147
103.44770013970614,2.22928190768819,8.205298653920662,9.792018227829976,0.9770957722358226,-25.003092123727935
91.76224339634128,2.224236245243304,8.205298653920662,9.792018227829976,0.9747934016498215,-25.75403929285721
103.70303342583814,2.2294916846198305,8.205298653920662,9.792018227829976,0.9771281769032522,-24.97385209199264
100.00515808033258,2.231698722138759,8.205298653920662,9.792018227829976,0.976185324339528,-25.289570328575085
85.0918339039347,2.301069431651157,8.205298653920662,9.792018227829976,0.977224784967417,-24.814996988171995
71.15950879308639,2.106805394775634,8.205298653920662,9.792018227829976,0.9743763462435626,-25.744269758062302
83.86697487194613,2.1873367117978404,8.205298653920662,9.792018227829976,0.9737412234486176,-26.050716621615692
71.8944355146436,2.1241472686802183,8.205298653920662,9.792018227829976,0.9746529669960077,-25.643837687295868
85.2549042585598,2.3022056706562357,8.205298653920662,9.792018227829976,0.9772185547986701,-24.808717787329197
89.27627809998613,2.323394828816788,8.205298653920662,9.792018227829976,0.9776849460172179,-24.665163432088107
70.55856405882972,2.0863831605476264,8.205298653920662,9.792018227829976,0.9738851334647152,-25.90168629591798
89.97721972958108,2.3255748044960427,8.205298653920662,9.792018227829976,0.9777154249260167,-24.644019189747066
97.8257482288278,2.319187738012104,8.205298653920662,9.792018227829976,0.9782990904631379,-24.481706150081553
73.37378149737106,2.1539109430603247,8.205298653920662,9.792018227829976,0.9750248344108321,-25.494682695926166
96.56014305411428,2.2322443990795904,8.205298653920662,9.792018227829976,0.9754045395078857,-25.505736113082936
104.34060034608063,2.2309735989574198,8.205298653920662,9.792018227829976,0.9772279580636756,-24.888012612208765
80.13659347617883,2.254460392368131,8.205298653920662,9.792018227829976,0.976346120345947,-25.045219542721647
91.002131567457,2.2222053527645187,8.205298653920662,9.792018227829976,0.97445734416623,-25.78581710820542
98.3482313976773,2.2326565169572774,8.205298653920662,9.792018227829976,0.9756611658860614,-25.39710760561462
91.00360573817126,2.222220974751991,8.205298653920662,9.792018227829976,0.9744460405338691,-25.785624313787647
104.9988245372376,2.243151321348975,8.205298653920662,9.792018227829976,0.9777698371994965,-24.678637343117618
71.07155467297261,2.1038241668456976,8.205298653920662,9.792018227829976,0.974126302774096,-25.767200029108494
86.74453599510893,2.3115729505291966,8.205298653920662,9.792018227829976,0.9772333368115597,-24.75320542122959
87.12247942285383,2.3136651705197835,8.205298653920662,9.792018227829976,0.9772651349489216,-24.739574427902987
96.7157209607004,2.232464111984001,8.205298653920662,9.792018227829976,0.9753053997589433,-25.495169473959894
73.16633168932404,2.1497263839703606,8.205298653920662,9.792018227829976,0.9748102946862811,-25.516500865290244
77.89173906746936,2.2260219869564537,8.205298653920662,9.792018227829976,0.9758175399431541,-25.17280452590844
102.5638074946892,2.2302141193642058,8.205298653920662,9.792018227829976,0.976497761859787,-25.08186076127542
104.95511707670114,2.2379901134234927,8.205298653920662,9.792018227829976,0.9774864127018856,-24.740570054765303
97.8696137098397,2.232837318486133,8.205298653920662,9.792018227829976,0.975444187691076,-25.425295505622756
102.85729632631345,2.230125206990323,8.205298653920662,9.792018227829976,0.9765602650962433,-25.053897125584534
102.95736998538251,2.2301071511209614,8.205298653920662,9.792018227829976,0.9765841311739722,-25.044073632683858
104.95065213487392,2.2386085142618555,8.205298653920662,9.792018227829976,0.9774554431215856,-24.73425387748238
88.94622924907345,2.2148696059847026,8.205298653920662,9.792018227829976,0.974011137647879,-25.870759750991297
82.54589637107442,2.2795688574203865,8.205298653920662,9.792018227829976,0.9765123696371995,-24.928647926035165
82.04253059504437,2.2746882544956435,8.205298653920662,9.792018227829976,0.9764188156397469,-24.95242733524504
80.87893459931917,2.1661264875836537,8.205298653920662,9.792018227829976,0.9731284115343861,-26.122568114731546
72.09788389725702,2.127730332443249,8.205298653920662,9.792018227829976,0.9743077347485509,-25.630234003173122
77.30859492652347,2.2177482421715524,8.205298653920662,9.792018227829976,0.9755724670559255,-25.210192914085066
92.77061437206572,2.329650686579285,8.205298653920662,9.792018227829976,0.9776299894519664,-24.572171436917476
103.74289032269746,2.2684960674662307,8.205298653920662,9.792018227829976,0.9778976342024931,-24.540502731595428
104.8862666302246,2.2455136066138834,8.205298653920662,9.792018227829976,0.9775435220782538,-24.665616865833055
78.22081186814438,2.1439847177649938,8.205298653920662,9.792018227829976,0.9728852705707256,-26.16731061308323
104.7708740130964,2.2494635253978714,8.205298653920662,9.792018227829976,0.9776179194918224,-24.635459681090353
70.70794409978932,2.090030076061467,8.205298653920662,9.792018227829976,0.9735442086172128,-25.880216730462987
71.4614271029857,2.1130296049491197,8.205298653920662,9.792018227829976,0.9740154020821058,-25.71426690817868
77.58854413393138,2.138367999745512,8.205298653920662,9.792018227829976,0.9728266619063235,-26.174040615937972
77.7174852078789,2.1395328810133663,8.205298653920662,9.792018227829976,0.9728298890553648,-26.172686387250224
74.7288936829969,2.1116256711680137,8.205298653920662,9.792018227829976,0.9727483921954414,-26.18134537803344
102.82233528117548,2.230486369754232,8.205298653920662,9.792018227829976,0.976377159589068,-25.053326512209235
91.12467147802258,2.222888623370622,8.205298653920662,9.792018227829976,0.9741600537003026,-25.776871713014405
78.19058010789158,2.229816335556407,8.205298653920662,9.792018227829976,0.9756436650174569,-25.157768226566994
72.1578085861329,2.128818397411294,8.205298653920662,9.792018227829976,0.9742269490600267,-25.625780936070715
73.94866295475565,2.163832222163109,8.205298653920662,9.792018227829976,0.9747341614347684,-25.45260033820637
80.00958108415051,2.252598966297072,8.205298653920662,9.792018227829976,0.9759402380670215,-25.056182097682388
75.83286563352699,2.122174787175723,8.205298653920662,9.792018227829976,0.9727213721035187,-26.18346260020107
104.821354407103,2.2368023355235067,8.205298653920662,9.792018227829976,0.9771617889301772,-24.76906980611874
101.4474784509736,2.2313864792293714,8.205298653920662,9.792018227829976,0.9759757982152505,-25.172777474652634
83.7712661884105,2.18718855595958,8.205298653920662,9.792018227829976,0.9732285788499915,-26.047767843305166
86.98567863272424,2.206022669952034,8.205298653920662,9.792018227829976,0.9735425878721643,-25.942908994920042
83.66040031238562,2.2893110912585257,8.205298653920662,9.792018227829976,0.9764260351281288,-24.881093621337623
100.85779770885806,2.23192203371093,8.205298653920662,9.792018227829976,0.9757787886864834,-25.217856033648683
74.27112906672109,2.1694249023380365,8.205298653920662,9.792018227829976,0.9747091202998885,-25.427722545604674
98.83460676305124,2.233067059705263,8.205298653920662,9.792018227829976,0.9753313584317341,-25.35989520635629
96.50206196123456,2.3238677502032203,8.205298653920662,9.792018227829976,0.9776834397520046,-24.503481954721593
71.39304290251003,2.0830720746395173,8.205298653920662,9.792018227829976,0.9728461295015512,-26.073449569126026
89.78084006436383,2.324474096507089,8.205298653920662,9.792018227829976,0.9771244749643457,-24.65550404113693
104.30399913802763,2.2325734845648526,8.205298653920662,9.792018227829976,0.9767549360662665,-24.87424317360969
75.97938198839557,2.12371896632132,8.205298653920662,9.792018227829976,0.9725978211802425,-26.181236833664258
77.09557820233093,2.2143833072580463,8.205298653920662,9.792018227829976,0.9752525655525309,-25.227168578867875
99.82366766105037,2.232738079054684,8.205298653920662,9.792018227829976,0.9754582482646567,-25.291802906746945
99.26753548660956,2.233013818257092,8.205298653920662,9.792018227829976,0.9753399449337136,-25.329992275013385
75.83692207243425,2.1224319039740323,8.205298653920662,9.792018227829976,0.9725529009657092,-26.180759935098667
95.31377497469316,2.231849402076165,8.205298653920662,9.792018227829976,0.9745975979264395,-25.568023777272682
103.36795080088272,2.23100212635606,8.205298653920662,9.792018227829976,0.9763283945714524,-24.99211406995264
91.8525550096364,2.225231234215599,8.205298653920662,9.792018227829976,0.9740359051549942,-25.74124905450886
81.6192286634717,2.270064170533445,8.205298653920662,9.792018227829976,0.9759794341899228,-24.976724738258696
75.33465974361168,2.187259784304942,8.205298653920662,9.792018227829976,0.9748207598220704,-25.34797678909602
70.76389711330398,2.085467396901791,8.205298653920662,9.792018227829976,0.9730568831169761,-25.945667307285195
73.36879560538176,2.152719561881213,8.205298653920662,9.792018227829976,0.9743219762628441,-25.508122643541572
92.05630996070536,2.225811361373232,8.205298653920662,9.792018227829976,0.9740331847816986,-25.731420536542213
94.44440658350862,2.230770258202355,8.205298653920662,9.792018227829976,0.9743946504390494,-25.613540908642186
97.10229852443815,2.2332161612048225,8.205298653920662,9.792018227829976,0.9748493287412632,-25.465759799694094
104.0319052082544,2.232118663100934,8.205298653920662,9.792018227829976,0.9765055229166488,-24.909153279107738
101.09146997736704,2.29693159342915,8.205298653920662,9.792018227829976,0.9776443402557401,-24.48511439672889
72.26995630054871,2.130591780204085,8.205298653920662,9.792018227829976,0.9739515098583726,-25.620543729654432
104.7166154837004,2.248602933839635,8.205298653920662,9.792018227829976,0.9772267204996713,-24.651025933185647
104.16803419593774,2.260725909022568,8.205298653920662,9.792018227829976,0.9774104428481084,-24.579440146759474
81.12861411130179,2.2648377115862672,8.205298653920662,9.792018227829976,0.9758188164129042,-25.001833666271697
104.627401245574,2.251013393062351,8.205298653920662,9.792018227829976,0.9772361384988907,-24.634683385134977
103.54132496404296,2.270297558558781,8.205298653920662,9.792018227829976,0.9774719263759822,-24.541985579139688
76.02418362076949,2.124386154679854,8.205298653920662,9.792018227829976,0.9724075096241268,-26.178120550640248
89.56917645747008,2.217836002768621,8.205298653920662,9.792018227829976,0.9735890900199976,-25.839814125972815
100.67841012099426,2.300251199492166,8.205298653920662,9.792018227829976,0.9775556603127588,-24.48371652979652
92.73352790325704,2.227604238993848,8.205298653920662,9.792018227829976,0.9740196982222464,-25.69801425476807
82.92084021636235,2.181797922321195,8.205298653920662,9.792018227829976,0.9727606605489564,-26.066918116364388
87.03985530905165,2.206663672402783,8.205298653920662,9.792018227829976,0.9731613932487451,-25.936656470626215
104.73446218296966,2.2392748727321816,8.205298653920662,9.792018227829976,0.9767616471102005,-24.751634780183164
83.12320957649978,2.284253797154747,8.205298653920662,9.792018227829976,0.9759399381052516,-24.909080206002162
73.89258942994134,2.1620682695565563,8.205298653920662,9.792018227829976,0.9742118314449266,-25.466171390620072
87.06597094242171,2.3126125130289097,8.205298653920662,9.792018227829976,0.9764411261241416,-24.749590264364915
84.80979625151346,2.29805589760835,8.205298653920662,9.792018227829976,0.9761553014531024,-24.836716059815156
103.40877014932784,2.2317099964298137,8.205298653920662,9.792018227829976,0.9760686170927042,-24.979954628061645
104.41291462965124,2.255143060841704,8.205298653920662,9.792018227829976,0.9770985863400133,-24.613447219030046
80.03931450482031,2.160059131377139,8.205298653920662,9.792018227829976,0.9724339168652965,-26.131465905951973
104.12934802222723,2.233246505972815,8.205298653920662,9.792018227829976,0.976322028787014,-24.885961943385272
101.07143363126696,2.2324127742997746,8.205298653920662,9.792018227829976,0.9754075721754415,-25.194108830258976
100.31868123378798,2.3028265834449257,8.205298653920662,9.792018227829976,0.9773749423821677,-24.484820771181795
71.08829984188766,2.1006088538799474,8.205298653920662,9.792018227829976,0.9731517012640658,-25.80920843122391
74.8029071771847,2.177967653978357,8.205298653920662,9.792018227829976,0.9743627564073419,-25.393146896160292
104.11915100925164,2.260698901255481,8.205298653920662,9.792018227829976,0.9771350967277334,-24.585018659188613
103.92920960228165,2.232711893337651,8.205298653920662,9.792018227829976,0.9762042546676731,-24.91365336372896
88.56167105465177,2.213914179367862,8.205298653920662,9.792018227829976,0.9732473765551418,-25.87814063764125
73.3039254357074,2.0991505061629,8.205298653920662,9.792018227829976,0.9722121004862581,-26.14990852197705
70.97911318028844,2.096552736693411,8.205298653920662,9.792018227829976,0.9730225451973888,-25.842188014737395
100.81159528133338,2.298842994788316,8.205298653920662,9.792018227829976,0.9773265572135073,-24.487902150969536
71.01444907791691,2.0977430061401776,8.205298653920662,9.792018227829976,0.9730270479978559,-25.833017805396274
71.01029154429114,2.0845556436392485,8.205298653920662,9.792018227829976,0.9725667228423812,-25.995721356370854
77.89255285258474,2.2250783680159003,8.205298653920662,9.792018227829976,0.974938076747392,-25.183551258165018
83.19081605836595,2.2847044021200134,8.205298653920662,9.792018227829976,0.9757893035799668,-24.907696730306185
70.93998511586618,2.0855591325363463,8.205298653920662,9.792018227829976,0.9725971107101311,-25.972227253206846
93.85207735739137,2.2301758233413835,8.205298653920662,9.792018227829976,0.9739251375365227,-25.639581897414217
95.35511746275137,2.3264456898921964,8.205298653920662,9.792018227829976,0.9770538291755808,-24.527279346223427
104.69965449860558,2.241444745664211,8.205298653920662,9.792018227829976,0.9766072658826062,-24.731631817756067
91.21561131013335,2.223825822383546,8.205298653920662,9.792018227829976,0.9734937365902369,-25.765178567451205
81.37022809017101,2.1707500258479517,8.205298653920662,9.792018227829976,0.9723566708741859,-26.101882536459218
97.60105606105974,2.2338597827215523,8.205298653920662,9.792018227829976,0.9745019001742852,-25.429849494401637
101.2972236420918,2.29443633375071,8.205298653920662,9.792018227829976,0.97717799231007,-24.494314404132837
81.31914866349649,2.1703745891497874,8.205298653920662,9.792018227829976,0.9723383471924595,-26.102852942771502
104.2605880028892,2.234644872036313,8.205298653920662,9.792018227829976,0.9762073678809272,-24.8559915569574
93.91615357785592,2.328526595579305,8.205298653920662,9.792018227829976,0.9768724761585524,-24.555328627031287
100.216301968987,2.2332464978980084,8.205298653920662,9.792018227829976,0.9750176725733409,-25.255450186765053
95.35202945954155,2.2324513106452315,8.205298653920662,9.792018227829976,0.9740804308937936,-25.559540640792324
77.56228286227743,2.139042278044513,8.205298653920662,9.792018227829976,0.9720446860921651,-26.163151662175025
89.84734932065977,2.324034353088692,8.205298653920662,9.792018227829976,0.9764426979323937,-24.660259567181676
71.34869775191245,2.1072275268998766,8.205298653920662,9.792018227829976,0.9730122251417952,-25.767974395473093
99.13294882237057,2.3106243511774096,8.205298653920662,9.792018227829976,0.9770666002787192,-24.488948087694688
100.03985917440312,2.2334598056867065,8.205298653920662,9.792018227829976,0.9748976265731522,-25.26693493209949
98.89602324326556,2.233924195165031,8.205298653920662,9.792018227829976,0.9746556631710902,-25.34593175676291
72.36060862187031,2.13133791972048,8.205298653920662,9.792018227829976,0.973397189930145,-25.624502242971587
101.44829664204146,2.2326337679999995,8.205298653920662,9.792018227829976,0.9752122453104729,-25.15864874645235
103.86563171366105,2.264061438947195,8.205298653920662,9.792018227829976,0.9768746812009045,-24.57560636681688
94.381830328795,2.327933324264208,8.205298653920662,9.792018227829976,0.9767957181895087,-24.547106278183033
102.92434278331685,2.2322010578375995,8.205298653920662,9.792018227829976,0.9756046422715554,-25.02390730212047
72.69220503083646,2.138283803521261,8.205298653920662,9.792018227829976,0.9734931922911234,-25.587878291415148
104.35189255738511,2.2358905062258145,8.205298653920662,9.792018227829976,0.9761467030578617,-24.832057798300806
85.43779396835767,2.3022075566621254,8.205298653920662,9.792018227829976,0.9758577446742129,-24.815144435526655
102.50861189848912,2.232321790999137,8.205298653920662,9.792018227829976,0.9754180162005414,-25.063559629772634
102.67381706613844,2.2799513797423714,8.205298653920662,9.792018227829976,0.9768918521926487,-24.524434252441125
71.26382574236116,2.104035416851147,8.205298653920662,9.792018227829976,0.9727758929782211,-25.79411880009283
81.40149807657686,2.26706192721008,8.205298653920662,9.792018227829976,0.975182641885056,-24.99560156752238
81.73130611761633,2.270460726119296,8.205298653920662,9.792018227829976,0.9752254200758412,-24.97951347452642
99.165654526362,2.2340515190140167,8.205298653920662,9.792018227829976,0.9745542587556594,-25.325538694287165
100.54919976308888,2.2334063912168176,8.205298653920662,9.792018227829976,0.9748522586898325,-25.226773321992365
90.31797863731282,2.2211816311052246,8.205298653920662,9.792018227829976,0.9730675714159274,-25.801244730937793
102.45112458226522,2.282392726845728,8.205298653920662,9.792018227829976,0.9768510804972691,-24.519443106685703
102.45259675264931,2.2325089947548378,8.205298653920662,9.792018227829976,0.975313950781176,-25.06688271979065
97.60302526135528,2.318549688749698,8.205298653920662,9.792018227829976,0.9768115658503915,-24.501337977150794
91.51054232927592,2.225014752765958,8.205298653920662,9.792018227829976,0.973221232996406,-25.748263995909188
97.3029624466592,2.3198348721333275,8.205298653920662,9.792018227829976,0.9767808043365815,-24.50455417518904
85.27118859809991,2.197490494239233,8.205298653920662,9.792018227829976,0.9724117516049278,-25.9908971678469
87.10125750593818,2.31229514575422,8.205298653920662,9.792018227829976,0.975893727878367,-24.75376199011632
88.98534186988297,2.2161481640398506,8.205298653920662,9.792018227829976,0.9728417157453535,-25.856160254395004
72.7718165277164,2.0953542965716707,8.205298653920662,9.792018227829976,0.9717990747014723,-26.123161203038755
96.18513596274744,2.32382637249367,8.205298653920662,9.792018227829976,0.9766803528962827,-24.518990967387563
104.15244982552645,2.2355201989282705,8.205298653920662,9.792018227829976,0.9758291600216549,-24.85813856028154
104.4215228388123,2.238288035903608,8.205298653920662,9.792018227829976,0.9759709241872903,-24.797741189327034
86.63014080089337,2.205165455531372,8.205298653920662,9.792018227829976,0.9724661811788965,-25.944008749118133
100.91701870021858,2.297094640914068,8.205298653920662,9.792018227829976,0.976726146841759,-24.497877636878393
90.81838577540556,2.223026023691858,8.205298653920662,9.792018227829976,0.972975056740322,-25.777616000130745
97.18069188212344,2.234256722955479,8.205298653920662,9.792018227829976,0.9739889670858967,-25.44954249890845
80.93954870983526,2.1679111319690065,8.205298653920662,9.792018227829976,0.9718570128524248,-26.105492677466643
82.49058739834416,2.179496800021411,8.205298653920662,9.792018227829976,0.9719822151930089,-26.069356198159145
104.48527047394224,2.248683811946933,8.205298653920662,9.792018227829976,0.976244958965759,-24.67608099091698
97.79820173637164,2.2344420637233355,8.205298653920662,9.792018227829976,0.9740800925090733,-25.41140192333117
82.24701643239567,2.1777508745040137,8.205298653920662,9.792018227829976,0.9719548008312472,-26.075390023722438
104.49029149088553,2.2482424511794505,8.205298653920662,9.792018227829976,0.9762141712370721,-24.6803638982928
99.44311458918784,2.234261392043237,8.205298653920662,9.792018227829976,0.9743854081023947,-25.30307787536431
91.626556898097,2.327389286581393,8.205298653920662,9.792018227829976,0.9761290877094998,-24.614896511104202
71.07273690664903,2.092116980436174,8.205298653920662,9.792018227829976,0.9721147642933079,-25.911508298898045
93.30472145571328,2.2297590997209937,8.205298653920662,9.792018227829976,0.9732143718273394,-25.659696415817713
98.26794733414285,2.314959070882864,8.205298653920662,9.792018227829976,0.9765370278031946,-24.499655303892933
88.82107800586566,2.320042056161981,8.205298653920662,9.792018227829976,0.9758167086612499,-24.697529949102183
95.78574962811992,2.3246784595174432,8.205298653920662,9.792018227829976,0.9763896695762758,-24.527928466268097
71.7101731361876,2.114957384438526,8.205298653920662,9.792018227829976,0.9726020214977437,-25.727999465928814
97.34406601691916,2.319302907501921,8.205298653920662,9.792018227829976,0.9764645233193987,-24.507911848311014
80.70471809215577,2.2591635500825333,8.205298653920662,9.792018227829976,0.9746939848037626,-25.034966559585996
100.47318276786508,2.3004504211347125,8.205298653920662,9.792018227829976,0.9765209861686092,-24.497975331740044
90.19945965312372,2.3244751768185665,8.205298653920662,9.792018227829976,0.9758997617781637,-24.65552355804405
74.58958277073647,2.112280020291124,8.205298653920662,9.792018227829976,0.9714297045698778,-26.155786122092884
81.15214919943087,2.169744995491399,8.205298653920662,9.792018227829976,0.971692809585517,-26.09869318730374
77.03994167208624,2.2121310955572966,8.205298653920662,9.792018227829976,0.9739849122514019,-25.247209966712436
72.06687489002248,2.123404570898657,8.205298653920662,9.792018227829976,0.9726770117072099,-25.677929708949456
79.38417561407307,2.155558851259343,8.205298653920662,9.792018227829976,0.9715406750963989,-26.131701638863944
71.15369453508706,2.0896810687372067,8.205298653920662,9.792018227829976,0.9718824933025999,-25.954242971071555
98.76922772725524,2.3120073017374665,8.205298653920662,9.792018227829976,0.9764063970891103,-24.498791675864982
90.16325864298447,2.32428776751118,8.205298653920662,9.792018227829976,0.9757993467146233,-24.657559776723847
71.2174706150938,2.099378035823591,8.205298653920662,9.792018227829976,0.9721415749720473,-25.844213744466447
73.41689700737794,2.1017292521178064,8.205298653920662,9.792018227829976,0.9713655361725437,-26.133233174247355
86.25512944836086,2.306959379761736,8.205298653920662,9.792018227829976,0.9753288008119718,-24.789726131110374
100.94952342518306,2.2339305348190805,8.205298653920662,9.792018227829976,0.9744682147508624,-25.187425578701824
103.7318416613108,2.264145154409718,8.205298653920662,9.792018227829976,0.9761729156477612,-24.588795693933523
96.09940049202072,2.233981105684151,8.205298653920662,9.792018227829976,0.9734760639234245,-25.508662011920567
77.85633326100312,2.223562336131195,8.205298653920662,9.792018227829976,0.9740145235321024,-25.19729041566006
78.94817819685326,2.151986806594124,8.205298653920662,9.792018227829976,0.9714157930820282,-26.13696651756582
82.49198683259117,2.2774116325631866,8.205298653920662,9.792018227829976,0.9747857549035166,-24.94916575815006
72.0348308955875,2.122319101305493,8.205298653920662,9.792018227829976,0.9725313099757584,-25.686402755490686
103.73174245443144,2.235116535324863,8.205298653920662,9.792018227829976,0.9752588183757622,-24.907988511435068
99.25872889057472,2.308889032186201,8.205298653920662,9.792018227829976,0.9763188753092207,-24.49863535205031
74.73309811514554,2.175329045868395,8.205298653920662,9.792018227829976,0.9733037490619522,-25.415499883365015
103.96007005973472,2.236251507547351,8.205298653920662,9.792018227829976,0.9753318309753315,-24.870912724946297
84.73613154633124,2.296466104156579,8.205298653920662,9.792018227829976,0.9750375740602569,-24.850977644120874
73.56132711574003,2.1032093276778028,8.205298653920662,9.792018227829976,0.9712538380155181,-26.134371476282524
103.49970489894612,2.267569089469333,8.205298653920662,9.792018227829976,0.9761236484999567,-24.575792735506298
101.36489811076711,2.2924133250130296,8.205298653920662,9.792018227829976,0.9762656061753001,-24.51011681627212
104.20764752454528,2.2541611505631494,8.205298653920662,9.792018227829976,0.9758973427194269,-24.64667698383099
97.81997174279172,2.31679532641175,8.205298653920662,9.792018227829976,0.976172589948481,-24.50731255526438
96.98657781624787,2.234712339208372,8.205298653920662,9.792018227829976,0.9734965862486702,-25.455070940892295
73.32866024114328,2.1012986263471305,8.205298653920662,9.792018227829976,0.9711922739395741,-26.126568033388278
76.98134362735607,2.134823111655919,8.205298653920662,9.792018227829976,0.9711766450201781,-26.154865404995746
101.30541733215944,2.292833178460185,8.205298653920662,9.792018227829976,0.9761834809217201,-24.510731241041942
87.85096681626804,2.2117353732216287,8.205298653920662,9.792018227829976,0.972090472835211,-25.89356047574308
78.69169070153355,2.1499903459876464,8.205298653920662,9.792018227829976,0.9712267373410349,-26.138089370624865
102.35749621034404,2.233862772693712,8.205298653920662,9.792018227829976,0.9746331086842124,-25.06084698160877
71.87661715779237,2.11793940209607,8.205298653920662,9.792018227829976,0.9722638722939221,-25.716351285014
71.96944858764043,2.12018539067887,8.205298653920662,9.792018227829976,0.9722899458527268,-25.702710651182965
101.75686197382288,2.288402617089432,8.205298653920662,9.792018227829976,0.9761177844074311,-24.518715244264538
90.22723953591124,2.2215528778965847,8.205298653920662,9.792018227829976,0.9723489341935475,-25.797129594371835
88.17035711795312,2.2132818056481085,8.205298653920662,9.792018227829976,0.9720515786657639,-25.880488106462746
104.28977144586337,2.2409506857143384,8.205298653920662,9.792018227829976,0.9753834012730743,-24.782872802421924
82.93213034307826,2.281269260662881,8.205298653920662,9.792018227829976,0.9745984905962539,-24.93148065978623
101.6044189142519,2.289842799459848,8.205298653920662,9.792018227829976,0.9760818832621844,-24.51678438976891
72.77340990795409,2.137976201452304,8.205298653920662,9.792018227829976,0.9725037605662419,-25.602834825773414
83.978480410986,2.2902974019986573,8.205298653920662,9.792018227829976,0.9747102677020908,-24.885340581712757
75.83121722101703,2.193176072891802,8.205298653920662,9.792018227829976,0.9733014068295416,-25.33601644326915
84.77956295293899,2.195282501968933,8.205298653920662,9.792018227829976,0.9715950511446383,-25.997601628360695
95.1477978028314,2.325626078972064,8.205298653920662,9.792018227829976,0.975830795411586,-24.544080119562025
71.95787990387575,2.0913564677512118,8.205298653920662,9.792018227829976,0.9711959778267194,-26.055143554009874
73.3341892398292,2.149210925567786,8.205298653920662,9.792018227829976,0.9726234726479911,-25.545131392117312
78.22220579772515,2.2281334333012524,8.205298653920662,9.792018227829976,0.973717054876486,-25.17966197815528
104.29862432398198,2.248947497716045,8.205298653920662,9.792018227829976,0.9755199334835524,-24.693822670374722
77.85033690463277,2.223052524412097,8.205298653920662,9.792018227829976,0.9736357047404121,-25.202498293467006
79.58747127543793,2.1577465089333288,8.205298653920662,9.792018227829976,0.9711053071125905,-26.122416799326643
102.02418320158448,2.2853635396236456,8.205298653920662,9.792018227829976,0.9759441071252658,-24.527195571101444
74.19505169731222,2.109457280433304,8.205298653920662,9.792018227829976,0.9709342781531812,-26.14043885619313
76.2599911004237,2.1997430364172885,8.205298653920662,9.792018227829976,0.9732674537932354,-25.307433320449906
75.69090802339826,2.190763085884313,8.205298653920662,9.792018227829976,0.9731429391564214,-25.348151903326716
91.18799028169704,2.2249226354600182,8.205298653920662,9.792018227829976,0.9722932792115928,-25.752744011716214
89.51261446062414,2.219088670453729,8.205298653920662,9.792018227829976,0.97205988545553,-25.825030642499613
84.72648266663376,2.195053640617118,8.205298653920662,9.792018227829976,0.9714916990503651,-25.99809892996366
96.5658998017373,2.23479494077111,8.205298653920662,9.792018227829976,0.9731481343776764,-25.47634699750619
87.10356101941869,2.311425333226353,8.205298653920662,9.792018227829976,0.9749501327881899,-24.763122413759408
83.46206895726421,2.1869654007751933,8.205298653920662,9.792018227829976,0.9713316880584316,-26.034701823246724
94.78856631264468,2.233017899400977,8.205298653920662,9.792018227829976,0.9728035878665126,-25.575364831374838
102.8972715651776,2.2749443757035124,8.205298653920662,9.792018227829976,0.975769575733931,-24.556639522447796
92.26845081012856,2.228049064215597,8.205298653920662,9.792018227829976,0.9723785125310184,-25.70199715489301
80.16492746536183,2.162599771660496,8.205298653920662,9.792018227829976,0.9710212156655179,-26.11076761750946
88.45939730719648,2.31790153417262,8.205298653920662,9.792018227829976,0.9750549799931442,-24.716621215424063
104.26680439721102,2.248631033242816,8.205298653920662,9.792018227829976,0.975366584504351,-24.700788200576643
83.39865520189423,2.1865906909090143,8.205298653920662,9.792018227829976,0.9712745320673225,-26.035842295925956
87.41085434527406,2.3129889577352856,8.205298653920662,9.792018227829976,0.9749233834144487,-24.752750342222573
78.29691333602388,2.228944764611498,8.205298653920662,9.792018227829976,0.9735599294400864,-25.177322959752587
72.08510801667046,2.0926590171745545,8.205298653920662,9.792018227829976,0.970990283677653,-26.057702950518067
78.88722653438059,2.23665955542198,8.205298653920662,9.792018227829976,0.9736504746535222,-25.142739849649825
90.3787218850604,2.324247805000354,8.205298653920662,9.792018227829976,0.9751990478541676,-24.65754492965581
97.5850301053313,2.317377411569751,8.205298653920662,9.792018227829976,0.975723079010148,-24.514752040490364
103.4793105312294,2.236030210980104,8.205298653920662,9.792018227829976,0.9746653632518328,-24.924379074509023
75.92266096672867,2.194247551751147,8.205298653920662,9.792018227829976,0.973026529160302,-25.33382182927178
101.5649365513118,2.2896722116068986,8.205298653920662,9.792018227829976,0.9757485851022717,-24.52207372227471
102.44981322764,2.280194518608127,8.205298653920662,9.792018227829976,0.9756886199375019,-24.543192457537476
99.60076894762464,2.305811958829338,8.205298653920662,9.792018227829976,0.9757110420768713,-24.507000755352703
82.89719118684764,2.183278783207413,8.205298653920662,9.792018227829976,0.9711106421470285,-26.047908687799797
103.87154530355932,2.2381864536593525,8.205298653920662,9.792018227829976,0.9747733212015599,-24.85893687882979
97.09745948009882,2.235341767649132,8.205298653920662,9.792018227829976,0.9730312458042516,-25.44182408577641
73.37150198590416,2.1026151809169704,8.205298653920662,9.792018227829976,0.9707167693946925,-26.11605554593106
93.34933270911198,2.327364595298434,8.205298653920662,9.792018227829976,0.9753499569271463,-24.583017275413937
95.55324929014463,2.234186729356324,8.205298653920662,9.792018227829976,0.9727356323046296,-25.531136846175855
73.49204624314658,2.1516637015322715,8.205298653920662,9.792018227829976,0.9723183191035494,-25.536973414394634
100.70710014058758,2.297294588076056,8.205298653920662,9.792018227829976,0.975662540899411,-24.51289229366519
99.97172826550812,2.2353823630609497,8.205298653920662,9.792018227829976,0.9735783659137615,-25.250511827515123
92.68224858503147,2.327338961524319,8.205298653920662,9.792018227829976,0.9752763485993919,-24.598371868825094
73.64398967591363,2.1050501769242373,8.205298653920662,9.792018227829976,0.9706623282343747,-26.122615375995945
99.79979789507108,2.2354708040518148,8.205298653920662,9.792018227829976,0.9735187334522964,-25.262720969248516
89.28258477932607,2.3208501706733387,8.205298653920662,9.792018227829976,0.9749277030030283,-24.692226512844215
96.39132658409264,2.32187526512692,8.205298653920662,9.792018227829976,0.9755018157975147,-24.529854040691436
71.64750951835073,2.109473312616388,8.205298653920662,9.792018227829976,0.9715065451558524,-25.785515182147016
86.75194474214159,2.206868362385336,8.205298653920662,9.792018227829976,0.9713816200379376,-25.92718575555203
102.19698836891244,2.234994405414241,8.205298653920662,9.792018227829976,0.9740417771673633,-25.063439427194133
93.2428026220974,2.2306809852094887,8.205298653920662,9.792018227829976,0.9721911749533249,-25.6506828123869
71.5916122956122,2.1072104767794144,8.205298653920662,9.792018227829976,0.9713697717207116,-25.804826146588503
104.17593903290924,2.245745630629159,8.205298653920662,9.792018227829976,0.974896269464933,-24.74245082740304
98.40424465317862,2.235899261184315,8.205298653920662,9.792018227829976,0.9730794614358571,-25.356642329691446
104.14091288757146,2.2436244469098057,8.205298653920662,9.792018227829976,0.9748115125178136,-24.769650628328783
74.70079219434272,2.114827839586596,8.205298653920662,9.792018227829976,0.9704696599105112,-26.138217057568898
94.95518726221454,2.32539838017054,8.205298653920662,9.792018227829976,0.9752453345857991,-24.553777291634795
96.19343729281918,2.2350366385878004,8.205298653920662,9.792018227829976,0.9726366190619843,-25.492115249738386
84.4071843060273,2.193527864922757,8.205298653920662,9.792018227829976,0.9709988775729829,-26.002387857734565
101.5171272744853,2.2352231369293207,8.205298653920662,9.792018227829976,0.9737439632111142,-25.12338704414305
99.20842280246644,2.2358820192971933,8.205298653920662,9.792018227829976,0.9732078487757011,-25.301760639335942
77.24845533088336,2.2138837609117417,8.205298653920662,9.792018227829976,0.9729481122676018,-25.248193533973684
104.00922863332724,2.2542796233952203,8.205298653920662,9.792018227829976,0.9750327442883227,-24.66684314351169
72.64795015162122,2.133813684571706,8.205298653920662,9.792018227829976,0.971767317267555,-25.635278121631387
72.52490475833494,2.096557247443556,8.205298653920662,9.792018227829976,0.9705446393601176,-26.073048076621788
100.04200527861904,2.3021720524412075,8.205298653920662,9.792018227829976,0.975378892341033,-24.51302553755232
71.84886994242568,2.114475628366748,8.205298653920662,9.792018227829976,0.9714012959714944,-25.75437279941758
91.19469716746454,2.22546875843814,8.205298653920662,9.792018227829976,0.9717714545123111,-25.746364872608723
86.0613504545068,2.203352284381168,8.205298653920662,9.792018227829976,0.9711136126687347,-25.948890746781036
97.3174081521443,2.2358020865320043,8.205298653920662,9.792018227829976,0.9727703399350641,-25.424243108056658
80.86852711614445,2.259781341226756,8.205298653920662,9.792018227829976,0.9735494766811637,-25.0397352348298
72.41230681054901,2.095882846312492,8.205298653920662,9.792018227829976,0.970535889921946,-26.06524735166073
91.01804614161172,2.325223357534938,8.205298653920662,9.792018227829976,0.9748370654647652,-24.643853244907177
72.63113750389785,2.09737891648912,8.205298653920662,9.792018227829976,0.9705016099449678,-26.07800667352894
74.59587100061108,2.1715039722637925,8.205298653920662,9.792018227829976,0.9722905073913829,-25.443530329242954
73.00132560463946,2.14121292100009,8.205298653920662,9.792018227829976,0.9718358130593762,-25.59547885468894
98.17491874800916,2.313952730433485,8.205298653920662,9.792018227829976,0.9752947530447369,-24.51605503658088
102.9413335391446,2.273065189564065,8.205298653920662,9.792018227829976,0.9752043558826784,-24.572595228417196
89.70013454899177,2.220366017419991,8.205298653920662,9.792018227829976,0.9715212252485468,-25.810761626749702
89.56961397863881,2.3215089943896885,8.205298653920662,9.792018227829976,0.9746480294032419,-24.686461652977638
72.97930171120312,2.100111373684939,8.205298653920662,9.792018227829976,0.9704166768198838,-26.0931117611067
74.84116823996574,2.175717036715639,8.205298653920662,9.792018227829976,0.9723081301034223,-25.424006874978545
85.22239969921442,2.198618148434477,8.205298653920662,9.792018227829976,0.9709607184013074,-25.97573391532576
88.46219789599947,2.3173885713267026,8.205298653920662,9.792018227829976,0.9745027320941828,-24.722121820173207
83.02994969654496,2.28135214821269,8.205298653920662,9.792018227829976,0.9737881400136713,-24.93581626779297
93.32305218086248,2.326947512260205,8.205298653920662,9.792018227829976,0.9749279616851368,-24.588078552749305
74.40421255254962,2.167886893553288,8.205298653920662,9.792018227829976,0.9721036169484221,-25.462330508849544
101.80028167336346,2.23563929291754,8.205298653920662,9.792018227829976,0.9735945772736616,-25.093111737381363
91.59212215736666,2.226839740975606,8.205298653920662,9.792018227829976,0.9716504093689972,-25.726180783795247
88.78696352630115,2.318596283819005,8.205298653920662,9.792018227829976,0.9744251874863484,-24.712614616425892
96.06044647178308,2.3224196616648243,8.205298653920662,9.792018227829976,0.9750355789641553,-24.539562267324456
82.81567002343823,2.183231518391807,8.205298653920662,9.792018227829976,0.9705947823236102,-26.04382778842495
84.61023302703013,2.195058110024604,8.205298653920662,9.792018227829976,0.9707549740346042,-25.99312377619588
103.57591829072436,2.238568120850161,8.205298653920662,9.792018227829976,0.9741586485551104,-24.886038786758842
75.31504066382175,2.120908426087496,8.205298653920662,9.792018227829976,0.9701712742138006,-26.138249758032853
82.77861435595246,2.182999619671321,8.205298653920662,9.792018227829976,0.9705654141013631,-26.04446422584254
95.01664880545614,2.234108202362819,8.205298653920662,9.792018227829976,0.972134822069266,-25.554162569530295
99.61038773361888,2.236217170488729,8.205298653920662,9.792018227829976,0.9730030051318795,-25.268575772824622
82.34227908155515,2.179953232286536,8.205298653920662,9.792018227829976,0.9704847307440059,-26.05491991091938
96.1487128272038,2.322039488405565,8.205298653920662,9.792018227829976,0.9749393019362501,-24.539534295965346
79.25050244682065,2.1559369683428,8.205298653920662,9.792018227829976,0.9702037573505167,-26.115624676704318
78.95910964856446,2.2367317095331174,8.205298653920662,9.792018227829976,0.9728908719153614,-25.148105192139514
84.42044489115668,2.292842027935123,8.205298653920662,9.792018227829976,0.9737401011922948,-24.877223623769755
85.52714906059298,2.300942600040628,8.205298653920662,9.792018227829976,0.9738834444074823,-24.831838921381234
104.02810715232452,2.248728153868157,8.205298653920662,9.792018227829976,0.9744871316006204,-24.72567301086162
76.41481044278302,2.2009391313311824,8.205298653920662,9.792018227829976,0.972360538014282,-25.310306049849228
75.09797267824612,2.1191330664986907,8.205298653920662,9.792018227829976,0.9700386319094038,-26.13397713150713
94.5246988360683,2.2335764330296115,8.205298653920662,9.792018227829976,0.9718914396058993,-25.578565881941717
100.45992059617797,2.236263720687674,8.205298653920662,9.792018227829976,0.9730278473978204,-25.20183721415263
92.3130848036382,2.22905413591792,8.205298653920662,9.792018227829976,0.9715202057149404,-25.689613502875577
71.62707271672889,2.104304902793345,8.205298653920662,9.792018227829976,0.970708802195627,-25.845758486333978
87.9799192437753,2.3149066679270334,8.205298653920662,9.792018227829976,0.9740802630280067,-24.74214374051794
96.14811705386133,2.321857067943995,8.205298653920662,9.792018227829976,0.9747741125407074,-24.54148871838078
85.38161061816162,2.199924724296693,8.205298653920662,9.792018227829976,0.9706046932570193,-25.96624293178609
85.99008196853576,2.203389566570664,8.205298653920662,9.792018227829976,0.970670160107849,-25.946209559541405
82.31001315076246,2.1799215378620858,8.205298653920662,9.792018227829976,0.9702904898165008,-26.053321578332614
96.48795896614898,2.320719899604456,8.205298653920662,9.792018227829976,0.9747678241324199,-24.53738813568219
103.59219423207664,2.239715349644655,8.205298653920662,9.792018227829976,0.9739470366737454,-24.871590888886253
84.76699147506437,2.1962827950755752,8.205298653920662,9.792018227829976,0.9705114016744988,-25.985245297389508
72.88769359933913,2.1004005506031405,8.205298653920662,9.792018227829976,0.9700265900870527,-26.076718007231026
99.97946781677618,2.236508422836451,8.205298653920662,9.792018227829976,0.9728362762377014,-25.23720527935099
71.72364862949071,2.107817279114215,8.205298653920662,9.792018227829976,0.9707156818411843,-25.817118056504103
80.5797776664004,2.1669379918387364,8.205298653920662,9.792018227829976,0.9701057029638172,-26.0905443352757
79.17609482090221,2.23925900165365,8.205298653920662,9.792018227829976,0.9727250876927492,-25.138118644916332
91.146288614921,2.22584705304466,8.205298653920662,9.792018227829976,0.971244407227488,-25.742435718576612
84.96754662954744,2.296780606281601,8.205298653920662,9.792018227829976,0.9736028331793233,-24.85662000822543
98.84443920388529,2.309507926783297,8.205298653920662,9.792018227829976,0.9747862948069783,-24.520302826574845
71.61450654390387,2.101512877201685,8.205298653920662,9.792018227829976,0.9705070781324016,-25.878195370499714
99.63012813188864,2.2366348105262404,8.205298653920662,9.792018227829976,0.9727224666055513,-25.26238450261846
90.36526058685928,2.223275051373818,8.205298653920662,9.792018227829976,0.9711274509903814,-25.776835804411526
100.43543744328088,2.29823698961917,8.205298653920662,9.792018227829976,0.9747943410180855,-24.524537536704983
103.60068102077062,2.240169597572489,8.205298653920662,9.792018227829976,0.9738763952697146,-24.86565932468283
103.8548720467972,2.2543892841262334,8.205298653920662,9.792018227829976,0.9743927490433772,-24.6821335740322
103.77438450085576,2.2566996807837967,8.205298653920662,9.792018227829976,0.9744356007806003,-24.66539577925882
84.34208029667106,2.1937341158492814,8.205298653920662,9.792018227829976,0.9703804968808725,-25.997034574615622
101.6407084244756,2.2871444147052102,8.205298653920662,9.792018227829976,0.9747271407629917,-24.542496606339885
101.7549238340768,2.285938301487562,8.205298653920662,9.792018227829976,0.9747099581885357,-24.54530595488857
101.87078781126328,2.284707301596569,8.205298653920662,9.792018227829976,0.9747037425188488,-24.548139483498538
73.41911036739837,2.148493413686367,8.205298653920662,9.792018227829976,0.9713552832106952,-25.564968629496544
102.60895063280574,2.2369856044052057,8.205298653920662,9.792018227829976,0.973441821836883,-25.001576281627937
86.84846475366636,2.308926442655846,8.205298653920662,9.792018227829976,0.9737774447560335,-24.78407838214409
81.21261681713926,2.1719539671700545,8.205298653920662,9.792018227829976,0.9700503292506785,-26.076431013474924
78.60546455600743,2.231755515911616,8.205298653920662,9.792018227829976,0.9724777702069887,-25.17331573773372
98.25961943348032,2.2368715943309354,8.205298653920662,9.792018227829976,0.9723061295261451,-25.354997191432737
95.51695905845294,2.3233239942555883,8.205298653920662,9.792018227829976,0.974482036764694,-24.55361595186709
101.86040713397072,2.2845996065143908,8.205298653920662,9.792018227829976,0.9745885985035295,-24.550230579884033
84.23541420552112,2.290983499482806,8.205298653920662,9.792018227829976,0.9733083011683247,-24.889409673653276
90.02794918279082,2.3221822679056885,8.205298653920662,9.792018227829976,0.9739775879070165,-24.680001534953124
75.99336462829791,2.1278433628492053,8.205298653920662,9.792018227829976,0.969667077427536,-26.132104652053066
98.36194144045272,2.312003649349066,8.205298653920662,9.792018227829976,0.9745428713135352,-24.52507518166882
94.21126551168403,2.233447181974668,8.205298653920662,9.792018227829976,0.9714928981502567,-25.590736332916634
103.89383062080856,2.249188323246628,8.205298653920662,9.792018227829976,0.9740358787248133,-24.735023864484514
92.56982149081968,2.326200215537796,8.205298653920662,9.792018227829976,0.9741736373584405,-24.612621876273266
91.1570759092896,2.3246824721813653,8.205298653920662,9.792018227829976,0.9740441282564859,-24.64844854782308
100.33468948713934,2.2986672228166896,8.205298653920662,9.792018227829976,0.9745385079402481,-24.52785265853273
83.32129742625574,2.18733831049434,8.205298653920662,9.792018227829976,0.9700230444346589,-26.022857296966098
103.7352908639616,2.243251998740476,8.205298653920662,9.792018227829976,0.9737309893311573,-24.817326529921065
100.1259512379405,2.2370004802271666,8.205298653920662,9.792018227829976,0.9725379722394426,-25.220223783471827
91.98565409289156,2.228615855769476,8.205298653920662,9.792018227829976,0.9710600176749344,-25.700174705176522
83.67512731238884,2.286239103005201,8.205298653920662,9.792018227829976,0.973098796422835,-24.915218879111578
75.45832029012013,2.123138831943322,8.205298653920662,9.792018227829976,0.9695669506373177,-26.127833406156284
78.03190912849627,2.223814768479457,8.205298653920662,9.792018227829976,0.9721657927250127,-25.210926230788186
95.70839298579456,2.322644060232932,8.205298653920662,9.792018227829976,0.9743211215367824,-24.552736669937413
82.6619952991535,2.277172173616435,8.205298653920662,9.792018227829976,0.9729449396901972,-24.961435789351516
103.2770625318838,2.2395141245335,8.205298653920662,9.792018227829976,0.9734468570357074,-24.906525772342253
80.2454785351304,2.164666544194148,8.205298653920662,9.792018227829976,0.9697407162315277,-26.09218149058562
74.49657766922952,2.114525580132934,8.205298653920662,9.792018227829976,0.9695659493922584,-26.1162971124207
95.06865722591174,2.324120834801008,8.205298653920662,9.792018227829976,0.9742655297411198,-24.563000369040424
90.4393864510309,2.3230939877956303,8.205298653920662,9.792018227829976,0.9738648823243947,-24.669598456560998
84.93619979437626,2.2961892404893973,8.205298653920662,9.792018227829976,0.973227694968826,-24.861816643055516
103.81594393387068,2.2460513803556807,8.205298653920662,9.792018227829976,0.9737635003488082,-24.777858294840073
71.73546198398758,2.1022390830477207,8.205298653920662,9.792018227829976,0.9700878667593932,-25.887353839264648
103.41244006361626,2.26272329409926,8.205298653920662,9.792018227829976,0.9741272846471191,-24.63737292669126
93.20534238421428,2.2317150689899705,8.205298653920662,9.792018227829976,0.971135212599859,-25.639747628273305
100.5755243938185,2.296334208866611,8.205298653920662,9.792018227829976,0.9743142118527499,-24.53372216244463
71.76596994270201,2.104137908002613,8.205298653920662,9.792018227829976,0.9700739134218833,-25.86854437383663
73.5527395474055,2.1503077276779976,8.205298653920662,9.792018227829976,0.970958661384524,-25.561077089749066
93.2366408345372,2.326011064219045,8.205298653920662,9.792018227829976,0.9739850867481651,-24.600098271106972
81.32146283603544,2.26358033828798,8.205298653920662,9.792018227829976,0.9725630424734736,-25.028714861478296
103.80270242758692,2.247635188708756,8.205298653920662,9.792018227829976,0.9736976195151196,-24.761813955222006
85.93937566949941,2.2036742721942204,8.205298653920662,9.792018227829976,0.9700992053003692,-25.941239451139936
71.81749116855053,2.099624896690173,8.205298653920662,9.792018227829976,0.9698666934591584,-25.931791455212213
103.6089875052472,2.242774585881492,8.205298653920662,9.792018227829976,0.9734834012816342,-24.83592111219037
96.36982958039228,2.3204398841914866,8.205298653920662,9.792018227829976,0.9741644688327383,-24.54604927781403
78.17230134516142,2.225495023584614,8.205298653920662,9.792018227829976,0.9719899359347323,-25.204910571973624
74.21423591219411,2.112386927003925,8.205298653920662,9.792018227829976,0.9693921247523537,-26.10667399662672
97.20297920795343,2.2370402399926235,8.205298653920662,9.792018227829976,0.9717125568573186,-25.416644474981194
78.59133309630623,2.151230309432762,8.205298653920662,9.792018227829976,0.9694398633512413,-26.113840532698564
96.95198336877404,2.2369334552182067,8.205298653920662,9.792018227829976,0.9716401935799789,-25.431685658734438
93.21897238592668,2.325916438400313,8.205298653920662,9.792018227829976,0.9738883608855358,-24.601526370354005
98.36080390384656,2.237464205983386,8.205298653920662,9.792018227829976,0.9718978730733641,-25.341747282362352
101.2120730960263,2.2373833103493865,8.205298653920662,9.792018227829976,0.9725282444461478,-25.126016594949103
103.21416276258724,2.265523459352721,8.205298653920662,9.792018227829976,0.9739483863021037,-24.62709604727853
72.71766518825244,2.132266356561104,8.205298653920662,9.792018227829976,0.9705102808716772,-25.663606717338688
73.76915710476291,2.108775998160354,8.205298653920662,9.792018227829976,0.969331418512882,-26.093138612913236
93.54928466246837,2.232636492659936,8.205298653920662,9.792018227829976,0.9710019249768818,-25.62009362752617
93.1790405117864,2.231865470219645,8.205298653920662,9.792018227829976,0.9709382038220183,-25.638677089938923
81.53131681482044,2.2656305910154373,8.205298653920662,9.792018227829976,0.9724444177282912,-25.01988935928316
76.87874838451829,2.136378878907138,8.205298653920662,9.792018227829976,0.9692797062039931,-26.124965109461385
83.4580034728538,2.2840271210390317,8.205298653920662,9.792018227829976,0.9727188842869784,-24.928681011661855
72.51046125895635,2.127244848779455,8.205298653920662,9.792018227829976,0.9703759311086356,-25.69504761377198
103.23950322294768,2.264887260994584,8.205298653920662,9.792018227829976,0.9738874989980651,-24.6314494530253
94.67028056113205,2.2346567792506704,8.205298653920662,9.792018227829976,0.9711468054213834,-25.560982958234383
76.00971876762713,2.193397374525219,8.205298653920662,9.792018227829976,0.9713677578069838,-25.353263767458593
103.7297329833943,2.251794649374105,8.205298653920662,9.792018227829976,0.9736087570306398,-24.72381112701246
76.19423340103246,2.19630978146769,8.205298653920662,9.792018227829976,0.9714003986304993,-25.33984458808086
89.07217110965728,2.3186278264100224,8.205298653920662,9.792018227829976,0.9733765299034898,-24.714577189567947
82.17438823673052,2.2720742242728846,8.205298653920662,9.792018227829976,0.97247125499552,-24.98909018601827
82.37945115860836,2.274069079494268,8.205298653920662,9.792018227829976,0.9724973110694296,-24.9793020953195
101.97491240055804,2.2378810040822543,8.205298653920662,9.792018227829976,0.9726297057238811,-25.05190996061367
84.03831335005871,2.2888482527531977,8.205298653920662,9.792018227829976,0.9727305911044519,-24.903817365603445
100.3028519570155,2.2981538088957905,8.205298653920662,9.792018227829976,0.9740333818242158,-24.535811480448718
103.7119192755248,2.247629813671552,8.205298653920662,9.792018227829976,0.9734144429328054,-24.77148088939354
102.77872371680294,2.2718874520747363,8.205298653920662,9.792018227829976,0.9738679823244063,-24.601261452037424
77.94191817288481,2.2220332463681274,8.205298653920662,9.792018227829976,0.9716916869585346,-25.222697569471066
102.79521454485096,2.2392119078908905,8.205298653920662,9.792018227829976,0.9728622754637164,-24.958436449515965
85.22195795896245,2.2978320094266564,8.205298653920662,9.792018227829976,0.9728319134249511,-24.85472245383733
102.80947570067607,2.239334223686342,8.205298653920662,9.792018227829976,0.9728419407507507,-24.955662335675655
102.38877940165295,2.2770235729756365,8.205298653920662,9.792018227829976,0.9738685470138757,-24.583119016390256
91.56169982484327,2.227909027656324,8.205298653920662,9.792018227829976,0.9705253663467157,-25.714215569375234
85.62429727003907,2.2021972934851703,8.205298653920662,9.792018227829976,0.9697671480202452,-25.94810291595341
78.23778567442496,2.148518190378809,8.205298653920662,9.792018227829976,0.9691654764754468,-26.113734170235283
76.65036461711006,2.134565734186509,8.205298653920662,9.792018227829976,0.9691108206443674,-26.122643871854923
72.09691795369572,2.115343297593298,8.205298653920662,9.792018227829976,0.9699744090155196,-25.780110418723417
86.06612783588893,2.2046980742040745,8.205298653920662,9.792018227829976,0.9697958155482046,-25.93320764732094
73.44584144478536,2.14739537908261,8.205298653920662,9.792018227829976,0.9705412496327096,-25.581585078809237
90.19794835371582,2.223507499779501,8.205298653920662,9.792018227829976,0.9702963976659424,-25.77451233723972
88.1950998782174,2.2154136724857523,8.205298653920662,9.792018227829976,0.9700179392537925,-25.8559502712609
71.9787349174951,2.100632172191979,8.205298653920662,9.792018227829976,0.9694797156231817,-25.94321759963777
72.92657984140143,2.136318198949411,8.205298653920662,9.792018227829976,0.9703294621633232,-25.643842860708222
77.52105461388224,2.215985397447824,8.205298653920662,9.792018227829976,0.9715033824731587,-25.251133607800345
91.08695675758383,2.226534821899918,8.205298653920662,9.792018227829976,0.9703879120557217,-25.73500739752604
80.66349119448064,2.255973002520236,8.205298653920662,9.792018227829976,0.9720581313009239,-25.06739533708498
102.86891783940554,2.270183778978605,8.205298653920662,9.792018227829976,0.9737192177033246,-24.610893435776973
71.90154612575051,2.1031119569379086,8.205298653920662,9.792018227829976,0.96956098716662,-25.901260986795496
93.56993665406976,2.2329848204825,8.205298653920662,9.792018227829976,0.9707245191327721,-25.615524757272638
73.92058732036897,2.1565896091312737,8.205298653920662,9.792018227829976,0.9705915244249763,-25.53443534036374
90.43627186010944,2.322511757241287,8.205298653920662,9.792018227829976,0.9732831446632261,-24.67578974054104
95.38603099610413,2.235930281963732,8.205298653920662,9.792018227829976,0.9710141077216623,-25.518368423407612
100.68813890008126,2.237960243877879,8.205298653920662,9.792018227829976,0.9720722929616283,-25.164024305664203
71.95755347034267,2.108892402297002,8.205298653920662,9.792018227829976,0.9696757003660542,-25.838537607905867
89.90777049859494,2.222585120564105,8.205298653920662,9.792018227829976,0.9701249243591701,-25.78532394456903
72.88936678247352,2.1351535552066423,8.205298653920662,9.792018227829976,0.970182366685098,-25.652700482006136
73.86508268346405,2.110295650774418,8.205298653920662,9.792018227829976,0.9689808930970668,-26.08702871385457
100.61720008147006,2.238036307301556,8.205298653920662,9.792018227829976,0.9720117736891144,-25.169030314804086
87.53704737538487,2.3116609886417763,8.205298653920662,9.792018227829976,0.9728874936667741,-24.769368835533648
100.30624047304656,2.238067153542275,8.205298653920662,9.792018227829976,0.9719213921462572,-25.193918717466513
85.91096140409309,2.302289575167024,8.205298653920662,9.792018227829976,0.9726882385561454,-24.829766309943597
102.4176569273756,2.239076777335711,8.205298653920662,9.792018227829976,0.9725012899539504,-24.996753486919047
94.0112722767728,2.3249541578647523,8.205298653920662,9.792018227829976,0.9734888085594982,-24.590209859033923
99.30698644819762,2.305105949509553,8.205298653920662,9.792018227829976,0.9737308239316854,-24.53544223877637
87.84760147656745,2.213977876834832,8.205298653920662,9.792018227829976,0.9698133565142484,-25.86728926912866
103.43715142817264,2.243920145618432,8.205298653920662,9.792018227829976,0.9729400969168295,-24.84115987799075
102.5943660855766,2.273683424083245,8.205298653920662,9.792018227829976,0.9735902517627482,-24.59965115374011
84.2708779860699,2.290400006216146,8.205298653920662,9.792018227829976,0.9724369643590983,-24.897297867470165
101.82297019468122,2.2831719817809386,8.205298653920662,9.792018227829976,0.9736555116537929,-24.56893891509449
74.49825761203431,2.1157605331441687,8.205298653920662,9.792018227829976,0.9688939582946605,-26.101272429459513
87.00507811493068,2.209892835884005,8.205298653920662,9.792018227829976,0.969684487246717,-25.89795812964927
103.13647054495485,2.265094381702127,8.205298653920662,9.792018227829976,0.9734504930758119,-24.63957876754289
101.2770319408035,2.238316233621944,8.205298653920662,9.792018227829976,0.972077189942307,-25.10988896607824
97.43727494809052,2.2378510262596905,8.205298653920662,9.792018227829976,0.9712139538608011,-25.39409744492675
73.73028239880935,2.152450534023714,8.205298653920662,9.792018227829976,0.9703086804789292,-25.55887928488441
83.52811527056393,2.1895604140970164,8.205298653920662,9.792018227829976,0.9692391186606727,-26.007279210143462
101.25342918028068,2.238370814851692,8.205298653920662,9.792018227829976,0.9720404113232856,-25.111337414782614
103.22510379005602,2.2631165199805423,8.205298653920662,9.792018227829976,0.9733488173777781,-24.65216870873008
99.73197133146977,2.30192566261195,8.205298653920662,9.792018227829976,0.9736086651428646,-24.538780176997168
80.90227694889289,2.258333136130645,8.205298653920662,9.792018227829976,0.9718196949458072,-25.058152161854444
72.56135090944954,2.101815717852915,8.205298653920662,9.792018227829976,0.9690058868653293,-26.01304889504431
88.64571449043729,2.316522814999473,8.205298653920662,9.792018227829976,0.9728509213273882,-24.733355926960797
100.25753619616027,2.2978236386850317,8.205298653920662,9.792018227829976,0.9735842934935856,-24.54285552115109
83.47318982870625,2.2836054690987027,8.205298653920662,9.792018227829976,0.9721704877018241,-24.934038469682132
102.5457653679368,2.2739215890586024,8.205298653920662,9.792018227829976,0.9734301146452752,-24.601728716158963
102.04292342708136,2.2803083051282016,8.205298653920662,9.792018227829976,0.9734771603294641,-24.579827470628498
102.86483547442803,2.2407960469501376,8.205298653920662,9.792018227829976,0.9724968330673034,-24.933899890902392
100.83950679760346,2.238416548047823,8.205298653920662,9.792018227829976,0.9718665565904631,-25.146264688696057
95.22974719387742,2.2360503352807086,8.205298653920662,9.792018227829976,0.9707150789132247,-25.523466300600127
89.58957660862826,2.3198627647753653,8.205298653920662,9.792018227829976,0.9728973237116637,-24.704033323311304
73.29129231038091,2.1432585537293534,8.205298653920662,9.792018227829976,0.9700547066082881,-25.610294914392977
83.04167199314696,2.18638249878326,8.205298653920662,9.792018227829976,0.9690959602827564,-26.019040196811723
76.6602375444527,2.2027696394752354,8.205298653920662,9.792018227829976,0.9709305512644102,-25.315228773712693
99.00650001379223,2.2384304032953537,8.205298653920662,9.792018227829976,0.9714009897725001,-25.28725223559413
72.03667406085299,2.1093021035700303,8.205298653920662,9.792018227829976,0.9693617365316657,-25.845116855036014
86.42138642581101,2.2070552313594334,8.205298653920662,9.792018227829976,0.9694156576469788,-25.916072104931636
73.73929836903537,2.152344898235356,8.205298653920662,9.792018227829976,0.9701676567990823,-25.561306629993258
89.98167145856492,2.2231724997672444,8.205298653920662,9.792018227829976,0.9698303135379428,-25.778546761653782
90.30913467846996,2.2243685577150814,8.205298653920662,9.792018227829976,0.9698605198410511,-25.764318729650327
93.08433421112294,2.2323783292699204,8.205298653920662,9.792018227829976,0.9702580626499674,-25.635108177531535
101.97831767934356,2.2392094641179767,8.205298653920662,9.792018227829976,0.9720762905940091,-25.036739272524596
77.04356217768986,2.138733388410543,8.205298653920662,9.792018227829976,0.9686340086694787,-26.11360772041329
74.12840453759634,2.1597664265297998,8.205298653920662,9.792018227829976,0.9702218348834449,-25.52338340136209
97.48632919680117,2.3149165352490257,8.205298653920662,9.792018227829976,0.9733036784708635,-24.546391367163448
82.10988704881424,2.1799881677182924,8.205298653920662,9.792018227829976,0.9688598436165721,-26.040079571245947
77.58899227161164,2.143628578978124,8.205298653920662,9.792018227829976,0.9685696559030089,-26.109882924514995
91.92430555248431,2.2295791268903717,8.205298653920662,9.792018227829976,0.969978176206156,-25.690015674970276
103.3978632898618,2.246518258153841,8.205298653920662,9.792018227829976,0.9725748231744965,-24.81650476940975
95.48432691478936,2.3219033813460896,8.205298653920662,9.792018227829976,0.9731333927758252,-24.569977934434945
73.41810371643089,2.1078920121707085,8.205298653920662,9.792018227829976,0.968561125227467,-26.05702622029903
72.27844135869555,2.117254687199747,8.205298653920662,9.792018227829976,0.9692863774678919,-25.783079923534515
80.63505930754788,2.1690219315436394,8.205298653920662,9.792018227829976,0.9686356476833289,-26.06964958930365
76.68112769367903,2.202704705339656,8.205298653920662,9.792018227829976,0.9706464312227578,-25.318161701695402
99.04499511861648,2.306059731442332,8.205298653920662,9.792018227829976,0.9731696726906833,-24.543421877058865
97.87433400930524,2.238619591244742,8.205298653920662,9.792018227829976,0.9708608515080346,-25.35936732240113
101.99048791815387,2.23980658720906,8.205298653920662,9.792018227829976,0.9718487714480047,-25.02893942943661
88.88362691742945,2.317021731054893,8.205298653920662,9.792018227829976,0.97243928503231,-24.730247358833406
87.03261844004408,2.3084179603561523,8.205298653920662,9.792018227829976,0.9722276370286296,-24.79379360518711
103.14929190579164,2.2442104257964672,8.205298653920662,9.792018227829976,0.9722673623770431,-24.86744908581805
103.40136555652592,2.2549599702811065,8.205298653920662,9.792018227829976,0.9726737070516293,-24.7232889016355
95.14556478556676,2.236413078789837,8.205298653920662,9.792018227829976,0.9702961245355433,-25.522732880081858
101.76560768312014,2.282519299643696,8.205298653920662,9.792018227829976,0.9730338526476067,-24.581098782285974
103.38972379041216,2.2482602681459127,8.205298653920662,9.792018227829976,0.9724467059887512,-24.79812500385879
76.78911346300794,2.136919226067633,8.205298653920662,9.792018227829976,0.9683213296799322,-26.108805739675372
85.15671654206893,2.2964760230737085,8.205298653920662,9.792018227829976,0.9719255290845878,-24.867007264919817
92.69675677311646,2.3247487610409507,8.205298653920662,9.792018227829976,0.9727341473028119,-24.625471023883946
88.78482749653442,2.218791613289937,8.205298653920662,9.792018227829976,0.969318154715652,-25.823611968681355
76.15832117045181,2.1313622299771,8.205298653920662,9.792018227829976,0.9682965222478026,-26.107608932821613
101.60402409980556,2.284193268982392,8.205298653920662,9.792018227829976,0.9729865725998914,-24.577424660764574
77.15939158603207,2.140245516379736,8.205298653920662,9.792018227829976,0.9682812305898273,-26.107250159994383
97.3582725595346,2.3151005541836582,8.205298653920662,9.792018227829976,0.9729786192082167,-24.551588771435714
77.80707869768783,2.218953034891172,8.205298653920662,9.792018227829976,0.9706808810006747,-25.244925036184785
97.4611225877261,2.3146179469139128,8.205298653920662,9.792018227829976,0.9729711442193544,-24.550973044266964
72.1630770021842,2.108463257678636,8.205298653920662,9.792018227829976,0.9688150235087546,-25.87382500575418
72.93474857144506,2.134013159865475,8.205298653920662,9.792018227829976,0.969385646141172,-25.67265289471376
79.73721128324807,2.244189239951936,8.205298653920662,9.792018227829976,0.9710239653149997,-25.128683093205364
100.4497131205534,2.2952647177601198,8.205298653920662,9.792018227829976,0.972988829324379,-24.555151156527906
94.37824533582828,2.323721621743573,8.205298653920662,9.792018227829976,0.9727783163295919,-24.59169084932399
96.02703304003698,2.237583242508933,8.205298653920662,9.792018227829976,0.9703444757584883,-25.471035130097835
103.33570389551257,2.256071767270143,8.205298653920662,9.792018227829976,0.9725447484225372,-24.717842582827043
102.8664073358729,2.267109543352817,8.205298653920662,9.792018227829976,0.972736657194598,-24.64449540707302
85.78230169055955,2.3006600319464354,8.205298653920662,9.792018227829976,0.9718777071381213,-24.843292225224396
101.01268371946264,2.2900439669725614,8.205298653920662,9.792018227829976,0.9729104355855354,-24.56531440219936
91.66977364484072,2.229246006893007,8.205298653920662,9.792018227829976,0.9695765069080555,-25.69743407624884
101.08159669999648,2.289343601280549,8.205298653920662,9.792018227829976,0.9728899937085768,-24.567056019354567
73.8235972153226,2.152848380429361,8.205298653920662,9.792018227829976,0.9696126622509789,-25.566270644374153
79.10159395005842,2.157007107895637,8.205298653920662,9.792018227829976,0.9682518409191537,-26.089707014668306
86.87978518799802,2.3073403276298023,8.205298653920662,9.792018227829976,0.9719788245202888,-24.8018490339648
73.85753661846117,2.1119857191784206,8.205298653920662,9.792018227829976,0.9681942528606734,-26.06516922821961
77.01462628658957,2.1391689482180425,8.205298653920662,9.792018227829976,0.9681397988178673,-26.10525629737328
88.95015953555848,2.21968326868965,8.205298653920662,9.792018227829976,0.96915062800783,-25.81471624085673
79.46813348153393,2.160090383145672,8.205298653920662,9.792018227829976,0.9682211755234422,-26.084041333275795
96.23687614053472,2.237935847938332,8.205298653920662,9.792018227829976,0.9702629736120988,-25.45700546303965
85.68459155550893,2.2999012654041597,8.205298653920662,9.792018227829976,0.9717568921786198,-24.848322386646302
81.7706599115289,2.1780501877045566,8.205298653920662,9.792018227829976,0.9683453455244395,-26.04139633554167
103.24378080928288,2.247417989050078,8.205298653920662,9.792018227829976,0.9721035906199589,-24.82237527934342
72.57843076359441,2.1049201956163586,8.205298653920662,9.792018227829976,0.9683380003714134,-25.97713143401946
82.33867277788546,2.2723804329938417,8.205298653920662,9.792018227829976,0.9712409652286189,-24.995468211321494
99.99041350805412,2.2395570760822068,8.205298653920662,9.792018227829976,0.9709649276166246,-25.202020317914215
74.32036419053685,2.1621753072569447,8.205298653920662,9.792018227829976,0.9696143481315371,-25.519103880500385
76.96485991738503,2.2063873491269703,8.205298653920662,9.792018227829976,0.9702478071512028,-25.30524636549848
73.46094703655986,2.109424981879002,8.205298653920662,9.792018227829976,0.9680940392000698,-26.043888833562367
75.73851730061197,2.128186638938857,8.205298653920662,9.792018227829976,0.967960621670824,-26.09864320040896
81.00846954415371,2.2585304819454137,8.205298653920662,9.792018227829976,0.9709380402889692,-25.063357153197344
73.56370484437394,2.11024110829662,8.205298653920662,9.792018227829976,0.9680448542067259,-26.04764418108337
103.14563536914892,2.259899724879176,8.205298653920662,9.792018227829976,0.9723347491207862,-24.69526415440245
84.83126360400263,2.2936929587266093,8.205298653920662,9.792018227829976,0.9714848565662474,-24.884778950944895
103.28859736582504,2.250686353044969,8.205298653920662,9.792018227829976,0.9720906810065068,-24.78177706002045
102.80930957604092,2.2436093310483045,8.205298653920662,9.792018227829976,0.9717293357597014,-24.90815098297571
98.8488232154324,2.3066093179188982,8.205298653920662,9.792018227829976,0.9726639752536839,-24.550807296249893
101.54985474078369,2.2840101967763218,8.205298653920662,9.792018227829976,0.9726137114129594,-24.584154421885756
93.48964264533734,2.234042578810985,8.205298653920662,9.792018227829976,0.9696118899233024,-25.605616011952982
93.21625367462272,2.324312028154978,8.205298653920662,9.792018227829976,0.9723623670630609,-24.6185644884918
103.28099062060367,2.250692137084357,8.205298653920662,9.792018227829976,0.9720674644808613,-24.782490240462078
83.04270269925736,2.187256459625857,8.205298653920662,9.792018227829976,0.9682881005916921,-26.008705929449317
98.58857198792938,2.239533610455084,8.205298653920662,9.792018227829976,0.9705190636003506,-25.30335048239372
102.80088605032088,2.243779810280316,8.205298653920662,9.792018227829976,0.9716781152174372,-24.907091732802215
77.59540317944665,2.215425006899949,8.205298653920662,9.792018227829976,0.9702216557750549,-25.26474978989821
78.26426588636392,2.150364493874875,8.205298653920662,9.792018227829976,0.9678976389406361,-26.093831502715172
97.09300961340398,2.3156763371404168,8.205298653920662,9.792018227829976,0.9725015453576904,-24.55989925840421
103.01476761204562,2.262370227477902,8.205298653920662,9.792018227829976,0.9722475460467052,-24.681405652404617
86.53827632601251,2.3050085419457678,8.205298653920662,9.792018227829976,0.9715783673719849,-24.818417822394505
98.20451418444851,2.239541826595854,8.205298653920662,9.792018227829976,0.9703535440519845,-25.328305493673117
103.24328089589068,2.25444206562716,8.205298653920662,9.792018227829976,0.9720594990882815,-24.745127722777504
102.38955593537035,2.2422880211270098,8.205298653920662,9.792018227829976,0.9714250856838832,-24.9636657532186
102.8319782543851,2.2659809762941023,8.205298653920662,9.792018227829976,0.9722733255857422,-24.66014292703731
75.58621162186705,2.1841790508338192,8.205298653920662,9.792018227829976,0.969683471626199,-25.412632391657887
94.55797002265015,2.23618850950696,8.205298653920662,9.792018227829976,0.9696413187204932,-25.54752452496036
73.16955161421012,2.137975715832141,8.205298653920662,9.792018227829976,0.9689502438368204,-25.657114347564878
72.52313793336299,2.1065561862093176,8.205298653920662,9.792018227829976,0.9681143244753,-25.949093692996755
99.84599987831352,2.239991576214578,8.205298653920662,9.792018227829976,0.9706639077092059,-25.208241653084432
103.21425034583352,2.2502479807946685,8.205298653920662,9.792018227829976,0.9718750937094472,-24.794177738084507
100.5997189829968,2.240217267444237,8.205298653920662,9.792018227829976,0.970827798795411,-25.14597643977637
73.12229960784292,2.1367424082937845,8.205298653920662,9.792018227829976,0.9688792237999561,-25.66550339573022
96.61199102216544,2.2387444636491978,8.205298653920662,9.792018227829976,0.96995568712368,-25.429062259888532
102.04157802431384,2.2776487484914014,8.205298653920662,9.792018227829976,0.972324291159921,-24.608636879466633
102.1731656903492,2.2759148451500124,8.205298653920662,9.792018227829976,0.9723027008772813,-24.615244992688687
90.74775671898448,2.2268700260385543,8.205298653920662,9.792018227829976,0.9689761518484603,-25.733574842446583
100.27879210865925,2.2402080502831865,8.205298653920662,9.792018227829976,0.9706998083736945,-25.172043704993946
102.06967259809252,2.2418020624690485,8.205298653920662,9.792018227829976,0.9711964239480464,-24.9993081486768
77.01105584550086,2.2065700569528843,8.205298653920662,9.792018227829976,0.9698758138393662,-25.30786702707379
99.8003626350752,2.240159309953981,8.205298653920662,9.792018227829976,0.9705500233483308,-25.209831697290713
97.96767793465344,2.2396707496005064,8.205298653920662,9.792018227829976,0.9701505874438575,-25.341726369228653
102.83333621802628,2.265224936505007,8.205298653920662,9.792018227829976,0.9720917711090362,-24.66823600468679
101.16498337671788,2.28740714015872,8.205298653920662,9.792018227829976,0.972304338951218,-24.58080807035508
103.11842870594356,2.2579779151683965,8.205298653920662,9.792018227829976,0.9719439336436272,-24.71901010609794
94.7168373746196,2.3224686137837978,8.205298653920662,9.792018227829976,0.9721497645852211,-24.593388905000687
101.2917409442904,2.2860433008199124,8.205298653920662,9.792018227829976,0.9722703679563582,-24.584665258166638
103.08750799604948,2.2587796545474816,8.205298653920662,9.792018227829976,0.9719303608114386,-24.713344947214104
76.33695860457159,2.13399902217337,8.205298653920662,9.792018227829976,0.9676060380092305,-26.095269651038095
80.5457390445346,2.252933031357287,8.205298653920662,9.792018227829976,0.9704744439150225,-25.092667825691137
92.9126016911334,2.323963214471192,8.205298653920662,9.792018227829976,0.9719803617272745,-24.62924447777076
81.70767446858532,2.2655288805300278,8.205298653920662,9.792018227829976,0.9706459865274032,-25.032360461371063
74.59401648441911,2.166377480450293,8.205298653920662,9.792018227829976,0.9692005271664829,-25.503483367316583
87.97115655387726,2.215934879832531,8.205298653920662,9.792018227829976,0.968488723063255,-25.846490496346792
95.4927393372332,2.2377701748996373,8.205298653920662,9.792018227829976,0.9696035122010352,-25.492876549222604
90.5120677477895,2.226202222142988,8.205298653920662,9.792018227829976,0.9688196314675054,-25.742454584481507
77.03373941246593,2.1401346347510923,8.205298653920662,9.792018227829976,0.967582557002378,-26.095488163332906
72.59339192331525,2.1076309495565795,8.205298653920662,9.792018227829976,0.9679065905652491,-25.945860593782527
100.19663235463528,2.240437451344633,8.205298653920662,9.792018227829976,0.9705418343826467,-25.17598696563601
94.07266436642144,2.2356080563490224,8.205298653920662,9.792018227829976,0.9693366544435169,-25.570492658124657
97.96907789009413,2.311119845395666,8.205298653920662,9.792018227829976,0.9722221081222637,-24.558599295462884
93.39130610993246,2.2342772040355072,8.205298653920662,9.792018227829976,0.9692049681379037,-25.6055704233455
80.95864063165764,2.257474430608596,8.205298653920662,9.792018227829976,0.9704652606994355,-25.071615665012803
75.17795451087669,2.1767327705702115,8.205298653920662,9.792018227829976,0.9692885668616039,-25.4521782882126
93.87777427241438,2.323456734904653,8.205298653920662,9.792018227829976,0.971978804950973,-24.61000263356527
101.66712037833396,2.241518563085066,8.205298653920662,9.792018227829976,0.9709085609000389,-25.039412788157115
100.7742704995481,2.2407426314922247,8.205298653920662,9.792018227829976,0.970646035371634,-25.12563418583782
73.95247980288855,2.1141444915228647,8.205298653920662,9.792018227829976,0.9675834745445271,-26.05101876077163
72.44671213728533,2.1099737148669675,8.205298653920662,9.792018227829976,0.9679821786903432,-25.896179369780437
88.78118933173049,2.315677110095365,8.205298653920662,9.792018227829976,0.9714807829369247,-24.743697746826236
91.15971786887948,2.228438817939775,8.205298653920662,9.792018227829976,0.9688182212409763,-25.712389997647964
72.79122607377816,2.107872631783991,8.205298653920662,9.792018227829976,0.967756597443975,-25.97081546231385
102.70002246480288,2.266979438068091,8.205298653920662,9.792018227829976,0.9719353461048892,-24.662152860804493
91.4563904381257,2.3227796665131564,8.205298653920662,9.792018227829976,0.9717337249311114,-24.665689874522798
72.58415282169535,2.108288167473105,8.205298653920662,9.792018227829976,0.9678390870243395,-25.936464529540388
102.1870750192052,2.242743127881212,8.205298653920662,9.792018227829976,0.971029384484138,-24.97782247695062
81.09908667466453,2.173730267980972,8.205298653920662,9.792018227829976,0.9676777031555066,-26.047100548283137
100.02109869447769,2.2405743269457616,8.205298653920662,9.792018227829976,0.9703959423242272,-25.18820397738208
72.47018102647364,2.1100557524066232,8.205298653920662,9.792018227829976,0.9679223527606271,-25.898526020035657
87.5791118915858,2.2142335544313454,8.205298653920662,9.792018227829976,0.9682981461151557,-25.859464674529185
86.88880938507148,2.306620260039111,8.205298653920662,9.792018227829976,0.9712107598196029,-24.809800049682266
92.7217448304312,2.3237615105237523,8.205298653920662,9.792018227829976,0.9717976402698052,-24.63541899679028
84.01549106216237,2.194214556326827,8.205298653920662,9.792018227829976,0.9679007635836561,-25.97624527828114
94.31490699530283,2.3228578467786605,8.205298653920662,9.792018227829976,0.9719154715763881,-24.602897616146578
72.95149173736372,2.108412834366419,8.205298653920662,9.792018227829976,0.9676694099102261,-25.986556498439473
94.47407723640129,2.3226120285154934,8.205298653920662,9.792018227829976,0.9719100288972881,-24.60024760871822
98.94698154906118,2.305151187403183,8.205298653920662,9.792018227829976,0.9720861000446228,-24.55974045770646
103.11025221926342,2.253231439935064,8.205298653920662,9.792018227829976,0.9715577144450536,-24.77187780869751
79.02647446749464,2.234216548929396,8.205298653920662,9.792018227829976,0.9699624000707919,-25.182159544848897
86.37466396276879,2.3035353713840863,8.205298653920662,9.792018227829976,0.9710717091228599,-24.82989016937956
95.67063031471145,2.2382620811272886,8.205298653920662,9.792018227829976,0.9694129614563219,-25.4795444889017
103.08937994627824,2.254355160065174,8.205298653920662,9.792018227829976,0.971529427952007,-24.761635226130316
102.14941091393396,2.275122691097195,8.205298653920662,9.792018227829976,0.9718898858638029,-24.626011186268364
72.54106515566541,2.109968889692581,8.205298653920662,9.792018227829976,0.9677694136233939,-25.90969303245127
72.65912291130911,2.1222981577076183,8.205298653920662,9.792018227829976,0.9680936083751365,-25.77588019408888
73.973114040894,2.153769258670934,8.205298653920662,9.792018227829976,0.9686742835967209,-25.574602430984214
77.54844638464786,2.145002241671179,8.205298653920662,9.792018227829976,0.9673061722981104,-26.089099858980095
96.96360653374416,2.315414828388981,8.205298653920662,9.792018227829976,0.9718560480487503,-24.56951186092445
77.076197222903,2.141001919192618,8.205298653920662,9.792018227829976,0.967241406769835,-26.089365687306138
79.07507569342465,2.157971348742564,8.205298653920662,9.792018227829976,0.9673041601796005,-26.075728218065084
85.58407990551011,2.2982595907765813,8.205298653920662,9.792018227829976,0.9707911438445742,-24.86273233698147
102.75371675579252,2.2467535324148717,8.205298653920662,9.792018227829976,0.9710401400894356,-24.878786829698214
97.21119637685952,2.314293811286646,8.205298653920662,9.792018227829976,0.9718175680024692,-24.568203090920246
83.02100944651491,2.187894300020716,8.205298653920662,9.792018227829976,0.9675676587683524,-25.999924082460257
101.53717974652376,2.28236176600322,8.205298653920662,9.792018227829976,0.9717855377579954,-24.60301247841025
102.99207591196334,2.250743954200217,8.205298653920662,9.792018227829976,0.9712252113276282,-24.811101061774284
102.01876560341404,2.2763999159018766,8.205298653920662,9.792018227829976,0.971724795382202,-24.62421931377495
72.65726040431856,2.1213510442554764,8.205298653920662,9.792018227829976,0.9679414183900484,-25.787121253065227
99.664534784433,2.299699773098098,8.205298653920662,9.792018227829976,0.9718245995787398,-24.567459834460116
77.57636630721376,2.145440108904282,8.205298653920662,9.792018227829976,0.9671663551112933,-26.0865812455128
81.85818729198036,2.179755999305627,8.205298653920662,9.792018227829976,0.9674061846583463,-26.026745532984783
102.51242437258465,2.245302504460085,8.205298653920662,9.792018227829976,0.9708471539857534,-24.918365905341272
74.9573808491831,2.1229579260157863,8.205298653920662,9.792018227829976,0.9671484688361036,-26.069800772829396
72.8458043906586,2.109696430298684,8.205298653920662,9.792018227829976,0.9674213610274162,-25.956018019214845
73.86378799241275,2.1511086065414844,8.205298653920662,9.792018227829976,0.9684420143895514,-25.59213854605035
74.64233878823352,2.120404490831632,8.205298653920662,9.792018227829976,0.9671486347450431,-26.062215890585318
100.03527728036542,2.2966714438774574,8.205298653920662,9.792018227829976,0.9717555145827049,-24.572214308893614
85.65611720651916,2.204510560158724,8.205298653920662,9.792018227829976,0.9677229045149442,-25.92198565480583
98.74245419230182,2.3059453163984784,8.205298653920662,9.792018227829976,0.9717275917381437,-24.564928320115825
101.5637566167438,2.242509100032009,8.205298653920662,9.792018227829976,0.9704360099752533,-25.037641093241646
82.32700899629594,2.271139401477427,8.205298653920662,9.792018227829976,0.9701773091693772,-25.008434097222807
79.64601059564595,2.162832658057681,8.205298653920662,9.792018227829976,0.9671734189614658,-26.065895336268472
102.92206465644632,2.258739958083936,8.205298653920662,9.792018227829976,0.9712958024614801,-24.73026600808411
73.01240943736408,2.131378881947427,8.205298653920662,9.792018227829976,0.9680011092061739,-25.715039997166066
84.63446195914464,2.19854340333292,8.205298653920662,9.792018227829976,0.9675484231143789,-25.952970825184355
96.48528428638204,2.239558837579466,8.205298653920662,9.792018227829976,0.9692206484140928,-25.42627417809474
72.91542317108065,2.1101906492319102,8.205298653920662,9.792018227829976,0.9673111743702097,-25.959655471377857
81.22240872231991,2.1751838613885326,8.205298653920662,9.792018227829976,0.9672373743812002,-26.038416612086547
88.03313530412017,2.3119662589190284,8.205298653920662,9.792018227829976,0.9708639516640752,-24.774395125600464
101.9142738005105,2.277161666388253,8.205298653920662,9.792018227829976,0.9715037444240824,-24.62550310591509
96.22833495612753,2.2393731979138067,8.205298653920662,9.792018227829976,0.9691241193303741,-25.441088285920628
91.18889760375896,2.321798971479552,8.205298653920662,9.792018227829976,0.9711641193976854,-24.678762643538533
89.94811333953004,2.224862198201535,8.205298653920662,9.792018227829976,0.968106833776265,-25.758969518873318
74.97427848779809,2.172034584976956,8.205298653920662,9.792018227829976,0.9685966934014553,-25.48305036493683
102.59256588170344,2.2467042129829764,8.205298653920662,9.792018227829976,0.9707216854835847,-24.89507296916203
75.79304566464255,2.130358770800356,8.205298653920662,9.792018227829976,0.9669482942167658,-26.078340169640143
94.11600390993176,2.3224950969860174,8.205298653920662,9.792018227829976,0.9713544050868783,-24.61303525484717
72.66088810975799,2.118828117761666,8.205298653920662,9.792018227829976,0.9675912588863814,-25.81832284344919
91.51766753180596,2.322230466830049,8.205298653920662,9.792018227829976,0.9711352925233092,-24.670835079980765
78.87753216839222,2.156723769795235,8.205298653920662,9.792018227829976,0.9669951212892507,-26.073286538070825
88.8114642246112,2.315164098944948,8.205298653920662,9.792018227829976,0.9708649915400754,-24.7494524250054
72.7299541060938,2.121945433154224,8.205298653920662,9.792018227829976,0.9676640507919632,-25.790094653595656
94.6924401073364,2.2374519245345823,8.205298653920662,9.792018227829976,0.968784301492249,-25.52825849991388
98.36469811075928,2.307961169148598,8.205298653920662,9.792018227829976,0.9715287094495216,-24.5678346948827
73.09951182010833,2.133127655964927,8.205298653920662,9.792018227829976,0.9678983951587992,-25.705871172807214
100.78567202797818,2.242020941466336,8.205298653920662,9.792018227829976,0.9700423467608276,-25.110364466553012
94.0612636195796,2.322516228876836,8.205298653920662,9.792018227829976,0.9713136023058135,-24.614492378411484
79.66990381795519,2.163237854419606,8.205298653920662,9.792018227829976,0.9670039713176953,-26.062998586284888
75.73768245542931,2.129992174618536,8.205298653920662,9.792018227829976,0.9668874253471978,-26.076433698755473
73.34524346068315,2.139072037245868,8.205298653920662,9.792018227829976,0.96797999775904,-25.66763683938291
85.6155225025235,2.29811156156498,8.205298653920662,9.792018227829976,0.9704424631602945,-24.865382964514563
102.8585990229012,2.2508885684734565,8.205298653920662,9.792018227829976,0.9708535445165222,-24.82277544939696
79.48146755355381,2.239315513673347,8.205298653920662,9.792018227829976,0.9694856936021355,-25.162742791758426
102.51242127335036,2.24653145121286,8.205298653920662,9.792018227829976,0.9705988528249863,-24.90474179547059
95.45094608100268,2.3199299734858414,8.205298653920662,9.792018227829976,0.9713552810027842,-24.592237901526392
94.25296654048408,2.322216767272451,8.205298653920662,9.792018227829976,0.9712680604491555,-24.611678854516736
102.47019491627849,2.2682435912032446,8.205298653920662,9.792018227829976,0.9712388860455047,-24.670498356479353
72.75587313841814,2.1120350459123785,8.205298653920662,9.792018227829976,0.9672316184894253,-25.914696803102533
74.68790762272789,2.12142460942907,8.205298653920662,9.792018227829976,0.966838348458762,-26.055371190391735
81.52852709947355,2.2627269566517327,8.205298653920662,9.792018227829976,0.9697590135099614,-25.051797651835944
73.7727946074346,2.1483381278397644,8.205298653920662,9.792018227829976,0.9680453009429465,-25.613319937642117
91.312791596953,2.3217795447484946,8.205298653920662,9.792018227829976,0.9709692437037044,-24.677803838604873
87.32003344256076,2.2136821268546925,8.205298653920662,9.792018227829976,0.9675953642389864,-25.860693858087288
102.872015725261,2.2529717054922287,8.205298653920662,9.792018227829976,0.9708225380546284,-24.798509384917857
94.2407497485986,2.32212776205148,8.205298653920662,9.792018227829976,0.9711746320526402,-24.613011389278665
95.18034809583958,2.238380444784269,8.205298653920662,9.792018227829976,0.9687134846851836,-25.49891300472073
81.16605674025186,2.258787940140664,8.205298653920662,9.792018227829976,0.9696396439719797,-25.071313579155625
92.23975251347726,2.322732244599038,8.205298653920662,9.792018227829976,0.9709917857655782,-24.655313913045212
97.98878744568115,2.3097835532875592,8.205298653920662,9.792018227829976,0.971314671985185,-24.57161482789867
72.71257949928909,2.118573725706568,8.205298653920662,9.792018227829976,0.9673527879353369,-25.82868435902589
102.27616287396218,2.2710205231009724,8.205298653920662,9.792018227829976,0.9711377881904134,-24.658660158297877
97.96623305267522,2.3098826140110305,8.205298653920662,9.792018227829976,0.9712979994325251,-24.571917130083396
95.4443138088932,2.3197499946538613,8.205298653920662,9.792018227829976,0.9711891811563755,-24.594416358684192
77.72840632312786,2.2156659311346942,8.205298653920662,9.792018227829976,0.968969276237212,-25.274834039672655
102.77436597282376,2.250735947355025,8.205298653920662,9.792018227829976,0.9706409401702336,-24.83276181403959
102.65131229661964,2.248841793299448,8.205298653920662,9.792018227829976,0.9705253015325253,-24.86571194035485
97.69774413360555,2.240951526699277,8.205298653920662,9.792018227829976,0.9691049532300791,-25.34367004344117
87.22006995365594,2.2133082368605983,8.205298653920662,9.792018227829976,0.9674699138330386,-25.862908616330525
99.03430871461578,2.303347963789676,8.205298653920662,9.792018227829976,0.9712641774919483,-24.573030783553452
74.18659947007512,2.156498807396787,8.205298653920662,9.792018227829976,0.9680297005066517,-25.569407925535497
102.53147678808904,2.2659864072704607,8.205298653920662,9.792018227829976,0.9709629940744867,-24.68920483126984
78.19842996222482,2.22214767147004,8.205298653920662,9.792018227829976,0.9689724933728583,-25.24526719740109
73.72390345930856,2.114913702884678,8.205298653920662,9.792018227829976,0.9667566546223755,-26.011457576159124
94.15118898788612,2.322051097135528,8.205298653920662,9.792018227829976,0.9710014059445936,-24.616646408284623
101.69345777693434,2.2440268851543976,8.205298653920662,9.792018227829976,0.9700303634564629,-25.009061891281227
76.86476468344404,2.202692968539722,8.205298653920662,9.792018227829976,0.9686434863103456,-25.33737700881626
93.99507732151532,2.2366360729406125,8.205298653920662,9.792018227829976,0.9683235684838676,-25.561186625689025
75.45935890307857,2.128194444696802,8.205298653920662,9.792018227829976,0.9665846970927979,-26.065916676479755
100.45799564089396,2.291959605041086,8.205298653920662,9.792018227829976,0.9711448270098222,-24.589886037637044
73.10013003747133,2.1315711257010577,8.205298653920662,9.792018227829976,0.9674842744089316,-25.724717949652387
94.6966420945483,2.321176191203264,8.205298653920662,9.792018227829976,0.9709867127944101,-24.607789034561822
90.35760743355203,2.3196214557108306,8.205298653920662,9.792018227829976,0.9706278918879279,-24.70675451454945
73.21154899916122,2.1345100875948475,8.205298653920662,9.792018227829976,0.9675307592455601,-25.70444361560936
72.75937843544493,2.1164185046483226,8.205298653920662,9.792018227829976,0.9670829347174024,-25.86153849008224
88.83875341584195,2.2208995547115933,8.205298653920662,9.792018227829976,0.967543238551889,-25.799617677710184
72.81167093259968,2.121504957771976,8.205298653920662,9.792018227829976,0.9672193937054632,-25.806858377941495
95.5991730593795,2.2392407581341445,8.205298653920662,9.792018227829976,0.9685519092342898,-25.47154827677607
81.18743120250525,2.258748646236043,8.205298653920662,9.792018227829976,0.9694013920365802,-25.073201373137827
102.65856062791312,2.250200982169474,8.205298653920662,9.792018227829976,0.9703938130860907,-24.849994143859213
74.6473319719198,2.1650943349194733,8.205298653920662,9.792018227829976,0.9680091576321173,-25.525123144943215
81.67094890237223,2.263850450602561,8.205298653920662,9.792018227829976,0.9694522726881754,-25.048564468300075
77.21395635493353,2.1432908748553103,8.205298653920662,9.792018227829976,0.966500288609761,-26.075819528156046
98.24740728383512,2.3079726707692885,8.205298653920662,9.792018227829976,0.9710555013982691,-24.575055786430795
99.32078566747644,2.3010144371946666,8.205298653920662,9.792018227829976,0.9710517538569612,-24.578075190416218
88.7256106860922,2.314312195342609,8.205298653920662,9.792018227829976,0.9703537599247298,-24.757760317670957
78.57262533772399,2.1548143976835377,8.205298653920662,9.792018227829976,0.9665121432362658,-26.068706875295057
85.56644707379803,2.2047551063461555,8.205298653920662,9.792018227829976,0.967010435374119,-25.915998827765698
97.75260620984672,2.2413900278440764,8.205298653920662,9.792018227829976,0.9688384173858856,-25.335423335260447
77.62274415398787,2.2136951957422184,8.205298653920662,9.792018227829976,0.9686090107782489,-25.287133077516387
102.41675082908615,2.266984833251442,8.205298653920662,9.792018227829976,0.9707027625509902,-24.68927082669369
92.24947080136192,2.232861384939852,8.205298653920662,9.792018227829976,0.9678512452065233,-25.64696663298538
99.58222773308096,2.24238521840644,8.205298653920662,9.792018227829976,0.9691900013607361,-25.201199787870344
73.8802355417247,2.149365230278832,8.205298653920662,9.792018227829976,0.9675773204854187,-25.61501307035982
101.41765578981268,2.2815094572023757,8.205298653920662,9.792018227829976,0.9708308805040109,-24.622625649476397
75.40635832260368,2.128190134875396,8.205298653920662,9.792018227829976,0.9663558956747761,-26.059704269263364
87.00488199595874,2.21259344656103,8.205298653920662,9.792018227829976,0.9671032883592035,-25.86635908222645
89.00311524493574,2.221828108841706,8.205298653920662,9.792018227829976,0.9673435893785925,-25.79023428724367
72.84808670499883,2.1201487665615275,8.205298653920662,9.792018227829976,0.9669423193539719,-25.828430350761426
102.49911335119818,2.2493458468927514,8.205298653920662,9.792018227829976,0.9701204722548341,-24.874878249665155
77.38983090845991,2.210182675142221,8.205298653920662,9.792018227829976,0.9684756024019353,-25.30449736502987
102.2525979811968,2.2474021789665386,8.205298653920662,9.792018227829976,0.9699481913208801,-24.919895238337027
74.38699839033433,2.120278000196805,8.205298653920662,9.792018227829976,0.9663567871979933,-26.031609459564788
77.09132267162946,2.205670772976944,8.205298653920662,9.792018227829976,0.9683660245011555,-25.326336862564016
101.1850477833451,2.243914610611398,8.205298653920662,9.792018227829976,0.9695475998970322,-25.05525984954329
90.7340521486375,2.228403886853144,8.205298653920662,9.792018227829976,0.9675208574936481,-25.715950307789168
83.48460912721036,2.280901593874333,8.205298653920662,9.792018227829976,0.9694766384417206,-24.96414940025084
89.82906988751662,2.317864705369104,8.205298653920662,9.792018227829976,0.9702471325918559,-24.72584154187156
97.95493546542276,2.309238854292559,8.205298653920662,9.792018227829976,0.970791228219303,-24.579441205806617
99.9527198234043,2.242795696405068,8.205298653920662,9.792018227829976,0.9691688755416498,-25.168557845523924
101.47487236556071,2.2805120300202475,8.205298653920662,9.792018227829976,0.9706973212243417,-24.62840888480738
76.62006380533283,2.138624583401082,8.205298653920662,9.792018227829976,0.9662322548964409,-26.06981345586368
97.34539559558476,2.2414001334853566,8.205298653920662,9.792018227829976,0.9685598010082532,-25.359182834265283
96.3478073900153,2.3163320650959065,8.205298653920662,9.792018227829976,0.9706836820295902,-24.590609110585724
75.72953370641024,2.1837216681874168,8.205298653920662,9.792018227829976,0.9679213325660206,-25.434214250105363
74.05075139599846,2.1524451026317024,8.205298653920662,9.792018227829976,0.9674270716817595,-25.60026536566985
78.4885574539459,2.2254244773703817,8.205298653920662,9.792018227829976,0.9684947960016064,-25.234460648005467
100.8434409725582,2.2437852499758435,8.205298653920662,9.792018227829976,0.9693037946643998,-25.085798027240166
84.0356868171498,2.285402339815022,8.205298653920662,9.792018227829976,0.9693989138421537,-24.94122777336061
93.94138586833292,2.3216701197954563,8.205298653920662,9.792018227829976,0.9704454518609471,-24.62706196847105
82.89599659819585,2.188289865320286,8.205298653920662,9.792018227829976,0.9664426159455187,-25.98822157074506
86.98629915288427,2.21276619271184,8.205298653920662,9.792018227829976,0.9668542575361593,-25.86390047919613
91.4070861254704,2.230774717136242,8.205298653920662,9.792018227829976,0.967431946197574,-25.682995219925505
99.71004177233785,2.2973228483362504,8.205298653920662,9.792018227829976,0.9705961996750095,-24.589530791632875
83.89075097029679,2.194956991036719,8.205298653920662,9.792018227829976,0.9664829107547313,-25.96147513210711
76.90226838438137,2.141311386775442,8.205298653920662,9.792018227829976,0.9660563875112563,-26.067306084493694
78.68973415666956,2.228000803004093,8.205298653920662,9.792018227829976,0.9684358253598867,-25.22316439983536
83.86175153896002,2.194788421251033,8.205298653920662,9.792018227829976,0.9664638089044666,-25.962058274065612
73.02392738059643,2.125502605269574,8.205298653920662,9.792018227829976,0.9667454519752554,-25.787683463615114
98.04396558308872,2.3084155609521417,8.205298653920662,9.792018227829976,0.9705562458481422,-24.582834022351538
100.78984501208863,2.2439891813629487,8.205298653920662,9.792018227829976,0.9691743196975511,-25.088002841396314
98.6567710647164,2.242540687203004,8.205298653920662,9.792018227829976,0.968617284161766,-25.264877244455615
73.23118812738656,2.1156337065817183,8.205298653920662,9.792018227829976,0.9662818463098348,-25.936361826169836
102.05945343285588,2.271521531734692,8.205298653920662,9.792018227829976,0.9703156747283527,-24.673338105123584
102.37254056222244,2.2501576895039648,8.205298653920662,9.792018227829976,0.9697347604844221,-24.878024623513312
81.9208728170478,2.181589862752446,8.205298653920662,9.792018227829976,0.9662196522979339,-26.00893260026072
75.17474049313537,2.127067316513404,8.205298653920662,9.792018227829976,0.9659835572302754,-26.04579853723904
74.28792670079034,2.1567394424970843,8.205298653920662,9.792018227829976,0.9672625592799406,-25.579322194355495
102.52449707672,2.2530466390277866,8.205298653920662,9.792018227829976,0.9698449217397141,-24.831599081829822
73.44514343771147,2.116001745266601,8.205298653920662,9.792018227829976,0.9661796539157427,-25.960850678022197
97.19368114883302,2.31255531639151,8.205298653920662,9.792018227829976,0.9704331563085683,-24.587612377867604
73.06309471011076,2.11685226945508,8.205298653920662,9.792018227829976,0.9663418067706046,-25.898411814638703
79.99482636495412,2.244389896414773,8.205298653920662,9.792018227829976,0.9685634431073479,-25.146638719961945
102.47419053974065,2.251935353311808,8.205298653920662,9.792018227829976,0.9697878887323192,-24.84868276419776
77.35256929995592,2.2090424476959214,8.205298653920662,9.792018227829976,0.9680443012525312,-25.31386337303049
74.29931005471428,2.156929091735023,8.205298653920662,9.792018227829976,0.9672487326325642,-25.57850319745925
101.0121344412321,2.244546965834573,8.205298653920662,9.792018227829976,0.9691417223288386,-25.063037911231092
78.22203921747115,2.221455668383172,8.205298653920662,9.792018227829976,0.968195061472385,-25.255299413844845
80.75246063930567,2.2531706298454,8.205298653920662,9.792018227829976,0.9686576950870623,-25.10493407500324
97.64381529797406,2.24205943247604,8.205298653920662,9.792018227829976,0.9683159515975225,-25.334364413316024
86.46854266276229,2.3024553841554933,8.205298653920662,9.792018227829976,0.9694830113509241,-24.844076094370827
98.5735682471263,2.242664985440257,8.205298653920662,9.792018227829976,0.9684950452710755,-25.269036558831825
102.08720131389336,2.2481288708458464,8.205298653920662,9.792018227829976,0.969502684917092,-24.927357721559712
87.57574498646028,2.215918519779692,8.205298653920662,9.792018227829976,0.9667075987392767,-25.83974691343825
80.3154409942564,2.169625630306598,8.205298653920662,9.792018227829976,0.9660225815140457,-26.03801663349673
100.64166758430632,2.2441533033947536,8.205298653920662,9.792018227829976,0.9689853401174424,-25.09844922682613
97.04539667082328,2.2416525261605926,8.205298653920662,9.792018227829976,0.9681574412918066,-25.373095899637583
91.6463142260446,2.321160657750525,8.205298653920662,9.792018227829976,0.9699954783904846,-24.68066897744196
74.09192666748655,2.119380892636997,8.205298653920662,9.792018227829976,0.9659785730642821,-26.004798645649558
77.40916972098942,2.209745212886901,8.205298653920662,9.792018227829976,0.9679608372865806,-25.311414050973973
91.4470072087606,2.32086972424203,8.205298653920662,9.792018227829976,0.9699473551672629,-24.68607965524828
102.5326772390821,2.2556646658646287,8.205298653920662,9.792018227829976,0.9698077789619501,-24.802006378338792
80.99130400733326,2.2557373069540887,8.205298653920662,9.792018227829976,0.9686106074504807,-25.093185135559743
73.14771259919294,2.1170742346039475,8.205298653920662,9.792018227829976,0.9661890987613984,-25.90731591220043
97.94492201753224,2.242408120206747,8.205298653920662,9.792018227829976,0.968282654310885,-25.312211799083688
74.48307107996514,2.160265548722037,8.205298653920662,9.792018227829976,0.9671605410663148,-25.561910174525956
92.77244221139938,2.234891097325089,8.205298653920662,9.792018227829976,0.967337831666908,-25.613431695622925
79.86453012315839,2.1662189401976093,8.205298653920662,9.792018227829976,0.9658882642244354,-26.043113282042178
86.13518554576684,2.2086397922339813,8.205298653920662,9.792018227829976,0.9664265145656761,-25.88907481161088
88.88646964353173,2.2219724719506218,8.205298653920662,9.792018227829976,0.9667485978520327,-25.787592511606547
101.94430189343304,2.2479217164611214,8.205298653920662,9.792018227829976,0.9692986362463283,-24.94289103516153
87.32809994750511,2.307090415026053,8.205298653920662,9.792018227829976,0.9694062358822992,-24.81435472521861
100.66700139367543,2.2880992874183903,8.205298653920662,9.792018227829976,0.9701889401422028,-24.614601570904252
95.49843491336289,2.318299161301269,8.205298653920662,9.792018227829976,0.9701093391928325,-24.607573045489577
85.94359188626402,2.207670674211883,8.205298653920662,9.792018227829976,0.9663277145477187,-25.89443809887014
92.63484203406686,2.3216471765989724,8.205298653920662,9.792018227829976,0.9698722858131483,-24.659591859703298
101.70981767275735,2.275660534751069,8.205298653920662,9.792018227829976,0.9700192771474313,-24.66013489340339
94.10906582685426,2.237973219131945,8.205298653920662,9.792018227829976,0.9674156781864698,-25.542322013069192
73.78259832843915,2.144949177677887,8.205298653920662,9.792018227829976,0.9667259860459503,-25.655046366584486
80.29792116202029,2.1697924090594256,8.205298653920662,9.792018227829976,0.9657805669593019,-26.034656353909437
94.01810913369944,2.237821186295548,8.205298653920662,9.792018227829976,0.9673817612081661,-25.546937416728536
102.29348272426704,2.2514351809979303,8.205298653920662,9.792018227829976,0.9694024573462229,-24.871417926255223
80.30203306853703,2.24762838771656,8.205298653920662,9.792018227829976,0.968274795509495,-25.133816266110482
85.77863848830546,2.206830687942442,8.205298653920662,9.792018227829976,0.9662364617946065,-25.898893294966452
90.154159605347,2.227122075963265,8.205298653920662,9.792018227829976,0.9667652343939378,-25.732762249379146
78.48496352852496,2.155266512581946,8.205298653920662,9.792018227829976,0.9656529892981339,-26.055150136906292
101.34079197757904,2.2803252474278253,8.205298653920662,9.792018227829976,0.9699949310679894,-24.642058106355652
89.92551027230176,2.3173829387772145,8.205298653920662,9.792018227829976,0.969539708205914,-24.731068208412484
89.76677366611692,2.225698303595891,8.205298653920662,9.792018227829976,0.9666936835116994,-25.749095006378177
100.30466993896586,2.2444050342662223,8.205298653920662,9.792018227829976,0.9686156619510986,-25.122936127339678
84.40990512403161,2.287777739135592,8.205298653920662,9.792018227829976,0.9688541308321086,-24.93181470708118
102.07699135247712,2.2692647306707414,8.205298653920662,9.792018227829976,0.9698099150992676,-24.69624681737882
100.01106750674026,2.29383362002163,8.205298653920662,9.792018227829976,0.970030446021016,-24.604435058461565
98.300515129495,2.243089573841644,8.205298653920662,9.792018227829976,0.968072799037731,-25.28212109704311
99.71199145280532,2.2962498359144945,8.205298653920662,9.792018227829976,0.9699894283279463,-24.60087179464498
78.52575070112628,2.1557344255305964,8.205298653920662,9.792018227829976,0.9655612293483032,-26.053268664193588
102.14244070903064,2.267683027496261,8.205298653920662,9.792018227829976,0.969725672507662,-24.70740705240441
102.39676360996404,2.256012512186757,8.205298653920662,9.792018227829976,0.9694074583562188,-24.811190781913535
101.04506446801308,2.2457614488687767,8.205298653920662,9.792018227829976,0.968718743050697,-25.046685261449856
89.80755268048756,2.225990122996976,8.205298653920662,9.792018227829976,0.966576717507489,-25.745789158115453
101.6954412407386,2.275101183289806,8.205298653920662,9.792018227829976,0.9697762724415565,-24.667476632666137
98.20728157904696,2.3065552887380534,8.205298653920662,9.792018227829976,0.9699211971004923,-24.592639148868372
97.2963066386043,2.3113499901850645,8.205298653920662,9.792018227829976,0.9698989924036275,-24.594826412000256
88.88383443369888,2.222316296648984,8.205298653920662,9.792018227829976,0.9664266234207395,-25.783581718679795
83.27391505573026,2.27806386168973,8.205298653920662,9.792018227829976,0.9685438352791967,-24.984563863154406
75.34577328740316,2.175597146741751,8.205298653920662,9.792018227829976,0.966998269133012,-25.485085954402553
98.72396630327133,2.3032810139687285,8.205298653920662,9.792018227829976,0.9698810357595441,-24.594547337125963
82.07153872334369,2.2666191686047625,8.205298653920662,9.792018227829976,0.9683316819416801,-25.042979500423698
74.63692222683454,2.124218899599469,8.205298653920662,9.792018227829976,0.9654854547722395,-26.014762385432864
99.02638844064845,2.2437574252396786,8.205298653920662,9.792018227829976,0.9681162672856639,-25.2258575441651
80.99863237931535,2.255278767278824,8.205298653920662,9.792018227829976,0.9681473628210274,-25.09879314203754
85.15775297836241,2.203521605002294,8.205298653920662,9.792018227829976,0.9659338954821978,-25.915498390064204
100.98796329505356,2.245887660056184,8.205298653920662,9.792018227829976,0.9686129660761272,-25.050138156285175
79.27273601193362,2.234679953562462,8.205298653920662,9.792018227829976,0.9678125916086652,-25.19769003009094
102.0486831525444,2.268819804992617,8.205298653920662,9.792018227829976,0.9695920150806725,-24.703695520432852
80.56911323849044,2.1722431944746745,8.205298653920662,9.792018227829976,0.9655169235704242,-26.026050437202013
73.90637039925033,2.1467601970251597,8.205298653920662,9.792018227829976,0.9664332223832636,-25.64945980840877
95.4669636475062,2.240601583393925,8.205298653920662,9.792018227829976,0.9673414079498648,-25.461776899966626
74.20156964821405,2.121523256926693,8.205298653920662,9.792018227829976,0.9654810866415469,-25.992671591553062
92.02703590536098,2.320933420399683,8.205298653920662,9.792018227829976,0.9694709120492583,-24.67782514392468
102.18546820560488,2.252027041091452,8.205298653920662,9.792018227829976,0.9690882267038392,-24.875055516643187
100.32757923980115,2.2449685956298,8.205298653920662,9.792018227829976,0.9683807387060241,-25.114804744307186
95.0696944584086,2.240047927752713,8.205298653920662,9.792018227829976,0.9672468420839482,-25.48435517488312
73.50174373452313,2.1364299386813173,8.205298653920662,9.792018227829976,0.9661956911135564,-25.720268603388146
102.19102842786604,2.2523429830358594,8.205298653920662,9.792018227829976,0.969067029998684,-24.871046701762896
74.77836850327915,2.125458033985595,8.205298653920662,9.792018227829976,0.9653823416648223,-26.017158665016442
78.51808952943495,2.1559598121431947,8.205298653920662,9.792018227829976,0.965357104176173,-26.049839024088826
102.29091411663404,2.2545722754362743,8.205298653920662,9.792018227829976,0.9691487256467761,-24.837071364878977
80.69350587162756,2.1732762845213216,8.205298653920662,9.792018227829976,0.9654609268988489,-26.023004329698487
80.62746605550282,2.172772349045502,8.205298653920662,9.792018227829976,0.9654558523217582,-26.0241033070695
93.83499260328612,2.3207244943801584,8.205298653920662,9.792018227829976,0.969528133950585,-24.640200835727185
95.89534149310118,2.241298618530493,8.205298653920662,9.792018227829976,0.9673234009946298,-25.43493728937393
80.23150841312041,2.1697740238662817,8.205298653920662,9.792018227829976,0.9653855712169296,-26.029699885439044
95.52315808090864,2.240835381920931,8.205298653920662,9.792018227829976,0.967234019355803,-25.45671966161766
74.30301072355171,2.122504491631261,8.205298653920662,9.792018227829976,0.9653464177510349,-25.99363477036392
74.15337188902991,2.151832847753539,8.205298653920662,9.792018227829976,0.9663783001156654,-25.620612391517767
77.38556325166402,2.146688741104839,8.205298653920662,9.792018227829976,0.965237218576292,-26.052143929049144
74.31975178855926,2.1553427260447933,8.205298653920662,9.792018227829976,0.9664260553007445,-25.599886000748054
73.24990788673377,2.124155008050323,8.205298653920662,9.792018227829976,0.965740016182651,-25.83490419151823
73.25758461230012,2.125127145137455,8.205298653920662,9.792018227829976,0.9657560088121991,-25.824132540420685
96.58804054556953,2.2422194003459737,8.205298653920662,9.792018227829976,0.9673646868227405,-25.39090102393744
92.95990243415238,2.3210402491693287,8.205298653920662,9.792018227829976,0.9693384771663779,-24.659199724293277
94.66472885735875,2.239620044797263,8.205298653920662,9.792018227829976,0.9669962840240899,-25.504567288511026
99.778312703096,2.2949695973729263,8.205298653920662,9.792018227829976,0.9695818989055206,-24.609695084945027
97.68373472355192,2.308959849612904,8.205298653920662,9.792018227829976,0.9695761155225059,-24.598393832755324
101.7588157517856,2.2728788251088616,8.205298653920662,9.792018227829976,0.9693969507574877,-24.68591442235854
84.32866314353124,2.198779690541926,8.205298653920662,9.792018227829976,0.9655976914238518,-25.936805496402453
97.48067099025089,2.2431140963508085,8.205298653920662,9.792018227829976,0.9675007424555276,-25.33203291796416
73.28826511767622,2.1262140308108712,8.205298653920662,9.792018227829976,0.9657113915734084,-25.815091716960364
81.8038943032944,2.181772667096766,8.205298653920662,9.792018227829976,0.9653488602225629,-25.999163161573627
97.09008560870264,2.2428233597704974,8.205298653920662,9.792018227829976,0.9673873337494376,-25.357404711048268
101.1854464974774,2.2471748908103706,8.205298653920662,9.792018227829976,0.9684001919692368,-25.01889297281652
73.43446669491644,2.132631917547414,8.205298653920662,9.792018227829976,0.9658186928219107,-25.75707422759044
82.33984519561403,2.2688578250403566,8.205298653920662,9.792018227829976,0.9679968926510978,-25.034324516788367
76.20332775791826,2.137157289531189,8.205298653920662,9.792018227829976,0.9650649507051791,-26.041880236105325
81.37388355633774,2.25891240959048,8.205298653920662,9.792018227829976,0.9678192131393133,-25.083900558305544
78.75651073731001,2.227452001206529,8.205298653920662,9.792018227829976,0.9673378328770503,-25.23523963933384
79.90884004857779,2.1675470064566724,8.205298653920662,9.792018227829976,0.9651388664156999,-26.030754604867038
99.62819071080564,2.295914578233578,8.205298653920662,9.792018227829976,0.9694260825630577,-24.61059488969199
102.2178072935512,2.260437753716957,8.205298653920662,9.792018227829976,0.968995484029618,-24.779522817933927
73.77204412951555,2.142084334141657,8.205298653920662,9.792018227829976,0.9659429577412705,-25.687964842747665
89.94626987425299,2.227063833220285,8.205298653920662,9.792018227829976,0.9661060676807108,-25.733516711225636
96.49716198298874,2.3140575014318614,8.205298653920662,9.792018227829976,0.9693600118555343,-24.607545278107565
101.86736155122338,2.2701926103245995,8.205298653920662,9.792018227829976,0.9691677326995993,-24.705317899465697
74.05552626948683,2.148804742531283,8.205298653920662,9.792018227829976,0.9660428374203149,-25.644225879029754
74.02474480550822,2.1219254388085744,8.205298653920662,9.792018227829976,0.9651308348019818,-25.964930846331857
100.48887601313837,2.246105015188704,8.205298653920662,9.792018227829976,0.9680390271608368,-25.089127522477607
81.24430131157582,2.177885419103447,8.205298653920662,9.792018227829976,0.9651304897525763,-26.00766522313332
75.18551319492467,2.1293458432552086,8.205298653920662,9.792018227829976,0.9649827634446636,-26.01923513050651
75.96167643175109,2.185281207426769,8.205298653920662,9.792018227829976,0.9665881829354929,-25.44205510060814
88.54683208114193,2.2214718468115398,8.205298653920662,9.792018227829976,0.9658411629746954,-25.789975957216196
95.074704369977,2.240620127838966,8.205298653920662,9.792018227829976,0.9668147695352884,-25.477652671925046
99.368211678708,2.297745938927406,8.205298653920662,9.792018227829976,0.9693049406602577,-24.609665975415254
92.10914900898634,2.2342304855051225,8.205298653920662,9.792018227829976,0.9663173479495827,-25.633647447280996
101.8203192850962,2.270606864603195,8.205298653920662,9.792018227829976,0.9690736369813484,-24.705066332182668
74.49017680761484,2.1246449647568824,8.205298653920662,9.792018227829976,0.9649937242252098,-25.991159859740893
79.01531072418494,2.230624125494842,8.205298653920662,9.792018227829976,0.9671980523748975,-25.22174150533185
87.31399060427427,2.2158069357162304,8.205298653920662,9.792018227829976,0.9656230734637693,-25.835779860358222
81.75732920614358,2.181779848193557,8.205298653920662,9.792018227829976,0.9650627267148154,-25.996025655757087
101.7127926439117,2.250435250090362,8.205298653920662,9.792018227829976,0.9683638783223623,-24.936139095906245
97.68406707290544,2.3084477018244485,8.205298653920662,9.792018227829976,0.9692246656242773,-24.603828975842713
89.63456328712384,2.226066460816483,8.205298653920662,9.792018227829976,0.9658945467654824,-25.744528284676342
88.47261541077216,2.2212472398084344,8.205298653920662,9.792018227829976,0.9657413076690905,-25.79171329114148
98.32315974950548,2.3047459584623056,8.205298653920662,9.792018227829976,0.9691892972756315,-24.604705363468305
73.41536716930916,2.128229593412371,8.205298653920662,9.792018227829976,0.9653823686157087,-25.80776841433905
86.95917706468569,2.214101063018248,8.205298653920662,9.792018227829976,0.9655168894802109,-25.847667938694528
91.2301650206341,2.3192825075140604,8.205298653920662,9.792018227829976,0.9687724871859463,-24.705149207886862
73.78292372962623,2.121974853760776,8.205298653920662,9.792018227829976,0.9650258210510204,-25.932723712474335
100.92420364171956,2.282818322049991,8.205298653920662,9.792018227829976,0.9690705422896788,-24.65040451501828
76.60627626536267,2.1955425157617725,8.205298653920662,9.792018227829976,0.966536650119502,-25.39283523873811
75.13273095017578,2.1294478190318387,8.205298653920662,9.792018227829976,0.9647776274210387,-26.011639439394312
85.69957623572897,2.2961937767152136,8.205298653920662,9.792018227829976,0.9680966111764714,-24.888911873437202
97.77923624581528,2.2440148945916576,8.205298653920662,9.792018227829976,0.9671461882262807,-25.304199166156508
98.09165773979986,2.305994713359155,8.205298653920662,9.792018227829976,0.9691004600277392,-24.605723902956953
91.49912646898726,2.3195806578840177,8.205298653920662,9.792018227829976,0.9687157671699572,-24.69921323414323
73.4449505712935,2.125790410382024,8.205298653920662,9.792018227829976,0.965187931349349,-25.8413369067209
86.88401165940776,2.21383768750745,8.205298653920662,9.792018227829976,0.965401024839302,-25.84891766080999
76.8207873206024,2.19884112285736,8.205298653920662,9.792018227829976,0.9665225054846468,-25.377186553683195
98.37670264559203,2.304209078650345,8.205298653920662,9.792018227829976,0.9690579265099257,-24.607059807238354
75.40919030607596,2.131638361363557,8.205298653920662,9.792018227829976,0.964704895367074,-26.017903205729784
94.09749827748458,2.239221200457948,8.205298653920662,9.792018227829976,0.966395689329788,-25.528463533271196
75.96270705834227,2.184769999079194,8.205298653920662,9.792018227829976,0.9662895534749969,-25.448119782930988
79.37635304380578,2.1638460548396097,8.205298653920662,9.792018227829976,0.9647278034295438,-26.0310020918947
94.5475152019145,2.318950876987273,8.205298653920662,9.792018227829976,0.9688884003025628,-24.636573814028004
74.81499083117362,2.1273952125963547,8.205298653920662,9.792018227829976,0.9647313009609771,-25.9979941400696
97.40403896490376,2.3095576889668195,8.205298653920662,9.792018227829976,0.9689993914197944,-24.607933322391908
96.489530287588,2.3135407919877338,8.205298653920662,9.792018227829976,0.9689528889184121,-24.61341131861992
73.61853622607208,2.1232466719410894,8.205298653920662,9.792018227829976,0.9649570180404615,-25.895463200100988
79.29124713884855,2.2338302409753084,8.205298653920662,9.792018227829976,0.9669671868929955,-25.20881147773856
73.6733231545879,2.137147684714748,8.205298653920662,9.792018227829976,0.9653874290935538,-25.734324234113966
84.3433909084788,2.286087616928185,8.205298653920662,9.792018227829976,0.9677756901453487,-24.94738544318812
88.61205943308846,2.3117055921174483,8.205298653920662,9.792018227829976,0.9683048791371766,-24.784519754199774
87.75036346927389,2.3078790501237734,8.205298653920662,9.792018227829976,0.9682013097020726,-24.813737701800658
101.61970536436212,2.272637653155101,8.205298653920662,9.792018227829976,0.9687542856362381,-24.700937537804002
73.53478028686297,2.131868233889321,8.205298653920662,9.792018227829976,0.9652456177277778,-25.779676075594153
73.64620850508749,2.1233237977314303,8.205298653920662,9.792018227829976,0.9649159224388216,-25.898196425672023
76.83421550082247,2.19885605397738,8.205298653920662,9.792018227829976,0.9664021656288795,-25.378406319148027
87.05787718411592,2.3042764056586265,8.205298653920662,9.792018227829976,0.9680862932277431,-24.83889744178931
98.50733415550124,2.244888622658067,8.205298653920662,9.792018227829976,0.9671406683687773,-25.24840227315901
101.16660048424356,2.279164050920045,8.205298653920662,9.792018227829976,0.9687928575104168,-24.669525289133915
91.3894447430824,2.232536789131899,8.205298653920662,9.792018227829976,0.9658487173015011,-25.662927548113267
83.44566460911358,2.1938565350179147,8.205298653920662,9.792018227829976,0.9648758692013334,-25.952111210419666
100.57212369544798,2.247354848366186,8.205298653920662,9.792018227829976,0.9676375630710602,-25.068410139618727
97.85795231297767,2.244412786993905,8.205298653920662,9.792018227829976,0.9669585379742393,-25.294943184831368
83.24069780099164,2.192512753177283,8.205298653920662,9.792018227829976,0.9648451666031034,-25.957169765412637
100.31072854071144,2.2469223531954725,8.205298653920662,9.792018227829976,0.967542607825484,-25.094321678927674
95.0082598788875,2.3178349013816444,8.205298653920662,9.792018227829976,0.9687463676420056,-24.63186748869469
74.88956712043634,2.1283282504257954,8.205298653920662,9.792018227829976,0.9645650649681455,-25.995760434666003
90.30397867876262,2.228983286589312,8.205298653920662,9.792018227829976,0.9656239503638328,-25.71101731998907
84.39651927962103,2.2863584952506386,8.205298653920662,9.792018227829976,0.9676461784609056,-24.946711625199427
87.23148806964353,2.305103937681153,8.205298653920662,9.792018227829976,0.9680069370751877,-24.833737889703432
79.13443831009761,2.162186888667464,8.205298653920662,9.792018227829976,0.964519731515604,-26.03010393965312
100.70051561298445,2.2844918488028583,8.205298653920662,9.792018227829976,0.9687452098140683,-24.65072939076646
89.61461947787299,2.315120120612491,8.205298653920662,9.792018227829976,0.968263905532839,-24.754688334033023
79.47394046052494,2.2359176374931597,8.205298653920662,9.792018227829976,0.9668169379144002,-25.20034768598078
95.21428088980832,2.3172623068018083,8.205298653920662,9.792018227829976,0.9686839298681998,-24.63002778662366
83.59729377160072,2.2796873313109955,8.205298653920662,9.792018227829976,0.9674902876849921,-24.983001372837382
100.00964830909088,2.2913558866740544,8.205298653920662,9.792018227829976,0.9687535393510319,-24.631134286056813
82.78928833469601,2.18957086689133,8.205298653920662,9.792018227829976,0.9647159488689624,-25.96695106010881
83.26551070076252,2.2767428433704566,8.205298653920662,9.792018227829976,0.9674234335505005,-24.998620112116914
94.4228912524978,2.2401575219507635,8.205298653920662,9.792018227829976,0.9662031266170591,-25.507005701526396
73.82358196038992,2.1405308557106366,8.205298653920662,9.792018227829976,0.9652555989280661,-25.713318806820762
89.70016227618328,2.315328402137837,8.205298653920662,9.792018227829976,0.9682241108809674,-24.752683657269493
99.29134790001496,2.24584366858673,8.205298653920662,9.792018227829976,0.9671848224219519,-25.18365274463128
101.99573360108984,2.259214973846412,8.205298653920662,9.792018227829976,0.9682523941690688,-24.813549085461105
101.21851827577602,2.249576541212818,8.205298653920662,9.792018227829976,0.9677463230151652,-24.98933974235517
101.90952330322035,2.265021540966856,8.205298653920662,9.792018227829976,0.9683975184763749,-24.757855261694864
90.061341248305,2.2281939193907334,8.205298653920662,9.792018227829976,0.9655078855411001,-25.720468436951414
73.62132433679248,2.133470265555644,8.205298653920662,9.792018227829976,0.9650617520061878,-25.771797661238654
101.25845405806788,2.2773626995741694,8.205298653920662,9.792018227829976,0.9685946941560151,-24.681183304240104
94.23820862409914,2.239868656552929,8.205298653920662,9.792018227829976,0.9661263181293319,-25.516521145558258
101.01728006947228,2.248951805900049,8.205298653920662,9.792018227829976,0.9676365317169554,-25.013536842155187
74.27248238221848,2.1515548069871926,8.205298653920662,9.792018227829976,0.965417111046466,-25.638986737293223
100.74028796369528,2.283774856856041,8.205298653920662,9.792018227829976,0.9686325278965181,-24.65522402669175
93.54922890918444,2.3197572987000683,8.205298653920662,9.792018227829976,0.9684839460183942,-24.658403428945856
78.69979380784028,2.158856689425008,8.205298653920662,9.792018227829976,0.9643839634167838,-26.031527628544357
84.10503319185251,2.19832384512641,8.205298653920662,9.792018227829976,0.9647553728675682,-25.931928173039463
73.57504600781661,2.128457079109893,8.205298653920662,9.792018227829976,0.9648539465069732,-25.826329405044838
81.34563400502526,2.257641640547135,8.205298653920662,9.792018227829976,0.9669954752178797,-25.09613204347419
101.50426721686182,2.27325130852887,8.205298653920662,9.792018227829976,0.968441521203286,-24.704453729985904
101.18789324674482,2.249817558919005,8.205298653920662,9.792018227829976,0.9676371212317922,-24.989309457566296
77.05991569972983,2.201896932194913,8.205298653920662,9.792018227829976,0.9661520955639344,-25.36653130464249
94.93298854044932,2.241228776530136,8.205298653920662,9.792018227829976,0.96615711857304,-25.476253860020076
98.82075228353364,2.24566315553912,8.205298653920662,9.792018227829976,0.9669349886708418,-25.218668879555516
101.64662899960857,2.270524591738848,8.205298653920662,9.792018227829976,0.968365988461024,-24.721521679149575
73.68914603704236,2.1256026285603298,8.205298653920662,9.792018227829976,0.9646492878359205,-25.876125780684113
76.02751832953547,2.185086242582827,8.205298653920662,9.792018227829976,0.9658689904951039,-25.451618285638062
74.5441553609991,2.1268182218240383,8.205298653920662,9.792018227829976,0.964394458175587,-25.971390092981753
73.6603686327127,2.133747954255412,8.205298653920662,9.792018227829976,0.9649256426910352,-25.77360032562888
89.76505522549215,2.2272320790034,8.205298653920662,9.792018227829976,0.9653334738087344,-25.731368754273415
101.37718698217984,2.2751145053356225,8.205298653920662,9.792018227829976,0.9684218777171857,-24.69531502950675
81.896448641451,2.1835139980424145,8.205298653920662,9.792018227829976,0.9644804244258988,-25.984449550866387
87.54171617681503,2.2176160429288103,8.205298653920662,9.792018227829976,0.9650328934959291,-25.819323397132965
88.33071637761282,2.221301661015289,8.205298653920662,9.792018227829976,0.965118446332319,-25.789299466393533
90.55846875368164,2.2301679325047985,8.205298653920662,9.792018227829976,0.9654143228367325,-25.69650769236389
80.00024866378261,2.242141939727333,8.205298653920662,9.792018227829976,0.966684663514539,-25.172257836263576
81.30885454010365,2.2571286992688755,8.205298653920662,9.792018227829976,0.9668929624020148,-25.099374544157794
101.03024295013516,2.2494974461038595,8.205298653920662,9.792018227829976,0.9674959381102137,-25.006370473254634
74.36396483949885,2.153047037047017,8.205298653920662,9.792018227829976,0.9652675201475696,-25.63271270972244
76.67296316929156,2.195636062414806,8.205298653920662,9.792018227829976,0.9659585110494698,-25.398773931335885
95.54050697339508,2.316052951498932,8.205298653920662,9.792018227829976,0.9684260995100635,-24.62967783247789
98.62379260216308,2.3017047705892537,8.205298653920662,9.792018227829976,0.9684975602031597,-24.61794624967387
90.43629314712148,2.2298252031093995,8.205298653920662,9.792018227829976,0.9653234492358426,-25.700931067575752
83.29612369092703,2.193307028454015,8.205298653920662,9.792018227829976,0.9644929771073488,-25.950737215418112
84.3846969481327,2.2002969632777933,8.205298653920662,9.792018227829976,0.9645912501940848,-25.92143374266147
77.37057725970985,2.2063567530008186,8.205298653920662,9.792018227829976,0.9660384492106459,-25.346447728854656
89.75276941059329,2.31512611170416,8.205298653920662,9.792018227829976,0.9679026384459679,-24.75495382430904
93.80588406490348,2.2393359645038373,8.205298653920662,9.792018227829976,0.965791791993777,-25.5361325632361
76.38007388700679,2.1403876948829748,8.205298653920662,9.792018227829976,0.9641124815257824,-26.022167940116308
73.67482515763889,2.1296562679953865,8.205298653920662,9.792018227829976,0.964583587175442,-25.82500534609979
101.85492485230408,2.262596421436712,8.205298653920662,9.792018227829976,0.9679698488145807,-24.789347519726498
95.85141121531608,2.2429101786947143,8.205298653920662,9.792018227829976,0.9661107347690943,-25.41867606454356
101.34203038660806,2.251512290926442,8.205298653920662,9.792018227829976,0.9674847266960063,-24.95713273440751
75.16615968479393,2.1691130124190465,8.205298653920662,9.792018227829976,0.9653924441455224,-25.540152990199893
97.81888134976492,2.3064344150267715,8.205298653920662,9.792018227829976,0.9683711036700106,-24.617408202042423
89.29963083311816,2.225637835807973,8.205298653920662,9.792018227829976,0.9650633482465254,-25.74808379811429
95.37762445547229,2.3163129246740937,8.205298653920662,9.792018227829976,0.9682756889850042,-24.63360666644474
98.180201614348,2.2454842445597905,8.205298653920662,9.792018227829976,0.966563587787331,-25.262854460795065
99.18107666800456,2.2974881506862346,8.205298653920662,9.792018227829976,0.9683615037186151,-24.62555670155792
89.53662699099856,2.314377136026735,8.205298653920662,9.792018227829976,0.9678018786566768,-24.762381340555084
73.90098587558228,2.126069046182252,8.205298653920662,9.792018227829976,0.9643350133842958,-25.89826473312816
100.09431498032562,2.289609563434737,8.205298653920662,9.792018227829976,0.9682980722675377,-24.643454819289587
90.74542113599615,2.3174808740601094,8.205298653920662,9.792018227829976,0.9678929400136554,-24.727951666335084
91.29397306244006,2.232876326067,8.205298653920662,9.792018227829976,0.9652945749017744,-25.66002857129936
74.93124787129953,2.164353693456576,8.205298653920662,9.792018227829976,0.9652407194897632,-25.56827898385081
101.58820593032242,2.270064988119131,8.205298653920662,9.792018227829976,0.9680468941533362,-24.731708267448578
94.46873099023476,2.318196684061874,8.205298653920662,9.792018227829976,0.9681632359769168,-24.647256577596494
97.35413288749253,2.2447859213907577,8.205298653920662,9.792018227829976,0.9663299368763597,-25.320455314534314
74.22732732521752,2.149050155211839,8.205298653920662,9.792018227829976,0.9649575834202767,-25.663149369480237
98.27291359990136,2.2456861746222643,8.205298653920662,9.792018227829976,0.9665185601044852,-25.254675197789908
87.66531385342269,2.3067477681620545,8.205298653920662,9.792018227829976,0.9675314745627231,-24.824425332461175
101.20384377779988,2.251119826573301,8.205298653920662,9.792018227829976,0.9673393522390131,-24.973484512798837
99.30123492137258,2.296377427222751,8.205298653920662,9.792018227829976,0.9682628966766289,-24.62905617984522
100.8731949689249,2.2497594151232363,8.205298653920662,9.792018227829976,0.967202936232213,-25.016725527527978
87.92373272925093,2.2197754649908035,8.205298653920662,9.792018227829976,0.9647765069551886,-25.801028658545672
74.24008983126092,2.1266558009130705,8.205298653920662,9.792018227829976,0.9641485959843398,-25.934895308931782
83.01874803690527,2.191718009465646,8.205298653920662,9.792018227829976,0.9642480987860221,-25.95446081078571
99.79393547273908,2.2474769890587254,8.205298653920662,9.792018227829976,0.9668336065844704,-25.128278308585646
92.27942667190204,2.2358902447805065,8.205298653920662,9.792018227829976,0.9653531286105073,-25.611711940935017
76.44916666429742,2.1412860218079004,8.205298653920662,9.792018227829976,0.9639319968537595,-26.018837103393857
92.9194993453442,2.319460860707196,8.205298653920662,9.792018227829976,0.9679711355009543,-24.676875294229994
86.40735885550188,2.212233928202636,8.205298653920662,9.792018227829976,0.9645674767511802,-25.855037637813897
99.73894680351007,2.29261210506256,8.205298653920662,9.792018227829976,0.968189628242326,-24.637898884399384
101.3057473521544,2.2519652356798048,8.205298653920662,9.792018227829976,0.9673266802713613,-24.95528004447303
74.12176087967111,2.126559896458801,8.205298653920662,9.792018227829976,0.964151988959571,-25.920892500335714
82.07099964636605,2.1851982630646347,8.205298653920662,9.792018227829976,0.9641411846441419,-25.975573603774105
78.074835428137,2.216299282904444,8.205298653920662,9.792018227829976,0.9659333883274227,-25.30038406761899
73.94101576234343,2.1268381748835026,8.205298653920662,9.792018227829976,0.9642032185058479,-25.894117435468367
98.2248866077766,2.245830740566177,8.205298653920662,9.792018227829976,0.9664003722592992,-25.25611932934596
94.55078762520084,2.2411102325813914,8.205298653920662,9.792018227829976,0.9656786036394768,-25.491702435731852
86.13701963864142,2.2108312654321765,8.205298653920662,9.792018227829976,0.9644905230487643,-25.863481057895886
92.02750007023523,2.235248614235033,8.205298653920662,9.792018227829976,0.965263747405393,-25.623296221971522
79.513450351078,2.166041134080089,8.205298653920662,9.792018227829976,0.9639406961811839,-26.01623167385692
90.25833235481387,2.229542607912151,8.205298653920662,9.792018227829976,0.964995952656715,-25.704670988029196
75.20868302132013,2.132108195861889,8.205298653920662,9.792018227829976,0.9639312114885923,-25.988317350377905
83.64447421728003,2.2793822518874407,8.205298653920662,9.792018227829976,0.9668658493479101,-24.98864378935433
101.6019639389134,2.268791268775331,8.205298653920662,9.792018227829976,0.9678610336621739,-24.744366451141353
92.72886794996344,2.3193765823418886,8.205298653920662,9.792018227829976,0.9678838903312575,-24.681822234472882
98.8547206977204,2.2994836446351883,8.205298653920662,9.792018227829976,0.9681323055229197,-24.62644989461738
91.53052418846646,2.2338212106569983,8.205298653920662,9.792018227829976,0.9651550735233589,-25.646569582742103
89.22666282887506,2.225599016732829,8.205298653920662,9.792018227829976,0.9648311620233238,-25.748110935932665
84.62070758114481,2.202128614758095,8.205298653920662,9.792018227829976,0.9642894970748257,-25.9101534785873
96.26352342866092,2.24381370465359,8.205298653920662,9.792018227829976,0.9659400892396558,-25.38905941714902
90.85810198721592,2.317464823894241,8.205298653920662,9.792018227829976,0.9676927408952113,-24.727442276558428
100.9895692513618,2.2789196366374824,8.205298653920662,9.792018227829976,0.9679590149258638,-24.68709998231176
101.59530686912927,2.268564067095028,8.205298653920662,9.792018227829976,0.9677978434588761,-24.747433504609443
74.30881034643735,2.15019713146323,8.205298653920662,9.792018227829976,0.9647617051399088,-25.659743647110957
101.65690012367408,2.2564045174459157,8.205298653920662,9.792018227829976,0.9674288231397926,-24.875223119987936
96.19748386322868,2.2437801773744326,8.205298653920662,9.792018227829976,0.9658925601662572,-25.392633655587474
76.23259045236993,2.1398442793254304,8.205298653920662,9.792018227829976,0.9638053222468791,-26.012453353639366
79.01792629191355,2.229068084031624,8.205298653920662,9.792018227829976,0.9660069095211207,-25.23956272284185
91.3409123461578,2.31820970134946,8.205298653920662,9.792018227829976,0.9676803648272692,-24.715503779421567
80.57811761897884,2.1744454568789138,8.205298653920662,9.792018227829976,0.9638739388827903,-26.000382458217494
96.25630630616602,2.3130441951326617,8.205298653920662,9.792018227829976,0.9679396351761397,-24.62988786950169
100.18124966150438,2.287942810895487,8.205298653920662,9.792018227829976,0.96793030884654,-24.654708042396248
93.70232218924052,2.318765446413991,8.205298653920662,9.792018227829976,0.9677737280401303,-24.664768863404305
78.88042542242572,2.161302081477544,8.205298653920662,9.792018227829976,0.9637189844788742,-26.018339569108196
96.44487469925922,2.3122750567853103,8.205298653920662,9.792018227829976,0.9679057172207561,-24.62905316674597
98.77679238675276,2.246767425935886,8.205298653920662,9.792018227829976,0.966322569713916,-25.20927407970138
77.82823028612954,2.152847302601572,8.205298653920662,9.792018227829976,0.9636800602118047,-26.02179239869002
101.68703510820308,2.263961355090117,8.205298653920662,9.792018227829976,0.9675347607567497,-24.78954197079977
73.93951779364475,2.138904076335976,8.205298653920662,9.792018227829976,0.9643633776308299,-25.74791806088881
76.29387134875036,2.140610888617317,8.205298653920662,9.792018227829976,0.963662616374406,-26.009941514293228
87.31811892867334,2.30457975127419,8.205298653920662,9.792018227829976,0.9671197837246136,-24.841171141494545
74.86719609383313,2.1305703315169358,8.205298653920662,9.792018227829976,0.963753938185743,-25.96567692848676
98.43890031411546,2.301931766301607,8.205298653920662,9.792018227829976,0.9679042826624762,-24.627438740501734
74.96429904406659,2.1639516997841355,8.205298653920662,9.792018227829976,0.964825093287491,-25.576993969548926
95.75553481169908,2.314601386773518,8.205298653920662,9.792018227829976,0.9678189175627847,-24.635970045932538
74.94642671891305,2.1635556560824654,8.205298653920662,9.792018227829976,0.9648057738571245,-25.579528936609087
101.6655751383535,2.258964810170255,8.205298653920662,9.792018227829976,0.967322185190796,-24.846267912166685
81.72512530251777,2.260758275593389,8.205298653920662,9.792018227829976,0.9662960927096705,-25.086268113385895
74.33950708830866,2.128366921395738,8.205298653920662,9.792018227829976,0.9638168832339761,-25.926705105604228
74.21792602652154,2.1469947436597323,8.205298653920662,9.792018227829976,0.9644763742000547,-25.686515422590016
84.08263314268709,2.282756658116938,8.205298653920662,9.792018227829976,0.9666488551444504,-24.97224810682549
94.47924472254626,2.3176287522552173,8.205298653920662,9.792018227829976,0.967724807656903,-24.65293909239223
74.12559609308066,2.128273134987253,8.205298653920662,9.792018227829976,0.9638697495304004,-25.900529108007934
79.55463262897929,2.1667637596903973,8.205298653920662,9.792018227829976,0.9636618629748152,-26.01101262823255
83.7404242768955,2.196904847136849,8.205298653920662,9.792018227829976,0.9639575085066319,-25.931094682230878
74.30356449700908,2.149128974143693,8.205298653920662,9.792018227829976,0.9645027516625561,-25.671830618938177
75.17747642471706,2.168004743606687,8.205298653920662,9.792018227829976,0.9648232294069141,-25.554538899749407
91.79153448153625,2.318490423428969,8.205298653920662,9.792018227829976,0.9674853403821719,-24.70719911129557
89.91256002443649,2.314907325555822,8.205298653920662,9.792018227829976,0.967308704158115,-24.757493837938316
88.72594496561715,2.3108740505060013,8.205298653920662,9.792018227829976,0.9671459884823667,-24.794578394360624
80.71941774317835,2.17582086839613,8.205298653920662,9.792018227829976,0.9636523313809631,-25.9945091717715
87.16034339615172,2.216599230186887,8.205298653920662,9.792018227829976,0.9642423783323666,-25.823207780435837
88.5598878702533,2.310187460332642,8.205298653920662,9.792018227829976,0.967107304396579,-24.80024054467808
101.04134021112432,2.252167623289253,8.205298653920662,9.792018227829976,0.9668305622535074,-24.975794633276816
76.77096673294515,2.1958858541470647,8.205298653920662,9.792018227829976,0.9651988616681652,-25.406139223238252
92.79278770391036,2.3189202842406478,8.205298653920662,9.792018227829976,0.9675009208372005,-24.6853482118144
93.41044415470888,2.2392733490637795,8.205298653920662,9.792018227829976,0.9650982235803204,-25.54796253545794
89.0705470577876,2.312130211590187,8.205298653920662,9.792018227829976,0.9671481449947874,-24.783981553972193
100.79822547388204,2.251088693859316,8.205298653920662,9.792018227829976,0.9667212183141125,-25.008223107849112
80.61266250184411,2.175062682049557,8.205298653920662,9.792018227829976,0.9636111707018755,-25.99560364894042
88.97260828811862,2.2249931205276567,8.205298653920662,9.792018227829976,0.9644156661166611,-25.753324302721072
85.88226376841216,2.209917500374061,8.205298653920662,9.792018227829976,0.9640440439489327,-25.86614583179368
77.73708261396729,2.1524784996298223,8.205298653920662,9.792018227829976,0.9634582195502334,-26.01728556259087
96.54272923994212,2.3115244602280995,8.205298653920662,9.792018227829976,0.9676522083141056,-24.632257335573954
87.23031532775966,2.2170372622163086,8.205298653920662,9.792018227829976,0.9641738939886942,-25.819652998696988
98.75817325374182,2.2993637904810527,8.205298653920662,9.792018227829976,0.967677307756878,-24.634162937344495
94.2741311008129,2.317723663089069,8.205298653920662,9.792018227829976,0.96752540198128,-24.658685512550043
74.05680612989514,2.1411013803800927,8.205298653920662,9.792018227829976,0.9641494686313079,-25.736611019162858
76.80519582853648,2.196283600162189,8.205298653920662,9.792018227829976,0.9651187277655514,-25.40510331413832
101.51549833649868,2.2572716300190336,8.205298653920662,9.792018227829976,0.9670217027802188,-24.878256999008343
81.58506808455702,2.2589975947831107,8.205298653920662,9.792018227829976,0.9660371235453503,-25.09680995579256
90.94449747570694,2.23253319985281,8.205298653920662,9.792018227829976,0.9645835364191706,-25.667028793778538
84.69064143519918,2.2872926052980915,8.205298653920662,9.792018227829976,0.9664733798165993,-24.94875966389568
98.731483964924,2.247346805599776,8.205298653920662,9.792018227829976,0.9659907331825717,-25.205847470401253
101.14104064967992,2.2747966668039226,8.205298653920662,9.792018227829976,0.9673908204035391,-24.719037494531484
101.55721478361646,2.2595018061420262,8.205298653920662,9.792018227829976,0.9670193113425684,-24.85002104252202
92.79695143932908,2.318691242705313,8.205298653920662,9.792018227829976,0.9673095468134179,-24.68769772780782
98.75002924525008,2.2991902818813656,8.205298653920662,9.792018227829976,0.9675482131679555,-24.636560193204716
83.31606428632506,2.194472192318571,8.205298653920662,9.792018227829976,0.9636430307126607,-25.938024755240033
94.88211936773816,2.2424863826738743,8.205298653920662,9.792018227829976,0.9651585931828847,-25.463914938085367
78.40482206922142,2.1580725819582085,8.205298653920662,9.792018227829976,0.9633304732747507,-26.013847074713226
101.2643370840162,2.272349941684084,8.205298653920662,9.792018227829976,0.9672951216701222,-24.735095131306384
78.04932282941226,2.214958177381291,8.205298653920662,9.792018227829976,0.9652690796917573,-25.31331204287879
83.69860539326135,2.197015098878353,8.205298653920662,9.792018227829976,0.9636404070853226,-25.92771123848902
95.6451199194545,2.2437766142666646,8.205298653920662,9.792018227829976,0.9652608970176637,-25.418076446333256
94.3713906830078,2.317352791325348,8.205298653920662,9.792018227829976,0.9673582961839686,-24.65946540961717
74.35858295348014,2.1299933953471566,8.205298653920662,9.792018227829976,0.9635052397884291,-25.90933307833995
86.03647403318577,2.2966316524809542,8.205298653920662,9.792018227829976,0.9665280035797437,-24.89474167600304
101.01530743435288,2.253107871081312,8.205298653920662,9.792018227829976,0.9665808730451295,-24.967588131611418
79.14661378636757,2.2299200871034657,8.205298653920662,9.792018227829976,0.9654206994964637,-25.240857001357252
97.30979632421536,2.30771728517864,8.205298653920662,9.792018227829976,0.967442745267428,-24.632778234923943
91.36894099394242,2.317564461252076,8.205298653920662,9.792018227829976,0.967087489391815,-24.722095092779945
97.67128166003258,2.2464042064924,8.205298653920662,9.792018227829976,0.9656241430425752,-25.283760551504063
97.3543269575575,2.246061187493453,8.205298653920662,9.792018227829976,0.9655498496148532,-25.306075190604513
90.31248583627222,2.315532826592161,8.205298653920662,9.792018227829976,0.9669780671574926,-24.750470385786397
79.77683026302088,2.237906736935244,8.205298653920662,9.792018227829976,0.9654955860966931,-25.202340029705038
86.34233931403935,2.2984821943455245,8.205298653920662,9.792018227829976,0.9665045138404221,-24.883555452472446
74.10666217249066,2.13139718849628,8.205298653920662,9.792018227829976,0.9635539903129335,-25.86015156368697
94.63680525623752,2.3167625965069902,8.205298653920662,9.792018227829976,0.9672785294118739,-24.656744879961792
77.54325467113658,2.1514002228312563,8.205298653920662,9.792018227829976,0.9631788885610094,-26.011030069069538
89.57660822054135,2.227814839410584,8.205298653920662,9.792018227829976,0.9641851017297262,-25.72415514943649
75.10650717757818,2.1334431639115934,8.205298653920662,9.792018227829976,0.9632524241048581,-25.959792058371438
96.06679858788384,2.312844340346814,8.205298653920662,9.792018227829976,0.9672994616223807,-24.640811875982187
84.44596191919209,2.2851019118178897,8.205298653920662,9.792018227829976,0.9661879926566377,-24.962526577027496
86.88175924115309,2.2156472539678878,8.205298653920662,9.792018227829976,0.963818985459071,-25.827761515502424
101.42233109198406,2.2670773377965645,8.205298653920662,9.792018227829976,0.9669794287609305,-24.77888122724359
87.72163268140308,2.3059713759840577,8.205298653920662,9.792018227829976,0.9665885381193364,-24.83376208086103
98.57214243083703,2.300014393538916,8.205298653920662,9.792018227829976,0.967313330482815,-24.63938742857641
75.26952059069227,2.134543721571063,8.205298653920662,9.792018227829976,0.9631942729034086,-25.965941683091128
74.73873323670409,2.157347365885684,8.205298653920662,9.792018227829976,0.9640995025416841,-25.627926769228488
101.03680331177758,2.2540163668263062,8.205298653920662,9.792018227829976,0.9664380217414333,-24.955705558421034
92.88874262602675,2.238575254443034,8.205298653920662,9.792018227829976,0.9645811973934914,-25.568733293955077
81.57725194231712,2.2584557827940444,8.205298653920662,9.792018227829976,0.9656618720832587,-25.10232082844863
74.20380270260912,2.143096938227501,8.205298653920662,9.792018227829976,0.9637703767421314,-25.731417915057794
86.18338849348437,2.2973164362585408,8.205298653920662,9.792018227829976,0.9663255936902319,-24.891664742021415
76.6111365455101,2.192371163221509,8.205298653920662,9.792018227829976,0.9646433198464998,-25.430062583504338
88.82027069116394,2.224860110956996,8.205298653920662,9.792018227829976,0.9639613718703006,-25.753544102087425
96.2859634015262,2.245044184971448,8.205298653920662,9.792018227829976,0.9651453130506159,-25.374058379919262
75.4216552730531,2.1712827865819264,8.205298653920662,9.792018227829976,0.964294377870317,-25.544521796385133
75.4348511483057,2.135829961940914,8.205298653920662,9.792018227829976,0.963095176691282,-25.96989094572014
94.90751399346118,2.242948223116884,8.205298653920662,9.792018227829976,0.9648634112806439,-25.457708082854104
75.4912807798961,2.1362245053602464,8.205298653920662,9.792018227829976,0.9630806971397959,-25.97172869469793
74.08935454905556,2.135503187125664,8.205298653920662,9.792018227829976,0.9635032074613099,-25.808231259252057
97.77914595765492,2.304778574043965,8.205298653920662,9.792018227829976,0.9671818780841112,-24.63742487071851
77.45428183491438,2.2056209871041403,8.205298653920662,9.792018227829976,0.9647916611404764,-25.363171456461746
85.0562820790642,2.289563513610105,8.205298653920662,9.792018227829976,0.9661086668518101,-24.938301103799162
99.12523881929992,2.2956534071453234,8.205298653920662,9.792018227829976,0.9671610113539622,-24.649097757100392
75.33477033382772,2.1353158536626182,8.205298653920662,9.792018227829976,0.9630624209248605,-25.96431159668299
93.68239868933397,2.24058438319436,8.205298653920662,9.792018227829976,0.9646066769257133,-25.525511333236864
74.87172781408319,2.159833375334202,8.205298653920662,9.792018227829976,0.9640063092894242,-25.614585523547188
91.3430359860246,2.234338671690125,8.205298653920662,9.792018227829976,0.9642224549780724,-25.64273752182666
88.34433594425394,2.30860846648028,8.205298653920662,9.792018227829976,0.9664765651230048,-24.814670904895554
82.36818833102261,2.266408189985213,8.205298653920662,9.792018227829976,0.9656665427919388,-25.06303294155978
91.96550873115744,2.3178474732456493,8.205298653920662,9.792018227829976,0.9668173400605083,-24.711587799163187
74.24198408294635,2.143371531744279,8.205298653920662,9.792018227829976,0.9636346953234836,-25.73296752597277
98.39921761764444,2.2478113278577467,8.205298653920662,9.792018227829976,0.9654741834391849,-25.222662419393952
79.36017999917651,2.2321816769177047,8.205298653920662,9.792018227829976,0.9650889732165759,-25.23314133001005
88.64796731727641,2.309796851100387,8.205298653920662,9.792018227829976,0.966451761381254,-24.805361545290825
97.31334060222432,2.2465727209552,8.205298653920662,9.792018227829976,0.9652090187274761,-25.30264551746513
85.9570195802397,2.29567635516176,8.205298653920662,9.792018227829976,0.9661255629334744,-24.90267863871065
97.06385806768506,2.2462768558630444,8.205298653920662,9.792018227829976,0.9651535320346059,-25.319878259194933
92.4068223044617,2.237553686735368,8.205298653920662,9.792018227829976,0.9643164651042362,-25.59035303205405
88.59744684277067,2.2240851730256,8.205298653920662,9.792018227829976,0.9637749188706441,-25.76025484960377
74.5033362837621,2.132041946408563,8.205298653920662,9.792018227829976,0.9631215326274579,-25.902676796759234
80.64753710108259,2.1761683263778764,8.205298653920662,9.792018227829976,0.9629954558464386,-25.98501215980327
96.55858212945716,2.24570252291025,8.205298653920662,9.792018227829976,0.9650099300083971,-25.353041452925627
101.14273474391466,2.2563434452509057,8.205298653920662,9.792018227829976,0.9662750484962177,-24.920948111956374
100.93577253053736,2.2756224732482195,8.205298653920662,9.792018227829976,0.9668064966999104,-24.72734729314992
82.20176902826351,2.264575148876375,8.205298653920662,9.792018227829976,0.9654937135073246,-25.073441375812887
80.11104858796838,2.1722064478704795,8.205298653920662,9.792018227829976,0.9628938861732619,-25.99109728835305
99.49179389114332,2.2921656105264816,8.205298653920662,9.792018227829976,0.9669444769629315,-24.66071074030754
76.02387553160158,2.181799554347976,8.205298653920662,9.792018227829976,0.9642099593611889,-25.48953703299128
96.21671602537435,2.245317447762474,8.205298653920662,9.792018227829976,0.9648921505022495,-25.374330968535165
95.54838610137531,2.244349426170928,8.205298653920662,9.792018227829976,0.9647484425252806,-25.415797028767077
101.13982929119966,2.271461897961629,8.205298653920662,9.792018227829976,0.9666639430794707,-24.755411912190407
77.25836232114004,2.202175183772312,8.205298653920662,9.792018227829976,0.9644851981814443,-25.383359930940554
76.3241923299337,2.142749252933541,8.205298653920662,9.792018227829976,0.9627700119222989,-25.987346876505907
93.13325535891224,2.317849455823648,8.205298653920662,9.792018227829976,0.9666927806348906,-24.689151437363865
98.22224712574068,2.247952110067814,8.205298653920662,9.792018227829976,0.9652477832391775,-25.232465592153748
99.12203132072588,2.295099942570431,8.205298653920662,9.792018227829976,0.9668695144634752,-24.65526038045877
76.8254393336965,2.19518716070904,8.205298653920662,9.792018227829976,0.9643168365171815,-25.419890207827212
94.01358307654206,2.2416662648710144,8.205298653920662,9.792018227829976,0.9643872442055333,-25.503281081840576
100.67196703149456,2.279020801516694,8.205298653920662,9.792018227829976,0.9667080606764775,-24.712198375206476
98.6200195096315,2.298817374173197,8.205298653920662,9.792018227829976,0.9668376805139696,-24.649096762814864
101.31568656210264,2.2642779220182803,8.205298653920662,9.792018227829976,0.9664018425864814,-24.818787196160127
101.2550442670344,2.2675472270256307,8.205298653920662,9.792018227829976,0.9664803594634612,-24.788257566323093
75.40868247441797,2.136685687804743,8.205298653920662,9.792018227829976,0.9627460196512139,-25.95641164105362
74.24234221678044,2.1395800702606635,8.205298653920662,9.792018227829976,0.9632076547318708,-25.778592068141084
92.41824111427402,2.317713055072261,8.205298653920662,9.792018227829976,0.9665226516639783,-24.70554733892975
80.75243713591254,2.248759282806205,8.205298653920662,9.792018227829976,0.9650577138460087,-25.15415488782274
82.71045945240704,2.269318008175432,8.205298653920662,9.792018227829976,0.9653780434876834,-25.050501946004495
75.0012404484024,2.161468625511219,8.205298653920662,9.792018227829976,0.9636692528251406,-25.61079206952371
89.91987718155978,2.313746956055496,8.205298653920662,9.792018227829976,0.96627163779044,-24.769907863503906
81.99830572155574,2.1863765824715387,8.205298653920662,9.792018227829976,0.962813904636878,-25.956972681612847
95.9293974930434,2.245200551525585,8.205298653920662,9.792018227829976,0.9646421712078345,-25.38919364165528
76.64375340129531,2.1454538936610845,8.205298653920662,9.792018227829976,0.962617969764147,-25.989421347539707
75.91764646674048,2.140174509745407,8.205298653920662,9.792018227829976,0.9626429977810995,-25.973019758604053
101.13814163021806,2.25806243587428,8.205298653920662,9.792018227829976,0.9660712714702885,-24.902379522578514
100.55134218738718,2.280225421939221,8.205298653920662,9.792018227829976,0.9665971632058,-24.70889430171082
96.71059066891831,2.309430459962911,8.205298653920662,9.792018227829976,0.9667066809025537,-24.6461896184336
84.33032626544417,2.2018823975839865,8.205298653920662,9.792018227829976,0.9629849922664677,-25.90035014219873
94.38338307094018,2.316349629005586,8.205298653920662,9.792018227829976,0.9665944363376634,-24.66974381679994
80.01501465383227,2.239916134523384,8.205298653920662,9.792018227829976,0.9648474439782374,-25.198402902924173
93.59460249928576,2.240944917221114,8.205298653920662,9.792018227829976,0.9641740134959847,-25.523893686722346
95.77179552157445,2.3129291868001616,8.205298653920662,9.792018227829976,0.9666401661044248,-24.653065438645097
82.31473098710764,2.2653480153494456,8.205298653920662,9.792018227829976,0.9652212177461055,-25.07161055005573
90.29507399484764,2.2312959588353465,8.205298653920662,9.792018227829976,0.9636492665071864,-25.684402931432746
84.47449398562318,2.2845677669842246,8.205298653920662,9.792018227829976,0.9655344769001217,-24.969565832541385
91.07686386901928,2.316211931338927,8.205298653920662,9.792018227829976,0.9662872041128436,-24.739215442144644
100.22556465633173,2.2840157437020423,8.205298653920662,9.792018227829976,0.9665641632703385,-24.693638198299166
76.92970565545237,2.14783397064825,8.205298653920662,9.792018227829976,0.9625150905332509,-25.991073837327246
93.87029142257732,2.241644253659871,8.205298653920662,9.792018227829976,0.9641542851936454,-25.507926886768157
90.33276569219686,2.314626445026505,8.205298653920662,9.792018227829976,0.9661508186119275,-24.760107765529945
82.97931264159723,2.2716269542160177,8.205298653920662,9.792018227829976,0.9652329726392198,-25.039798612171023
78.65273477487486,2.1614133025672544,8.205298653920662,9.792018227829976,0.9624802340427037,-25.99647492824741
101.17037595690412,2.2602681604843298,8.205298653920662,9.792018227829976,0.9659925711843672,-24.875331085080763
74.90427640945035,2.134951678091724,8.205298653920662,9.792018227829976,0.9626117829896067,-25.916944492744996
74.51918063496001,2.1346682495831573,8.205298653920662,9.792018227829976,0.9627258483579006,-25.872805802205598
74.37665421956217,2.136006906659645,8.205298653920662,9.792018227829976,0.9628087266372147,-25.838704328061066
93.28004325236444,2.317299256923235,8.205298653920662,9.792018227829976,0.96631404041356,-24.691465928060172
77.15528838041341,2.1998371503483867,8.205298653920662,9.792018227829976,0.964042636584999,-25.399946806146183
89.06408314025236,2.3107304379955598,8.205298653920662,9.792018227829976,0.9659322093479914,-24.798941277613082
87.55253239161037,2.219896696522881,8.205298653920662,9.792018227829976,0.963129840407011,-25.79301925167209
74.35586820352489,2.1416066397145954,8.205298653920662,9.792018227829976,0.962956841967866,-25.768558119649644
100.92357738268652,2.256892045824813,8.205298653920662,9.792018227829976,0.9657456905896844,-24.933482130348033
76.69978047939516,2.146416192820894,8.205298653920662,9.792018227829976,0.9623630796784403,-25.983793825645353
89.98566378755517,2.2303986317122053,8.205298653920662,9.792018227829976,0.96340463102277,-25.695070923578655
81.98102646024725,2.261698305843808,8.205298653920662,9.792018227829976,0.9649415112564327,-25.09188515082302
76.08748680914368,2.18181104998105,8.205298653920662,9.792018227829976,0.9636993767089495,-25.49643029671842
92.21708528456494,2.237747800521845,8.205298653920662,9.792018227829976,0.9637236434784697,-25.591555610893142
74.39854700494429,2.136816485240601,8.205298653920662,9.792018227829976,0.9627313265079372,-25.83167731621395
90.09341699814878,2.313854303238841,8.205298653920662,9.792018227829976,0.965977729210366,-24.768750628704108
101.03842627992726,2.270376553098828,8.205298653920662,9.792018227829976,0.9661308454917972,-24.775832583020176
92.96470385185704,2.3173091820029725,8.205298653920662,9.792018227829976,0.9662048030017312,-24.69877434743272
97.43872300147656,2.305417149022418,8.205298653920662,9.792018227829976,0.9664129323713524,-24.650161599419715
74.66058693800237,2.1518828210718226,8.205298653920662,9.792018227829976,0.9631188951961249,-25.683391152386548
83.9482991528471,2.2799813472030195,8.205298653920662,9.792018227829976,0.9651988704377489,-24.996485035034556
99.1043195149645,2.2501365765891137,8.205298653920662,9.792018227829976,0.9650362640304747,-25.14892033533367
98.6778777015324,2.2494487544266093,8.205298653920662,9.792018227829976,0.964924807464219,-25.185914020101563
79.85786606026991,2.171025556310596,8.205298653920662,9.792018227829976,0.9623627102043733,-25.984941276818734
80.72152574741042,2.1775458987416414,8.205298653920662,9.792018227829976,0.9624084724372401,-25.974082621421186
101.1091010848479,2.267877525029405,8.205298653920662,9.792018227829976,0.9660442438069343,-24.797132177291147
101.00501795185636,2.27089021021952,8.205298653920662,9.792018227829976,0.9660962680244026,-24.77304473099751
79.04445181392441,2.227052574187681,8.205298653920662,9.792018227829976,0.964333147955465,-25.26466017050405
90.37177026837831,2.3144634394418944,8.205298653920662,9.792018227829976,0.9659361372191567,-24.76174700811694
95.28710082480572,2.24469637914666,8.205298653920662,9.792018227829976,0.9641745699901518,-25.42286363558524
78.19513926865459,2.1581532001108457,8.205298653920662,9.792018227829976,0.96227079783274,-25.993168604613793
76.37432534894131,2.144245607545173,8.205298653920662,9.792018227829976,0.9622732706672807,-25.974739246556496
78.69730979741172,2.222297227035071,8.205298653920662,9.792018227829976,0.9642261836544118,-25.288536140361643
86.95989756707814,2.217135171646248,8.205298653920662,9.792018227829976,0.9629149407311178,-25.812330743462805
82.22041965870346,2.188428504057086,8.205298653920662,9.792018227829976,0.9624551422273372,-25.946583486083092
100.22151318769016,2.2831205560234764,8.205298653920662,9.792018227829976,0.9662372272823135,-24.703630230505976
74.70043984162415,2.1355439093676267,8.205298653920662,9.792018227829976,0.9624866765200482,-25.88473269319675
89.66145430877035,2.3125095589588085,8.205298653920662,9.792018227829976,0.9658243940099571,-24.7827463547622
75.51217898576476,2.1385688846338557,8.205298653920662,9.792018227829976,0.9623209995005115,-25.945717723377008
76.59618859938523,2.1903431169011043,8.205298653920662,9.792018227829976,0.9636980474565187,-25.45201536073204
76.83147693101498,2.1477278663115555,8.205298653920662,9.792018227829976,0.9622083375638545,-25.981973605272604
78.23525727202762,2.1585830700853847,8.205298653920662,9.792018227829976,0.9622044559194753,-25.991791357318057
78.70818711977577,2.1622862822157884,8.205298653920662,9.792018227829976,0.9622131695203158,-25.991019209856532
101.06426579231795,2.268155986287596,8.205298653920662,9.792018227829976,0.9659304694468568,-24.79789154789138
77.4829173086911,2.204537435865035,8.205298653920662,9.792018227829976,0.9638874846836362,-25.378450592415057
87.81078483191118,2.221379367764684,8.205298653920662,9.792018227829976,0.962953462527278,-25.78051617450582
86.92016261412155,2.300601400831212,8.205298653920662,9.792018227829976,0.9654544964949555,-24.87540883666654
97.32463236899255,2.305730848134857,8.205298653920662,9.792018227829976,0.9662327773069219,-24.653168708675064
78.06347547941618,2.1573588143833438,8.205298653920662,9.792018227829976,0.9621336481694571,-25.99017824533465
75.46299089933095,2.1693672027363533,8.205298653920662,9.792018227829976,0.9632346805497464,-25.571857709806572
92.0872534477689,2.3168326899431406,8.205298653920662,9.792018227829976,0.9659092930814638,-24.72054710188041
100.13302658436176,2.253295319738598,8.205298653920662,9.792018227829976,0.9651485172191566,-25.037382864808453
101.06604953278551,2.2662569037110813,8.205298653920662,9.792018227829976,0.9657700632527173,-24.818509782857074
75.91454830120563,2.1780137206610704,8.205298653920662,9.792018227829976,0.9633581305535195,-25.521649094701647
85.58266467059653,2.292154549372711,8.205298653920662,9.792018227829976,0.9651859577935546,-24.928869974801582
79.10129495948544,2.227495175798168,8.205298653920662,9.792018227829976,0.9641295063616907,-25.264481213007027
99.92551901406708,2.2526413978836928,8.205298653920662,9.792018227829976,0.9650583587015413,-25.06069374617181
86.2895127042774,2.213846005172968,8.205298653920662,9.792018227829976,0.9626630224412897,-25.83282881136425
86.4015195735255,2.2974279182781743,8.205298653920662,9.792018227829976,0.9652682005230219,-24.896598719044874
80.07739065867888,2.239896444065465,8.205298653920662,9.792018227829976,0.9642846700183023,-25.20343911902258
83.42305030565991,2.275108941731375,8.205298653920662,9.792018227829976,0.964840819583741,-25.024591581359008
93.877087870684,2.242284977419388,8.205298653920662,9.792018227829976,0.9636990978768877,-25.500437000419968
74.48113554091935,2.1397757873997705,8.205298653920662,9.792018227829976,0.9624926622123612,-25.80632477917853
97.4295591367908,2.304964231302748,8.205298653920662,9.792018227829976,0.9661075067513952,-24.655517200893712
88.66107114087893,2.225430680113334,8.205298653920662,9.792018227829976,0.9628962692234933,-25.745371974032224
100.46092486585918,2.255114853018356,8.205298653920662,9.792018227829976,0.9652023331047326,-24.991194610211977
95.99514778140085,2.3113117415029905,8.205298653920662,9.792018227829976,0.9660476719810686,-24.660399922812015
81.97888730671346,2.261216229583624,8.205298653920662,9.792018227829976,0.9645742168239934,-25.097099772981977
94.27656995295618,2.243181667241956,8.205298653920662,9.792018227829976,0.9637318910958589,-25.477584500806316
89.50458297198647,2.228956851620822,8.205298653920662,9.792018227829976,0.9629955780469259,-25.71072279625067
92.29389991731514,2.238397659917481,8.205298653920662,9.792018227829976,0.9634006487298125,-25.582778658388147
95.3411799763355,2.3133650342511487,8.205298653920662,9.792018227829976,0.9660108292307747,-24.666451710721134
96.01188139077944,2.246292964385219,8.205298653920662,9.792018227829976,0.9640349697858537,-25.37303218986297
78.0999632829398,2.1578757543039018,8.205298653920662,9.792018227829976,0.962002874217942,-25.98744782885588
101.0385049669107,2.2645049407120723,8.205298653920662,9.792018227829976,0.9656047222091677,-24.840033355173198
86.24707824645327,2.296373753633276,8.205298653920662,9.792018227829976,0.9651603060521775,-24.903708758831502
80.31322134532289,2.174965300186756,8.205298653920662,9.792018227829976,0.9620561267966415,-25.973950599888237
81.79428152611092,2.185824504831288,8.205298653920662,9.792018227829976,0.9621309118369512,-25.9503646578285
81.11474805419296,2.2518688569864764,8.205298653920662,9.792018227829976,0.9643616247785771,-25.144797649110686
74.64721423983887,2.1490193231605588,8.205298653920662,9.792018227829976,0.9626483459961014,-25.715950131616925
97.5167231839172,2.248521793230722,8.205298653920662,9.792018227829976,0.9642981207867054,-25.269047525703144
100.91875969330874,2.260151153022236,8.205298653920662,9.792018227829976,0.9653894441276534,-24.89795094881417
91.53041325210977,2.236229745311732,8.205298653920662,9.792018227829976,0.963213117060449,-25.61896223592054
90.41647767230884,2.23251374052046,8.205298653920662,9.792018227829976,0.9630361332131798,-25.670062050106313
100.88477606607422,2.259786323729003,8.205298653920662,9.792018227829976,0.9653389040375416,-24.90481338323067
93.75488197750144,2.2422145843785444,8.205298653920662,9.792018227829976,0.9635336371432734,-25.504865341813222
96.34621777827822,2.309806070670533,8.205298653920662,9.792018227829976,0.9659363245160414,-24.660124315595397
99.4604478937878,2.251879396158955,8.205298653920662,9.792018227829976,0.9647380760537154,-25.10395086104414
92.0536844685455,2.237877375364434,8.205298653920662,9.792018227829976,0.9632367175302939,-25.59279592336972
97.6799670616434,2.2488719144278377,8.205298653920662,9.792018227829976,0.9642682844111522,-25.255514698540686
85.1971291681728,2.2079927376545925,8.205298653920662,9.792018227829976,0.9623367732273622,-25.864545660440278
94.02011307252975,2.315853919455506,8.205298653920662,9.792018227829976,0.9657754323611412,-24.68651769967201
87.44324371181486,2.220021143093305,8.205298653920662,9.792018227829976,0.9625771406208298,-25.789424434739704
99.88361678056518,2.253211621123853,8.205298653920662,9.792018227829976,0.9648261602935321,-25.057554465740587
100.78261524439796,2.27271712844734,8.205298653920662,9.792018227829976,0.9656391487624497,-24.771640311195256
94.7807112551646,2.2444284666116374,8.205298653920662,9.792018227829976,0.9636453705092017,-25.445698900377373
85.2943666465333,2.208596613947009,8.205298653920662,9.792018227829976,0.9623145691159007,-25.861127198127974
97.55019962743104,2.3039031938663186,8.205298653920662,9.792018227829976,0.9658734944422412,-24.660038425579295
93.60557930670342,2.316268480677678,8.205298653920662,9.792018227829976,0.9657107520112433,-24.69400580287966
92.15584409282653,2.316479141611609,8.205298653920662,9.792018227829976,0.965592163782812,-24.723221530406935
89.79569636948814,2.312367727865293,8.205298653920662,9.792018227829976,0.9653778009283295,-24.78454069053006
99.00419044112954,2.2511172132210504,8.205298653920662,9.792018227829976,0.9645236397026827,-25.144972101033883
74.8478078100313,2.1540694084108054,8.205298653920662,9.792018227829976,0.9625959961099032,-25.68019289033502
74.91343684628444,2.137931109972115,8.205298653920662,9.792018227829976,0.9620318104360237,-25.881959042167242
91.06763948580898,2.234925762733724,8.205298653920662,9.792018227829976,0.9629997851413947,-25.63859760582279
100.94047845372413,2.263760572171506,8.205298653920662,9.792018227829976,0.9653214472711591,-24.85645384822021
96.67978694788152,2.247670257678678,8.205298653920662,9.792018227829976,0.9639367550031552,-25.32463989710344
85.18112898022943,2.2080309711960098,8.205298653920662,9.792018227829976,0.9622296022258054,-25.86349013986734
75.19734902590176,2.162474915417306,8.205298653920662,9.792018227829976,0.9627175897054919,-25.622205185521608
74.61911302582251,2.140443284812193,8.205298653920662,9.792018227829976,0.9621598234935368,-25.815457207604968
90.96915232577656,2.315004841904553,8.205298653920662,9.792018227829976,0.9654177269507401,-24.752938858842214
81.52206352632143,2.184177202758292,8.205298653920662,9.792018227829976,0.9618978848503182,-25.951841111307452
83.21533619124548,2.272827088591725,8.205298653920662,9.792018227829976,0.9644696024802076,-25.03906741461149
84.68612659741802,2.205126448877465,8.205298653920662,9.792018227829976,0.9621577925762496,-25.877711434383556
92.1584872958114,2.3163703706166814,8.205298653920662,9.792018227829976,0.9655031485143126,-24.72433887538015
74.90557431306708,2.155228041913517,8.205298653920662,9.792018227829976,0.9625406300597688,-25.67338839831375
74.9183209036546,2.155517607654972,8.205298653920662,9.792018227829976,0.9625365078658568,-25.67148079801101
90.91388740974124,2.31487068840039,8.205298653920662,9.792018227829976,0.9653828267744838,-24.7547649824278
88.77181633991451,2.2262891191479355,8.205298653920662,9.792018227829976,0.962601332863688,-25.73656433394973
93.65770099301054,2.242261663860077,8.205298653920662,9.792018227829976,0.963324494718261,-25.50713243778297
83.42210089594182,2.274635242280752,8.205298653920662,9.792018227829976,0.9644574501706716,-25.029752464023705
74.65250965270097,2.14039510472972,8.205298653920662,9.792018227829976,0.9620907644127692,-25.82017307666194
74.62332628982008,2.1427443912355386,8.205298653920662,9.792018227829976,0.9621549878382865,-25.788268314590262
99.08622426184355,2.251615697492681,8.205298653920662,9.792018227829976,0.9644124247878494,-25.133678840270754
100.79928300454952,2.2706688668104675,8.205298653920662,9.792018227829976,0.9653790812642182,-24.792599219728743
99.36561721125496,2.252301314846676,8.205298653920662,9.792018227829976,0.9644733835207585,-25.106138496812815
81.06473953353267,2.1810049615669698,8.205298653920662,9.792018227829976,0.9617720922946954,-25.957820852228757
100.36938410609942,2.2788284273376007,8.205298653920662,9.792018227829976,0.9655083463427845,-24.738534145416946
75.56454729233845,2.1407067009983933,8.205298653920662,9.792018227829976,0.9617538213714424,-25.925929708136437
82.44608453064154,2.190803304670638,8.205298653920662,9.792018227829976,0.9618597343471056,-25.932216848886917
93.29951505992368,2.2415259771536284,8.205298653920662,9.792018227829976,0.9631859861632344,-25.52519800224373
80.14082416972713,2.2400194507469564,8.205298653920662,9.792018227829976,0.9638262362297295,-25.206921364356937
98.21164335809036,2.2994197237933776,8.205298653920662,9.792018227829976,0.9656498122161422,-24.668642983832548
81.04462627462142,2.1808946356798917,8.205298653920662,9.792018227829976,0.9617452817629192,-25.957698991780667
74.64664777513542,2.1439487813732825,8.205298653920662,9.792018227829976,0.962130416757528,-25.776671126966043
87.89397106515878,2.304908396297592,8.205298653920662,9.792018227829976,0.9649599628647936,-24.848069613612566
96.2435831614408,2.247265523236805,8.205298653920662,9.792018227829976,0.9636995084690616,-25.351048348201385
77.70747630470963,2.2068432642835774,8.205298653920662,9.792018227829976,0.9632872697464758,-25.37381119488362
74.9872028348247,2.139026718935895,8.205298653920662,9.792018227829976,0.9618321027490148,-25.87766499800068
100.482180427835,2.257266951097904,8.205298653920662,9.792018227829976,0.9648211989138972,-24.96566823026643
75.44228557785182,2.140318595019181,8.205298653920662,9.792018227829976,0.9617180632492227,-25.916326176466715
86.70639538027217,2.298625674028912,8.205298653920662,9.792018227829976,0.9647769962103069,-24.891607247860758
96.65259731002,2.247951021826779,8.205298653920662,9.792018227829976,0.9637434354983092,-25.322882967168013
75.04417290319832,2.15794000462428,8.205298653920662,9.792018227829976,0.9624098642435436,-25.65779331178654
77.73807051337454,2.207226912667849,8.205298653920662,9.792018227829976,0.9632479489952095,-25.37235118043677
78.04808864555764,2.2118474171147118,8.205298653920662,9.792018227829976,0.963314270645365,-25.348779590684565
99.96936426789983,2.254527536767341,8.205298653920662,9.792018227829976,0.9645693453205675,-25.03637842000451
82.1008764585422,2.261815659262055,8.205298653920662,9.792018227829976,0.9640821881289079,-25.09792290329195
80.44685094594486,2.2435759224505887,8.205298653920662,9.792018227829976,0.9637915609566471,-25.18998672234241
81.5646539476997,2.256196090738257,8.205298653920662,9.792018227829976,0.9639837794497275,-25.126630329054223
87.54287345066304,2.3030851476369776,8.205298653920662,9.792018227829976,0.9648181211819989,-24.861659496015292
75.6135074678668,2.1704951873577016,8.205298653920662,9.792018227829976,0.9626002355059216,-25.575896952920996
94.82527832114144,2.313896319060021,8.205298653920662,9.792018227829976,0.9654373502573783,-24.68055121362554
75.92973650603189,2.176615409785555,8.205298653920662,9.792018227829976,0.9626701680104696,-25.539734643451933
99.98970458798868,2.254868105357417,8.205298653920662,9.792018227829976,0.9645091291644777,-25.031035306180417
83.17622691524143,2.27211299968333,8.205298653920662,9.792018227829976,0.964173582399705,-25.044892818102213
80.95361991416925,2.249354540812078,8.205298653920662,9.792018227829976,0.963804471767904,-25.16172337108361
93.99128956571884,2.2433675182247725,8.205298653920662,9.792018227829976,0.9631258519636401,-25.484644396874536
92.19049819974632,2.3160141173253947,8.205298653920662,9.792018227829976,0.9652051104587377,-24.727615370637814
76.05617577371144,2.178899267267454,8.205298653920662,9.792018227829976,0.9626695973970515,-25.527026320373615
92.8491296284532,2.240656961510382,8.205298653920662,9.792018227829976,0.9629187160836802,-25.545875569200543
97.11261106171166,2.248879837043376,8.205298653920662,9.792018227829976,0.9637005478176195,-25.28791082027844
90.75220504170144,2.2343315846639342,8.205298653920662,9.792018227829976,0.9625822728233622,-25.647654756457502
74.81131992338219,2.150063223857529,8.205298653920662,9.792018227829976,0.9620798651746921,-25.723577829076902
77.18505137082384,2.1983311672882166,8.205298653920662,9.792018227829976,0.9629663652899505,-25.420345814267368
74.72657291570079,2.1436160947608016,8.205298653920662,9.792018227829976,0.9618893038688776,-25.79051902651192
81.82957399552257,2.1868077488032185,8.205298653920662,9.792018227829976,0.9615983766313437,-25.941001474672493
77.00030635644214,2.150637942491187,8.205298653920662,9.792018227829976,0.9614391739622303,-25.964608841962676
76.88243879998814,2.193352138087164,8.205298653920662,9.792018227829976,0.9628735130012225,-25.447058691964926
100.14861737334265,2.2809207394077617,8.205298653920662,9.792018227829976,0.965272525793201,-24.733095587313112
90.51206841769331,2.233530669608612,8.205298653920662,9.792018227829976,0.9625151074888346,-25.658033477555243
89.6520761125487,2.230322532721246,8.205298653920662,9.792018227829976,0.9623867982663389,-25.69547424734514
77.76896327482986,2.207353824881679,8.205298653920662,9.792018227829976,0.9630588702633941,-25.373862516837487
81.93683745444926,2.259895007893462,8.205298653920662,9.792018227829976,0.9638724060636875,-25.10916106959808
96.29212447474906,2.2477396816894952,8.205298653920662,9.792018227829976,0.9634694690467774,-25.343344971800054
80.85977956528967,2.179902795616784,8.205298653920662,9.792018227829976,0.9614843049283087,-25.956165786806217
95.44621516469894,2.3120501866423666,8.205298653920662,9.792018227829976,0.9653051384015927,-24.676200263632644
97.41203690204546,2.303765092394599,8.205298653920662,9.792018227829976,0.9653421643468006,-24.669326398276016
90.20277338006667,2.312855575329237,8.205298653920662,9.792018227829976,0.9649086853201008,-24.779318111208124
99.10785153182472,2.2918492401064583,8.205298653920662,9.792018227829976,0.9653042862936393,-24.69119248771391
86.80491023151141,2.298888658727236,8.205298653920662,9.792018227829976,0.9645299071122213,-24.891187163981364
99.47401237363746,2.28841768466971,8.205298653920662,9.792018227829976,0.9652781759464047,-24.702358550160742
93.5148446392284,2.3156554258997346,8.205298653920662,9.792018227829976,0.9651742781337991,-24.70297365513842
74.93281615739839,2.140757343730641,8.205298653920662,9.792018227829976,0.9616376801599398,-25.850160728556045
74.78942142982987,2.14268544342427,8.205298653920662,9.792018227829976,0.9617406736168287,-25.809428611301442
96.93056241422396,2.2488191710383347,8.205298653920662,9.792018227829976,0.963544515659746,-25.298491154752092
77.21510720945979,2.1985525883623183,8.205298653920662,9.792018227829976,0.9628362107727597,-25.420816388286752
86.15115826707158,2.294897644362095,8.205298653920662,9.792018227829976,0.9644031818252737,-24.91694714986502
89.33189655616158,2.2291637560434623,8.205298653920662,9.792018227829976,0.9622478259698769,-25.707550851571362
98.64324730648484,2.251651988492057,8.205298653920662,9.792018227829976,0.9639154089508399,-25.16359887733583
83.68517131714724,2.1994958371870865,8.205298653920662,9.792018227829976,0.9616040888341758,-25.897811316705912
92.63282642292764,2.3158863689298954,8.205298653920662,9.792018227829976,0.9650319596073166,-24.720939495390343
77.41818656757756,2.15404472384391,8.205298653920662,9.792018227829976,0.9612802936067509,-25.96652263498238
76.61238839884675,2.1884115629557783,8.205298653920662,9.792018227829976,0.9626271583665321,-25.476184490323632
76.51027434161583,2.1866132847438564,8.205298653920662,9.792018227829976,0.9625896524764957,-25.486270171399674
100.56799253849094,2.2729703840644646,8.205298653920662,9.792018227829976,0.9649604523336662,-24.78637763841693
90.62505672331534,2.2341396902231594,8.205298653920662,9.792018227829976,0.9623678643967003,-25.65054073424299
100.41592230738696,2.258650253532821,8.205298653920662,9.792018227829976,0.9644722590649915,-24.9557076639254
99.69325049113183,2.2545421434059705,8.205298653920662,9.792018227829976,0.9641665730027598,-25.05713317363503
100.4953964605711,2.27434357277906,8.205298653920662,9.792018227829976,0.9649535742303732,-24.777255903549133
78.82087790422386,2.222230309383548,8.205298653920662,9.792018227829976,0.9631020753111321,-25.300139412120703
77.09693404495616,2.151810396079512,8.205298653920662,9.792018227829976,0.9612255178596467,-25.960534919038235
98.59507418380078,2.2957145015211182,8.205298653920662,9.792018227829976,0.9651655771044139,-24.68402116096961
74.86382722998823,2.143036417182301,8.205298653920662,9.792018227829976,0.9615776360559145,-25.81429337217054
84.79279061121484,2.285278927882416,8.205298653920662,9.792018227829976,0.9640982619874945,-24.974829163492814
95.12430837020172,2.312668205866842,8.205298653920662,9.792018227829976,0.9650961493901586,-24.682434705805644
97.46335840063368,2.303149699938004,8.205298653920662,9.792018227829976,0.9651543245287805,-24.673029101515286
74.94839906934706,2.142033608546484,8.205298653920662,9.792018227829976,0.961498426364081,-25.83665646139557
88.04186240100624,2.223721448498921,8.205298653920662,9.792018227829976,0.9619551185929192,-25.757138138801658
84.8668415155469,2.206979035752028,8.205298653920662,9.792018227829976,0.9615674524658211,-25.863456455333104
91.44135068411948,2.2370045437103414,8.205298653920662,9.792018227829976,0.9623860536148304,-25.611126125584075
79.86195629501475,2.1728466375421505,8.205298653920662,9.792018227829976,0.9611926694991919,-25.963504996807487
100.62282187220616,2.26264656000734,8.205298653920662,9.792018227829976,0.9645340076496837,-24.89495492529819
78.37275580677127,2.215779995278353,8.205298653920662,9.792018227829976,0.9629126286250427,-25.333757929001404
99.56086433013456,2.254395947508385,8.205298653920662,9.792018227829976,0.9640261221063728,-25.06858040069514
85.32957636808544,2.209713398583517,8.205298653920662,9.792018227829976,0.9615912086089196,-25.849366131619192
78.01671698478894,2.210547621152074,8.205298653920662,9.792018227829976,0.9628140412242392,-25.360733679842856
100.66392215157607,2.2650149481138016,8.205298653920662,9.792018227829976,0.9645877051761648,-24.865585028916588
75.67843972735439,2.170369544252665,8.205298653920662,9.792018227829976,0.9621283089792866,-25.584795563899714
81.94841894826439,2.2595892237897885,8.205298653920662,9.792018227829976,0.9635465590546817,-25.113275860435657
85.24395490891892,2.288473952525763,8.205298653920662,9.792018227829976,0.9640402377302,-24.95710333649403
86.3061844945002,2.2955767999812906,8.205298653920662,9.792018227829976,0.9641778123253812,-24.914022428689375
93.13165190493028,2.2419017774850403,8.205298653920662,9.792018227829976,0.9625862205605318,-25.52512256404586
75.2274305551362,2.1419065112185933,8.205298653920662,9.792018227829976,0.9612967069412192,-25.871720511100744
98.7819016342095,2.252459575696605,8.205298653920662,9.792018227829976,0.9637389428895357,-25.145254579907053
84.24501307464169,2.203310457340578,8.205298653920662,9.792018227829976,0.9614302008567364,-25.8797163375401
77.81641957844107,2.207439676734112,8.205298653920662,9.792018227829976,0.9627100575655089,-25.377423102351713
74.87781878732139,2.1455588532978567,8.205298653920662,9.792018227829976,0.9615187490719607,-25.78566124015382
97.26061800333784,2.3039802224448067,8.205298653920662,9.792018227829976,0.9649873320590856,-24.6754185334623
75.24705280392288,2.160252589837526,8.205298653920662,9.792018227829976,0.9618492490279261,-25.654421259927968
77.04970257878401,2.1952210129058045,8.205298653920662,9.792018227829976,0.9624678669822856,-25.442593429239363
91.22967508447924,2.314435012742976,8.205298653920662,9.792018227829976,0.9646298995523889,-24.756869498623814
100.3647984160485,2.275430501717864,8.205298653920662,9.792018227829976,0.9647171948754865,-24.77581976403085
89.24294004717473,2.3095542293321643,8.205298653920662,9.792018227829976,0.96441735651324,-24.812708423405724
97.87123605657357,2.3003042555255178,8.205298653920662,9.792018227829976,0.9649373872583628,-24.679869142086336
80.29467358788808,2.240865936780068,8.205298653920662,9.792018227829976,0.9631299685687028,-25.20907227058286
89.32624911378191,2.229569495963005,8.205298653920662,9.792018227829976,0.9619081112387772,-25.702845251762678
98.5812895654473,2.2952457391067758,8.205298653920662,9.792018227829976,0.9648945796255233,-24.689956811315472
98.55413763214108,2.2522515836103025,8.205298653920662,9.792018227829976,0.9635683969587744,-25.16282021811463
83.32508010867815,2.2727491394721966,8.205298653920662,9.792018227829976,0.9636215539897828,-25.045585818169528
93.27388758012412,2.3152396986942705,8.205298653920662,9.792018227829976,0.9647104192399695,-24.713570664576814
100.52092905086766,2.2711998679007195,8.205298653920662,9.792018227829976,0.9645616846628263,-24.80948281275808
92.09301563478444,2.239272851592915,8.205298653920662,9.792018227829976,0.9622759439504587,-25.576219430845345
81.43581425281172,2.2538953372200154,8.205298653920662,9.792018227829976,0.9632756798208939,-25.143814892491875
75.67657123656288,2.1696500222202677,8.205298653920662,9.792018227829976,0.9619089175857831,-25.593063110696917
79.1965763446136,2.168195679002011,8.205298653920662,9.792018227829976,0.9609360330070629,-25.963388539793733
88.25789786217597,2.2250563711629496,8.205298653920662,9.792018227829976,0.9617061412348998,-25.744828317390937
91.08484935491944,2.236165712080904,8.205298653920662,9.792018227829976,0.9620875504283581,-25.624243675776558
97.42527890624616,2.3027842012415363,8.205298653920662,9.792018227829976,0.9648262922233671,-24.6790861650375
85.99813387706097,2.213765279809536,8.205298653920662,9.792018227829976,0.9614273598150099,-25.824916323699917
85.63645008780252,2.211785720630189,8.205298653920662,9.792018227829976,0.961366861985045,-25.836088204692842
79.44714936833526,2.1701628694531365,8.205298653920662,9.792018227829976,0.9609014009642405,-25.96126410054489
93.93687712920104,2.2441261660392087,8.205298653920662,9.792018227829976,0.9625069876734615,-25.477710102020115
78.84221811221661,2.165589573294426,8.205298653920662,9.792018227829976,0.960879460662731,-25.96344308135246
90.6906480284732,2.2348744097531466,8.205298653920662,9.792018227829976,0.9619875900818816,-25.64177528749937
80.13130077634258,2.238684452321195,8.205298653920662,9.792018227829976,0.9629666768142482,-25.221216456372673
76.18155988439065,2.1795037697114594,8.205298653920662,9.792018227829976,0.9620119153423078,-25.533754566477537
82.10236633966677,2.2608208917319814,8.205298653920662,9.792018227829976,0.9633015940341615,-25.109050904967308
91.70682142903274,2.314781991292733,8.205298653920662,9.792018227829976,0.9644774631586288,-24.747877453848794
92.81088337655352,2.241414379418132,8.205298653920662,9.792018227829976,0.9622877938453904,-25.53809020419208
79.53317375325209,2.170899884490055,8.205298653920662,9.792018227829976,0.9608510451010803,-25.95968424273862
94.03792016302584,2.244433814134624,8.205298653920662,9.792018227829976,0.9624686157324317,-25.471088301351504
75.95419552706124,2.145463451167928,8.205298653920662,9.792018227829976,0.9609080731629911,-25.91316226887844
90.52867760670208,2.312857539585906,8.205298653920662,9.792018227829976,0.9643190174367973,-24.778397398003097
95.48118346638496,2.3109971472757,8.205298653920662,9.792018227829976,0.9646634959494527,-24.685997114769567
96.5573279093878,2.3069629767420707,8.205298653920662,9.792018227829976,0.964696959357646,-24.680213457781466
87.37716602664588,2.2210598114672564,8.205298653920662,9.792018227829976,0.9614754319595497,-25.776025551024166
97.6952390793156,2.3009553077258715,8.205298653920662,9.792018227829976,0.9646982595981064,-24.683251070765884
75.43001231600267,2.143628071755529,8.205298653920662,9.792018227829976,0.9609747922564782,-25.874893388248893
88.46756331206943,2.3063318117817038,8.205298653920662,9.792018227829976,0.9640873381097624,-24.840639726773226
81.77779684323689,2.2573344645921054,8.205298653920662,9.792018227829976,0.9631621179220993,-25.12764642925734
82.76037750142773,2.267206302256625,8.205298653920662,9.792018227829976,0.9633058457821221,-25.07660698003702
84.31211792034878,2.280891884607016,8.205298653920662,9.792018227829976,0.963527176916977,-25.002828428671133
80.59903637383476,2.244087509105853,8.205298653920662,9.792018227829976,0.9628953453783653,-25.195416038292915
100.47846559622796,2.26483490503172,8.205298653920662,9.792018227829976,0.9641080349825544,-24.882587028291848
82.13840990908749,2.189997425598392,8.205298653920662,9.792018227829976,0.9608806240155732,-25.922907542003824
86.51239385503334,2.296319913206659,8.205298653920662,9.792018227829976,0.9637755193520348,-24.911589861369887
83.8032626378663,2.2765869828229484,8.205298653920662,9.792018227829976,0.9633987103489684,-25.026936419042013
93.65697345756108,2.2437633911046504,8.205298653920662,9.792018227829976,0.9622653428010541,-25.490090190157275
75.71399701101869,2.169523829221077,8.205298653920662,9.792018227829976,0.9616386576907108,-25.59881434772711
89.12448905003262,2.2291299196807017,8.205298653920662,9.792018227829976,0.961575116202309,-25.706687238126037
84.65639980112994,2.2835166982517308,8.205298653920662,9.792018227829976,0.963493601897799,-24.988599386431154
78.33984229371728,2.214407258362229,8.205298653920662,9.792018227829976,0.9623715387969883,-25.346454250898766
76.89178411772637,2.1516487732829432,8.205298653920662,9.792018227829976,0.960686422155642,-25.941021809001384
98.94413752063215,2.2539519856357373,8.205298653920662,9.792018227829976,0.9633714436131731,-25.117520960303377
99.53898541377384,2.255919009756525,8.205298653920662,9.792018227829976,0.9635551262806863,-25.053273781106245
96.97234259867534,2.2501409120548037,8.205298653920662,9.792018227829976,0.9628731913288072,-25.28139055426055
99.95869580691593,2.258112322570227,8.205298653920662,9.792018227829976,0.9637144103376968,-24.997471032761293
75.77321498905836,2.145222476660777,8.205298653920662,9.792018227829976,0.9607765891552302,-25.895462671082846
90.77534353487071,2.2354649432666065,8.205298653920662,9.792018227829976,0.9617745147291469,-25.634520234185416
96.1465880248346,2.308397492808396,8.205298653920662,9.792018227829976,0.9645099744135243,-24.684575635952722
81.93055332252219,2.258733592953064,8.205298653920662,9.792018227829976,0.9630353591822418,-25.121674729061287
75.6974829565784,2.1449833879776463,8.205298653920662,9.792018227829976,0.960779803432665,-25.889646123751927
99.27812273718176,2.25506559603825,8.205298653920662,9.792018227829976,0.9634347974577934,-25.081665329994205
86.7357636491959,2.218068640612642,8.205298653920662,9.792018227829976,0.9612133684908489,-25.7959152356573
86.2208895819135,2.215360544905451,8.205298653920662,9.792018227829976,0.9611494800896864,-25.81315326283964
100.16034383929455,2.260161986885805,8.205298653920662,9.792018227829976,0.9637485365166635,-24.959225505326497
96.61312940617074,2.306309730629181,8.205298653920662,9.792018227829976,0.9644544277471138,-24.684424704413498
88.82983044631584,2.307498842102234,8.205298653920662,9.792018227829976,0.9639024449592949,-24.831786567204603
100.31202274124172,2.262354973251263,8.205298653920662,9.792018227829976,0.9638294872850504,-24.92312678533873
94.43317957101128,2.3132092122500723,8.205298653920662,9.792018227829976,0.9643487201340609,-24.701562183023277
89.83701049762372,2.3108110771409685,8.205298653920662,9.792018227829976,0.963988511049948,-24.80128476310361
99.75944095405428,2.2824399442407355,8.205298653920662,9.792018227829976,0.9643051499087553,-24.746123370025085
75.10236753717125,2.1498518855566005,8.205298653920662,9.792018227829976,0.9610183284375099,-25.761251061337173
80.31024078409634,2.177160156180449,8.205298653920662,9.792018227829976,0.9605953615908072,-25.94754767608131
91.61599274841376,2.2383996698337825,8.205298653920662,9.792018227829976,0.9617790726895421,-25.593089699132598
76.86539774866031,2.1518009905042703,8.205298653920662,9.792018227829976,0.9605569387695033,-25.936403198961987
76.19098875288778,2.17866518220967,8.205298653920662,9.792018227829976,0.961629976092734,-25.544611579962787
87.348312008573,2.3007472692057576,8.205298653920662,9.792018227829976,0.963666282076477,-24.883138906476624
95.61940138012156,2.3100737936399582,8.205298653920662,9.792018227829976,0.9643492752479333,-24.690070390047314
82.36350115108733,2.1918344400093304,8.205298653920662,9.792018227829976,0.9606908420277995,-25.915041927918324
91.32272045695694,2.313837313749417,8.205298653920662,9.792018227829976,0.9640546630072798,-24.76236523381372
94.43065378151049,2.3131101185941105,8.205298653920662,9.792018227829976,0.9642753573891337,-24.702704225498533
79.59046433582535,2.1718834099416995,8.205298653920662,9.792018227829976,0.9605199694764236,-25.952714389984642
77.90800029808894,2.2076259615530063,8.205298653920662,9.792018227829976,0.9620642740605141,-25.384007437764815
99.40919785412648,2.286280566625777,8.205298653920662,9.792018227829976,0.9642629682269633,-24.73008871623642
88.82356925591098,2.228125015720664,8.205298653920662,9.792018227829976,0.9613279862115363,-25.715856478658544
97.92653643789517,2.298780140726791,8.205298653920662,9.792018227829976,0.9643360653217604,-24.692916513538464
86.56780844152127,2.296334074063253,8.205298653920662,9.792018227829976,0.963520487352794,-24.91289306085504
79.27914690337904,2.227106269277044,8.205298653920662,9.792018227829976,0.9623510332049199,-25.2838718041201
78.2948521918801,2.213350182945703,8.205298653920662,9.792018227829976,0.9621290938594286,-25.354436461322056
100.33553613196204,2.2642557061674893,8.205298653920662,9.792018227829976,0.9637705078205476,-24.900354392893124
83.80238030157618,2.276221466726156,8.205298653920662,9.792018227829976,0.9631138847773099,-25.03091127843089
91.97361508032022,2.239619540154252,8.205298653920662,9.792018227829976,0.961742580273165,-25.574154354292975
79.64511211885615,2.1723895870694463,8.205298653920662,9.792018227829976,0.960463445369597,-25.9512046542432
96.12382578017858,2.2491336201442778,8.205298653920662,9.792018227829976,0.9624589260200481,-25.33573989899269
91.01817002454835,2.236604469795481,8.205298653920662,9.792018227829976,0.9615776847696217,-25.619766727081696
85.14598294619324,2.2096176830753933,8.205298653920662,9.792018227829976,0.9608239393385571,-25.84358554835886
80.27957244261684,2.239712606571487,8.205298653920662,9.792018227829976,0.9624556530534373,-25.22090913999666
88.63049257340394,2.227420399198735,8.205298653920662,9.792018227829976,0.9612007616210708,-25.722061089396508
98.999406397818,2.254943781156001,8.205298653920662,9.792018227829976,0.9631021702002248,-25.102655899178036
75.17447437566804,2.1509220222936136,8.205298653920662,9.792018227829976,0.9608527559560497,-25.75704055354904
87.2110189722156,2.299826487678004,8.205298653920662,9.792018227829976,0.9634871971401295,-24.890261971359205
95.5161154624319,2.2481415783584,8.205298653920662,9.792018227829976,0.9622784184254877,-25.374331959649858
99.43234589949184,2.285631974525046,8.205298653920662,9.792018227829976,0.9641289075113102,-24.735444463143757
83.97292701158092,2.277555514320568,8.205298653920662,9.792018227829976,0.9630473398059203,-25.02423282586194
98.7408070384751,2.2923514318885623,8.205298653920662,9.792018227829976,0.9641820537066788,-24.710631726717498
96.33224529490502,2.249623633593416,8.205298653920662,9.792018227829976,0.9624303250601447,-25.320170703786218
85.69049565842889,2.2905742855009947,8.205298653920662,9.792018227829976,0.9632617531426094,-24.949641801324546
99.19451013587802,2.255702288024537,8.205298653920662,9.792018227829976,0.9631251399311798,-25.080540542179847
77.42268453504575,2.156130478670761,8.205298653920662,9.792018227829976,0.9603379344376956,-25.94186995162398
76.65493890932511,2.1866782777221374,8.205298653920662,9.792018227829976,0.9615467029975479,-25.500868087640175
75.21414006151583,2.152996774582178,8.205298653920662,9.792018227829976,0.96085978275248,-25.73694032225845
80.27338748001094,2.177244429945816,8.205298653920662,9.792018227829976,0.9603693944088797,-25.943688797907537
84.39034721041655,2.20523102095207,8.205298653920662,9.792018227829976,0.9606625912566836,-25.86371544975586
81.57569471868996,2.254461473618633,8.205298653920662,9.792018227829976,0.9625984868254625,-25.146671272013823
75.40920090765853,2.1600559557892183,8.205298653920662,9.792018227829976,0.9609978463558585,-25.675773127763108
75.93193061242133,2.147235256276929,8.205298653920662,9.792018227829976,0.960412435129224,-25.88927075297711
76.34042405605472,2.14922119907952,8.205298653920662,9.792018227829976,0.9603583138376427,-25.910912736107004
99.11392160305428,2.2556044221463765,8.205298653920662,9.792018227829976,0.9630440069180265,-25.087313711098037
75.49527780623968,2.1464440524242434,8.205298653920662,9.792018227829976,0.9605006160961602,-25.848597347825546
75.79841466690694,2.169625290648725,8.205298653920662,9.792018227829976,0.961166290295853,-25.60719355215282
99.8477658473622,2.25924536251452,8.205298653920662,9.792018227829976,0.9633020891192791,-24.99338769071641
97.23712937814564,2.302511053899636,8.205298653920662,9.792018227829976,0.9640898644486345,-24.6924422922806
99.90568135520373,2.259778290293568,8.205298653920662,9.792018227829976,0.9633156494827202,-24.9830992814466
75.43803694422586,2.1604712499721472,8.205298653920662,9.792018227829976,0.9609388227211483,-25.67419983717127
82.10395286368056,2.19046547813646,8.205298653920662,9.792018227829976,0.9603829371335857,-25.915214273683226
89.15887104101273,2.2298880713871227,8.205298653920662,9.792018227829976,0.9611039709791873,-25.698182523290374
75.8687405455352,2.147424728282516,8.205298653920662,9.792018227829976,0.96032622554994,-25.879817434897195
78.87885665467509,2.221138805950531,8.205298653920662,9.792018227829976,0.961944127456512,-25.31761518271634
86.1436581040893,2.2155259038024298,8.205298653920662,9.792018227829976,0.9606909487680785,-25.80890602709499
75.86574057855984,2.1474990351169225,8.205298653920662,9.792018227829976,0.9603082481505298,-25.87858119743982
94.31389632886952,2.312795573863525,8.205298653920662,9.792018227829976,0.9638976162191506,-24.70991173060703
75.52474197320296,2.147114169358119,8.205298653920662,9.792018227829976,0.9603918847039685,-25.843968112262946
93.81576425186488,2.244946545099268,8.205298653920662,9.792018227829976,0.9617437009113086,-25.4720525036723
87.90512284800758,2.224453763103796,8.205298653920662,9.792018227829976,0.9608644616877807,-25.74648858829122
95.43621153182332,2.3100120447993646,8.205298653920662,9.792018227829976,0.9639211844621416,-24.69837120963675
97.19510349948044,2.2515776142629,8.205298653920662,9.792018227829976,0.9623878115207053,-25.25306331401358
75.65413588473255,2.1655826973116348,8.205298653920662,9.792018227829976,0.9609270644934196,-25.638542607570756
99.05227991887332,2.2887734362623178,8.205298653920662,9.792018227829976,0.9638766784178406,-24.72818921327985
93.40829205842743,2.31388506603966,8.205298653920662,9.792018227829976,0.9637838135188896,-24.7246448421991
76.7076721513965,2.151926577556438,8.205298653920662,9.792018227829976,0.960145670710393,-25.918132559334175
99.98390046894384,2.27669299762249,8.205298653920662,9.792018227829976,0.9636998223134655,-24.791648883047362
98.6434286558595,2.2924042103592512,8.205298653920662,9.792018227829976,0.9638634245129365,-24.716484413409137
78.54293103354917,2.1648460950555237,8.205298653920662,9.792018227829976,0.960061302585447,-25.94524224091278
81.75520576756806,2.256011584844273,8.205298653920662,9.792018227829976,0.9623569170307372,-25.14093874103697
86.26615047684326,2.216340874288008,8.205298653920662,9.792018227829976,0.9605851771716133,-25.803079574893818
95.14527703378394,2.3107198967933584,8.205298653920662,9.792018227829976,0.9638131980763763,-24.702422294063606
76.34251267138747,2.150036148075088,8.205298653920662,9.792018227829976,0.9601159943463985,-25.901325522987037
76.51529516586125,2.183270343426017,8.205298653920662,9.792018227829976,0.961160686555018,-25.52581133615263
80.6174180376465,2.1802251059448707,8.205298653920662,9.792018227829976,0.960093287007003,-25.93443559876244
78.66392687533674,2.165811215650052,8.205298653920662,9.792018227829976,0.96002616750934,-25.94472785640318
75.74331489798016,2.167238207078327,8.205298653920662,9.792018227829976,0.9608486545491175,-25.62913416614187
100.06472354795302,2.2631364340886506,8.205298653920662,9.792018227829976,0.9632168549295168,-24.93385903357166
81.08106139670075,2.2485448412647457,8.205298653920662,9.792018227829976,0.9621948938277036,-25.17963104963239
85.986504730669,2.2148731838058358,8.205298653920662,9.792018227829976,0.9605195096312762,-25.811637797674585
79.06523954026378,2.1688060384551022,8.205298653920662,9.792018227829976,0.960022906211121,-25.944663508981552
82.5010650407885,2.2635846583296484,8.205298653920662,9.792018227829976,0.9624254377425361,-25.102010108311667
99.72409320535527,2.2804497125119525,8.205298653920662,9.792018227829976,0.9636544264175677,-24.770332267629417
79.06683557709258,2.223360464768163,8.205298653920662,9.792018227829976,0.9617618217730455,-25.308505375992496
77.38065752512587,2.15664738050927,8.205298653920662,9.792018227829976,0.9599940577671774,-25.93140373170029
80.11831948006699,2.2370569783517595,8.205298653920662,9.792018227829976,0.961972321001408,-25.238560270278036
90.05019039308293,2.2337427384613022,8.205298653920662,9.792018227829976,0.9609848019463845,-25.656613579125924
77.62904073762908,2.202182091964829,8.205298653920662,9.792018227829976,0.9614154750016053,-25.419882562117497
99.50654550536224,2.258371458759342,8.205298653920662,9.792018227829976,0.9628926722873814,-25.028458609916868
75.34786057206594,2.151582459065964,8.205298653920662,9.792018227829976,0.9603957750845223,-25.769644871980965
96.9901176052886,2.303268689740335,8.205298653920662,9.792018227829976,0.9637709717952484,-24.697608738003805
90.3758367253324,2.311371634027637,8.205298653920662,9.792018227829976,0.9633841822190401,-24.794840062926614
77.00409333476999,2.1541683562028453,8.205298653920662,9.792018227829976,0.9599939938150813,-25.922471570108
97.22363280200196,2.251958693448202,8.205298653920662,9.792018227829976,0.9622347989080481,-25.247201891395445
75.35668915841177,2.154051601775322,8.205298653920662,9.792018227829976,0.9604667045706682,-25.74115625831568
85.71971677260427,2.2134743908513883,8.205298653920662,9.792018227829976,0.9604343542685655,-25.819223135214397
99.02152472815295,2.2885548164118745,8.205298653920662,9.792018227829976,0.9636900359991,-24.73266156293504
95.64408499381037,2.3090140114100137,8.205298653920662,9.792018227829976,0.963722441476126,-24.700347052347436
87.90109637959395,2.30271737529047,8.205298653920662,9.792018227829976,0.9631059950372275,-24.871813196020188
75.98151994193557,2.14877492371852,8.205298653920662,9.792018227829976,0.960086319054065,-25.87633021940772
93.8076283530469,2.313220279882444,8.205298653920662,9.792018227829976,0.9636255154586639,-24.72087995416366
99.1397549587271,2.287317041354129,8.205298653920662,9.792018227829976,0.9636666355391533,-24.737878427452753
90.2981512822696,2.311118081780691,8.205298653920662,9.792018227829976,0.9633188513178759,-24.797756580751965
82.06711973791799,2.190671483506435,8.205298653920662,9.792018227829976,0.9600640422225857,-25.910462748955112
89.52179197908326,2.2317782134465176,8.205298653920662,9.792018227829976,0.960841044138557,-25.67830184184193
99.6045230178138,2.259246674255138,8.205298653920662,9.792018227829976,0.9628716895717104,-25.011566797985658
89.20116745631181,2.3079264849004915,8.205298653920662,9.792018227829976,0.9631974865939815,-24.82995315187483
99.1032452916948,2.256783536439144,8.205298653920662,9.792018227829976,0.9626782428760592,-25.074962078171556
89.12011783913024,2.2301498918996003,8.205298653920662,9.792018227829976,0.9607761883768302,-25.694906035106875
87.75229618633571,2.224056426362907,8.205298653920662,9.792018227829976,0.9605980214999911,-25.748481916566163
99.98623789438776,2.2630872267778983,8.205298653920662,9.792018227829976,0.9630504618198438,-24.94043991368753
89.02183983208054,2.22976054930659,8.205298653920662,9.792018227829976,0.9607458653564985,-25.69867559243069
92.39774483774605,2.2416724326228774,8.205298653920662,9.792018227829976,0.9612281337273914,-25.543528197513105
82.72223671692971,2.265537917878248,8.205298653920662,9.792018227829976,0.9623049334362916,-25.09293655213171
84.21632563360077,2.2047866809503773,8.205298653920662,9.792018227829976,0.9601845102481259,-25.861088735531418
79.87327085004681,2.175070497050072,8.205298653920662,9.792018227829976,0.9598840869904408,-25.93788719721439
97.7888410831124,2.2982394838276576,8.205298653920662,9.792018227829976,0.9636177991659032,-24.706915502088556
86.24947376015548,2.216551338853563,8.205298653920662,9.792018227829976,0.9603550671436268,-25.800139585742915
94.87634544737462,2.2477853319317944,8.205298653920662,9.792018227829976,0.9616099946333135,-25.404135308230156
83.87156227560587,2.202706220947505,8.205298653920662,9.792018227829976,0.9601073816449026,-25.86925734832436
99.93415602397052,2.275480253384316,8.205298653920662,9.792018227829976,0.9633321086813134,-24.808636667511667
86.6103393170596,2.2185036590874745,8.205298653920662,9.792018227829976,0.9603617551875954,-25.78757775401143
99.99134511200522,2.2739087129812248,8.205298653920662,9.792018227829976,0.9632790910254083,-24.8214210509761
84.8103003229253,2.208501199550085,8.205298653920662,9.792018227829976,0.9601478643083345,-25.843335676474968
95.79885729900782,2.3081317778649577,8.205298653920662,9.792018227829976,0.9635155370689381,-24.70309639744535
98.7926310312238,2.2561361630708063,8.205298653920662,9.792018227829976,0.9624400751541772,-25.103572446674963
82.95531371825638,2.267599361714844,8.205298653920662,9.792018227829976,0.9622177597297088,-25.082953596538186
76.41581168256742,2.1513660263476595,8.205298653920662,9.792018227829976,0.959832323552475,-25.893347435671316
79.15537289278126,2.224085059405567,8.205298653920662,9.792018227829976,0.9614893812039176,-25.307786047599386
97.67440440259249,2.253367088401248,8.205298653920662,9.792018227829976,0.9621036179123191,-25.205489004545747
83.8445326826363,2.202665017015846,8.205298653920662,9.792018227829976,0.9600117889627117,-25.86842777342802
93.7946626052854,2.245560155855884,8.205298653920662,9.792018227829976,0.9613020715192987,-25.465719490399206
75.74227168851209,2.165504421877145,8.205298653920662,9.792018227829976,0.9604640092367632,-25.649525373638376
77.11269477174578,2.193026817676852,8.205298653920662,9.792018227829976,0.9609729754313046,-25.47446048713434
78.01338380260097,2.161706512971236,8.205298653920662,9.792018227829976,0.9597118448026436,-25.93312690954146
77.20298966901355,2.194512924381428,8.205298653920662,9.792018227829976,0.9609759223938424,-25.46636534929102
80.71207028771389,2.243752410241399,8.205298653920662,9.792018227829976,0.9617625640146288,-25.207358784749154
98.4164027194644,2.255207566910244,8.205298653920662,9.792018227829976,0.9622638323907282,-25.138869519481812
88.17393090312055,2.3035989569647057,8.205298653920662,9.792018227829976,0.9628466914696207,-24.86635696971165
88.42655825038666,2.304680166314796,8.205298653920662,9.792018227829976,0.9628717878682685,-24.85794981429695
83.62664894512163,2.201341371015048,8.205298653920662,9.792018227829976,0.9599537720441711,-25.87317176728669
76.66837257906496,2.185036310720861,8.205298653920662,9.792018227829976,0.9608016233773561,-25.521440364634746
84.88674539171866,2.209082932377754,8.205298653920662,9.792018227829976,0.9600592349555961,-25.839641459666307
99.91827886581471,2.2747039814903047,8.205298653920662,9.792018227829976,0.9631666557240162,-24.81830198854317
75.48261967727773,2.152905157569208,8.205298653920662,9.792018227829976,0.9600783079712564,-25.76958564472446
91.47618822281628,2.2391648991612385,8.205298653920662,9.792018227829976,0.96087635094975,-25.586032792441774
85.93996039417226,2.291309482066538,8.205298653920662,9.792018227829976,0.9625461218023605,-24.94958765976656
92.11998986822827,2.241171636105648,8.205298653920662,9.792018227829976,0.9609667434121865,-25.5541190537885
85.85339418118218,2.29072447725666,8.205298653920662,9.792018227829976,0.9625234198647384,-24.953251098126323
79.95664221210467,2.1760329631171658,8.205298653920662,9.792018227829976,0.959681167229502,-25.933130975586394
87.65198828576996,2.3010739476525544,8.205298653920662,9.792018227829976,0.962715018523981,-24.885365913870103
97.70719264072748,2.2536717852096477,8.205298653920662,9.792018227829976,0.962010762618559,-25.20013544946642
98.02445468662248,2.296066203413588,8.205298653920662,9.792018227829976,0.96336308565384,-24.71616903837921
99.98331052391396,2.266181507191348,8.205298653920662,9.792018227829976,0.9628583327721262,-24.906627594937266
76.18081814350681,2.1508990911523256,8.205298653920662,9.792018227829976,0.9597237073297943,-25.873081328063698
85.41712220903533,2.212270477154817,8.205298653920662,9.792018227829976,0.9600270436780227,-25.822695504783564
89.67419764378892,2.3089793420110567,8.205298653920662,9.792018227829976,0.9628795830877479,-24.820648337631244
99.4244803334841,2.2596204299971845,8.205298653920662,9.792018227829976,0.9624864676586424,-25.02060587814422
98.51334608893158,2.255816030358133,8.205298653920662,9.792018227829976,0.9621749896723588,-25.125764626156617
80.51528248039713,2.180232720934356,8.205298653920662,9.792018227829976,0.959624067453309,-25.92666486982779
86.09539140647567,2.2160750705737517,8.205298653920662,9.792018227829976,0.960071118163688,-25.80103914297671
97.0051590037443,2.3023317002786143,8.205298653920662,9.792018227829976,0.9633053943714006,-24.706858478831172
76.16458463020003,2.151035996273208,8.205298653920662,9.792018227829976,0.9596828545023657,-25.869631292116345
80.06640424869278,2.177013730016057,8.205298653920662,9.792018227829976,0.9595803459684464,-25.930200673702338
79.28259829752744,2.225464636966251,8.205298653920662,9.792018227829976,0.9613095573050516,-25.302801794640416
96.38404593479405,2.251247369363611,8.205298653920662,9.792018227829976,0.9616171224230631,-25.299368830539482
90.5544913377954,2.311126315236578,8.205298653920662,9.792018227829976,0.9629009924531865,-24.796842779218107
90.20963369635938,2.234983205317832,8.205298653920662,9.792018227829976,0.9605308344077917,-25.642218992148237
87.95514282869163,2.225535307569203,8.205298653920662,9.792018227829976,0.9602245771167006,-25.734794820249324
91.3043010993608,2.31239833941855,8.205298653920662,9.792018227829976,0.9629531985082246,-24.77794878775631
94.20241941678928,2.246855489673692,8.205298653920662,9.792018227829976,0.9611531638040857,-25.43838784404607
99.95261936569986,2.2678706232581334,8.205298653920662,9.792018227829976,0.9627626824373958,-24.89042989610606
99.88251465646994,2.2734571139685045,8.205298653920662,9.792018227829976,0.9629010929565978,-24.83461179486845
92.63818896954544,2.3132211474766398,8.205298653920662,9.792018227829976,0.9630122944733736,-24.749300063506542
94.94746890047004,2.248556495621827,8.205298653920662,9.792018227829976,0.9612464071401116,-25.392718148072106
75.71067748376277,2.1626832562447618,8.205298653920662,9.792018227829976,0.9600996314278268,-25.67936593525564
86.6098679878056,2.218965434074093,8.205298653920662,9.792018227829976,0.9600114585103731,-25.782201382330985
91.28111207738732,2.2388417513412837,8.205298653920662,9.792018227829976,0.9606222159422267,-25.59182083880132
76.80304223352594,2.154398333332366,8.205298653920662,9.792018227829976,0.9595038714778847,-25.898555017572978
87.91844975183945,2.225447449249984,8.205298653920662,9.792018227829976,0.9601572840410704,-25.735216544580307
90.95026289676088,2.3117711379597665,8.205298653920662,9.792018227829976,0.9628547044575375,-24.7876813179346
98.13360170618996,2.294797946696818,8.205298653920662,9.792018227829976,0.9631580522774473,-24.723135305046636
95.69740501047905,2.30790695544691,8.205298653920662,9.792018227829976,0.9631511226666057,-24.709905410232132
99.79486605508696,2.26396812550928,8.205298653920662,9.792018227829976,0.9625592379337772,-24.945263862991276
92.83691567935772,2.24354832541296,8.205298653920662,9.792018227829976,0.9608513626417645,-25.51324031184119
83.70716749357868,2.2739367719667456,8.205298653920662,9.792018227829976,0.9619651920073502,-25.051491254508708
75.77533491804178,2.164418556856006,8.205298653920662,9.792018227829976,0.9601033220888218,-25.6661461405178
97.68085836820276,2.297898511345025,8.205298653920662,9.792018227829976,0.9631113528287651,-24.716905948312117
98.75141256606706,2.257147171876668,8.205298653920662,9.792018227829976,0.9620705177153573,-25.095119637308912
99.85849530402857,2.273128901325577,8.205298653920662,9.792018227829976,0.9627956560001717,-24.840007564708497
75.60816854703577,2.154936535603227,8.205298653920662,9.792018227829976,0.9597928007088296,-25.759851195308276
99.77460467581466,2.2754638920165746,8.205298653920662,9.792018227829976,0.9628418055909039,-24.82081845879607
97.9769884808886,2.295773795660935,8.205298653920662,9.792018227829976,0.9630778985049058,-24.722193895672536
82.0561714878043,2.2580962736856094,8.205298653920662,9.792018227829976,0.9616305644009826,-25.136511935627787
99.3580702692197,2.260190919037356,8.205298653920662,9.792018227829976,0.9622573700197097,-25.0190895202755
91.12556264206002,2.311923860079105,8.205298653920662,9.792018227829976,0.9627709559843952,-24.78467091878707
99.90004691454114,2.2688416743960858,8.205298653920662,9.792018227829976,0.9626408036874385,-24.88377788965791
87.45050909193435,2.299673346640532,8.205298653920662,9.792018227829976,0.962378947338572,-24.896769739350173
78.56105276096068,2.214929632206477,8.205298653920662,9.792018227829976,0.9609039571172856,-25.360480432957075
99.3904780251288,2.281811222615815,8.205298653920662,9.792018227829976,0.9628868738037032,-24.77984167186316
77.37387810995297,2.1964029753456487,8.205298653920662,9.792018227829976,0.960587441651452,-25.461586101285416
76.34621935539155,2.177462065901878,8.205298653920662,9.792018227829976,0.9602498196760965,-25.575645118160644
97.329203398071,2.2999336975428406,8.205298653920662,9.792018227829976,0.9630210269362686,-24.71502178185946
95.16811577255012,2.2492776423008536,8.205298653920662,9.792018227829976,0.9611348667413312,-25.375930624857954
80.45087338974126,2.1802240668008466,8.205298653920662,9.792018227829976,0.9593454757440106,-25.921882043468326
75.70690636602941,2.1609026166589445,8.205298653920662,9.792018227829976,0.9598740553543909,-25.70008545484083
77.9080340068502,2.2050046745579976,8.205298653920662,9.792018227829976,0.9607074511073926,-25.41417196359469
93.59427659027642,2.312427968239632,8.205298653920662,9.792018227829976,0.9628812983887551,-24.73530260972647
81.74695022929944,2.1894148791419497,8.205298653920662,9.792018227829976,0.9594057148973533,-25.904734765045568
78.86911685554676,2.219232098809357,8.205298653920662,9.792018227829976,0.9609121612760936,-25.338509423237493
77.9701234123672,2.205911840246032,8.205298653920662,9.792018227829976,0.9606927447496224,-25.40960850251423
99.82199178245511,2.2665933904054896,8.205298653920662,9.792018227829976,0.9624621502613713,-24.914346975170655
76.91650544175724,2.188290784492011,8.205298653920662,9.792018227829976,0.9603899383825164,-25.50941655886987
99.4204366376504,2.261196179734796,8.205298653920662,9.792018227829976,0.9621814615786023,-25.003471766671254
81.42652842794301,2.187258093086044,8.205298653920662,9.792018227829976,0.9593373385536897,-25.908827062189324
75.681220537941,2.155021617720223,8.205298653920662,9.792018227829976,0.9596219387067386,-25.767241233259412
77.41472249160053,2.158736016128032,8.205298653920662,9.792018227829976,0.9592547241362637,-25.90976999865151
91.13594686321228,2.2386699575385336,8.205298653920662,9.792018227829976,0.9603772243052191,-25.595151733207658
88.44715955326153,2.3041294563114434,8.205298653920662,9.792018227829976,0.9623668548303514,-24.864131873284496
98.70555576442634,2.2575116055590883,8.205298653920662,9.792018227829976,0.9618971342704634,-25.09415392683803
99.63766342643432,2.2771683219047247,8.205298653920662,9.792018227829976,0.9626962587554255,-24.81239158003281
77.67120705317657,2.2010316600002118,8.205298653920662,9.792018227829976,0.9605479034132088,-25.4372608819368
82.12325499569526,2.2585422731272478,8.205298653920662,9.792018227829976,0.9614646575334088,-25.135639478182163
81.60507110801417,2.188588657804104,8.205298653920662,9.792018227829976,0.9592941363421011,-25.905122104515588
76.55151754973521,2.1810853225559867,8.205298653920662,9.792018227829976,0.9601586110764726,-25.55523929727132
83.16935774004,2.199151298975565,8.205298653920662,9.792018227829976,0.9593876085028575,-25.875012427217364
98.96376066657038,2.2864140137587867,8.205298653920662,9.792018227829976,0.9627756342458366,-24.759756813178473
94.40751133829389,2.3109818044068646,8.205298653920662,9.792018227829976,0.9627895898155489,-24.72621379914403
77.01212677918515,2.1897218965657004,8.205298653920662,9.792018227829976,0.9603073150740136,-25.502604879423032
79.88696219832732,2.176378652705793,8.205298653920662,9.792018227829976,0.959188125402573,-25.92340983375567
98.43215926832988,2.256777370187592,8.205298653920662,9.792018227829976,0.9617465710936093,-25.120368953895614
97.27904821771077,2.2998909823434843,8.205298653920662,9.792018227829976,0.9628501269510531,-24.718253840792404
90.278874335054,2.23577834216411,8.205298653920662,9.792018227829976,0.9601487828565257,-25.63297211026454
98.99195219933638,2.2590832568460826,8.205298653920662,9.792018227829976,0.9619003010496846,-25.057198394103747
98.3429147160454,2.256585815633528,8.205298653920662,9.792018227829976,0.9616903000156164,-25.128270584327968
83.10378376290103,2.268041909428291,8.205298653920662,9.792018227829976,0.9615322232831471,-25.08600823157077
76.43176895973124,2.178430042315483,8.205298653920662,9.792018227829976,0.9600416318822407,-25.573530034068412
97.03261770732796,2.25340923319996,8.205298653920662,9.792018227829976,0.9613322123853633,-25.24147975629829
77.42872568317125,2.1967720470682366,8.205298653920662,9.792018227829976,0.9603621007790507,-25.462757727087155
81.07878299347333,2.185030992110299,8.205298653920662,9.792018227829976,0.9591792533729222,-25.911013087813416
87.7830352971141,2.225280065809187,8.205298653920662,9.792018227829976,0.9597900155166192,-25.734868625509666
95.96541426705502,2.251263594432416,8.205298653920662,9.792018227829976,0.9610904080424922,-25.319193078091793
75.97115565000739,2.1676711985953148,8.205298653920662,9.792018227829976,0.9598081791432321,-25.649705407489105
89.32483315312696,2.3072092360636844,8.205298653920662,9.792018227829976,0.962312275793622,-24.838357560755703
86.36583684867854,2.2932024257918613,8.205298653920662,9.792018227829976,0.9619576809112338,-24.94146731490675
77.4325896967589,2.196772643651883,8.205298653920662,9.792018227829976,0.9603353355446591,-25.46313369380954
87.67588284137486,2.300423117145044,8.205298653920662,9.792018227829976,0.9621064414290446,-24.89282613662394
75.74071603981025,2.157449442577459,8.205298653920662,9.792018227829976,0.9595095592559668,-25.745066407294516
93.67103610559816,2.311976333197564,8.205298653920662,9.792018227829976,0.9626329732988724,-24.738027772314723
78.64165872881294,2.2155448828061566,8.205298653920662,9.792018227829976,0.9606219475866715,-25.36063352601472
98.0699489644662,2.2559719916186225,8.205298653920662,9.792018227829976,0.9615479361469123,-25.15237972066521
83.98294374582876,2.2044884693479787,8.205298653920662,9.792018227829976,0.9593391783976952,-25.853699706083265
76.02365119663936,2.168752464981978,8.205298653920662,9.792018227829976,0.9597746774697513,-25.64278172030119
99.6669889261611,2.2748895565731857,8.205298653920662,9.792018227829976,0.9624451003681852,-24.83507117989184
81.75165249160334,2.189828777637046,8.205298653920662,9.792018227829976,0.9591591144000208,-25.900149132539028
82.5189351583908,2.195050173847804,8.205298653920662,9.792018227829976,0.9592097320397305,-25.886412105924105
99.1135297736783,2.260101185722675,8.205298653920662,9.792018227829976,0.9618617111275158,-25.0374525384586
80.55146746857774,2.1813907371237207,8.205298653920662,9.792018227829976,0.959085415760227,-25.915636993371525
78.96813379063883,2.22014234066269,8.205298653920662,9.792018227829976,0.9606630756838572,-25.33670029377112
94.35508172269412,2.3108558901018768,8.205298653920662,9.792018227829976,0.962635186954972,-24.729294071669333
76.11399967068809,2.1709424666408808,8.205298653920662,9.792018227829976,0.9598002410545152,-25.626948162988352
97.43307690520474,2.254464647262808,8.205298653920662,9.792018227829976,0.9613487867459979,-25.207299583821268
84.91530071924572,2.210164537092893,8.205298653920662,9.792018227829976,0.9593948648624773,-25.828150959006308
99.1249227151924,2.2839340755637068,8.205298653920662,9.792018227829976,0.962577415985937,-24.775531745167203
76.10662259700104,2.1706845846495355,8.205298653920662,9.792018227829976,0.9597797554161922,-25.629175225730478
76.27299003741861,2.1537004986651738,8.205298653920662,9.792018227829976,0.9591685194425694,-25.84963435496526
79.2574715896113,2.172095206127878,8.205298653920662,9.792018227829976,0.9590212688748492,-25.922040712234814
85.00360231744128,2.2107053133306067,8.205298653920662,9.792018227829976,0.9593861508009751,-25.825346354830515
78.95472077171424,2.1699299625167896,8.205298653920662,9.792018227829976,0.9590082047088316,-25.921519899586425
95.52414598951856,2.250547807689486,8.205298653920662,9.792018227829976,0.9609022363763,-25.346872953040727
77.14843464942811,2.157717643249242,8.205298653920662,9.792018227829976,0.9590454818084201,-25.89481606213245
99.32962559047128,2.2810565786493413,8.205298653920662,9.792018227829976,0.9625124068743312,-24.792375165671004
77.36683976548633,2.159058325019174,8.205298653920662,9.792018227829976,0.9590262983848105,-25.901061441583668
91.70019115240964,2.240866576518073,8.205298653920662,9.792018227829976,0.9602149373203953,-25.563841846792975
89.14493804906034,2.231504644355425,8.205298653920662,9.792018227829976,0.9598472539901702,-25.679482905355535
80.68530708868627,2.2422423343927136,8.205298653920662,9.792018227829976,0.9609641146511948,-25.22239677831056
99.7291347415556,2.268817084527427,8.205298653920662,9.792018227829976,0.9622087244707815,-24.896891744002595
82.20296851145811,2.193016350038704,8.205298653920662,9.792018227829976,0.9591246419709191,-25.89125037574302
86.25592899786857,2.2177496957219205,8.205298653920662,9.792018227829976,0.9594875954428731,-25.786395766771093
76.19368769890718,2.153786848089524,8.205298653920662,9.792018227829976,0.9591478019300664,-25.839834434798192
85.3168742696931,2.2860468301257697,8.205298653920662,9.792018227829976,0.9616844906211777,-24.98621170080912
85.5971500174618,2.288014064941706,8.205298653920662,9.792018227829976,0.9617204378265911,-24.974445183656325
78.80332603426253,2.217660573953239,8.205298653920662,9.792018227829976,0.9605441847883045,-25.35071100810113
96.1712130832642,2.305128746385307,8.205298653920662,9.792018227829976,0.9626177955438867,-24.71841380878083
99.10134022713429,2.260390385976081,8.205298653920662,9.792018227829976,0.961779569123844,-25.035104650291927
79.25967353825718,2.224022252347112,8.205298653920662,9.792018227829976,0.9606396815970448,-25.317284221960552
85.23068766626622,2.2120972755186017,8.205298653920662,9.792018227829976,0.9593531587280114,-25.817843953273787
78.632732350769,2.16774799080406,8.205298653920662,9.792018227829976,0.9589482290086023,-25.91872545483144
79.84564727448223,2.1764694617451,8.205298653920662,9.792018227829976,0.9589691650666905,-25.91898804961891
77.2018312437406,2.158218147540836,8.205298653920662,9.792018227829976,0.9589797168728872,-25.894306844638464
96.25595779601116,2.3047255847029646,8.205298653920662,9.792018227829976,0.9625998626341253,-24.718754550750003
96.25487632860394,2.2521824206074825,8.205298653920662,9.792018227829976,0.9609789022350279,-25.29518514462826
76.64141545717618,2.155316178120969,8.205298653920662,9.792018227829976,0.9590237143826852,-25.870304145301848
98.00063251364112,2.29439755821393,8.205298653920662,9.792018227829976,0.962559649434139,-24.735582370969233
76.48615577815468,2.178772896923902,8.205298653920662,9.792018227829976,0.9598304625880841,-25.575353774987693
88.39935633612897,2.228388428529655,8.205298653920662,9.792018227829976,0.9596683452749927,-25.70820402440085
87.81159649368543,2.300836463232841,8.205298653920662,9.792018227829976,0.9619321319953051,-24.890679318571603
77.7960673850045,2.1620748403901047,8.205298653920662,9.792018227829976,0.9589137497014291,-25.907644831628087
86.91221653855614,2.221297112928923,8.205298653920662,9.792018227829976,0.9594706317258757,-25.762843920763288
76.49280219380543,2.1787970356968174,8.205298653920662,9.792018227829976,0.9597997226360451,-25.575783404666804
97.17140750667286,2.2541976038513383,8.205298653920662,9.792018227829976,0.9611465960202104,-25.225042304656622
75.84462597412607,2.160955289353609,8.205298653920662,9.792018227829976,0.9593975307162194,-25.71512281791262
76.46144023933947,2.178112915871779,8.205298653920662,9.792018227829976,0.9597799745427563,-25.580444880684887
75.83777409750759,2.160356332557228,8.205298653920662,9.792018227829976,0.9593749351863609,-25.721472931703598
83.5969984185112,2.2721641441619767,8.205298653920662,9.792018227829976,0.9613431270451415,-25.065662575489487
89.40615100354646,2.232745824073774,8.205298653920662,9.792018227829976,0.9597628634693993,-25.666694537505034
94.29849133933146,2.248120792565871,8.205298653920662,9.792018227829976,0.960525162441388,-25.42090964925165
76.38001670601331,2.154685810437826,8.205298653920662,9.792018227829976,0.9590010424287704,-25.84956376811147
76.42170650357038,2.15480980770208,8.205298653920662,9.792018227829976,0.9589902000313856,-25.852627131128266
94.9590030271124,2.309141070944861,8.205298653920662,9.792018227829976,0.9624622940177037,-24.72640862725672
96.67251370966244,2.302558644857683,8.205298653920662,9.792018227829976,0.9624995979095815,-24.721632018348856
99.37215474060088,2.279403001802976,8.205298653920662,9.792018227829976,0.9622933532846442,-24.807318759356484
90.4235099880526,2.3098355078663104,8.205298653920662,9.792018227829976,0.9621130805477724,-24.81117659760784
98.95608566245842,2.260218754677197,8.205298653920662,9.792018227829976,0.9615765554221845,-25.047092515821657
87.23323785071246,2.297764200440767,8.205298653920662,9.792018227829976,0.9617411657708828,-24.913058225170843
78.41822477173744,2.2116589322264986,8.205298653920662,9.792018227829976,0.9602575726678234,-25.385076236060623
81.15115701525949,2.186072695650409,8.205298653920662,9.792018227829976,0.9588560475189719,-25.903786675727506
97.62771299521764,2.255537015579065,8.205298653920662,9.792018227829976,0.9611527344459233,-25.18400951826168
98.70314830672308,2.2590350916811275,8.205298653920662,9.792018227829976,0.9614677971392106,-25.07740059091132
75.88723030602966,2.1575780710244743,8.205298653920662,9.792018227829976,0.9591565361952878,-25.76017820617074
87.0009451500927,2.2219074064123703,8.205298653920662,9.792018227829976,0.9593630685858472,-25.757891872077504
94.13604672288962,2.247887593991919,8.205298653920662,9.792018227829976,0.9604055076822261,-25.428861167187215
82.18148018037749,2.258455255775744,8.205298653920662,9.792018227829976,0.9609886517406386,-25.14012846739527
79.02506375404525,2.170950548609369,8.205298653920662,9.792018227829976,0.9587522021044128,-25.915529426471412
83.39000750597788,2.201196916713073,8.205298653920662,9.792018227829976,0.95897750551584,-25.86271140968186
98.3486753261515,2.2578027862007133,8.205298653920662,9.792018227829976,0.961306302595801,-25.114362859398664
99.34494220139948,2.2791334801382703,8.205298653920662,9.792018227829976,0.9621581034352719,-24.812192909815252
92.54550111119504,2.243819749866333,8.205298653920662,9.792018227829976,0.9600758254195889,-25.516255235854352
81.12018826219017,2.185968508618487,8.205298653920662,9.792018227829976,0.9587854751391494,-25.90283708904598
84.53363772658923,2.208349468570205,8.205298653920662,9.792018227829976,0.9590374237852498,-25.833474328935214
82.71607482829221,2.263679811500083,8.205298653920662,9.792018227829976,0.9609861036998589,-25.11317790225822
90.33256698524433,2.309431105253793,8.205298653920662,9.792018227829976,0.9619529418002934,-24.81577880041294
96.31207347346016,2.2528069377058277,8.205298653920662,9.792018227829976,0.9607393835156504,-25.285396981207718
82.32588819171639,2.259789257799511,8.205298653920662,9.792018227829976,0.9609137873588641,-25.133910980489336
79.68606239547195,2.175825018146739,8.205298653920662,9.792018227829976,0.9586910814987917,-25.91362679248304
92.18831025742554,2.242842508820715,8.205298653920662,9.792018227829976,0.9599702554971254,-25.533946176552803
99.1652552006268,2.28170885203906,8.205298653920662,9.792018227829976,0.9621463136542073,-24.79687099952905
94.35914080230164,2.2485876625977994,8.205298653920662,9.792018227829976,0.9603406134327811,-25.41359786849529
77.31698016530014,2.193641775726462,8.205298653920662,9.792018227829976,0.9598240854143861,-25.487936015863696
94.59557904061452,2.309707231086477,8.205298653920662,9.792018227829976,0.9622321888129981,-24.733458706500496
80.47511520498297,2.239119547499953,8.205298653920662,9.792018227829976,0.9605426387564214,-25.24218751918832
76.73240391503721,2.182691069247795,8.205298653920662,9.792018227829976,0.9595927796921644,-25.55559933023452
99.13117376632464,2.2621081624234023,8.205298653920662,9.792018227829976,0.9615009048639763,-25.014013531180172
88.21771652188353,2.302311917838537,8.205298653920662,9.792018227829976,0.9616833714224802,-24.880849199464876
76.1256792396695,2.16853509255202,8.205298653920662,9.792018227829976,0.9592764854078547,-25.656676362523257
92.26739593114344,2.3118520861456773,8.205298653920662,9.792018227829976,0.9620318646745403,-24.770814297251327
82.53314120379092,2.261756844866298,8.205298653920662,9.792018227829976,0.960868525779195,-25.124132866448168
83.95707061933737,2.20498398296823,8.205298653920662,9.792018227829976,0.9588786338349025,-25.84665967496012
75.96888493458434,2.158543657329318,8.205298653920662,9.792018227829976,0.9589745491682108,-25.757860111158845
83.33681314826573,2.20108188934168,8.205298653920662,9.792018227829976,0.9588197014423995,-25.86126857005553
83.80517035900496,2.2735191131956327,8.205298653920662,9.792018227829976,0.96102961901062,-25.060780402015155
78.36060422514693,2.166700040452909,8.205298653920662,9.792018227829976,0.958563170595138,-25.906202523857917
76.17357418832415,2.1694123694001064,8.205298653920662,9.792018227829976,0.9592199450805526,-25.651592459622986
86.71812345838721,2.2207830505223,8.205298653920662,9.792018227829976,0.9590981804216442,-25.76394763993223
97.93799333712911,2.2938367867610765,8.205298653920662,9.792018227829976,0.9621328100554541,-24.745413226812744
76.41785676879216,2.1755673116233964,8.205298653920662,9.792018227829976,0.9593444027128544,-25.605663538384636
76.63140116522224,2.180224438115104,8.205298653920662,9.792018227829976,0.959432522977923,-25.573823803895372
76.37410353576729,2.174494910883311,8.205298653920662,9.792018227829976,0.9593119966322639,-25.61355164866776
98.15553052897036,2.257760004252006,8.205298653920662,9.792018227829976,0.9610521341340762,-25.127120157172794
86.8456656020139,2.221489247134869,8.205298653920662,9.792018227829976,0.9590756029393749,-25.75898535097536
99.42212621993107,2.2664527059409068,8.205298653920662,9.792018227829976,0.9615614050757842,-24.94538993404152
98.31008365134684,2.29059044610095,8.205298653920662,9.792018227829976,0.9620615900021531,-24.757502991147962
79.38613659854975,2.174019881544752,8.205298653920662,9.792018227829976,0.9585087346463806,-25.91007154781396
83.57718160943696,2.202762562785012,8.205298653920662,9.792018227829976,0.9587376859429904,-25.85398385086173
93.60004187874414,2.3111242412511928,8.205298653920662,9.792018227829976,0.9619942600175121,-24.74909189732278
80.03336303475353,2.2333220228651527,8.205298653920662,9.792018227829976,0.9602716063478985,-25.27418950508717
78.25687675701668,2.2084963344000954,8.205298653920662,9.792018227829976,0.9598636002348521,-25.40663800946817
99.20572229199594,2.263698306755302,8.205298653920662,9.792018227829976,0.9613933553830007,-24.991202768174258
85.41518067006793,2.286036423927385,8.205298653920662,9.792018227829976,0.9611532805193783,-24.989800509593337
96.43908488560996,2.30290558345618,8.205298653920662,9.792018227829976,0.9620716710963625,-24.7294854187179
93.87015540303835,2.247777631508356,8.205298653920662,9.792018227829976,0.9600316548479176,-25.438364566483997
82.62580806439249,2.262428409905283,8.205298653920662,9.792018227829976,0.9607107628780439,-25.12197031811966
94.69224617640452,2.309109328700288,8.205298653920662,9.792018227829976,0.9620028476872158,-24.73646922593772
82.42229735881504,2.2603885000350346,8.205298653920662,9.792018227829976,0.9606673182059838,-25.132912818227226
80.984584589692,2.24481851759434,8.205298653920662,9.792018227829976,0.9604101727252553,-25.214706387568825
94.04353878508866,2.31039710820572,8.205298653920662,9.792018227829976,0.9619488500894614,-24.744078741683644
96.71638989806252,2.301393357927978,8.205298653920662,9.792018227829976,0.9620147981094902,-24.73191972753607
97.015355295727,2.254956832891253,8.205298653920662,9.792018227829976,0.9606271075502499,-25.22510158048896
99.14040687586343,2.280525080591332,8.205298653920662,9.792018227829976,0.9618131365947248,-24.81146936636006
93.74597122241344,2.247560606496563,8.205298653920662,9.792018227829976,0.9599525686924283,-25.44449016371054
96.84029335098012,2.3006686547678896,8.205298653920662,9.792018227829976,0.9619865528659785,-24.733347826204437
78.32580826570968,2.2093523210585886,8.205298653920662,9.792018227829976,0.9597843398380255,-25.40313251620393
93.3310809404979,2.24651924484823,8.205298653920662,9.792018227829976,0.9598620587306456,-25.46768014005658
95.20069380024044,2.2510105082782843,8.205298653920662,9.792018227829976,0.9602049393477926,-25.35509773968464
78.29131523646123,2.1666602862983524,8.205298653920662,9.792018227829976,0.9583809164644026,-25.900205212303124
98.19007905418364,2.2912225963242605,8.205298653920662,9.792018227829976,0.9619133655593745,-24.75819363074618
95.61746963284487,2.306149548788809,8.205298653920662,9.792018227829976,0.961936727313306,-24.732143374963954
97.67482839634154,2.2567560431238007,8.205298653920662,9.792018227829976,0.9607530447819643,-25.167632533415894
90.3767875991201,2.2372469971053164,8.205298653920662,9.792018227829976,0.9593765212016213,-25.615903253888728
97.3521402726236,2.255903194847264,8.205298653920662,9.792018227829976,0.9606617954086089,-25.195851149311704
78.92179275680773,2.218075226893632,8.205298653920662,9.792018227829976,0.9598858394722847,-25.35629360637641
77.01666978510536,2.159075654562045,8.205298653920662,9.792018227829976,0.9584343076973931,-25.8648905612285
76.8810157212159,2.1844614320804823,8.205298653920662,9.792018227829976,0.9592810115275449,-25.550429229411048
84.14621156631537,2.206560460900107,8.205298653920662,9.792018227829976,0.9586123067304599,-25.837087917230324
76.14042545038188,2.1661334134689554,8.205298653920662,9.792018227829976,0.958883079603735,-25.686741330180016
82.8669717048483,2.1984772707966016,8.205298653920662,9.792018227829976,0.9584910450943136,-25.866218391135856
99.40588660902463,2.273222802875111,8.205298653920662,9.792018227829976,0.9615531469555902,-24.872305361683377
78.26906582503534,2.2082655473304555,8.205298653920662,9.792018227829976,0.9596672743149173,-25.410415061942523
83.45287946205728,2.202272122437165,8.205298653920662,9.792018227829976,0.9585264160162759,-25.853362280007907
76.86111726385019,2.1839466445380538,8.205298653920662,9.792018227829976,0.9592367335093581,-25.554378857666006
99.4051786479926,2.26975147124881,8.205298653920662,9.792018227829976,0.9614199908382426,-24.91037581742632
96.16305730750123,2.30377031657504,8.205298653920662,9.792018227829976,0.9618484268782225,-24.73336170538442
95.2299301841724,2.251292112689569,8.205298653920662,9.792018227829976,0.9600933173171607,-25.350747052827767
76.76291074832604,2.181768612053389,8.205298653920662,9.792018227829976,0.9591455043443481,-25.569605227246193
96.28708900937409,2.2536456147652477,8.205298653920662,9.792018227829976,0.9603031931563855,-25.27720883817812
90.32542196007888,2.2372263743727387,8.205298653920662,9.792018227829976,0.9592506256245349,-25.616279990328554
76.43761902734495,2.157937327141028,8.205298653920662,9.792018227829976,0.9584364052913189,-25.816906972952093
82.21788994130654,2.194294367382696,8.205298653920662,9.792018227829976,0.9583667596177029,-25.877099845801162
77.68801854683902,2.163145521627712,8.205298653920662,9.792018227829976,0.9582600002201551,-25.884219999752887
76.12608723264405,2.162129941572516,8.205298653920662,9.792018227829976,0.9586453668643229,-25.732691396616175
91.20931462441536,2.3103524752320226,8.205298653920662,9.792018227829976,0.9615150712412387,-24.80078026975744
77.37782374733733,2.193328277399246,8.205298653920662,9.792018227829976,0.9593106199510665,-25.497654987935682
96.8391611202208,2.254992365380872,8.205298653920662,9.792018227829976,0.9603910180040722,-25.234130549526096
77.26975500835584,2.1913532930325488,8.205298653920662,9.792018227829976,0.9592629722073249,-25.50979925243481
76.46471637382082,2.174750479318448,8.205298653920662,9.792018227829976,0.9589299616650613,-25.620329112477457
78.7777980207501,2.170401720873116,8.205298653920662,9.792018227829976,0.9581916025170899,-25.900143786715706
97.87695829643056,2.257860393497268,8.205298653920662,9.792018227829976,0.960638269036916,-25.143213624720303
96.68625286896592,2.301023621701219,8.205298653920662,9.792018227829976,0.9617490622146233,-24.73742037249623
79.73550505655966,2.228873381753587,8.205298653920662,9.792018227829976,0.9598629828334628,-25.301132141348624
77.97454675440022,2.203292064252849,8.205298653920662,9.792018227829976,0.9594400423290729,-25.44022477435234
83.57494459541492,2.203250581386783,8.205298653920662,9.792018227829976,0.9583989027690367,-25.848146405256486
85.56643460037392,2.215138359208737,8.205298653920662,9.792018227829976,0.9585771194324822,-25.794579689916304
76.17869925713812,2.1649561606525225,8.205298653920662,9.792018227829976,0.9586442933643352,-25.704932634646347
81.3542481743299,2.2485342965643724,8.205298653920662,9.792018227829976,0.9601497055625499,-25.198303908090534
79.6103316966336,2.2271405859034843,8.205298653920662,9.792018227829976,0.9597952134393464,-25.310729405988226
90.23558309711296,2.3083947628807806,8.205298653920662,9.792018227829976,0.9613361563580312,-24.827122049031836
96.31536753908776,2.3027320757814067,8.205298653920662,9.792018227829976,0.9616699178698556,-24.737316947806974
81.34884274431862,2.248416015087912,8.205298653920662,9.792018227829976,0.9601113013582608,-25.199267222366284
92.52712462312644,2.311111663578032,8.205298653920662,9.792018227829976,0.9615001437330699,-24.77404394630317
97.53015278153867,2.257031320678053,8.205298653920662,9.792018227829976,0.9604635421504435,-25.173047147391053
77.70226038144611,2.1636256567658307,8.205298653920662,9.792018227829976,0.958122686747311,-25.8798818314983
94.35200913608848,2.309223332042052,8.205298653920662,9.792018227829976,0.9615801317904578,-24.746868564153296
79.25003868650977,2.173913298157231,8.205298653920662,9.792018227829976,0.9580857143735413,-25.89973424050354
97.69569071063148,2.257599861275196,8.205298653920662,9.792018227829976,0.9604815415568475,-25.156994428282264
91.6737858569166,2.310662431440789,8.205298653920662,9.792018227829976,0.9613927552118335,-24.792397005299602
96.6706164851302,2.254905432560463,8.205298653920662,9.792018227829976,0.9602156792284798,-25.243896915610797
98.61436699540828,2.2859217137225727,8.205298653920662,9.792018227829976,0.9615183649319022,-24.78844686805787
78.85000512204525,2.2164032249586967,8.205298653920662,9.792018227829976,0.9595384679097176,-25.36916721804557
76.30007938889992,2.169038196408536,8.205298653920662,9.792018227829976,0.9586492836395805,-25.66989434245241
92.99585386162612,2.2461350483493163,8.205298653920662,9.792018227829976,0.9594768822345512,-25.480272328691235
99.14114729348074,2.278057542422701,8.205298653920662,9.792018227829976,0.9613731719138652,-24.838278731487847
87.12204502137433,2.223533735056421,8.205298653920662,9.792018227829976,0.9586429466940738,-25.741854267719358
89.14524602671813,2.2328405279763075,8.205298653920662,9.792018227829976,0.9588888281917142,-25.664128986647366
98.34402709682568,2.2886503492712933,8.205298653920662,9.792018227829976,0.9615091620979038,-24.7763303571465
76.53335171346153,2.159150019712428,8.205298653920662,9.792018227829976,0.9582252359322915,-25.812777599809124
98.10212175178548,2.2591764491496207,8.205298653920662,9.792018227829976,0.960542101061066,-25.114717925066984
76.41684005225619,2.159515579451366,8.205298653920662,9.792018227829976,0.9582514900385183,-25.79578932661845
98.5594542771015,2.261287588196396,8.205298653920662,9.792018227829976,0.9606914088725848,-25.0619726885915
80.60654268845863,2.1835806998827536,8.205298653920662,9.792018227829976,0.9580525002864386,-25.893787772855912
98.27175834157488,2.2892609717148247,8.205298653920662,9.792018227829976,0.9614859746504462,-24.774287836430783
92.3598177745828,2.3109175810756,8.205298653920662,9.792018227829976,0.9613637366823703,-24.779210915911342
91.23522448862782,2.240847709730204,8.205298653920662,9.792018227829976,0.9591177932750723,-25.569373014439236
79.74305121899528,2.1775728348054884,8.205298653920662,9.792018227829976,0.9579933653846708,-25.8975113482002
98.91838679299728,2.281411017491962,8.205298653920662,9.792018227829976,0.9613325826592066,-24.817116529695998
76.3497469628508,2.169784892003648,8.205298653920662,9.792018227829976,0.9585603713611699,-25.666477672860662
98.1600986554046,2.29016017820733,8.205298653920662,9.792018227829976,0.961446334978494,-24.771534985640542
79.08191726581848,2.219497771903804,8.205298653920662,9.792018227829976,0.9594739995560926,-25.353817053823523
76.541634312678,2.159591247994939,8.205298653920662,9.792018227829976,0.9581598633006488,-25.808399357079495
97.89439946789687,2.292402390071388,8.205298653920662,9.792018227829976,0.9614425609163013,-24.76350836000047
94.05947626453276,2.309509834859824,8.205298653920662,9.792018227829976,0.961396098369796,-24.753092136270247
89.7754243495315,2.3068561670083483,8.205298653920662,9.792018227829976,0.9610376364538421,-24.843691117454174
83.02892064616006,2.2001628154352346,8.205298653920662,9.792018227829976,0.9580917331300257,-25.85545112466022
83.53585232264328,2.2701191205752025,8.205298653920662,9.792018227829976,0.9602430621734881,-25.085212087071014
77.61614567894465,2.163724118142852,8.205298653920662,9.792018227829976,0.9579302213354886,-25.87019654662056
96.9937296816438,2.2561610321048846,8.205298653920662,9.792018227829976,0.9601008736678353,-25.212814126226817
96.34532655797562,2.302067813846889,8.205298653920662,9.792018227829976,0.9614018396098725,-24.743015745230245
99.10610386859072,2.2671063631668176,8.205298653920662,9.792018227829976,0.9608370898643819,-24.960647740032556
86.22559367150251,2.2191592002820077,8.205298653920662,9.792018227829976,0.9583568794806757,-25.76912918818085
77.82312640035717,2.199989877751179,8.205298653920662,9.792018227829976,0.9590532048333681,-25.463959278436924
84.46223301681943,2.277936143428164,8.205298653920662,9.792018227829976,0.9603466156393774,-25.041700827462698
84.40864360730835,2.277494561718214,8.205298653920662,9.792018227829976,0.9603316748398794,-25.044271345540878
95.7175880230963,2.2531862777889278,8.205298653920662,9.792018227829976,0.9597815427721393,-25.308796131387158
95.33182228124612,2.2523304294267064,8.205298653920662,9.792018227829976,0.9596875186308268,-25.33490171449163
97.8618200859673,2.258878957623253,8.205298653920662,9.792018227829976,0.9602897915351448,-25.132799820116134
77.08328886353715,2.1613072218006266,8.205298653920662,9.792018227829976,0.9579307525445085,-25.845106718956345
87.80924163439607,2.2992705679745318,8.205298653920662,9.792018227829976,0.9607374019949729,-24.907582616960617
84.23045222384974,2.275974198688957,8.205298653920662,9.792018227829976,0.9602591112220489,-25.053240811833472
95.32635822307826,2.2523584015572595,8.205298653920662,9.792018227829976,0.9596654681630272,-25.334812610193595
91.27343377011474,2.241258755692499,8.205298653920662,9.792018227829976,0.9589352654097558,-25.564312706975283
91.08207759638448,2.2406200897768684,8.205298653920662,9.792018227829976,0.9588964416912505,-25.57335168445514
88.01526820075215,2.300168677116858,8.205298653920662,9.792018227829976,0.9607143364960362,-24.90112649767218
97.9300590120652,2.291588716328505,8.205298653920662,9.792018227829976,0.9612519376269645,-24.770153796802468
98.84689642111438,2.281352006057361,8.205298653920662,9.792018227829976,0.9611106732829752,-24.82259816547869
94.57091919323932,2.250665727613054,8.205298653920662,9.792018227829976,0.9594733942983206,-25.382817957438643
86.17164124891866,2.2190248837090394,8.205298653920662,9.792018227829976,0.9582429858089581,-25.769075858230394
94.2765932470467,2.249964412346344,8.205298653920662,9.792018227829976,0.9594096059490871,-25.400818280629
79.98579481464867,2.231332611200628,8.205298653920662,9.792018227829976,0.9594533904204132,-25.293012751069956
83.79272778561983,2.272131430206713,8.205298653920662,9.792018227829976,0.9601005188501023,-25.075486329904926
76.64782145244695,2.1765330432228325,8.205298653920662,9.792018227829976,0.9584517018629197,-25.618919737044862
80.54572875408927,2.2382629322292478,8.205298653920662,9.792018227829976,0.9595008718117162,-25.257045794146713
77.5392898095779,2.1638655992663587,8.205298653920662,9.792018227829976,0.9577635005591029,-25.86086362187158
93.85547246528108,2.249013035441365,8.205298653920662,9.792018227829976,0.9592708408839601,-25.424838137039597
76.50221096158016,2.1616399470454297,8.205298653920662,9.792018227829976,0.9579678299911454,-25.779699248845652
76.6149379210831,2.161210486167505,8.205298653920662,9.792018227829976,0.9579108304058643,-25.796946918170296
77.0303539631517,2.184837641912992,8.205298653920662,9.792018227829976,0.9585616048091796,-25.56146292144603
93.6257297087825,2.248464146982002,8.205298653920662,9.792018227829976,0.9592017684900065,-25.437709304660892
87.10945945682914,2.224022348841572,8.205298653920662,9.792018227829976,0.9582526633891558,-25.735916848404038
86.19592997045186,2.219294107296492,8.205298653920662,9.792018227829976,0.9581488542701153,-25.766679960024913
87.46095341341042,2.2257677035399723,8.205298653920662,9.792018227829976,0.9582857692434642,-25.72322761556278
84.09299487601804,2.274589385275135,8.205298653920662,9.792018227829976,0.9600666364810054,-25.062336899041966
98.18990414902514,2.2887861692525746,8.205298653920662,9.792018227829976,0.96108548586308,-24.784545727863655
79.58187797932393,2.1771206480544976,8.205298653920662,9.792018227829976,0.9576573404158333,-25.889599940053525
77.77379043245226,2.198473715592783,8.205298653920662,9.792018227829976,0.9587690072043299,-25.476767597628825
78.17810717160638,2.167768655029377,8.205298653920662,9.792018227829976,0.9576603543326385,-25.876317858590063
83.15424635319823,2.2661946038131617,8.205298653920662,9.792018227829976,0.9598810088325663,-25.109111254557085
76.43648386791206,2.163496430135893,8.205298653920662,9.792018227829976,0.9579673660170123,-25.75047877759235
79.4837850744808,2.2243538363442497,8.205298653920662,9.792018227829976,0.9591765135691597,-25.33209934564655
96.417443911369,2.255348460960704,8.205298653920662,9.792018227829976,0.9596964309291474,-25.25173725033719
98.7330070057709,2.282099407332524,8.205298653920662,9.792018227829976,0.9609336837989015,-24.822101120521463
98.51693758439758,2.284988857189205,8.205298653920662,9.792018227829976,0.9609744989767308,-24.804913919729746
97.93035581207891,2.25988036437927,8.205298653920662,9.792018227829976,0.9600882017630635,-25.117501320340654
76.93844855412027,2.1618809843834867,8.205298653920662,9.792018227829976,0.9577357266782659,-25.82318837736878
94.3948822597532,2.2505758641795097,8.205298653920662,9.792018227829976,0.9592521709634182,-25.389946209064327
77.1870769343842,2.1875389017833555,8.205298653920662,9.792018227829976,0.958492736135575,-25.545901600890225
94.0212009316534,2.2496801673340627,8.205298653920662,9.792018227829976,0.9591603313398301,-25.412241400748997
94.31228857078204,2.3083568588624104,8.205298653920662,9.792018227829976,0.9609907620323529,-24.757452769030554
95.0287718281867,2.3065374707099835,8.205298653920662,9.792018227829976,0.9610181282559668,-24.751670678061114
96.68854691485996,2.2995365452648717,8.205298653920662,9.792018227829976,0.9610369119921859,-24.753292894043213
95.2756769856174,2.2527533526129133,8.205298653920662,9.792018227829976,0.9593922700601601,-25.332452255355072
91.31782394247432,2.3094287655404315,8.205298653920662,9.792018227829976,0.9607593621721731,-24.809658156947187
98.55022986588318,2.2634312840870336,8.205298653920662,9.792018227829976,0.9602390106807523,-25.03885522363317
79.836101998366,2.179127179111134,8.205298653920662,9.792018227829976,0.9575418403694083,-25.88661902827109
83.63340588863235,2.2046114308440394,8.205298653920662,9.792018227829976,0.9577488023547231,-25.83515359427159
78.76097998144135,2.2138102060933846,8.205298653920662,9.792018227829976,0.9588849690937711,-25.391058102875085
80.43739221286374,2.1833302689852587,8.205298653920662,9.792018227829976,0.9575417999699825,-25.88399576711089
98.57648201557886,2.263740285702994,8.205298653920662,9.792018227829976,0.9602299489960139,-25.033711938928253
90.09437628608684,2.2374643311440963,8.205298653920662,9.792018227829976,0.9584552497897827,-25.613935445081953
95.05061332472792,2.3063254489839977,8.205298653920662,9.792018227829976,0.960935021070362,-24.75311273549417
85.96570495953637,2.2183369282114285,8.205298653920662,9.792018227829976,0.9579273977572734,-25.770697091979255
86.19444662146915,2.219586881547187,8.205298653920662,9.792018227829976,0.9579408164892718,-25.76323855235586
90.3638244423156,2.238532669783055,8.205298653920662,9.792018227829976,0.958460799300003,-25.601236003080487
98.9815609113226,2.2755584377205054,8.205298653920662,9.792018227829976,0.9606287599425613,-24.87659062265033
79.06784774466296,2.218173698719553,8.205298653920662,9.792018227829976,0.9588992545174287,-25.367741263606646
76.51289368078761,2.164842057049753,8.205298653920662,9.792018227829976,0.9577965447955372,-25.742737116558065
79.1601730074186,2.219448969755021,8.205298653920662,9.792018227829976,0.9588987184906738,-25.361030543764787
77.21196204207577,2.187421486414152,8.205298653920662,9.792018227829976,0.9583225392814412,-25.549793317800763
88.11421771324027,2.229224408546159,8.205298653920662,9.792018227829976,0.9581125646178471,-25.694676075393748
76.56612146547504,2.1641028003187017,8.205298653920662,9.792018227829976,0.9577254970009096,-25.757253280299608
87.35678563150587,2.2964048469623606,8.205298653920662,9.792018227829976,0.9602272181242645,-24.930337278764302
88.63385290309756,2.2315799754861416,8.205298653920662,9.792018227829976,0.9581685871032771,-25.674176323384188
97.87165824268264,2.260314272702473,8.205298653920662,9.792018227829976,0.9598786136535365,-25.11625270437016
77.7065910891026,2.1965422376579085,8.205298653920662,9.792018227829976,0.9584621581087484,-25.492661093567577
84.61141159710631,2.2783937090973723,8.205298653920662,9.792018227829976,0.9598401679987065,-25.04290968554589
81.34210293554183,2.2470622566509206,8.205298653920662,9.792018227829976,0.9592967960102542,-25.2139894542853
94.12301044050724,2.3084104835911035,8.205298653920662,9.792018227829976,0.9607851416286116,-24.762909945997468
76.56071248093642,2.1706533689395258,8.205298653920662,9.792018227829976,0.9579122409424979,-25.678981238569108
80.45022763690372,2.183650752412376,8.205298653920662,9.792018227829976,0.95742028635163,-25.88117480787715
83.20273213934539,2.202115055621221,8.205298653920662,9.792018227829976,0.9575700694984015,-25.84200377755834
78.25779141901846,2.1689622665755763,8.205298653920662,9.792018227829976,0.9574020581022314,-25.86958792793871
97.93280444122988,2.2606919208417797,8.205298653920662,9.792018227829976,0.9598653300297252,-25.10833966858625
96.16152456598994,2.255264616724318,8.205298653920662,9.792018227829976,0.9593971628580421,-25.265110307617476
94.0240374736208,2.3085549487104515,8.205298653920662,9.792018227829976,0.9607583640272139,-24.764407487403357
90.01855921503028,2.237369478636367,8.205298653920662,9.792018227829976,0.9583114746227896,-25.615054192465667
98.64564938658116,2.2819497120884336,8.205298653920662,9.792018227829976,0.960651721105647,-24.82951363046444
76.56297597874057,2.1651275287938603,8.205298653920662,9.792018227829976,0.9576965019887175,-25.744730848324142
98.94512818376806,2.27510282998189,8.205298653920662,9.792018227829976,0.960494752769074,-24.884065366843565
77.89167222331295,2.199596919357901,8.205298653920662,9.792018227829976,0.9584651424306161,-25.475062770218933
98.9045553152208,2.2765110574400467,8.205298653920662,9.792018227829976,0.9605216813802001,-24.87144609155398
86.04412540132962,2.2886255816926138,8.205298653920662,9.792018227829976,0.9599843536989758,-24.982012831596943
97.67095275663456,2.2923322793338343,8.205298653920662,9.792018227829976,0.9607595103668285,-24.77746862975191
91.86734340634092,2.243920844712392,8.205298653920662,9.792018227829976,0.9585646561523096,-25.526744566104707
76.54201408639611,2.168187956818357,8.205298653920662,9.792018227829976,0.9577865998834132,-25.706160250568818
92.36885915218596,2.245497523585911,8.205298653920662,9.792018227829976,0.9586348199693132,-25.50057339011842
87.11055280702551,2.294965805411181,8.205298653920662,9.792018227829976,0.9601027150827784,-24.940781671554014
91.86042539212325,2.243931820840288,8.205298653920662,9.792018227829976,0.958542517598375,-25.52672006698934
76.97467700241945,2.163317088785732,8.205298653920662,9.792018227829976,0.9574819180454364,-25.809834413636743
98.95083247758603,2.2735364376566736,8.205298653920662,9.792018227829976,0.9604069151002519,-24.90081032059109
80.67936800348755,2.23914064114112,8.205298653920662,9.792018227829976,0.9590812205199463,-25.256887864696925
80.24155830265256,2.1823650045363223,8.205298653920662,9.792018227829976,0.9573335951533205,-25.880376732949312
98.9294738480605,2.270801155297903,8.205298653920662,9.792018227829976,0.9602992241749069,-24.932250799121864
83.68800785592035,2.270515090095913,8.205298653920662,9.792018227829976,0.9595933690233608,-25.08829763191944
94.4223527448894,2.307613420784889,8.205298653920662,9.792018227829976,0.9606915047895876,-24.761791444806605
94.5412221218278,2.3073193843344484,8.205298653920662,9.792018227829976,0.9606869386836748,-24.760918443858294
82.78920345199765,2.262132831000372,8.205298653920662,9.792018227829976,0.9594318219960809,-25.13442210098587
85.56042275936676,2.216400817005791,8.205298653920662,9.792018227829976,0.9576826899540164,-25.77968459449511
79.2920713113253,2.175940037915211,8.205298653920662,9.792018227829976,0.9572823069542794,-25.879218961225185
95.47931574977952,2.304434204704052,8.205298653920662,9.792018227829976,0.9606964347537644,-24.75634126183666
90.97669985501328,2.2410589637841127,8.205298653920662,9.792018227829976,0.9583477050885234,-25.569191090573348
94.0098018659858,2.250203793280363,8.205298653920662,9.792018227829976,0.9588455457322438,-25.406685802189937
98.85783420000944,2.276703232036468,8.205298653920662,9.792018227829976,0.9604192641181946,-24.872516870242116
86.02994370469584,2.2190277470946143,8.205298653920662,9.792018227829976,0.9577002502533205,-25.764699256333042
77.7966753038157,2.197639865038852,8.205298653920662,9.792018227829976,0.9583170310765784,-25.48863327471677
93.71187202694726,2.249447845701212,8.205298653920662,9.792018227829976,0.9587772709773299,-25.42413985865551
98.91302474759976,2.272879534115333,8.205298653920662,9.792018227829976,0.9602872459324225,-24.910586662732968
87.22432749213931,2.2954298242883624,8.205298653920662,9.792018227829976,0.9600066460692614,-24.93819267709527
79.5181207501444,2.22399153077113,8.205298653920662,9.792018227829976,0.9587462970741933,-25.33903801392024
86.51717101711652,2.221654099563793,8.205298653920662,9.792018227829976,0.9577288600313109,-25.748513481776133
98.7730701406506,2.267855310066992,8.205298653920662,9.792018227829976,0.9600860042644588,-24.975234251113154
77.05971535533334,2.164003573406532,8.205298653920662,9.792018227829976,0.9573637338209955,-25.810481134517527
94.47307090024592,2.3073349497806817,8.205298653920662,9.792018227829976,0.9605977313551445,-24.763073223596592
84.41980781287442,2.2765609240801865,8.205298653920662,9.792018227829976,0.9595986633915577,-25.055014270591457
98.66433593513024,2.280496997005045,8.205298653920662,9.792018227829976,0.9604312061178184,-24.844088684340672
87.45976861667,2.2965918133710232,8.205298653920662,9.792018227829976,0.9599859228307334,-24.93033700058962
92.72137383979992,2.246797635570545,8.205298653920662,9.792018227829976,0.9585396534371704,-25.47885608267869
92.8673257532068,2.2472418540455266,8.205298653920662,9.792018227829976,0.9585524480786135,-25.470655122840203
83.85715632669556,2.206558666815738,8.205298653920662,9.792018227829976,0.9574072065927837,-25.823416331483024
96.73047845155492,2.257238953250777,8.205298653920662,9.792018227829976,0.959329432724072,-25.214718242050107
98.70455754492386,2.267245318282889,8.205298653920662,9.792018227829976,0.9599997084873981,-24.986542509444778
90.9462659941172,2.2411174066649835,8.205298653920662,9.792018227829976,0.9582350607905298,-25.56875257858473
95.87629224699631,2.3025733218164106,8.205298653920662,9.792018227829976,0.960560557369483,-24.759276562702524
98.23747823128784,2.263187489937451,8.205298653920662,9.792018227829976,0.959754013658112,-25.061728929970595
80.73356724625265,2.186085591560257,8.205298653920662,9.792018227829976,0.9571749830260846,-25.87355455277702
79.42844588982565,2.17718865294502,8.205298653920662,9.792018227829976,0.9571357317529552,-25.875952213184444
95.09324449151237,2.305451847756956,8.205298653920662,9.792018227829976,0.9605187370427263,-24.76085212539799
97.17971297266824,2.2587118544790314,8.205298653920662,9.792018227829976,0.9593978185958616,-25.17419427417751
77.65227960382852,2.1945891583239785,8.205298653920662,9.792018227829976,0.9581041547759008,-25.510055205842015
98.84543506802947,2.2736953695729056,8.205298653920662,9.792018227829976,0.960155688042858,-24.9062426681708
96.62351727161337,2.2571148009301254,8.205298653920662,9.792018227829976,0.9592352185843155,-25.2216158320967
88.16651668092068,2.229946453739558,8.205298653920662,9.792018227829976,0.9577886691379449,-25.68712173698128
77.83176154702335,2.1673911221090947,8.205298653920662,9.792018227829976,0.9571476138070067,-25.847604680131067
89.84555509358911,2.237122098413167,8.205298653920662,9.792018227829976,0.9580002162376067,-25.617793529751214
89.41687720899826,2.23540655157872,8.205298653920662,9.792018227829976,0.9579349603336876,-25.636209124345136
91.75478358406504,2.243996685414629,8.205298653920662,9.792018227829976,0.9582692249529399,-25.52746793885136
76.67304648776309,2.169792470521699,8.205298653920662,9.792018227829976,0.9575120470517835,-25.70115091964417
97.91683617425076,2.289151329515647,8.205298653920662,9.792018227829976,0.9604005411186632,-24.79731037573297
91.140864759394,2.2419595484057027,8.205298653920662,9.792018227829976,0.9581596186532632,-25.557571917313634
83.2665631539836,2.2030428114399,8.205298653920662,9.792018227829976,0.9572467912932165,-25.834540512805248
77.77152017637246,2.167251113901955,8.205298653920662,9.792018227829976,0.957105895050927,-25.843399032788245
96.94922885240818,2.2582041435335043,8.205298653920662,9.792018227829976,0.9592618611328112,-25.19240709127241
89.51043290629805,2.235855763918764,8.205298653920662,9.792018227829976,0.9579029521552173,-25.631452880963923
84.31706511488204,2.2095672666921478,8.205298653920662,9.792018227829976,0.9573124952626826,-25.809719456758604
79.30606333586536,2.220567746825907,8.205298653920662,9.792018227829976,0.9584597400436392,-25.360536056201653
87.64163639942078,2.29724885866672,8.205298653920662,9.792018227829976,0.9598209397747529,-24.926594552532723
97.99398297631984,2.288240915743515,8.205298653920662,9.792018227829976,0.9603468383572675,-24.802503737270275
77.12426120156984,2.1836507338229865,8.205298653920662,9.792018227829976,0.957783812535671,-25.584969675682903
84.81676418832642,2.279398225026654,8.205298653920662,9.792018227829976,0.9594434473284944,-25.040181117147153
97.47618707059956,2.292773278340249,8.205298653920662,9.792018227829976,0.9603667198248058,-24.78390440844529
76.96971120448829,2.1652335225761874,8.205298653920662,9.792018227829976,0.9572030851067419,-25.78648404657147
93.48349462266626,2.3086705551267954,8.205298653920662,9.792018227829976,0.9603108011307306,-24.778500758235786
83.76544213298723,2.206271125948689,8.205298653920662,9.792018227829976,0.9572213527016094,-25.822297738740094
78.27156754296466,2.204812944037812,8.205298653920662,9.792018227829976,0.9581448949000531,-25.450417268655205
97.06954461800346,2.2956831180266875,8.205298653920662,9.792018227829976,0.9603654408798251,-24.774937074915897
78.85066621438955,2.213835342185348,8.205298653920662,9.792018227829976,0.9582968176156393,-25.398636635223152
98.23284913301228,2.263933061433377,8.205298653920662,9.792018227829976,0.9595996907297246,-25.053772704258897
82.19590696459262,2.196240839537211,8.205298653920662,9.792018227829976,0.9570890543125866,-25.85281928676097
79.65031979527429,2.225211384753265,8.205298653920662,9.792018227829976,0.9584723944502868,-25.33589758215505
85.59085957420206,2.2849812743753546,8.205298653920662,9.792018227829976,0.9594885331326609,-25.007363896171835
82.19273929543178,2.196266664252704,8.205298653920662,9.792018227829976,0.9570614259243363,-25.852319514557173
87.2320394871389,2.225717280047192,8.205298653920662,9.792018227829976,0.9575203428602566,-25.719047383717253
98.76668011333244,2.273870906412256,8.205298653920662,9.792018227829976,0.9599723984735201,-24.909624618116954
88.17647414491383,2.299607122221232,8.205298653920662,9.792018227829976,0.9597846737452436,-24.9095338886817
85.18129271177695,2.2147920423120557,8.205298653920662,9.792018227829976,0.9572892047816247,-25.784582310985652
76.77154046744289,2.1728086301206844,8.205298653920662,9.792018227829976,0.9574349151927853,-25.675904771214082
81.9309160045505,2.252734070269099,8.205298653920662,9.792018227829976,0.9588874600814132,-25.188567222010366
98.73634378760244,2.275435693645392,8.205298653920662,9.792018227829976,0.9599915329278695,-24.894532598441806
85.47856810208162,2.2841328437996964,8.205298653920662,9.792018227829976,0.9594285373721481,-25.012819353286567
98.60045761265889,2.2679341760403133,8.205298653920662,9.792018227829976,0.9597286078776059,-24.985864289162066
82.68434220137885,2.199546589844587,8.205298653920662,9.792018227829976,0.957057700841143,-25.843205548806164
92.76550980821156,2.247387207721104,8.205298653920662,9.792018227829976,0.9582708387024875,-25.471235242278315
94.7730784991667,2.305973589120171,8.205298653920662,9.792018227829976,0.9602667839308954,-24.76719557544453
89.61452534034841,2.236481372002814,8.205298653920662,9.792018227829976,0.9577813700822675,-25.62464216468577
90.11953720997744,2.2384846674491143,8.205298653920662,9.792018227829976,0.9578428739013843,-25.602245161854565
88.99795514171565,2.302805411754022,8.205298653920662,9.792018227829976,0.9598174107808392,-24.883754036597974
96.608601434038,2.2576215791005723,8.205298653920662,9.792018227829976,0.9590181140652292,-25.216718567907044
96.29956441189748,2.2567631395071146,8.205298653920662,9.792018227829976,0.9589423501173224,-25.241702435104155
98.25791612237022,2.2645857683370423,8.205298653920662,9.792018227829976,0.9595243501477759,-25.044967507706186
97.02800259171836,2.295652386599329,8.205298653920662,9.792018227829976,0.9602419891111864,-24.777489779732424
87.29593632841579,2.295250878988611,8.205298653920662,9.792018227829976,0.9596076360314312,-24.941627643507427
81.3510855426468,2.246200706370331,8.205298653920662,9.792018227829976,0.9587069880732954,-25.224257381223268
84.84142544635014,2.212952070900513,8.205298653920662,9.792018227829976,0.9571775250035098,-25.792651941491485
78.83627446210212,2.213283561728474,8.205298653920662,9.792018227829976,0.9581418581446889,-25.403706994912017
80.35614021358047,2.234218959418598,8.205298653920662,9.792018227829976,0.9584904677211915,-25.288657593520128
83.55884871283962,2.268621819421071,8.205298653920662,9.792018227829976,0.959063922013261,-25.102899267895
82.69590163353195,2.2604668504765897,8.205298653920662,9.792018227829976,0.9589204028341194,-25.147721134852656
94.15662264706972,2.3073071540129746,8.205298653920662,9.792018227829976,0.9601620857852757,-24.773692961684223
87.44151676005055,2.2959473288071592,8.205298653920662,9.792018227829976,0.9595819553232673,-24.936977637671127
98.26776050995726,2.2841507028259542,8.205298653920662,9.792018227829976,0.9600575461261337,-24.82993703069028
91.09797978072822,2.242206410163476,8.205298653920662,9.792018227829976,0.9578995499124571,-25.555133276409986
96.5009686422302,2.2986942115019677,8.205298653920662,9.792018227829976,0.9601763865059542,-24.771732830045618
77.09746980363906,2.1817301109084326,8.205298653920662,9.792018227829976,0.957493463000974,-25.604741883374658
79.61128965313897,2.2242770594603485,8.205298653920662,9.792018227829976,0.9582592420933167,-25.343375633240548
78.75361119575183,2.2118682117391018,8.205298653920662,9.792018227829976,0.9580494053257472,-25.41269038002965
77.17887205646564,2.166433815055313,8.205298653920662,9.792018227829976,0.956956137498046,-25.793805388044134
95.39510582260615,2.2546583534423945,8.205298653920662,9.792018227829976,0.9586298854341373,-25.306132750438646
77.16608778051597,2.183226987341797,8.205298653920662,9.792018227829976,0.9574968331966193,-25.594196468870567
93.0569184336608,2.308658173028874,8.205298653920662,9.792018227829976,0.9600283763845312,-24.789176727676576
95.69845821589598,2.3024873868459537,8.205298653920662,9.792018227829976,0.9601331179066644,-24.767990454790425
94.29488361996928,2.251856412018157,8.205298653920662,9.792018227829976,0.9584021805265452,-25.378880458862447
80.71864438676948,2.186711453486637,8.205298653920662,9.792018227829976,0.9567953876630052,-25.865052801088854
77.65749112101638,2.1933422974960592,8.205298653920662,9.792018227829976,0.957677626683156,-25.525058075765354
79.1113866210071,2.175998004523024,8.205298653920662,9.792018227829976,0.9567513835995426,-25.86296935384104
97.60531791141572,2.2907705128301927,8.205298653920662,9.792018227829976,0.9600369089706424,-24.798161331099948
97.71631428736148,2.2620673041706425,8.205298653920662,9.792018227829976,0.9591765187366798,-25.106113827417055
78.0008647085094,2.1994459049677038,8.205298653920662,9.792018227829976,0.957756979118068,-25.4871809837948
79.24478269569933,2.176992604134071,8.205298653920662,9.792018227829976,0.9566967442906107,-25.862666708540075
84.04013586964264,2.272565989415625,8.205298653920662,9.792018227829976,0.9589562270295066,-25.082234570707858
92.1779629751419,2.308677815245943,8.205298653920662,9.792018227829976,0.9598651548347896,-24.80635675158387
82.53444692945004,2.198985877103638,8.205298653920662,9.792018227829976,0.9568019114919638,-25.841021491942165
77.86908126960714,2.196939790195458,8.205298653920662,9.792018227829976,0.9576548428884708,-25.503699460380737
91.7095156428571,2.2445057114588565,8.205298653920662,9.792018227829976,0.9578521476257461,-25.522291372982313
86.35813797775194,2.221673534297679,8.205298653920662,9.792018227829976,0.9571358940024686,-25.74383948556333
94.9921473187762,2.253881690020208,8.205298653920662,9.792018227829976,0.9584250135265862,-25.331036482888308
89.45637129648098,2.236234362247544,8.205298653920662,9.792018227829976,0.9574977467930179,-25.62689761009537
97.1616219649962,2.2600701711076425,8.205298653920662,9.792018227829976,0.9589250833956958,-25.160071701844593
78.11693963583829,2.1703574154719405,8.205298653920662,9.792018227829976,0.9566868605999138,-25.839677828977774
98.29968735949753,2.282589960374352,8.205298653920662,9.792018227829976,0.9598167984208339,-24.844890014465314
97.36374627423244,2.2608929043322235,8.205298653920662,9.792018227829976,0.9589670330372378,-25.139615989818775
85.28983623081965,2.2823100830647007,8.205298653920662,9.792018227829976,0.9590676941236458,-25.026128791918218
98.55576590741538,2.277128568930607,8.205298653920662,9.792018227829976,0.959684776363881,-24.88795951713887
92.14362412171502,2.245993399274113,8.205298653920662,9.792018227829976,0.9578671985064043,-25.49889521513156
77.01550144696124,2.168143273092141,8.205298653920662,9.792018227829976,0.9568750173945912,-25.756648514137108
78.49611699921469,2.1725348629693286,8.205298653920662,9.792018227829976,0.9566413810758609,-25.849173975304186
82.28159985361721,2.2558620389104647,8.205298653920662,9.792018227829976,0.9585886801528557,-25.175013909590124
84.57736431228217,2.211792992966494,8.205298653920662,9.792018227829976,0.9569013000208517,-25.795150563778492
92.7297756583114,2.308542492395261,8.205298653920662,9.792018227829976,0.959826450115298,-24.79757323712315
98.37251234731872,2.267389164713137,8.205298653920662,9.792018227829976,0.9593348214528999,-25.0067069854401
82.62258971332184,2.2593069663929413,8.205298653920662,9.792018227829976,0.9586291730042796,-25.156477718709098
78.46514720011734,2.206811559437341,8.205298653920662,9.792018227829976,0.9577479905355704,-25.445069495231543
79.43991746899052,2.221429991744856,8.205298653920662,9.792018227829976,0.9579903826735539,-25.361812174234654
76.97121249154223,2.1761239092489437,8.205298653920662,9.792018227829976,0.9571178440886038,-25.657653056496056
77.74617812721502,2.1943492303805527,8.205298653920662,9.792018227829976,0.9575071301259424,-25.52196167170889
77.80538770707818,2.195433552109307,8.205298653920662,9.792018227829976,0.9575222903170433,-25.51507442048577
77.42068942878603,2.187852607499977,8.205298653920662,9.792018227829976,0.9573730468396873,-25.56571363828448
92.93212683901984,2.308393371336635,8.205298653920662,9.792018227829976,0.9598035517520194,-24.794843699367828
96.11335403939896,2.257013393621804,8.205298653920662,9.792018227829976,0.9585874951087745,-25.247826942673612
90.20729277914056,2.3058840307507893,8.205298653920662,9.792018227829976,0.9595760778006465,-24.8541875501392
92.05935492160592,2.245844411655213,8.205298653920662,9.792018227829976,0.9577821607859702,-25.501962208581936
97.12780940820896,2.2939598819973384,8.205298653920662,9.792018227829976,0.9598528826493287,-24.79039855774885
85.29170541586392,2.216032498895842,8.205298653920662,9.792018227829976,0.9568990492852777,-25.774294814189442
79.3209611583848,2.177833819106453,8.205298653920662,9.792018227829976,0.95655331729079,-25.85918802000432
88.06109641010227,2.2303109653037865,8.205298653920662,9.792018227829976,0.9572035436954257,-25.68136951714427
78.0934250652199,2.17059935859956,8.205298653920662,9.792018227829976,0.9565830618011487,-25.83456558981788
89.30100651748577,2.3032782011784576,8.205298653920662,9.792018227829976,0.9594461858694919,-24.88060253080879
96.0658769440544,2.300254604037008,8.205298653920662,9.792018227829976,0.9598557379658303,-24.775645076730527
76.96597074144589,2.174769904406688,8.205298653920662,9.792018227829976,0.9570050443295972,-25.67307614317429
98.41038805642006,2.2796019400333023,8.205298653920662,9.792018227829976,0.9596084936383589,-24.87038042662484
79.63768074985373,2.2239713518891198,8.205298653920662,9.792018227829976,0.9579319559729281,-25.348995295647278
96.92617268874068,2.2596834259894933,8.205298653920662,9.792018227829976,0.9587172076673534,-25.177156413550502
79.98537237652143,2.182319022844851,8.205298653920662,9.792018227829976,0.9565091271034983,-25.860761059908427
94.302240435332,2.306287310281803,8.205298653920662,9.792018227829976,0.9597558518611395,-24.779984181014903
76.97651645794814,2.1725396114952105,8.205298653920662,9.792018227829976,0.9568507826109403,-25.70051361298218
83.14381366526271,2.2641109520024685,8.205298653920662,9.792018227829976,0.9585432727972361,-25.131657217512
82.63969410487607,2.2592019761797104,8.205298653920662,9.792018227829976,0.9584554467022954,-25.15861747168944
92.32250379390412,2.308294950796281,8.205298653920662,9.792018227829976,0.959608710595847,-24.808009730857393
95.98075822468088,2.2569817157976075,8.205298653920662,9.792018227829976,0.9584187556395838,-25.25437166865485
78.64382725310028,2.173913271991921,8.205298653920662,9.792018227829976,0.9564596976430912,-25.84625999631399
78.23971769789647,2.171663975062728,8.205298653920662,9.792018227829976,0.9564801592997892,-25.83572426101605
88.67103928564653,2.300862792591147,8.205298653920662,9.792018227829976,0.9592686906077109,-24.901861261528506
86.90131624626677,2.29240126502539,8.205298653920662,9.792018227829976,0.9590610054649543,-24.963899608425084
96.84230028971848,2.2955680623287407,8.205298653920662,9.792018227829976,0.9597236584920953,-24.78816992654899
98.29994769240976,2.281047790386424,8.205298653920662,9.792018227829976,0.9595400238006433,-24.861661775494316
95.19394730725436,2.2549169125266246,8.205298653920662,9.792018227829976,0.9582238525026686,-25.311466439727592
95.92232851714792,2.3006273437840434,8.205298653920662,9.792018227829976,0.9597094995722673,-24.77815062032766
93.8196794850042,2.307067034810373,8.205298653920662,9.792018227829976,0.9596420673004856,-24.78643042375062
79.16261787159526,2.1772032018227634,8.205298653920662,9.792018227829976,0.9564021692238699,-25.85309542002126
77.1653500526523,2.1804673624005915,8.205298653920662,9.792018227829976,0.9569959180184153,-25.626497940562672
80.06126083422929,2.183060620395977,8.205298653920662,9.792018227829976,0.9564023384180577,-25.85800422299621
85.83682753734827,2.219318245944621,8.205298653920662,9.792018227829976,0.956788681052128,-25.755156072157902
77.01938176349833,2.1743704770024124,8.205298653920662,9.792018227829976,0.9568237657603713,-25.68332003176687
84.19152808681346,2.273335596139645,8.205298653920662,9.792018227829976,0.9586338299006967,-25.080576705505568
96.25077300589624,2.298931596962234,8.205298653920662,9.792018227829976,0.959680078750435,-24.781265288366132
77.68173470115869,2.192220358039407,8.205298653920662,9.792018227829976,0.9572253738865603,-25.540477158725324
87.35900954269496,2.29479021055829,8.205298653920662,9.792018227829976,0.959048349629112,-24.947913798005683
96.48660804355814,2.258641073710578,8.205298653920662,9.792018227829976,0.9584690234376803,-25.211502753936163
98.44833622319877,2.271579024493718,8.205298653920662,9.792018227829976,0.9592152795287852,-24.955723516386314
97.24586683330024,2.2613114226355435,8.205298653920662,9.792018227829976,0.9586729461054179,-25.14159540557928
93.95070182508212,2.3067501570728126,8.205298653920662,9.792018227829976,0.9595958445103446,-24.78598386090318
85.42672698037897,2.2171130455146084,8.205298653920662,9.792018227829976,0.9567055338890312,-25.766668081287353
85.79377647277943,2.28539337340294,8.205298653920662,9.792018227829976,0.9588234161610338,-25.009527886356036
85.42759470150509,2.217140993512018,8.205298653920662,9.792018227829976,0.9566907629983601,-25.76637465396051
80.36879784521571,2.185270884971942,8.205298653920662,9.792018227829976,0.9563336427157733,-25.855786410758622
77.06984395324373,2.171570730646053,8.205298653920662,9.792018227829976,0.9566437985361465,-25.721627890020745
90.48650546446116,2.2408098541732078,8.205298653920662,9.792018227829976,0.9572930978372601,-25.574826071401063
98.34364805706905,2.2697748875199864,8.205298653920662,9.792018227829976,0.9590704702028939,-24.982285567701187
83.35481958159141,2.265825236385794,8.205298653920662,9.792018227829976,0.9584084859729165,-25.12360260957293
78.51230025050936,2.173576817819878,8.205298653920662,9.792018227829976,0.9563276129289153,-25.838272713687623
88.92124559268187,2.2345593932113985,8.205298653920662,9.792018227829976,0.9570491063650468,-25.642705889750985
82.26221743897966,2.255038954695152,8.205298653920662,9.792018227829976,0.958196957826858,-25.18304187935578
95.58524827390131,2.301796753858696,8.205298653920662,9.792018227829976,0.959556327192472,-24.78025436563599
96.8859473298515,2.2947993910790103,8.205298653920662,9.792018227829976,0.9595380189381963,-24.794194801636472
95.86209483885676,2.3005633497133715,8.205298653920662,9.792018227829976,0.9595480274600512,-24.781528007095822
80.45224629988078,2.234185145736433,8.205298653920662,9.792018227829976,0.9578312561029909,-25.29621260048723
77.15988625285742,2.1787604851697324,8.205298653920662,9.792018227829976,0.9567839883775692,-25.646007157183988
77.38672955362249,2.1696957551380223,8.205298653920662,9.792018227829976,0.9564251768207874,-25.776139660061222
84.35412380776444,2.2110727079900983,8.205298653920662,9.792018227829976,0.956500193309067,-25.793809944417582
98.15723122664362,2.2820582183401683,8.205298653920662,9.792018227829976,0.9593375227966993,-24.859612631483188
83.54234761576123,2.267419335567596,8.205298653920662,9.792018227829976,0.9583589072699589,-25.115387507983705
92.69420482785704,2.307857506121792,8.205298653920662,9.792018227829976,0.9593841315571209,-24.805658793589274
89.891321990597,2.3045163421470107,8.205298653920662,9.792018227829976,0.9591473746211722,-24.869048121663344
98.38380967368953,2.273147794445705,8.205298653920662,9.792018227829976,0.9590632426529924,-24.942665566774984
97.76904411691606,2.264669680526552,8.205298653920662,9.792018227829976,0.9586770848890146,-25.074141205257405
92.17147890318128,2.246841288741237,8.205298653920662,9.792018227829976,0.9574191303164608,-25.488810791944964
77.57924244787472,2.189121743642076,8.205298653920662,9.792018227829976,0.9569308250765451,-25.56657927822842
94.8496734809086,2.2546084287401698,8.205298653920662,9.792018227829976,0.9578673744985953,-25.32829768680281
88.07021672824808,2.297857979843954,8.205298653920662,9.792018227829976,0.9588619947706606,-24.926970252501658
87.50353295737627,2.2283196898587363,8.205298653920662,9.792018227829976,0.9567073353826089,-25.694622504330397
96.13627496779816,2.25821986560932,8.205298653920662,9.792018227829976,0.9581415875396845,-25.233261837813657
79.2438415538675,2.1784137451797534,8.205298653920662,9.792018227829976,0.9561303101257961,-25.845722047616178
97.97038608924429,2.2665260672345084,8.205298653920662,9.792018227829976,0.9587033378272725,-25.041448810286102
82.42737218655441,2.256442095549403,8.205298653920662,9.792018227829976,0.9580367287500513,-25.177142800324475
77.27614605761126,2.1712438372110228,8.205298653920662,9.792018227829976,0.956350498196677,-25.746597853658784
96.55348230968032,2.259603865420118,8.205298653920662,9.792018227829976,0.9582201330082734,-25.197404511169445
81.02954533148598,2.240931587903418,8.205298653920662,9.792018227829976,0.9577606940079,-25.261556281252787
94.68354130535384,2.304518620533728,8.205298653920662,9.792018227829976,0.9593268459418381,-24.78602756181663
83.25798400548139,2.26454382330148,8.205298653920662,9.792018227829976,0.9581461912502582,-25.132826040502103
94.56455514531854,2.253961251186197,8.205298653920662,9.792018227829976,0.9577505601967522,-25.345949681379068
78.5031356910473,2.205799671102909,8.205298653920662,9.792018227829976,0.9571370242318985,-25.460175446502756
98.21628899390215,2.279460181046588,8.205298653920662,9.792018227829976,0.9590931706235861,-24.88424127253964
89.80843481053749,2.238589767886665,8.205298653920662,9.792018227829976,0.9569444724097643,-25.600956388519034
77.22013677895268,2.172484895476288,8.205298653920662,9.792018227829976,0.9563624899448516,-25.726204816453674
97.33643167277734,2.290606895005183,8.205298653920662,9.792018227829976,0.9592582462159891,-24.815198615149658
80.10333270541396,2.2292240419418903,8.205298653920662,9.792018227829976,0.9575226140049058,-25.326042381130446
90.4105772738308,2.305472800192703,8.205298653920662,9.792018227829976,0.9590017552374207,-24.858142876248493
77.4060484150169,2.1711952817742315,8.205298653920662,9.792018227829976,0.9562345505726623,-25.760288000830432
86.63974923960733,2.29024072226764,8.205298653920662,9.792018227829976,0.9585738469855098,-24.98100152893506
94.11137412681656,2.252833849666615,8.205298653920662,9.792018227829976,0.9576061600737413,-25.373846737737356
91.04300354361855,2.2433306946711866,8.205298653920662,9.792018227829976,0.9570692467082483,-25.542790374189767
98.01962999219516,2.2677182949143173,8.205298653920662,9.792018227829976,0.9586313723148162,-25.025269333305378
82.61637941249461,2.200707416366896,8.205298653920662,9.792018227829976,0.956119411369444,-25.82562895565031
96.56465140621374,2.259932766317263,8.205298653920662,9.792018227829976,0.9581237252346732,-25.193174606659642
96.59505962704075,2.2600542091891214,8.205298653920662,9.792018227829976,0.9581260298791705,-25.19027942739886
98.28168100398764,2.274469803438336,8.205298653920662,9.792018227829976,0.9588576967979576,-24.93468455356781
78.48629454227255,2.1744693974542173,8.205298653920662,9.792018227829976,0.9560115948627116,-25.82528659815118
87.74440351505004,2.296078691229809,8.205298653920662,9.792018227829976,0.9586417724772458,-24.94109340509272
98.22006260970024,2.2779569901854018,8.205298653920662,9.792018227829976,0.9589335337298469,-24.900416503216764
82.5262047156355,2.2571801270930365,8.205298653920662,9.792018227829976,0.957886132971572,-25.174649139558316
77.49956348408922,2.186003081237501,8.205298653920662,9.792018227829976,0.9566193042012617,-25.595169540733263
80.64890330684369,2.236004931215689,8.205298653920662,9.792018227829976,0.9575265409502463,-25.290078621158788
78.86803710851305,2.1766115706519145,8.205298653920662,9.792018227829976,0.9559768307258484,-25.834324681501982
87.91095862010107,2.2968314764452487,8.205298653920662,9.792018227829976,0.9586358234339846,-24.935672777994263
95.60820032205665,2.3009180705558947,8.205298653920662,9.792018227829976,0.9591816529601341,-24.788739352455302
79.47567352357588,2.18031403560002,8.205298653920662,9.792018227829976,0.9559526343222593,-25.84284422784162
78.52978584056387,2.174787189837432,8.205298653920662,9.792018227829976,0.955981509559072,-25.82549982915721
91.00774236871104,2.2433274851338325,8.205298653920662,9.792018227829976,0.9569892489847903,-25.54310825239573
90.468615230153,2.2413654718748437,8.205298653920662,9.792018227829976,0.9569010305780827,-25.5685560416802
94.86401731151189,2.303633023865828,8.205298653920662,9.792018227829976,0.9591493731115805,-24.789029345467185
94.8696890452917,2.303576332944885,8.205298653920662,9.792018227829976,0.9591294152792442,-24.789430128013873
93.43264705486564,2.306675502685863,8.205298653920662,9.792018227829976,0.9590633722007015,-24.801250173875776
89.07028831410845,2.235838610581098,8.205298653920662,9.792018227829976,0.9566567876276355,-25.629210671113974
77.49735131484954,2.1720393022018385,8.205298653920662,9.792018227829976,0.9560799072891756,-25.759417690533244
87.3548624471703,2.293981645626616,8.205298653920662,9.792018227829976,0.9584959515824096,-24.956619156795544
81.14409718538191,2.2418492888663195,8.205298653920662,9.792018227829976,0.9575373168074544,-25.259139610693513
78.24422950704319,2.173647025988174,8.205298653920662,9.792018227829976,0.9559366700421063,-25.812588316503994
95.40963050417898,2.301561989779543,8.205298653920662,9.792018227829976,0.9590942701850114,-24.790092600546966
94.89710482723996,2.303397048075581,8.205298653920662,9.792018227829976,0.9590825798051626,-24.790345076634004
95.38107081206626,2.2566719295262487,8.205298653920662,9.792018227829976,0.9577092205924643,-25.284148491440977
77.41860163321863,2.172559340764451,8.205298653920662,9.792018227829976,0.9560968036122657,-25.745381477753178
88.84331465360229,2.300587022363203,8.205298653920662,9.792018227829976,0.9586368721159537,-24.90646925767216
80.18274226850593,2.229754699633816,8.205298653920662,9.792018227829976,0.9572817346227066,-25.326116293097883
98.17309236671056,2.2723701810136845,8.205298653920662,9.792018227829976,0.958608065756284,-24.9645517196411
79.74582544096877,2.1823141044855703,8.205298653920662,9.792018227829976,0.9558341751783204,-25.841500228605074
85.86705161089198,2.220380579454684,8.205298653920662,9.792018227829976,0.9562165356887952,-25.743824636711565
88.33513616287544,2.298495480362263,8.205298653920662,9.792018227829976,0.9585314582101939,-24.92367624497978
97.9957747296397,2.281511812721618,8.205298653920662,9.792018227829976,0.9588304941823869,-24.875508276628572
92.10734887014628,2.307119663390864,8.205298653920662,9.792018227829976,0.9588717813698041,-24.824245710248785
77.3136822341457,2.175873868544926,8.205298653920662,9.792018227829976,0.9561612528851416,-25.695633040721876
77.31153226521303,2.176541731581807,8.205298653920662,9.792018227829976,0.9561828116868336,-25.687535228533356
93.52728893230184,2.306336947122645,8.205298653920662,9.792018227829976,0.9589434866081283,-24.802397357948973
77.33877557843611,2.1746978326280413,8.205298653920662,9.792018227829976,0.9561092811409904,-25.71205428967635
86.36311171906685,2.288167626929095,8.205298653920662,9.792018227829976,0.958264432959016,-24.99624277719963
98.07012293610866,2.279674318932493,8.205298653920662,9.792018227829976,0.95875650652509,-24.89098947550271
92.07016747295512,2.3070469000663536,8.205298653920662,9.792018227829976,0.9588304785640777,-24.82561579876185
85.74091198177875,2.2197821601147183,8.205298653920662,9.792018227829976,0.9561468725773621,-25.74660242594276
85.16655616917684,2.280001994682422,8.205298653920662,9.792018227829976,0.9580844969763807,-25.04695066840631
95.50000859810535,2.300934695358933,8.205298653920662,9.792018227829976,0.9589726865044346,-24.79311250350962
98.16038125630767,2.276133349066157,8.205298653920662,9.792018227829976,0.958651135197088,-24.924092597339396
94.91243665805904,2.25559363810126,8.205298653920662,9.792018227829976,0.9575045359376256,-25.31487216050789
96.85295463956538,2.2933764742847416,8.205298653920662,9.792018227829976,0.958935324479846,-24.811291184550672
83.51666592011692,2.2663605384529437,8.205298653920662,9.792018227829976,0.9578204546307977,-25.125837458546293
87.9148424893567,2.296539570460439,8.205298653920662,9.792018227829976,0.9584216568515376,-24.938902182955907
96.11254297147192,2.2980005424249583,8.205298653920662,9.792018227829976,0.9589598592212675,-24.797779243567504
97.89593404055256,2.2827042973483884,8.205298653920662,9.792018227829976,0.9587775112636415,-24.868567987469426
86.69797602829047,2.224913227010589,8.205298653920662,9.792018227829976,0.9562180602803007,-25.715625063134063
81.22440038581372,2.19214831050273,8.205298653920662,9.792018227829976,0.9557749758758142,-25.837148130528323
92.0586459329687,2.2472666930526515,8.205298653920662,9.792018227829976,0.9569424715898307,-25.485841779583637
81.24585764816322,2.242741881840857,8.205298653920662,9.792018227829976,0.9573882801946161,-25.256038977458765
98.14568142075127,2.2747138645782456,8.205298653920662,9.792018227829976,0.9585578164483366,-24.940554446743732
95.38855591316664,2.257065286575425,8.205298653920662,9.792018227829976,0.9575536684611707,-25.279433000486936
79.45929509049876,2.180833080201438,8.205298653920662,9.792018227829976,0.9557143551267493,-25.835323383174913
93.61642880307426,2.3060130730309965,8.205298653920662,9.792018227829976,0.9588357250778177,-24.803470020188307
86.92058022142159,2.291284914391156,8.205298653920662,9.792018227829976,0.9582084545121025,-24.976509114316066
86.27514043679146,2.2228238510976865,8.205298653920662,9.792018227829976,0.9560987549577531,-25.728124326242927
77.41388061330638,2.17505895514924,8.205298653920662,9.792018227829976,0.955972317548282,-25.71533564282062
92.96616050942345,2.306682704827608,8.205298653920662,9.792018227829976,0.9587714397904993,-24.812462626749056
84.4400990449319,2.2741789757792503,8.205298653920662,9.792018227829976,0.9578643761331009,-25.082109056395247
80.51527095486199,2.1876622377867534,8.205298653920662,9.792018227829976,0.9556775482770516,-25.838657063288206
85.09252576219696,2.216342106281587,8.205298653920662,9.792018227829976,0.9559691928673935,-25.76316190995698
98.01257117914804,2.27970400402576,8.205298653920662,9.792018227829976,0.9586189909575373,-24.89419796434663
91.90521031250982,2.24692009098969,8.205298653920662,9.792018227829976,0.9568273989609938,-25.492133384603935
97.75225867170444,2.267496942065065,8.205298653920662,9.792018227829976,0.9581736689036644,-25.043893317141926
80.85911931541158,2.1899686887851715,8.205298653920662,9.792018227829976,0.9556581426375753,-25.836871600657094
96.3051793480314,2.296571117905742,8.205298653920662,9.792018227829976,0.9588124957692844,-24.80413121680501
94.44408710966972,2.254585239739285,8.205298653920662,9.792018227829976,0.957267627039383,-25.343135810762494
95.2530555926052,2.301575661739846,8.205298653920662,9.792018227829976,0.9588047391440175,-24.796268092854593
78.22464987711025,2.199343209066768,8.205298653920662,9.792018227829976,0.9565082307048662,-25.50933492357543
96.22452739378568,2.2598822007795576,8.205298653920662,9.792018227829976,0.9576587224066735,-25.210504870817875
98.00301528839628,2.2793958710974493,8.205298653920662,9.792018227829976,0.9585591452958339,-24.898145604804
84.67117056760031,2.2759418497507085,8.205298653920662,9.792018227829976,0.9578367210539467,-25.072326846883495
96.81250446891718,2.2620939057325984,8.205298653920662,9.792018227829976,0.9578085827866484,-25.15635327240692
77.44486516820237,2.175499930744536,8.205298653920662,9.792018227829976,0.955910060932493,-25.713226151623708
95.4003176015896,2.300947723867168,8.205298653920662,9.792018227829976,0.9587846144942462,-24.797088405199023
98.0637564598926,2.2770654597878206,8.205298653920662,9.792018227829976,0.9584862576822976,-24.91988477014911
78.79034934253063,2.177287427879108,8.205298653920662,9.792018227829976,0.9556260434472266,-25.819394940765246
81.3028724211759,2.2430880548728,8.205298653920662,9.792018227829976,0.9572224774045679,-25.25600020598191
93.11472135200631,2.306338145447341,8.205298653920662,9.792018227829976,0.9586478832313831,-24.81275002392394
92.44600247565492,2.306664842700485,8.205298653920662,9.792018227829976,0.9585968752511771,-24.823304020849907
98.03471839010112,2.277019479492409,8.205298653920662,9.792018227829976,0.9584155695236733,-24.92217386725284
97.94613880742364,2.270821502359439,8.205298653920662,9.792018227829976,0.9582045239867377,-24.99558444105088
97.52170819560904,2.266190754428365,8.205298653920662,9.792018227829976,0.9579784745374745,-25.071844271780275
94.76966252974871,2.2557174279618977,8.205298653920662,9.792018227829976,0.9572371877617231,-25.318826540809116
89.28391851880573,2.2373293706666857,8.205298653920662,9.792018227829976,0.9563158753782228,-25.613513957549618
97.71816806243925,2.267957786314085,8.205298653920662,9.792018227829976,0.9580501219833905,-25.040830792503304
97.78907122156544,2.2827215704356973,8.205298653920662,9.792018227829976,0.9585114168489379,-24.874769361258995
79.08083015396215,2.1791498418152457,8.205298653920662,9.792018227829976,0.9555275213671605,-25.82292705558912
96.18226681959536,2.296894326410822,8.205298653920662,9.792018227829976,0.9586610654248223,-24.80646422964935
89.58833239915835,2.3024649333548552,8.205298653920662,9.792018227829976,0.9583020644928227,-24.890595846732893
98.02088452262036,2.274792176701851,8.205298653920662,9.792018227829976,0.9582826490584012,-24.947412424257045
86.23276386169977,2.2868523107498646,8.205298653920662,9.792018227829976,0.9579082883613056,-25.00693079742492
81.18701085608602,2.241531220508975,8.205298653920662,9.792018227829976,0.9570937613982233,-25.26566300530738
79.53254141653211,2.2199256380975214,8.205298653920662,9.792018227829976,0.9567228699879927,-25.386605577341356
86.924656308435,2.290984969699821,8.205298653920662,9.792018227829976,0.9579885334803194,-24.97987293344655
84.95193037530282,2.2778911048366126,8.205298653920662,9.792018227829976,0.9577229654079351,-25.062032079632633
81.82484393747687,2.2488074609005797,8.205298653920662,9.792018227829976,0.9572046419752186,-25.225860172576308
80.63893257865492,2.234807582683871,8.205298653920662,9.792018227829976,0.9569663473352649,-25.302895974781862
77.48464859555315,2.177961248767474,8.205298653920662,9.792018227829976,0.9558297099056385,-25.688147048872814
77.53540329290465,2.182175916967253,8.205298653920662,9.792018227829976,0.9559448443194182,-25.643588082190185
78.57446455726999,2.2048819477303567,8.205298653920662,9.792018227829976,0.9564221217938834,-25.47719708601824
79.18014165735926,2.179893188440332,8.205298653920662,9.792018227829976,0.9554644840043284,-25.822718720003977
83.40173499039702,2.264739890453015,8.205298653920662,9.792018227829976,0.9574454000278083,-25.13802589433426
97.997461192261,2.275345784491023,8.205298653920662,9.792018227829976,0.9582461569012343,-24.942780445005123
96.80254263575296,2.2626527765145568,8.205298653920662,9.792018227829976,0.9576371080952696,-25.150664941449353
97.85092856235582,2.2703208820568506,8.205298653920662,9.792018227829976,0.9580524306702937,-25.006857686018563
88.35033999646285,2.297910511641021,8.205298653920662,9.792018227829976,0.9580896288111417,-24.930208950496795
95.03064380920851,2.25677775124214,8.205298653920662,9.792018227829976,0.9571574992354475,-25.29705615365943
94.13828245106788,2.3044033650831466,8.205298653920662,9.792018227829976,0.9585074029485163,-24.80546929696127
94.74325241872224,2.3027678636650397,8.205298653920662,9.792018227829976,0.9585144644211261,-24.802730521471243
93.00012265495089,2.250901287783094,8.205298653920662,9.792018227829976,0.9567310111944359,-25.42624680898068
78.49179703007303,2.2031256427015222,8.205298653920662,9.792018227829976,0.9562906988961768,-25.490035749932858
78.78087643757057,2.2080332564430734,8.205298653920662,9.792018227829976,0.9563817087938185,-25.459211693331476
82.26727500058588,2.19966124049688,8.205298653920662,9.792018227829976,0.9554460368278722,-25.817025354754566
81.68938408334117,2.247059989318899,8.205298653920662,9.792018227829976,0.9570446085920258,-25.236822507939607
97.61724792573196,2.2680501381274354,8.205298653920662,9.792018227829976,0.9578566846698092,-25.045750301694607
89.66612684762543,2.30244860814382,8.205298653920662,9.792018227829976,0.9581482963404714,-24.89099211801991
97.83369501582824,2.28037195072838,8.205298653920662,9.792018227829976,0.9582686856092818,-24.897725619961
77.66842511445573,2.185471015689103,8.205298653920662,9.792018227829976,0.9558962809928585,-25.61801455662387
94.15400199243234,2.304270318267754,8.205298653920662,9.792018227829976,0.9584560683626893,-24.806407411228474
90.99123203378872,2.305296670801397,8.205298653920662,9.792018227829976,0.9582506098444706,-24.85695906894813
79.13527043433743,2.213565161146704,8.205298653920662,9.792018227829976,0.9564423227062019,-25.42628958693959
78.56458458871754,2.204257056009652,8.205298653920662,9.792018227829976,0.9562709394208673,-25.483527630996957
79.35592599064537,2.216909393052532,8.205298653920662,9.792018227829976,0.9564997912182961,-25.40653027789895
97.86920603217897,2.2719628138918893,8.205298653920662,9.792018227829976,0.957990681487431,-24.987694418249912
93.19212526182356,2.251579789141374,8.205298653920662,9.792018227829976,0.9567153796686307,-25.413981716912666
88.08910750269534,2.296603362177919,8.205298653920662,9.792018227829976,0.9579431247784973,-24.940856085675097
96.44997297190558,2.294698254028092,8.205298653920662,9.792018227829976,0.9584345626129628,-24.817353835244877
97.63352710101653,2.26848529906313,8.205298653920662,9.792018227829976,0.9578298236334646,-25.039995811099104
79.19141514133258,2.1803668451133973,8.205298653920662,9.792018227829976,0.9553280649102904,-25.818082114562937
77.88962259634242,2.1755160764747927,8.205298653920662,9.792018227829976,0.955456017405655,-25.756711417678417
88.52571682001499,2.234438265585567,8.205298653920662,9.792018227829976,0.9559703045493043,-25.640150800999375
96.15603320754636,2.260607438049192,8.205298653920662,9.792018227829976,0.957313925547442,-25.205689164573577
97.91361807275293,2.275908525626946,8.205298653920662,9.792018227829976,0.9580803756651939,-24.94171642113399
77.64715693013528,2.184009087639581,8.205298653920662,9.792018227829976,0.9557878296851896,-25.6330723499152
90.90383666769736,2.244083931010252,8.205298653920662,9.792018227829976,0.9562965966922872,-25.535275025269772
87.01279797607648,2.291145047515357,8.205298653920662,9.792018227829976,0.9577739586671342,-24.98016347405676
97.5219784788328,2.2676634641585736,8.205298653920662,9.792018227829976,0.9577419988025265,-25.05555451919108
86.81020489684899,2.2899708387351723,8.205298653920662,9.792018227829976,0.9577299608122991,-24.988197641858022
97.84053427399684,2.2722416560657166,8.205298653920662,9.792018227829976,0.9579214270144584,-24.986354535647024
83.91982638094221,2.2690463491645403,8.205298653920662,9.792018227829976,0.9573064639294551,-25.115558399403174
89.99068052890186,2.2406836375157297,8.205298653920662,9.792018227829976,0.9561223572051022,-25.577187657741042
79.39134064222313,2.1817110337545387,8.205298653920662,9.792018227829976,0.9552534936498468,-25.8192144366579
78.79485098842582,2.20781423112264,8.205298653920662,9.792018227829976,0.9562304913037868,-25.46296715666372
97.7173545985346,2.27035350519256,8.205298653920662,9.792018227829976,0.957792772701373,-25.014469185075388
88.51853820732185,2.298251355841004,8.205298653920662,9.792018227829976,0.9578709784212079,-24.928513652439968
83.52092374618903,2.207824414775501,8.205298653920662,9.792018227829976,0.9553671568085035,-25.791874400755574
84.37625718103298,2.212976248781601,8.205298653920662,9.792018227829976,0.9554317426824235,-25.772616123860477
96.92524735344892,2.2907459675822537,8.205298653920662,9.792018227829976,0.9582586769358216,-24.835980850446866
81.8107746240068,2.248081800111265,8.205298653920662,9.792018227829976,0.956880867627216,-25.23310774777487
96.34463735936453,2.261604232554859,8.205298653920662,9.792018227829976,0.9572669804032385,-25.185503927969446
85.96192036566133,2.2845913545424423,8.205298653920662,9.792018227829976,0.9575334805842649,-25.02359489835968
94.56203886102784,2.302855233533151,8.205298653920662,9.792018227829976,0.9582814605099428,-24.808174721249856
96.34090321780508,2.2616193288065176,8.205298653920662,9.792018227829976,0.9572568671602238,-25.185518356525183
95.72126723540644,2.298402774648565,8.205298653920662,9.792018227829976,0.9582888331655524,-24.810995675127625
97.27991810776992,2.287281491566816,8.205298653920662,9.792018227829976,0.9581908027787273,-24.854401219550876
94.9937346402698,2.301421700996784,8.205298653920662,9.792018227829976,0.9582702528137553,-24.807991031689493
77.90056158500832,2.190210210561617,8.205298653920662,9.792018227829976,0.9557912754359827,-25.5850404228195
93.496845234258,2.305094163336776,8.205298653920662,9.792018227829976,0.9582144410326521,-24.816571537245274
87.78058315504994,2.294894199705226,8.205298653920662,9.792018227829976,0.957718353810482,-24.954575334888915
88.75833458185436,2.235708594163242,8.205298653920662,9.792018227829976,0.9558529330722932,-25.62805588113537
97.83725848803216,2.275603825138532,8.205298653920662,9.792018227829976,0.9579015013180112,-24.949653343323185
78.97101546689248,2.17970533483998,8.205298653920662,9.792018227829976,0.9551749557618576,-25.8067563219811
90.75788161284,2.304577798622788,8.205298653920662,9.792018227829976,0.958008188751866,-24.866254476862835
88.53516749136747,2.298196853572165,8.205298653920662,9.792018227829976,0.957791689252698,-24.929290591686343
96.6516469226416,2.2630431447746133,8.205298653920662,9.792018227829976,0.9573040367016642,-25.15414152449283
97.61408352039426,2.2696338062373087,8.205298653920662,9.792018227829976,0.9576645302506466,-25.02846824106817
97.80596683630569,2.2778497896631507,8.205298653920662,9.792018227829976,0.9579495029474822,-24.926935877803867
78.83831038121289,2.2081506996540554,8.205298653920662,9.792018227829976,0.9561132132093618,-25.462907292222386
78.1148606415973,2.1948413911163698,8.205298653920662,9.792018227829976,0.9558500069011439,-25.5513736497791
90.99390200985188,2.3049190699990163,8.205298653920662,9.792018227829976,0.9580081187657347,-24.861008963432965
93.96158450611652,2.2542875915783758,8.205298653920662,9.792018227829976,0.9566528665926508,-25.362170605831604
85.85860023245664,2.221518477301061,8.205298653920662,9.792018227829976,0.9554825774697902,-25.73037030481713
81.50321362417661,2.195256849712848,8.205298653920662,9.792018227829976,0.9551523891803045,-25.81965596541756
83.87729710541333,2.21018281934434,8.205298653920662,9.792018227829976,0.9552856215177469,-25.7820670557842
96.8195948093988,2.291221320467528,8.205298653920662,9.792018227829976,0.9581465922071354,-24.836350120486568
89.38204742324815,2.2384732229319297,8.205298653920662,9.792018227829976,0.9558789229247044,-25.600942651074558
84.62182962386791,2.2746064429575767,8.205298653920662,9.792018227829976,0.9572170593699337,-25.085014498601375
97.3074795563421,2.286447430263806,8.205298653920662,9.792018227829976,0.9580625445325838,-24.861932149722964
84.22249124164829,2.212307260234539,8.205298653920662,9.792018227829976,0.9552790911499816,-25.773500067432316
78.63264752232496,2.2044029565558105,8.205298653920662,9.792018227829976,0.9559675129080765,-25.487946897056847
84.34939534760302,2.272349172497428,8.205298653920662,9.792018227829976,0.9571511314825084,-25.098395947290992
95.89756453726216,2.2971458975559784,8.205298653920662,9.792018227829976,0.9581391789115364,-24.816793346408087
81.55480551532035,2.1957219487231185,8.205298653920662,9.792018227829976,0.9550901149451021,-25.81765160083071
93.55386563306004,2.253234632538252,8.205298653920662,9.792018227829976,0.9564963643043357,-25.385878445376015
96.55648098562304,2.2630247294080164,8.205298653920662,9.792018227829976,0.9571661206166344,-25.159183729101276
95.76127377046024,2.29777283953149,8.205298653920662,9.792018227829976,0.958108627069903,-24.81605176623927
90.95942665312548,2.2447433355243334,8.205298653920662,9.792018227829976,0.9560389322301238,-25.52737499057275
81.69050608853641,2.246376449074305,8.205298653920662,9.792018227829976,0.9566606654386774,-25.24456998268375
87.05559750385854,2.2909255257663403,8.205298653920662,9.792018227829976,0.9574740377770239,-24.983522727558864
97.45117957950544,2.284188846925033,8.205298653920662,9.792018227829976,0.9579444645943868,-24.87842007985145
94.9689769886599,2.3011038829410357,8.205298653920662,9.792018227829976,0.9580784047065808,-24.812350031279237
78.19080762450666,2.195682786549895,8.205298653920662,9.792018227829976,0.9557117117795465,-25.54869000943072
97.7441486030844,2.2770897685150544,8.205298653920662,9.792018227829976,0.9577607763171646,-24.938924976322806
86.16712019066996,2.2234016367415563,8.205298653920662,9.792018227829976,0.9553765669387478,-25.718239094597973
87.02078608028557,2.2278308242004243,8.205298653920662,9.792018227829976,0.9554576059800138,-25.689904993225365
78.13506330743687,2.1775196207372574,8.205298653920662,9.792018227829976,0.9551091004899771,-25.75644074759186
78.10733069621843,2.1936725310081187,8.205298653920662,9.792018227829976,0.9556303425423752,-25.564274261042055
97.44649822985151,2.269063927304913,8.205298653920662,9.792018227829976,0.9574215467427747,-25.044432347296556
95.43473323894192,2.2991119759500838,8.205298653920662,9.792018227829976,0.9580233165323806,-24.815463582102225
97.68873598858616,2.273133344821844,8.205298653920662,9.792018227829976,0.957584799613582,-24.985582722941945
93.35015685813023,2.252814637554792,8.205298653920662,9.792018227829976,0.9563607044979974,-25.396054789978116
87.85753493531439,2.231977783414578,8.205298653920662,9.792018227829976,0.9555107788233875,-25.65895217133282
80.93523487995871,2.19204212633457,8.205298653920662,9.792018227829976,0.9549378054069597,-25.81793943433866
78.89864956104508,2.1801623266685937,8.205298653920662,9.792018227829976,0.9549523379102568,-25.794977387119136
90.61336311054647,2.3039058227754623,8.205298653920662,9.792018227829976,0.9577319222627954,-24.874254064928348
89.04754989712244,2.2373673745626945,8.205298653920662,9.792018227829976,0.9556462270093644,-25.611540496089823
97.57265242363728,2.2710901062871613,8.205298653920662,9.792018227829976,0.9574589990070711,-25.01483880419779
97.27610586696431,2.2677598332805786,8.205298653920662,9.792018227829976,0.9573005087368703,-25.06845630740058
79.336652288077,2.182413512251713,8.205298653920662,9.792018227829976,0.9549221345478714,-25.80628155818092
84.28804107545572,2.271532011206915,8.205298653920662,9.792018227829976,0.9569487634076053,-25.104745559986576
88.74916492480375,2.236112927066756,8.205298653920662,9.792018227829976,0.9555809205691064,-25.623334969413225
94.94400172566716,2.257760861881593,8.205298653920662,9.792018227829976,0.9566198213333311,-25.289383625775084
86.20543004789108,2.223783162693138,8.205298653920662,9.792018227829976,0.9552729512527997,-25.71497505815975
96.41862824924948,2.2629755833438026,8.205298653920662,9.792018227829976,0.956973290191759,-25.166614432284014
85.70110803070496,2.282267679725664,8.205298653920662,9.792018227829976,0.9571297483370825,-25.040750003444792
77.9267612827196,2.17901859740222,8.205298653920662,9.792018227829976,0.9550838077072352,-25.718901558604482
90.02023665929873,2.30251101018024,8.205298653920662,9.792018227829976,0.9576065343887353,-24.890738934626025
78.36271125968447,2.198420703986642,8.205298653920662,9.792018227829976,0.9556017936865804,-25.53277893825863
95.76808016467544,2.2972107348464874,8.205298653920662,9.792018227829976,0.9578948489903566,-24.821823071101775
93.89725353499357,2.30372235835479,8.205298653920662,9.792018227829976,0.9578671783688227,-24.82013079109359
89.97408512607475,2.241314306915527,8.205298653920662,9.792018227829976,0.9557047953349771,-25.569992045683037
89.37740280117396,2.2388887824750725,8.205298653920662,9.792018227829976,0.9556166980808373,-25.59617082142731
78.1785207015975,2.178444701185512,8.205298653920662,9.792018227829976,0.954967535018733,-25.749603661938725
80.56235162507713,2.189939274656908,8.205298653920662,9.792018227829976,0.9548237729751968,-25.815338615047594
82.32980684341962,2.2529177078706937,8.205298653920662,9.792018227829976,0.956536894419533,-25.210763672141418
95.0498718896509,2.258270057143278,8.205298653920662,9.792018227829976,0.9565711579126789,-25.279599805405255
80.22835116038554,2.187882652646664,8.205298653920662,9.792018227829976,0.954816820510161,-25.81411621157875
78.06734927063007,2.19170950825486,8.205298653920662,9.792018227829976,0.9554186599226205,-25.58339346695298
78.14281531760629,2.193483991037368,8.205298653920662,9.792018227829976,0.9554506975569701,-25.56980026365245
78.46817287627806,2.178997880369309,8.205298653920662,9.792018227829976,0.9548889115968784,-25.769979539138088
93.95573093276693,2.303495505225186,8.205298653920662,9.792018227829976,0.9578146866855048,-24.82083497240188
84.97736629558946,2.2171872493429845,8.205298653920662,9.792018227829976,0.9550595345600604,-25.74885007575776
82.16573499300056,2.200177038498282,8.205298653920662,9.792018227829976,0.9548441651307399,-25.804724169736243
78.55652364322201,2.201836844327346,8.205298653920662,9.792018227829976,0.9555960226223054,-25.510798488476027
91.55270101469031,2.3049049167757545,8.205298653920662,9.792018227829976,0.9576510872745394,-24.855772754000867
78.14969122105326,2.1933230524107614,8.205298653920662,9.792018227829976,0.9553934493717735,-25.572319687850694
78.74155594705951,2.205026432364832,8.205298653920662,9.792018227829976,0.9556149532061818,-25.490434950324346
96.28065580291585,2.2938746501555585,8.205298653920662,9.792018227829976,0.957756343056362,-24.8344452174444
88.15448852205385,2.295901262558175,8.205298653920662,9.792018227829976,0.9572911944149842,-24.94941264710977
83.54726858021156,2.2088545870873304,8.205298653920662,9.792018227829976,0.9548862236226808,-25.78119491004032
78.91102619327872,2.207922209360845,8.205298653920662,9.792018227829976,0.9556614540545718,-25.471897444280373
77.89748361749137,2.1850587129435155,8.205298653920662,9.792018227829976,0.9551559987495961,-25.645035029806643
89.0048706667283,2.2374963560123007,8.205298653920662,9.792018227829976,0.9554529539265899,-25.60974060354441
94.57555894753132,2.257024361397754,8.205298653920662,9.792018227829976,0.9563753146334829,-25.311180741619697
92.287422450245,2.305067485334149,8.205298653920662,9.792018227829976,0.957628249418883,-24.84333841292794
80.14895451498624,2.187673759042994,8.205298653920662,9.792018227829976,0.9547120438613049,-25.810393964666222
78.44011011165423,2.179394953304026,8.205298653920662,9.792018227829976,0.9548071897638862,-25.762708803057258
93.54934628935194,2.2539371103766825,8.205298653920662,9.792018227829976,0.9561484376627206,-25.378094826718108
77.95146567721333,2.1807177610093618,8.205298653920662,9.792018227829976,0.9549670324704196,-25.701239352108587
86.48395569749027,2.225552203286483,8.205298653920662,9.792018227829976,0.955118125569602,-25.702525814181303
93.46318476060635,2.304164215595165,8.205298653920662,9.792018227829976,0.9576792920712605,-24.827468945896037
97.44064295800516,2.271198144039161,8.205298653920662,9.792018227829976,0.9572004266368388,-25.021244788700766
97.582313656078,2.276950581304675,8.205298653920662,9.792018227829976,0.9573989297072638,-24.94992905772222
91.16533159997785,2.246099364609492,8.205298653920662,9.792018227829976,0.9557237903401138,-25.510271208365868
86.89212538466266,2.289444350110628,8.205298653920662,9.792018227829976,0.9570812805898149,-24.995906969315563
84.89954001767737,2.276086097110237,8.205298653920662,9.792018227829976,0.9568104971251298,-25.079860206170526
97.00446431843945,2.2876581490457824,8.205298653920662,9.792018227829976,0.9576150117252046,-24.86528580650928
97.04703372927472,2.267307084588097,8.205298653920662,9.792018227829976,0.9569858107655904,-25.08605830340116
88.2927122475138,2.234448779941133,8.205298653920662,9.792018227829976,0.9552920652984157,-25.637134620995536
78.90416378484016,2.2075064232907096,8.205298653920662,9.792018227829976,0.9555652138705374,-25.47609449629481
90.35238841472724,2.243135103972122,8.205298653920662,9.792018227829976,0.9555622499595395,-25.548766364213968
78.43714718173104,2.1796739034953703,8.205298653920662,9.792018227829976,0.9547578288132524,-25.759140832575742
78.4820004817328,2.1797745238432213,8.205298653920662,9.792018227829976,0.9547477612973723,-25.762069961631138
79.47081981465833,2.183956903669639,8.205298653920662,9.792018227829976,0.9546602797178999,-25.799352733562973
96.83347436071055,2.289155499931553,8.205298653920662,9.792018227829976,0.9575900748306382,-24.858030555364145
78.08857300373298,2.190688538953097,8.205298653920662,9.792018227829976,0.955180999713586,-25.597312652399683
96.80550154026426,2.265924310630666,8.205298653920662,9.792018227829976,0.9568529683158331,-25.114216639427436
96.77400003991502,2.2657474383286456,8.205298653920662,9.792018227829976,0.9568398052228181,-25.117820294085167
90.278154507882,2.2429101363252784,8.205298653920662,9.792018227829976,0.9555153615095674,-25.551509802415993
91.99087227888388,2.3048414977312603,8.205298653920662,9.792018227829976,0.9574991999704958,-24.850576831901556
80.31786508856406,2.228519023851604,8.205298653920662,9.792018227829976,0.9558852327159961,-25.35042262118752
82.34599179258132,2.252646782843229,8.205298653920662,9.792018227829976,0.9562927423031233,-25.214752407745287
93.5530544156539,2.3038121808822467,8.205298653920662,9.792018227829976,0.9575702758959185,-24.82887305966334
89.43032838282654,2.300399681934664,8.205298653920662,9.792018227829976,0.9572469115717124,-24.912341726639124
97.4778592660664,2.2734309559461536,8.205298653920662,9.792018227829976,0.9571533703937379,-24.994557731661967
95.83062463793271,2.261601498918182,8.205298653920662,9.792018227829976,0.9565164816901689,-25.209643253054374
78.0233519931832,2.182012629132444,8.205298653920662,9.792018227829976,0.9548205020478154,-25.692853256855287
94.9139649899811,2.3001106123782904,8.205298653920662,9.792018227829976,0.9575313605475166,-24.825119863781623
84.62759132964685,2.2156499799097986,8.205298653920662,9.792018227829976,0.9547588388029625,-25.75240180107237
81.29482636850712,2.240681544311471,8.205298653920662,9.792018227829976,0.9560048683320591,-25.28256813622215
78.00274352192466,2.183811044583024,8.205298653920662,9.792018227829976,0.9548527651812239,-25.669744452348816
96.36729369373752,2.2640744475723267,8.205298653920662,9.792018227829976,0.9566011052740069,-25.156931500273352
97.276216500889,2.27058218203338,8.205298653920662,9.792018227829976,0.9569485288506218,-25.037306160146418
95.71757604730338,2.296448243610996,8.205298653920662,9.792018227829976,0.957493325847473,-24.83226147504061
78.06003450338716,2.188131713467982,8.205298653920662,9.792018227829976,0.9549619937801315,-25.62451269184384
79.74444386834769,2.220167784128222,8.205298653920662,9.792018227829976,0.9556105400014694,-25.401008879288156
82.40561125771673,2.2022868694973567,8.205298653920662,9.792018227829976,0.9545581033841024,-25.79463948025753
82.52182003849366,2.2542546390935456,8.205298653920662,9.792018227829976,0.9561953775810893,-25.207049833215127
92.43758184058368,2.2508774780911978,8.205298653920662,9.792018227829976,0.9557146047817804,-25.438373646996347
89.62642408203452,2.240577221549401,8.205298653920662,9.792018227829976,0.955264784197511,-25.577858468680812
94.80339722080898,2.300333588549748,8.205298653920662,9.792018227829976,0.9574514242003265,-24.826787009083436
88.17506592518023,2.295488745507029,8.205298653920662,9.792018227829976,0.9569668478913841,-24.954181009092697
79.9919117780387,2.1874508489604807,8.205298653920662,9.792018227829976,0.9544571608344041,-25.80064013798044
78.19107473989051,2.1918525298794407,8.205298653920662,9.792018227829976,0.9549989298671517,-25.593339387581285
93.324516395543,2.253786468496884,8.205298653920662,9.792018227829976,0.9558442809351319,-25.385772132026375
78.09595021477996,2.1886924284527964,8.205298653920662,9.792018227829976,0.9549124395882909,-25.62134194554257
78.31522086247541,2.1949752351037546,8.205298653920662,9.792018227829976,0.955063444871922,-25.568464117411857
97.41808000426032,2.2742964967023767,8.205298653920662,9.792018227829976,0.9570148689303158,-24.9884584910209
93.16593702159386,2.25330451917786,8.205298653920662,9.792018227829976,0.9558057392326159,-25.39518398628275
92.2948541312916,2.304507701240979,8.205298653920662,9.792018227829976,0.9573063705537896,-24.84924085557418
96.1404743746929,2.2633307887228966,8.205298653920662,9.792018227829976,0.9564581667883687,-25.176112631028353
96.97643417354232,2.268133109191893,8.205298653920662,9.792018227829976,0.9567316323026921,-25.080727770088572
81.89161207817654,2.199235436321274,8.205298653920662,9.792018227829976,0.9544500774573339,-25.798477389958514
86.79272363880564,2.28838278863239,8.205298653920662,9.792018227829976,0.9567507750183569,-25.005102917500494
97.38897096994263,2.2792581049031355,8.205298653920662,9.792018227829976,0.9571287293688291,-24.935737008957815
80.91275310528317,2.2357005143246766,8.205298653920662,9.792018227829976,0.9557735328873308,-25.312432813050993
87.76694872235409,2.2935151136306047,8.205298653920662,9.792018227829976,0.9568541041989983,-24.96934146029611
96.9752516829678,2.286375088186219,8.205298653920662,9.792018227829976,0.9572553704363798,-24.880787488882373
88.07712146278101,2.233936618607416,8.205298653920662,9.792018227829976,0.954979196033123,-25.63995178679043
80.09952052194163,2.1882664026480683,8.205298653920662,9.792018227829976,0.9543885981450879,-25.799531698591604
81.48206965202584,2.242563124673964,8.205298653920662,9.792018227829976,0.9558756027091453,-25.273871410413257
97.35078150035746,2.2800605048504536,8.205298653920662,9.792018227829976,0.9571186370765848,-24.929115316266447
86.66634468878733,2.227062629773002,8.205298653920662,9.792018227829976,0.9548009970368603,-25.689996436216685
95.98478899679355,2.294496178423927,8.205298653920662,9.792018227829976,0.9573295299217962,-24.841500961195162
83.28230971320845,2.261568753405953,8.205298653920662,9.792018227829976,0.9561914042854636,-25.16713162037452
96.03407578481986,2.263078081753747,8.205298653920662,9.792018227829976,0.9563703907797877,-25.183909380539127
78.09389707372068,2.1843431031304874,8.205298653920662,9.792018227829976,0.9546797198750399,-25.672138795847424
93.04692204416712,2.253088381591823,8.205298653920662,9.792018227829976,0.9557050790374975,-25.400482140512537
80.73717065484796,2.1921549741519044,8.205298653920662,9.792018227829976,0.9543647469521147,-25.80221839410031
92.68985042637652,2.304231994018579,8.205298653920662,9.792018227829976,0.9572462032447784,-24.844756064252085
83.37391580975445,2.208533342897724,8.205298653920662,9.792018227829976,0.9544807892070939,-25.776001654817726
78.09036140153486,2.1855616401577294,8.205298653920662,9.792018227829976,0.9547137903512595,-25.65749861718001
95.99591146829847,2.2942834870175237,8.205298653920662,9.792018227829976,0.9572790688552871,-24.843296592407402
93.93574212088414,2.302472187345302,8.205298653920662,9.792018227829976,0.9572734453104275,-24.832458024832302
78.45545715350224,2.1815838832941665,8.205298653920662,9.792018227829976,0.9544630726416529,-25.738280956229552
78.17468868628859,2.189866093929026,8.205298653920662,9.792018227829976,0.9548008831740721,-25.61501114441532
83.3397436403575,2.2620226804752264,8.205298653920662,9.792018227829976,0.9561487991087236,-25.165042123424165
79.71947031138883,2.1863383429273284,8.205298653920662,9.792018227829976,0.9543254055541655,-25.791809503205844
78.42816695018328,2.1966621653907623,8.205298653920662,9.792018227829976,0.9549474027080009,-25.55920465532523
81.04273934046198,2.194168070773344,8.205298653920662,9.792018227829976,0.9543163953410437,-25.800612236569332
82.57469835281036,2.254417035941344,8.205298653920662,9.792018227829976,0.9559913703733846,-25.208277725752776
78.16697048143058,2.189208750827362,8.205298653920662,9.792018227829976,0.9547571234237634,-25.62197579714618
94.69925699953885,2.300270876542058,8.205298653920662,9.792018227829976,0.9572591038274285,-24.83121452523305
90.76074062043196,2.303026585889256,8.205298653920662,9.792018227829976,0.957039550675683,-24.88297775565028
96.26732849033826,2.292306425109772,8.205298653920662,9.792018227829976,0.9572126912942868,-24.852061550967615
92.90432365732886,2.303926374415582,8.205298653920662,9.792018227829976,0.9571731668447045,-24.843506049848155
88.91344941225434,2.2378876024856424,8.205298653920662,9.792018227829976,0.9549767938946242,-25.60452330699006
95.52612307418342,2.261364473028479,8.205298653920662,9.792018227829976,0.956146575447351,-25.22561090225091
97.26411521814995,2.2808503420750696,8.205298653920662,9.792018227829976,0.9570102893245527,-24.925321449025663
90.15940525219416,2.2430677211047367,8.205298653920662,9.792018227829976,0.9551430103790003,-25.549917821199145
81.66439434237817,2.198124583973012,8.205298653920662,9.792018227829976,0.9542970760475532,-25.796722309369056
89.42073028543443,2.240089729728794,8.205298653920662,9.792018227829976,0.9550249338263189,-25.58265821013213
81.27786287826926,2.1957378580691227,8.205298653920662,9.792018227829976,0.9542747388136412,-25.79863509307372
82.50714563934373,2.203400372594018,8.205298653920662,9.792018227829976,0.9543264387284639,-25.787661427769653
78.41282813151201,2.1958244638272646,8.205298653920662,9.792018227829976,0.9548508524074555,-25.56754813653195
92.41474228640467,2.251271876373196,8.205298653920662,9.792018227829976,0.9554713881217177,-25.434348989223988
84.83370398402107,2.2173672235468445,8.205298653920662,9.792018227829976,0.9544768511700414,-25.74100656969668
89.25210878533983,2.2394300959270765,8.205298653920662,9.792018227829976,0.9549724265374366,-25.589317590884956
87.48604685316246,2.2314064699911995,8.205298653920662,9.792018227829976,0.9547455115593743,-25.658753582234723
80.06569511999666,2.1885175281310154,8.205298653920662,9.792018227829976,0.954233896595657,-25.79391014368945
79.48260177630114,2.215341428128653,8.205298653920662,9.792018227829976,0.9552171695626598,-25.435005699945908
78.21441048477743,2.1838258542044,8.205298653920662,9.792018227829976,0.9544830913795754,-25.689547391516932
97.054573539287,2.284189618566458,8.205298653920662,9.792018227829976,0.95701538548594,-24.9003381396933
91.34520005158222,2.3036419994679846,8.205298653920662,9.792018227829976,0.9569917909172129,-24.871670271887833
79.45588300643062,2.1853266507581424,8.205298653920662,9.792018227829976,0.9542322286137106,-25.781939529198873
96.82106219158592,2.2681299095699075,8.205298653920662,9.792018227829976,0.9564710304463696,-25.088993436445726
97.27735677634432,2.2792300980019604,8.205298653920662,9.792018227829976,0.9568832592695287,-24.94229538684198
94.4060727081316,2.2577711513715712,8.205298653920662,9.792018227829976,0.9558078086471022,-25.308692326054988
92.74121029655508,2.252471364145265,8.205298653920662,9.792018227829976,0.9554682153308842,-25.41429082053552
83.39031110269086,2.2622132608627226,8.205298653920662,9.792018227829976,0.9559921996550338,-25.165506618493207
83.38690760260533,2.262160285128317,8.205298653920662,9.792018227829976,0.9559795770565775,-25.165922374091902
97.2791148444906,2.2781725870668907,8.205298653920662,9.792018227829976,0.9568136023514259,-24.95376951930023
90.31043663797423,2.2438615305442653,8.205298653920662,9.792018227829976,0.9550519454596594,-25.540607617308584
91.85205229845998,2.2495339671347665,8.205298653920662,9.792018227829976,0.9552878280154967,-25.46330252369492
96.90588309297698,2.269158122207628,8.205298653920662,9.792018227829976,0.9564603203272268,-25.073162711042475
97.2229402080004,2.273604433085751,8.205298653920662,9.792018227829976,0.9566485805263018,-25.006999835693794
86.14240847018891,2.2839243711023727,8.205298653920662,9.792018227829976,0.9563648559585624,-25.036340963933878
87.00328911971383,2.289082884842813,8.205298653920662,9.792018227829976,0.9564603358582535,-25.002438446775862
78.26181079349871,2.184805580910293,8.205298653920662,9.792018227829976,0.9543864207846123,-25.68245665050395
91.54497670689877,2.303618067052099,8.205298653920662,9.792018227829976,0.9568901361500732,-24.869740881119608
92.14100901322767,2.2506210243769686,8.205298653920662,9.792018227829976,0.9552874347434793,-25.446535873188896
84.15129645903626,2.213656243780491,8.205298653920662,9.792018227829976,0.9542864408017683,-25.75454345705245
81.2993778114249,2.239716249652787,8.205298653920662,9.792018227829976,0.955504100788945,-25.293766673448495
96.42719460025992,2.290209244114152,8.205298653920662,9.792018227829976,0.9569494001695901,-24.8670876483754
87.46985043922047,2.291480116648941,8.205298653920662,9.792018227829976,0.9564581118933738,-24.9861150145528
81.006254337168,2.194501329354594,8.205298653920662,9.792018227829976,0.954086751010666,-25.794101615028527
97.15642167153143,2.273280714723384,8.205298653920662,9.792018227829976,0.9565342838152237,-25.014222110269625
89.97609523020404,2.3009693934157127,8.205298653920662,9.792018227829976,0.9567043540454743,-24.907405786273923
97.09041336084994,2.272117225092444,8.205298653920662,9.792018227829976,0.9564784697741499,-25.03062802414472
97.06857231605991,2.2718542783794646,8.205298653920662,9.792018227829976,0.9564578630556675,-25.0347087455669
78.75212414925893,2.1834601196649004,8.205298653920662,9.792018227829976,0.9541518754028123,-25.74302825836539
97.0218151195938,2.2832905864587616,8.205298653920662,9.792018227829976,0.9567956809127103,-24.911895726012656
78.27473300730873,2.188027890832388,8.205298653920662,9.792018227829976,0.954398906810998,-25.64585355940859
97.1225933300356,2.2730120376216973,8.205298653920662,9.792018227829976,0.9564832717080798,-25.019027497870457
78.38004558665402,2.184382358696439,8.205298653920662,9.792018227829976,0.954245223112345,-25.69838982038223
97.13200138264536,2.280706948129989,8.205298653920662,9.792018227829976,0.9567049979611553,-24.934147849581485
80.37606314895588,2.2276599871303238,8.205298653920662,9.792018227829976,0.95519191117148,-25.36457520835829
97.18468492434458,2.2757621148213047,8.205298653920662,9.792018227829976,0.9565408495215953,-24.985411303477953
82.88043679003991,2.256881894138502,8.205298653920662,9.792018227829976,0.9556896861524232,-25.19791379784604
82.44792860197403,2.2036068110073472,8.205298653920662,9.792018227829976,0.9540466603361915,-25.781727863942827
84.72901419812911,2.2172389078324386,8.205298653920662,9.792018227829976,0.9542081241265292,-25.738199802131188
94.75027532643443,2.299239454957103,8.205298653920662,9.792018227829976,0.9568846550469691,-24.840519437003994
94.11898462387096,2.2573796527445467,8.205298653920662,9.792018227829976,0.9555263275151279,-25.322534462273097
96.96816988377992,2.28356644758901,8.205298653920662,9.792018227829976,0.9567193981966604,-24.911749551434742
78.35145261368454,2.1911657982102923,8.205298653920662,9.792018227829976,0.9544202623211515,-25.616238831040558
88.38983072583545,2.295536974688545,8.205298653920662,9.792018227829976,0.9564395129187246,-24.956461899618397
78.86866653086342,2.2037917575708263,8.205298653920662,9.792018227829976,0.9547046556768458,-25.515909708359782
82.15649966911525,2.2018623218151987,8.205298653920662,9.792018227829976,0.9540069764054425,-25.784411009767172
93.7451752999012,2.256213106317489,8.205298653920662,9.792018227829976,0.9554308189399972,-25.34698462066922
93.33580155415032,2.3027104669011607,8.205298653920662,9.792018227829976,0.9568155899427444,-24.84641574419535
85.18549776023141,2.219876634858352,8.205298653920662,9.792018227829976,0.9542172625544247,-25.725711678726928
85.10415439115884,2.276283774791949,8.205298653920662,9.792018227829976,0.9559946847916088,-25.085516929113286
78.46615756574099,2.1946310514469616,8.205298653920662,9.792018227829976,0.9544758230439357,-25.586315604078347
80.09698553388718,2.2235945174965224,8.205298653920662,9.792018227829976,0.9550519699581099,-25.389637697429123
94.11156925358334,2.3011142328122816,8.205298653920662,9.792018227829976,0.9568266660301575,-24.841741523613678
79.99567805290661,2.1890043819835654,8.205298653920662,9.792018227829976,0.953946936250979,-25.78263738931595
86.05422112048163,2.2246689200461134,8.205298653920662,9.792018227829976,0.9542716777751911,-25.70015292585875
96.8006732665654,2.2855279329602496,8.205298653920662,9.792018227829976,0.9566889647034993,-24.899167983419986
79.11928672942757,2.1850562598020677,8.205298653920662,9.792018227829976,0.9539748202725574,-25.7564877300515
97.00140246260584,2.282328616119642,8.205298653920662,9.792018227829976,0.9566133036079668,-24.92348225263635
84.8482004425996,2.2742342445706925,8.205298653920662,9.792018227829976,0.9559085328741262,-25.098253851829785
78.39293977464783,2.185904798316315,8.205298653920662,9.792018227829976,0.9541627763640379,-25.681687840071895
86.65212707052946,2.2278326605472074,8.205298653920662,9.792018227829976,0.9543117680101397,-25.680749398276102
96.94885930093952,2.2832152741642773,8.205298653920662,9.792018227829976,0.9566231950566834,-24.916604030634904
87.54513188773623,2.2322934454455208,8.205298653920662,9.792018227829976,0.9544045840318092,-25.649711162266566
84.48500100528487,2.271290897777817,8.205298653920662,9.792018227829976,0.9558368597804702,-25.115893842144242
78.39364748589433,2.19143367864794,8.205298653920662,9.792018227829976,0.9543281456828375,-25.616990662497916
78.40035329897525,2.1916444499040466,8.205298653920662,9.792018227829976,0.9543287507016763,-25.61514381720623
85.27194854176162,2.220485683749658,8.205298653920662,9.792018227829976,0.9541547419848224,-25.721898212275132
97.04176882435986,2.273288952317216,8.205298653920662,9.792018227829976,0.9563170636746008,-25.020366173786652
90.05120822503075,2.2433843767117594,8.205298653920662,9.792018227829976,0.9547106681808198,-25.5464019371211
78.38588127312525,2.188638653355241,8.205298653920662,9.792018227829976,0.9541790522707569,-25.648974877032245
79.94165669535015,2.22098888833807,8.205298653920662,9.792018227829976,0.9548772745255143,-25.40728527048134
92.83490518631749,2.302994046412394,8.205298653920662,9.792018227829976,0.9566407288633924,-24.85506754998798
86.67549742267717,2.228094389301404,8.205298653920662,9.792018227829976,0.9542335899422744,-25.678344817741788
90.87342902092308,2.2466579617397717,8.205298653920662,9.792018227829976,0.9547862357512149,-25.506243797673253
79.64375258354465,2.187649451382754,8.205298653920662,9.792018227829976,0.9538310848876136,-25.770158346578203
79.56576681154944,2.187298181313181,8.205298653920662,9.792018227829976,0.9538325380038709,-25.76786003902905
90.11959800128088,2.2437852510220893,8.205298653920662,9.792018227829976,0.9546502614529755,-25.541794710395273
83.15423393983627,2.259176485260681,8.205298653920662,9.792018227829976,0.955512769106282,-25.187071290444287
85.14107274078827,2.2762693185615603,8.205298653920662,9.792018227829976,0.9558230246064265,-25.08705550403078
94.64205857266845,2.2991097234381925,8.205298653920662,9.792018227829976,0.9566619142791682,-24.845775014463314
95.60140555902936,2.263245401646614,8.205298653920662,9.792018227829976,0.9556768957965542,-25.201431589047186
93.21507402907308,2.254899402075353,8.205298653920662,9.792018227829976,0.9551438504605279,-25.376018194757894
93.9143208630615,2.3011906717948136,8.205298653920662,9.792018227829976,0.956628762361564,-24.8469169561256
97.02070507890627,2.2745380262262387,8.205298653920662,9.792018227829976,0.9562309172329889,-25.007767228042578
86.5329111751411,2.28567294973594,8.205298653920662,9.792018227829976,0.9559809646236166,-25.028113914067813
79.55477220851233,2.2148196242170712,8.205298653920662,9.792018227829976,0.954684521286128,-25.446924328709308
86.05726965032564,2.2249882073456604,8.205298653920662,9.792018227829976,0.9541015899257069,-25.69656105982198
96.752063104429,2.2849521423143813,8.205298653920662,9.792018227829976,0.9564760913975587,-24.907949940495058
96.81591024050952,2.2711825203489013,8.205298653920662,9.792018227829976,0.9560628718156801,-25.055559279611348
83.62209366707744,2.2634813127186533,8.205298653920662,9.792018227829976,0.9555254463438677,-25.16299978287072
93.53729379840604,2.256050146301249,8.205298653920662,9.792018227829976,0.9551660780681713,-25.354668009957216
79.03025567810887,2.185674598162052,8.205298653920662,9.792018227829976,0.9538160760092346,-25.741482544494993
78.77009499202713,2.185426321323604,8.205298653920662,9.792018227829976,0.9538652057903823,-25.721481844686323
78.9249841663098,2.20352932935387,8.205298653920662,9.792018227829976,0.9544111491832888,-25.523870078909514
90.2846001522098,2.30102361547047,8.205298653920662,9.792018227829976,0.9563349746449311,-24.906514079031496
84.33796237699237,2.269703501871277,8.205298653920662,9.792018227829976,0.9555993792646107,-25.12713985550589
78.48355560987716,2.187992799349772,8.205298653920662,9.792018227829976,0.9539857953284328,-25.665494294367022
79.44039642586203,2.212704112568374,8.205298653920662,9.792018227829976,0.9545698984546186,-25.461817060558484
88.67395510954906,2.2961687075571007,8.205298653920662,9.792018227829976,0.9561574115738652,-24.952770520273774
91.38502751671837,2.302659531386496,8.205298653920662,9.792018227829976,0.956403197045246,-24.88186429846271
78.91564161721989,2.2031756993599885,8.205298653920662,9.792018227829976,0.9543707525224374,-25.527149761851394
81.62155939091325,2.2425639944971607,8.205298653920662,9.792018227829976,0.9550998278932423,-25.283002201681764
88.25831507669835,2.2360242687444725,8.205298653920662,9.792018227829976,0.954280166660758,-25.618616966927778
83.77350520484931,2.2122517449451777,8.205298653920662,9.792018227829976,0.9538246249365697,-25.752919744342215
97.001107090088,2.2760599405134485,8.205298653920662,9.792018227829976,0.9561784549358561,-24.992105535819768
81.32445881291112,2.197434642373622,8.205298653920662,9.792018227829976,0.9536886792478279,-25.78193182263669
79.0337045231455,2.1859635681243503,8.205298653920662,9.792018227829976,0.9537659057616009,-25.73838159331171
78.80168626407814,2.200548570573588,8.205298653920662,9.792018227829976,0.9542755894934195,-25.54760151866908
81.00417647274345,2.2349520443962803,8.205298653920662,9.792018227829976,0.9549251365693933,-25.32733552368469
95.08539705274522,2.2616583475073355,8.205298653920662,9.792018227829976,0.9553985186376437,-25.240359111509175
92.717395462764,2.2535616371359737,8.205298653920662,9.792018227829976,0.954904644835134,-25.40250505699907
78.78267399297553,2.1860974560419635,8.205298653920662,9.792018227829976,0.9537797070968826,-25.71470938734177
93.83632390989143,2.257313929399629,8.205298653920662,9.792018227829976,0.9551104221400273,-25.331959786645104
80.55290320879674,2.193051980738417,8.205298653920662,9.792018227829976,0.9536228970261161,-25.778008518124146
89.26977521689918,2.2981211217391007,8.205298653920662,9.792018227829976,0.9561263039358775,-24.936236054478503
90.33129700933102,2.2449760156916767,8.205298653920662,9.792018227829976,0.9544897226258877,-25.52788279466826
79.51735725335853,2.1878267441474577,8.205298653920662,9.792018227829976,0.9536503331763339,-25.75762026029507
79.1845775977703,2.186667947501121,8.205298653920662,9.792018227829976,0.9536818226752778,-25.743133984119858
82.88888983549089,2.207120688191253,8.205298653920662,9.792018227829976,0.9536807379674681,-25.7662037381173
96.94433792146532,2.2788312616809066,8.205298653920662,9.792018227829976,0.9561556143188628,-24.96475323411251
88.25995560223294,2.2942849581551314,8.205298653920662,9.792018227829976,0.955988107672201,-24.968418421487222
86.48870261205887,2.285071266036596,8.205298653920662,9.792018227829976,0.9557712233208174,-25.033522831326195
93.10310794022998,2.3021644873821714,8.205298653920662,9.792018227829976,0.9563696464415576,-24.857983133611693
91.29004085101482,2.302326081955528,8.205298653920662,9.792018227829976,0.9562578002465595,-24.88642932339376
78.66701978381737,2.1870881370805364,8.205298653920662,9.792018227829976,0.9537737424291598,-25.692725358132495
87.06094976539609,2.2883714409744016,8.205298653920662,9.792018227829976,0.9558246312558526,-25.011512413583958
92.19127955774093,2.251907660677404,8.205298653920662,9.792018227829976,0.9547430692064878,-25.431160387826573
78.56648875241353,2.1886783208887834,8.205298653920662,9.792018227829976,0.9538437771743005,-25.664999490578438
93.95766449107452,2.3005611293968684,8.205298653920662,9.792018227829976,0.9563856644048937,-24.852418998032707
92.29447609206969,2.3027060548895264,8.205298653920662,9.792018227829976,0.9563101998352633,-24.868679093992846
89.21233045290496,2.240483415655973,8.205298653920662,9.792018227829976,0.9542774629630576,-25.577055431707198
87.86313436839089,2.2344160547494027,8.205298653920662,9.792018227829976,0.9541007473625779,-25.631060002803956
83.10795530866983,2.208533607766512,8.205298653920662,9.792018227829976,0.9536506821410918,-25.761821821796765
85.37650509263905,2.2775647882266554,8.205298653920662,9.792018227829976,0.9555881226033085,-25.081339942563428
82.23041001499097,2.2032249444923764,8.205298653920662,9.792018227829976,0.9535978112527039,-25.773029740479476
95.01549309538647,2.296939509223918,8.205298653920662,9.792018227829976,0.956380046814863,-24.855548137781902
95.45607544451798,2.263494072096094,8.205298653920662,9.792018227829976,0.9553881607903809,-25.20485191362851
86.90811978501738,2.287427600384916,8.205298653920662,9.792018227829976,0.9557521323983333,-25.01831153489821
90.320275496739,2.2451118696366734,8.205298653920662,9.792018227829976,0.954392252127744,-25.526366788217196
82.51281929009153,2.2520681389174517,8.205298653920662,9.792018227829976,0.9550719663064534,-25.230989763068226
78.6878204918491,2.1964250030929837,8.205298653920662,9.792018227829976,0.9540124396383125,-25.58542012226
93.79796813599516,2.2574596757602734,8.205298653920662,9.792018227829976,0.9549899844671598,-25.331456552753902
79.56241490230562,2.2139472976641628,8.205298653920662,9.792018227829976,0.9543778212030528,-25.457571556676363
80.07344801492269,2.221829320964403,8.205298653920662,9.792018227829976,0.9545156782829407,-25.407974580140756
89.5022915832928,2.2985887687555504,8.205298653920662,9.792018227829976,0.9559982125916272,-24.932249739940424
93.09250198645393,2.301956887152897,8.205298653920662,9.792018227829976,0.9562585572117283,-24.860472776918705
96.501650617045,2.26982091733926,8.205298653920662,9.792018227829976,0.955683003949711,-25.086640013600128
81.30759864019429,2.238259992830592,8.205298653920662,9.792018227829976,0.9547807516140847,-25.31077040568567
80.44737217715324,2.192901898774309,8.205298653920662,9.792018227829976,0.9534763243638411,-25.771827338805053
96.01231210311958,2.266442815208862,8.205298653920662,9.792018227829976,0.9554919376621746,-25.14754898501652
92.87086988125527,2.254450214533492,8.205298653920662,9.792018227829976,0.954762670974654,-25.38917858417749
85.3923495357719,2.221937086707598,8.205298653920662,9.792018227829976,0.953737029784335,-25.70951553024446
79.16706565936809,2.206772539329407,8.205298653920662,9.792018227829976,0.954173101710082,-25.50722737635938
92.25312357968907,2.30245102090818,8.205298653920662,9.792018227829976,0.956167707316774,-24.872144983476797
89.20936167631969,2.24070028287602,8.205298653920662,9.792018227829976,0.9541509843468883,-25.574562953628487
83.41583341289167,2.260930415217046,8.205298653920662,9.792018227829976,0.9551428928415908,-25.181075231695043
84.70225196044038,2.272162662885321,8.205298653920662,9.792018227829976,0.9553466462668506,-25.115273660646448
84.924891549073,2.219404805000252,8.205298653920662,9.792018227829976,0.9536578640681447,-25.72105424212875
90.10436628739544,2.2444261684145914,8.205298653920662,9.792018227829976,0.9542686622848263,-25.534518002977027
89.57577342948817,2.242294246206725,8.205298653920662,9.792018227829976,0.9541772091184876,-25.558125046055356
83.4821271226592,2.211095010644428,8.205298653920662,9.792018227829976,0.9535178918201552,-25.751756279650383
78.64447555643899,2.192420427369626,8.205298653920662,9.792018227829976,0.9537708621143631,-25.628244089244326
83.06068565969154,2.2085841097786982,8.205298653920662,9.792018227829976,0.953487587151308,-25.75865533288918
96.3141480595881,2.268802392369693,8.205298653920662,9.792018227829976,0.9555248669619336,-25.10712212522044
94.19869680365186,2.2591556321583117,8.205298653920662,9.792018227829976,0.954946835329806,-25.300078557963918
79.99100572558135,2.1907999057145986,8.205298653920662,9.792018227829976,0.953406337663783,-25.761146209119037
94.0314930015522,2.258595579494269,8.205298653920662,9.792018227829976,0.9549032273713038,-25.31166262361865
90.457509497422,2.24592516505534,8.205298653920662,9.792018227829976,0.9542673594981026,-25.516713060748977
92.1719332233196,2.302307025958456,8.205298653920662,9.792018227829976,0.9560810625557802,-24.875061553061926
89.72152908973626,2.2429936145297944,8.205298653920662,9.792018227829976,0.9541467497675371,-25.550558644209897
79.45039310665433,2.188613258350884,8.205298653920662,9.792018227829976,0.9534233959740928,-25.742782721839024
91.1341416549248,2.301715505454993,8.205298653920662,9.792018227829976,0.9559957727216002,-24.894460539982788
81.66507363625504,2.2422493375901382,8.205298653920662,9.792018227829976,0.9547189968534432,-25.289369544165876
87.60272331511717,2.290804902675845,8.205298653920662,9.792018227829976,0.9556418242994149,-24.995969743174378
81.9123801977433,2.201775111419593,8.205298653920662,9.792018227829976,0.953378779797448,-25.770063364472843
79.12654093323361,2.205403869989766,8.205298653920662,9.792018227829976,0.9540246319110322,-25.519588506529317
83.91901647826082,2.213791079987004,8.205298653920662,9.792018227829976,0.953490263309213,-25.742069368112656
96.7152829721486,2.2736925042218843,8.205298653920662,9.792018227829976,0.9556920751365453,-25.03312954936027
85.081999141767,2.220475707020171,8.205298653920662,9.792018227829976,0.9535710378396192,-25.714819493246885
96.68514507951058,2.2822768257862407,8.205298653920662,9.792018227829976,0.955933688032194,-24.94056314717896
80.32375511188313,2.224856092745455,8.205298653920662,9.792018227829976,0.9543667820945717,-25.392582924022207
84.30572042011288,2.216102452765014,8.205298653920662,9.792018227829976,0.9534879692669812,-25.733137997750685
91.0376703430871,2.2483090556848424,8.205298653920662,9.792018227829976,0.9542734728282779,-25.48630378160698
86.02803162609247,2.281572716555033,8.205298653920662,9.792018227829976,0.9553685467671412,-25.05870921006791
84.68478334221666,2.218335192790562,8.205298653920662,9.792018227829976,0.9534866895857929,-25.72364670027866
96.76944302306154,2.277595040408059,8.205298653920662,9.792018227829976,0.9557507106977314,-24.9874666029483
79.10644199525906,2.204561738006987,8.205298653920662,9.792018227829976,0.953924544623828,-25.52761022598973
94.8886604679535,2.2966555624778096,8.205298653920662,9.792018227829976,0.9560609751471256,-24.86338793233965
90.75174822156092,2.2472665308668667,8.205298653920662,9.792018227829976,0.954207034901616,-25.50010823193563
96.5444242292161,2.2841641680572167,8.205298653920662,9.792018227829976,0.955902375652219,-24.92706496868316
93.32995177739171,2.301112430295561,8.205298653920662,9.792018227829976,0.9560220914584908,-24.863809196100295
78.88506911860813,2.199308985289534,8.205298653920662,9.792018227829976,0.9537842749809446,-25.56933139319712
78.88328408941928,2.188963759521073,8.205298653920662,9.792018227829976,0.953441043459799,-25.689957719828907
83.23754539590244,2.2099686378644066,8.205298653920662,9.792018227829976,0.9533434359287845,-25.752074318178995
94.81101544962632,2.261781005908915,8.205298653920662,9.792018227829976,0.9549490122050889,-25.249457527603393
90.93089440367058,2.3012326508032857,8.205298653920662,9.792018227829976,0.9558528055941979,-24.901273154300405
79.11279782721104,2.188534315553909,8.205298653920662,9.792018227829976,0.9533676162807617,-25.715014965667443
87.17116060297148,2.2883553456406105,8.205298653920662,9.792018227829976,0.9554624912770958,-25.014112042615828
95.12959528552376,2.2953859360259656,8.205298653920662,9.792018227829976,0.9559999961693353,-24.867965640908945
87.08094999478426,2.231235976562033,8.205298653920662,9.792018227829976,0.9536686776403518,-25.652106328340572
95.05967523822822,2.2957150842426444,8.205298653920662,9.792018227829976,0.9559978393784414,-24.867107419026986
91.13986325980704,2.301440547873113,8.205298653920662,9.792018227829976,0.9558386941769927,-24.897383784388254
95.9779897644802,2.289961791799527,8.205298653920662,9.792018227829976,0.9559366174075654,-24.890973189837936
79.70905460996181,2.2151122490735986,8.205298653920662,9.792018227829976,0.9540570613293736,-25.456102471767224
93.5209643217826,2.300612170549116,8.205298653920662,9.792018227829976,0.9559528936262202,-24.864250657012104
80.83096287287367,2.23145412139246,8.205298653920662,9.792018227829976,0.9543555636066501,-25.354760951519538
81.2246344941622,2.236499546878989,8.205298653920662,9.792018227829976,0.9544397380787993,-25.325049265593748
96.567416111077,2.27284564840609,8.205298653920662,9.792018227829976,0.9554790599271354,-25.04997812100702
93.08110626179968,2.255809064164964,8.205298653920662,9.792018227829976,0.9545189197510975,-25.369052761720337
95.98108151587051,2.289723970453508,8.205298653920662,9.792018227829976,0.9558819022034792,-24.893416405334705
85.9625549404939,2.280899973588049,8.205298653920662,9.792018227829976,0.9552190268185609,-25.0640909296146
78.79579208021362,2.19178999490228,8.205298653920662,9.792018227829976,0.9534517879908584,-25.64911924096899
89.92906684475848,2.2442561417957307,8.205298653920662,9.792018227829976,0.953957970437868,-25.536474323876533
79.91623941799085,2.2181492078424867,8.205298653920662,9.792018227829976,0.9540367682552947,-25.437791172765895
96.47277502715532,2.2720751287071863,8.205298653920662,9.792018227829976,0.9553765171605347,-25.06319988824273
93.93819803004942,2.258909649749896,8.205298653920662,9.792018227829976,0.9546376785472832,-25.311016059135618
82.66316608681794,2.2068071362360517,8.205298653920662,9.792018227829976,0.9531862391535687,-25.756997526048917
80.69273879386212,2.229375609781158,8.205298653920662,9.792018227829976,0.9542319507242771,-25.36843189136979
96.58359253789452,2.28188408821066,8.205298653920662,9.792018227829976,0.9556795868045862,-24.94999644245673
83.9150616327059,2.264853923258201,8.205298653920662,9.792018227829976,0.9548612474022157,-25.161802046650738
78.81515344132221,2.1943254164493737,8.205298653920662,9.792018227829976,0.9534858007532033,-25.621210964525968
85.38482232975736,2.27676881781737,8.205298653920662,9.792018227829976,0.955085369604346,-25.090398173371714
79.29484968425467,2.207369443982316,8.205298653920662,9.792018227829976,0.9538001683241176,-25.511152666182856
79.27004996606334,2.189431882987208,8.205298653920662,9.792018227829976,0.9532227909727408,-25.717950279782904
78.84819978328213,2.1961902146241243,8.205298653920662,9.792018227829976,0.9535351487601254,-25.6023817046722
96.624396959043,2.2751197750602614,8.205298653920662,9.792018227829976,0.9554701141335399,-25.02207461593671
80.49575049946904,2.194261165961322,8.205298653920662,9.792018227829976,0.953126784926544,-25.759521000087616
85.22880471853357,2.2217240111980345,8.205298653920662,9.792018227829976,0.9533568941911328,-25.705960384212496
81.75304282647845,2.2014230023406043,8.205298653920662,9.792018227829976,0.9531284478699557,-25.763898155562188
90.5450496219762,2.2468107905740595,8.205298653920662,9.792018227829976,0.9539989116187749,-25.506319329496854
85.78112882802752,2.279536086907683,8.205298653920662,9.792018227829976,0.9551158789314161,-25.073348360812506
94.80890042953688,2.2622441127886788,8.205298653920662,9.792018227829976,0.9547973573170807,-25.24436977886483
87.10031154514608,2.287689696718587,8.205298653920662,9.792018227829976,0.9552865632675661,-25.019838559820553
78.83909977968678,2.192138557466336,8.205298653920662,9.792018227829976,0.9533789632220495,-25.64887518485356
95.2854947033088,2.294065204761438,8.205298653920662,9.792018227829976,0.9558218355385911,-24.876105140692
79.17769081052609,2.189610532931823,8.205298653920662,9.792018227829976,0.9532105217280035,-25.707964459354855
79.36727192420487,2.1898416966169947,8.205298653920662,9.792018227829976,0.95316386590932,-25.721370484521756
96.60756069982487,2.280209325999948,8.205298653920662,9.792018227829976,0.9555703842630643,-24.96710430319402
81.13562207131027,2.197962221667908,8.205298653920662,9.792018227829976,0.9530651434270324,-25.762644005658103
96.42047057073628,2.2840260118261853,8.205298653920662,9.792018227829976,0.9556258765602365,-24.93470057865676
78.89208827308238,2.191836486181572,8.205298653920662,9.792018227829976,0.9532974324341968,-25.657077975239773
81.39990582004698,2.2382078653315745,8.205298653920662,9.792018227829976,0.9542782924848338,-25.31756114946684
89.64073757221199,2.298063142660069,8.205298653920662,9.792018227829976,0.9554677044857175,-24.938399981741863
86.91288246100638,2.286476105224196,8.205298653920662,9.792018227829976,0.9551645591476926,-25.02882942870717
79.24640169806158,2.190099345641471,8.205298653920662,9.792018227829976,0.9531303160328465,-25.708103182049374
79.34793964073222,2.190168927287843,8.205298653920662,9.792018227829976,0.9531103898574839,-25.715898828595236
90.45931619656484,2.299950571788997,8.205298653920662,9.792018227829976,0.9555250846198388,-24.9176346991523
96.57200465855172,2.2760757014155644,8.205298653920662,9.792018227829976,0.9553571777187158,-25.014216830646415
89.45390720922772,2.2974806768220475,8.205298653920662,9.792018227829976,0.9554252475405743,-24.944076418560453
95.23687294042824,2.293983510801468,8.205298653920662,9.792018227829976,0.9557084767666615,-24.87893460894455
84.95695374059859,2.220457194682794,8.205298653920662,9.792018227829976,0.9532068778406068,-25.71014343273585
85.02481597447787,2.273800450698104,8.205298653920662,9.792018227829976,0.9548794490395828,-25.10989685048246
91.85867203156234,2.3014013940863123,8.205298653920662,9.792018227829976,0.9555974208401276,-24.889632999287706
81.10041451090913,2.2342806900113032,8.205298653920662,9.792018227829976,0.9541413487682469,-25.341643022632105
96.56797031033642,2.278975482191981,8.205298653920662,9.792018227829976,0.9554131000837826,-24.982607959573006
94.96057687959429,2.295287529426375,8.205298653920662,9.792018227829976,0.9556789170310357,-24.875508594894384
79.64229061023876,2.21287285526995,8.205298653920662,9.792018227829976,0.9537255526316599,-25.476442290408695
79.03761350565775,2.200275783408671,8.205298653920662,9.792018227829976,0.9534444913383777,-25.571379683523542
79.3365360398103,2.190513420674833,8.205298653920662,9.792018227829976,0.9530596070720998,-25.710893535250218
94.777102611764,2.2625845595749183,8.205298653920662,9.792018227829976,0.9546433146068927,-25.24174786376131
95.56817456381393,2.2662588419916148,8.205298653920662,9.792018227829976,0.9548472707394167,-25.16936612527473
96.40945937992234,2.283210840959782,8.205298653920662,9.792018227829976,0.9554886238199037,-24.944137230060672
80.61495673688856,2.2276396231226414,8.205298653920662,9.792018227829976,0.9539605246699465,-25.382519517753316
85.69982563667902,2.2786083868148665,8.205298653920662,9.792018227829976,0.9548930593001026,-25.080900317540387
80.99339784386602,2.232729222060229,8.205298653920662,9.792018227829976,0.9540500926366932,-25.35178220660516
78.96444538104913,2.1928527795168407,8.205298653920662,9.792018227829976,0.9531742949950452,-25.65153100001042
83.03663572526943,2.2560260418192257,8.205298653920662,9.792018227829976,0.954438000723883,-25.21595770974001
82.26038537507323,2.2478431057762265,8.205298653920662,9.792018227829976,0.9542821432603973,-25.263507092546593
94.92753481822052,2.295163722838055,8.205298653920662,9.792018227829976,0.9555810302614287,-24.87809077675537
95.88883132579508,2.2685251238222577,8.205298653920662,9.792018227829976,0.9548877127000318,-25.13012225380506
93.57773323486788,2.299624130995383,8.205298653920662,9.792018227829976,0.9555576512721408,-24.8733992200299
95.79687813641588,2.2679607603310785,8.205298653920662,9.792018227829976,0.9548460524715746,-25.140500928856305
79.23673067300436,2.191195704026512,8.205298653920662,9.792018227829976,0.9530020405384575,-25.694422395933426
96.48377758163345,2.2761546859101003,8.205298653920662,9.792018227829976,0.9551928502317238,-25.0177571003684
91.92791923907238,2.301140109978661,8.205298653920662,9.792018227829976,0.9554586472094192,-24.891463112880402
93.52654874500492,2.2582136546815548,8.205298653920662,9.792018227829976,0.9542585117919996,-25.330682434423824
95.919300123329,2.288539638835076,8.205298653920662,9.792018227829976,0.9554732516131205,-24.909091278148757
83.18892174049533,2.210580442234132,8.205298653920662,9.792018227829976,0.9529231981115338,-25.742350661996756
95.92217710594252,2.268929765223461,8.205298653920662,9.792018227829976,0.9548710472839694,-25.12413037424536
92.74895254163914,2.2554848005888037,8.205298653920662,9.792018227829976,0.9540986264015474,-25.380189169354246
88.61861506234773,2.2942942967677027,8.205298653920662,9.792018227829976,0.9551573194691103,-24.972575728110773
81.50688525766869,2.238975042742524,8.205298653920662,9.792018227829976,0.9540685790739545,-25.315993240144216
96.00087831722216,2.269667168363668,8.205298653920662,9.792018227829976,0.954879823039793,-25.11236960926691
86.78945816382388,2.230567380049024,8.205298653920662,9.792018227829976,0.9532092203567306,-25.65280284528526
84.12120572387464,2.266011346727936,8.205298653920662,9.792018227829976,0.9545346582258959,-25.158439725515517
79.98584681993002,2.2179267631900075,8.205298653920662,9.792018227829976,0.9536571187609308,-25.445818702853494
81.81863423012358,2.2426367757976777,8.205298653920662,9.792018227829976,0.9541075472525551,-25.294840327505085
87.4021767024918,2.2336828118305903,8.205298653920662,9.792018227829976,0.9532401329203827,-25.6309431931068
95.69974229849474,2.2677732172041942,8.205298653920662,9.792018227829976,0.9547301139323776,-25.146870175064947
94.48805560814344,2.261989933396677,8.205298653920662,9.792018227829976,0.9543960923716637,-25.25870316658919
79.41183841924732,2.2075568317398933,8.205298653920662,9.792018227829976,0.9534007231702959,-25.51878150692
91.63374217125912,2.3008521277701703,8.205298653920662,9.792018227829976,0.9553385638674742,-24.898551287935664
96.33630864567132,2.273954048881464,8.205298653920662,9.792018227829976,0.9549985495673057,-25.049197604771624
95.68656072589752,2.2900287354290043,8.205298653920662,9.792018227829976,0.9553832484171498,-24.903181119005453
96.02709044989928,2.28685462073841,8.205298653920662,9.792018227829976,0.9553263718186971,-24.922528937219905
79.07691304107793,2.198238713201391,8.205298653920662,9.792018227829976,0.9531280383090612,-25.598459124096692
84.29177177914478,2.267304008761272,8.205298653920662,9.792018227829976,0.9544646163491939,-25.151699406229834
96.2269851110166,2.284150817792323,8.205298653920662,9.792018227829976,0.955255860533523,-24.942671558927636
86.46496406409305,2.283255035438557,8.205298653920662,9.792018227829976,0.9547761284408517,-25.05278628648432
79.07569451821844,2.194374251404952,8.205298653920662,9.792018227829976,0.9529896684150678,-25.643412622032766
94.48020040609464,2.2621403204154547,8.205298653920662,9.792018227829976,0.9543362017874463,-25.2572963992942
92.75111954817868,2.30050311070292,8.205298653920662,9.792018227829976,0.9553488815962687,-24.883740776706084
88.06012267848857,2.2917245112195133,8.205298653920662,9.792018227829976,0.9549590887946484,-24.993499203130398
83.42159335958841,2.2122362351243083,8.205298653920662,9.792018227829976,0.9528057220499796,-25.73535712548869
93.40557686527166,2.299566632891654,8.205298653920662,9.792018227829976,0.9553723541198832,-24.878581537473245
82.83183432348693,2.208790099925963,8.205298653920662,9.792018227829976,0.9527642599467884,-25.743527891459227
87.37940152324671,2.288412506556753,8.205298653920662,9.792018227829976,0.9548685005753553,-25.017814516908775
80.88695214916805,2.197647557137813,8.205298653920662,9.792018227829976,0.9527112736903367,-25.748647655189068
96.39872451024634,2.2769554453917635,8.205298653920662,9.792018227829976,0.9550346761929097,-25.013155109966256
84.31012460803517,2.2174148881685625,8.205298653920662,9.792018227829976,0.9528491819332394,-25.71811180336811
84.53586907646965,2.218701377663436,8.205298653920662,9.792018227829976,0.9528651492892364,-25.713097400446493
88.17568687917692,2.237526556855059,8.205298653920662,9.792018227829976,0.9532447114965565,-25.600275929421137
81.76621390946251,2.2416875818129256,8.205298653920662,9.792018227829976,0.9539502883443841,-25.302206218414252
82.83098041664881,2.208841926435369,8.205298653920662,9.792018227829976,0.9527396896461614,-25.742875911315387
95.72460178830754,2.268447484998632,8.205298653920662,9.792018227829976,0.9546421586221236,-25.138308456867694
83.23191507161778,2.211230379700268,8.205298653920662,9.792018227829976,0.9527469775306175,-25.73708728714667
91.34102049316895,2.2507661188828507,8.205298653920662,9.792018227829976,0.9536761002883669,-25.455697581997942
91.15508407242147,2.2500796567515664,8.205298653920662,9.792018227829976,0.9536382960579518,-25.465260037224873
82.68932940179396,2.2080637213647947,8.205298653920662,9.792018227829976,0.9527092537931179,-25.743857581817867
81.23459358269406,2.23506607625211,8.205298653920662,9.792018227829976,0.9537960170995394,-25.341962939168425
82.42046064849829,2.249021324944493,8.205298653920662,9.792018227829976,0.9540424409175202,-25.25976802384149
84.41143894615591,2.2181105852759515,8.205298653920662,9.792018227829976,0.952799551562015,-25.714538927835232
96.36284492908784,2.2785980681425717,8.205298653920662,9.792018227829976,0.9550038249751721,-24.99688326860232
94.51598340881698,2.2961048212685,8.205298653920662,9.792018227829976,0.9552806134751637,-24.88265784452486
79.26202626570857,2.202875021555016,8.205298653920662,9.792018227829976,0.9531153509263502,-25.560403470847948
94.12400070928209,2.261043131901189,8.205298653920662,9.792018227829976,0.9541565496903813,-25.281367118169474
92.56475724921394,2.255358594819228,8.205298653920662,9.792018227829976,0.9538380599182409,-25.38539539590119
79.9185062662696,2.2159520967836386,8.205298653920662,9.792018227829976,0.9533906085801652,-25.463179218584322
83.67692231391122,2.2615721024634468,8.205298653920662,9.792018227829976,0.9542280539314563,-25.186913526475063
93.24476633372262,2.2995913899021474,8.205298653920662,9.792018227829976,0.9552483603263076,-24.88237105645647
96.34138146920142,2.277046534565329,8.205298653920662,9.792018227829976,0.9549295084130146,-25.01494981572285
79.3247108358802,2.2043715780161506,8.205298653920662,9.792018227829976,0.9531367181984138,-25.54834320987563
95.93505247200795,2.286848741449063,8.205298653920662,9.792018227829976,0.9551454217873626,-24.926787786003473
90.77357668643216,2.299619161356816,8.205298653920662,9.792018227829976,0.9550751440291002,-24.91975311733523
79.32728671367214,2.193264802251761,8.205298653920662,9.792018227829976,0.9527509708497496,-25.67787488896724
87.74200458871455,2.235717270739073,8.205298653920662,9.792018227829976,0.9530718195212867,-25.61407203738064
79.75211288802318,2.212854245745248,8.205298653920662,9.792018227829976,0.9532781104032991,-25.485534842839954
96.23630746526251,2.274535697803472,8.205298653920662,9.792018227829976,0.9547924045304204,-25.04761068547843
89.7661421807903,2.244758471501654,8.205298653920662,9.792018227829976,0.9533305106602429,-25.5305696237631
95.00682436191504,2.264938436315276,8.205298653920662,9.792018227829976,0.9543183745151707,-25.20687708374665
96.31302607409071,2.2772487648716577,8.205298653920662,9.792018227829976,0.9548789993201139,-25.014102146682283
93.79529600071828,2.259975636477293,8.205298653920662,9.792018227829976,0.9540226340500231,-25.30334874231136
91.0894608719176,2.2999537066600766,8.205298653920662,9.792018227829976,0.955057960190709,-24.913896859113873
92.53830822163953,2.255422170280994,8.205298653920662,9.792018227829976,0.953765744800082,-25.38520239678103
91.9520480043483,2.253311416681015,8.205298653920662,9.792018227829976,0.9536513625587064,-25.419164515646884
95.79909271265836,2.269713656896741,8.205298653920662,9.792018227829976,0.9545480322115923,-25.120996509007867
94.37897525036726,2.296336981414683,8.205298653920662,9.792018227829976,0.955171235128762,-24.884771429313652
88.13773587735625,2.237703976794421,8.205298653920662,9.792018227829976,0.953055655269861,-25.59770153669337
84.73298341905932,2.2705036302059085,8.205298653920662,9.792018227829976,0.9542822310298557,-25.134861930159232
95.05578739777128,2.2931669057777526,8.205298653920662,9.792018227829976,0.9551353589342787,-24.89487459740685
90.99341090748209,2.2497850575462763,8.205298653920662,9.792018227829976,0.9534581343751048,-25.46994049517747
95.29591244200267,2.291718716911646,8.205298653920662,9.792018227829976,0.9551201890452236,-24.901142870132947
92.04352515044413,2.300366455875988,8.205298653920662,9.792018227829976,0.9550707592164277,-24.898088212141833
94.2651462809249,2.261932506389116,8.205298653920662,9.792018227829976,0.9540776378440773,-25.266866454585394
79.98672118607509,2.2165741862540926,8.205298653920662,9.792018227829976,0.9532755969852595,-25.461406864161344
90.92687797847374,2.299645678682509,8.205298653920662,9.792018227829976,0.9549865837618897,-24.918476461642392
94.33262450235031,2.262239148496775,8.205298653920662,9.792018227829976,0.9540821188058031,-25.2612068868464
91.6672402121698,2.252366991885822,8.205298653920662,9.792018227829976,0.9535537481566788,-25.43381149194447
81.94116712849929,2.2432107098027103,8.205298653920662,9.792018227829976,0.9537564277846791,-25.296089366016965
89.11770173845551,2.242173229235391,8.205298653920662,9.792018227829976,0.953151690958371,-25.557173933327135
82.00948379610618,2.243967350141503,8.205298653920662,9.792018227829976,0.9537554190662941,-25.29181530848498
79.22712303571699,2.199094077251573,8.205298653920662,9.792018227829976,0.9528363736194136,-25.601365675352287
95.80501738646822,2.287450764971723,8.205298653920662,9.792018227829976,0.9550161766237317,-24.926046338992705
95.88786292016384,2.286480086590217,8.205298653920662,9.792018227829976,0.9549841224866222,-24.93293081437696
79.47186084538065,2.2064066620061595,8.205298653920662,9.792018227829976,0.9529876430016854,-25.537063375799875
80.92303357949646,2.1986911480972395,8.205298653920662,9.792018227829976,0.9524488638063378,-25.739026927251267
80.29293347142631,2.1957546340162537,8.205298653920662,9.792018227829976,0.9524677809813792,-25.726592110202187
89.00701686599268,2.24181353956061,8.205298653920662,9.792018227829976,0.9530736824376005,-25.560464228822518
95.9809148080778,2.285046660124621,8.205298653920662,9.792018227829976,0.9549139194128666,-24.944351768571515
83.69683872001794,2.261283470259272,8.205298653920662,9.792018227829976,0.9539885311787978,-25.19109548482384
89.94013132207142,2.2458253457057964,8.205298653920662,9.792018227829976,0.9531828691463846,-25.518646223554878
87.04184773977308,2.2859778294684787,8.205298653920662,9.792018227829976,0.9544715935217662,-25.03725769974666
96.10532366711442,2.274392961595112,8.205298653920662,9.792018227829976,0.9545712727195645,-25.05537401137402
95.18165321880312,2.291884225539974,8.205298653920662,9.792018227829976,0.9549676176555567,-24.90389879177643
83.96120746736223,2.263639392625521,8.205298653920662,9.792018227829976,0.9540037603802244,-25.177448636139616
80.21671914155182,2.219643947521675,8.205298653920662,9.792018227829976,0.9531647918498055,-25.44402794485496
85.63172284837673,2.276967349161154,8.205298653920662,9.792018227829976,0.9542276256638557,-25.09670591424524
83.99251191081797,2.2638318042346697,8.205298653920662,9.792018227829976,0.9539636248141464,-25.17676118276312
83.41589647189575,2.213059046823276,8.205298653920662,9.792018227829976,0.952422855845889,-25.725498408801325
79.62280876022675,2.208905685836129,8.205298653920662,9.792018227829976,0.9529204451432534,-25.520587371486556
79.49107245356643,2.2058712919415058,8.205298653920662,9.792018227829976,0.9528446979790671,-25.54484852421278
82.83126941689704,2.209693464382596,8.205298653920662,9.792018227829976,0.9523811646248548,-25.732976756285613
81.90092644726451,2.2043537246420613,8.205298653920662,9.792018227829976,0.9523429049834876,-25.739201156836913
79.40282965496331,2.1956966506755435,8.205298653920662,9.792018227829976,0.9525238647643548,-25.655800227728644
86.81584840187467,2.2316994269399544,8.205298653920662,9.792018227829976,0.9526945804970164,-25.640456556988653
90.27441391967876,2.247370115073579,8.205298653920662,9.792018227829976,0.9531443184843907,-25.50083596238611
93.07698065294711,2.2990657730322965,8.205298653920662,9.792018227829976,0.9548870331690104,-24.892081826258078
91.4006204063419,2.2996912872110897,8.205298653920662,9.792018227829976,0.9547956280134644,-24.913797536722857
96.0036506980158,2.273648244651298,8.205298653920662,9.792018227829976,0.9544430565823788,-25.06829423722111
91.94029687700062,2.299892125159886,8.205298653920662,9.792018227829976,0.954829360032487,-24.904780958882935
89.3732761626781,2.295819567204134,8.205298653920662,9.792018227829976,0.954613858425961,-24.961755158801505
81.36302133738016,2.201462106141605,8.205298653920662,9.792018227829976,0.9523052330734574,-25.737425261352676
80.99461685671001,2.230756893347305,8.205298653920662,9.792018227829976,0.9533017684746977,-25.37427126242326
94.4714263210451,2.2635365285387508,8.205298653920662,9.792018227829976,0.9538990236945947,-25.242027717547263
80.76971614556174,2.2275929035726563,8.205298653920662,9.792018227829976,0.953224906380123,-25.39429083412382
79.91128554083379,2.195314008113684,8.205298653920662,9.792018227829976,0.9523475062019037,-25.701862972369458
88.6014258536244,2.240344426468667,8.205298653920662,9.792018227829976,0.9528500409161927,-25.57343800783118
94.14585856310418,2.2622547019322354,8.205298653920662,9.792018227829976,0.9537945360625558,-25.267137632022873
88.40444991966304,2.292250646935628,8.205298653920662,9.792018227829976,0.9544548102537566,-24.992400503264125
79.59044776108567,2.195513217768436,8.205298653920662,9.792018227829976,0.9523833223014626,-25.673524410111636
89.07261628182704,2.29472374963278,8.205298653920662,9.792018227829976,0.9545115794091297,-24.9718916026391
79.69799954051939,2.2097410878248525,8.205298653920662,9.792018227829976,0.9528198262196984,-25.517052731887492
95.07283914753803,2.2919162986645603,8.205298653920662,9.792018227829976,0.9547913876436769,-24.907794554463578
96.09221646865268,2.27732476746057,8.205298653920662,9.792018227829976,0.9544792876328808,-25.02374656414236
80.70243478933538,2.19836286077998,8.205298653920662,9.792018227829976,0.952243863387624,-25.726843237602978
79.44773004692178,2.20337033493324,8.205298653920662,9.792018227829976,0.9526542585188733,-25.570233172429116
92.83206730468832,2.2991522430704805,8.205298653920662,9.792018227829976,0.9547661799500007,-24.89663818497445
95.86144074814784,2.284902722128137,8.205298653920662,9.792018227829976,0.9546646639232542,-24.951317828220645
95.4761181112493,2.269170547974653,8.205298653920662,9.792018227829976,0.9541254985952714,-25.140991619001323
83.45192058966522,2.258501186685038,8.205298653920662,9.792018227829976,0.9537125518911392,-25.209973369853262
90.5815533867248,2.24884047850027,8.205298653920662,9.792018227829976,0.9530770436502118,-25.48315081684972
81.00995733211519,2.2306723330509186,8.205298653920662,9.792018227829976,0.9532021480224391,-25.37630847425846
79.7280194280392,2.1955862082684234,8.205298653920662,9.792018227829976,0.9523167421804312,-25.683921383429556
79.39825606023129,2.198865803799549,8.205298653920662,9.792018227829976,0.9524848205381823,-25.6184587913639
82.94571572315333,2.210710078265293,8.205298653920662,9.792018227829976,0.9522406343688098,-25.72755973134511
94.70531864529244,2.2937476936283048,8.205298653920662,9.792018227829976,0.9547536459174834,-24.901577358394064
96.072859698815,2.2784923964682378,8.205298653920662,9.792018227829976,0.9544651365546833,-25.011830151137254
94.4037221210432,2.2635677443363,8.205298653920662,9.792018227829976,0.9537881441440261,-25.24399465272262
79.46675730450721,2.203302820359866,8.205298653920662,9.792018227829976,0.9525982063392452,-25.572596793463575
93.49774827670932,2.2978957130999333,8.205298653920662,9.792018227829976,0.954740996089928,-24.89424673884577
79.67474029403911,2.195859425922137,8.205298653920662,9.792018227829976,0.9523057016979325,-25.67638840489862
94.66340767408998,2.264788150555148,8.205298653920662,9.792018227829976,0.9538411462018822,-25.221333119338986
87.17409262265299,2.2337938338894503,8.205298653920662,9.792018227829976,0.9525789877189348,-25.624837751417875
90.20663978772885,2.297674114833072,8.205298653920662,9.792018227829976,0.9545308891162001,-24.94294825239953
79.70055504319353,2.2091774916044926,8.205298653920662,9.792018227829976,0.9527114488931657,-25.52376620729481
88.612703807153,2.2928809289011696,8.205298653920662,9.792018227829976,0.9543658064705365,-24.987898690098916
86.28474441601776,2.2293250494237924,8.205298653920662,9.792018227829976,0.9524664294469087,-25.65341278414761
93.50037998148994,2.2600202975739023,8.205298653920662,9.792018227829976,0.9535478052176508,-25.31115355219867
93.04735693518052,2.258311048949622,8.205298653920662,9.792018227829976,0.9534531670867845,-25.341759969742217
87.45103976138311,2.287633962915692,8.205298653920662,9.792018227829976,0.9542230356196297,-25.027736854155712
96.01300406090296,2.276373018860525,8.205298653920662,9.792018227829976,0.9543431683683923,-25.037873535437704
96.0128938626518,2.276545330584028,8.205298653920662,9.792018227829976,0.9543407189026946,-25.035984488000913
92.46305385653238,2.2561828892990405,8.205298653920662,9.792018227829976,0.9533222598747517,-25.37810335458613
88.61781970445705,2.2928495614101223,8.205298653920662,9.792018227829976,0.9543379810943092,-24.98829429060299
95.94384019641436,2.274845036819769,8.205298653920662,9.792018227829976,0.9542708026243785,-25.05784978660578
79.84724526822362,2.2119855592878963,8.205298653920662,9.792018227829976,0.9527386632537338,-25.503156627584293
94.6792441430779,2.293629091121531,8.205298653920662,9.792018227829976,0.9546757926880926,-24.903794537441495
81.41469963576722,2.2357199651348054,8.205298653920662,9.792018227829976,0.9531992241360976,-25.346709001669417
81.65743332024627,2.2035998576250506,8.205298653920662,9.792018227829976,0.9521289909592653,-25.732198553563872
89.16169262031416,2.243118715861001,8.205298653920662,9.792018227829976,0.9527797127714845,-25.546701480424968
81.12925299197806,2.231960854388575,8.205298653920662,9.792018227829976,0.9531191429052284,-25.369965214029154
80.25230176494064,2.219035935596281,8.205298653920662,9.792018227829976,0.9528552672873274,-25.453716576795316
81.12570968666637,2.2008769958640078,8.205298653920662,9.792018227829976,0.9521045385971612,-25.727846918208364
93.35275179969813,2.259633416128281,8.205298653920662,9.792018227829976,0.9534535173210207,-25.319390836346134
88.04207957109271,2.238129505553814,8.205298653920662,9.792018227829976,0.9526000858338658,-25.59141227984288
80.10487311110796,2.1967592108484126,8.205298653920662,9.792018227829976,0.9521488487908101,-25.700256625218167
89.17809693247153,2.243277513147774,8.205298653920662,9.792018227829976,0.9527389475090126,-25.54499997236546
94.49177313237296,2.294309365746116,8.205298653920662,9.792018227829976,0.9546178211742841,-24.902948680275003
95.9935724715644,2.278179328252847,8.205298653920662,9.792018227829976,0.954314706659339,-25.018924395452665
84.4147123346332,2.266885272607098,8.205298653920662,9.792018227829976,0.953711272050525,-25.161680645799546
95.99075466319812,2.277837123550768,8.205298653920662,9.792018227829976,0.9543035661106732,-25.022810238205473
83.56888208609696,2.259281293897189,8.205298653920662,9.792018227829976,0.9535675567666849,-25.207125761363194
95.93732520257684,2.275737868217917,8.205298653920662,9.792018227829976,0.9542255107868837,-25.0483204748032
95.77769693854084,2.273004828215136,8.205298653920662,9.792018227829976,0.954115658278746,-25.085591486403374
95.40782667443472,2.269545195056523,8.205298653920662,9.792018227829976,0.9539564293985884,-25.139698062695093
87.29894608648735,2.2346356663672253,8.205298653920662,9.792018227829976,0.952478932706953,-25.617883693707217
95.98407992792424,2.278904699393962,8.205298653920662,9.792018227829976,0.9543184731849965,-25.011399825351756
89.79207053441047,2.245955978770766,8.205298653920662,9.792018227829976,0.9527976479813866,-25.517008624776224
89.51855961092913,2.2448158401480924,8.205298653920662,9.792018227829976,0.9527511512555114,-25.529228873425335
80.08860101662063,2.1969468122028246,8.205298653920662,9.792018227829976,0.9521124035570512,-25.696788955726376
95.88878514900964,2.275177807576,8.205298653920662,9.792018227829976,0.9541619806530799,-25.056681611341634
89.63723099350875,2.295997753536753,8.205298653920662,9.792018227829976,0.9543197601428985,-24.960811932613286
80.9889880501143,2.22974194683772,8.205298653920662,9.792018227829976,0.9529756562994457,-25.385420068030243
95.9602707113616,2.2781679768016687,8.205298653920662,9.792018227829976,0.9542551555942047,-25.020571511269623
79.82697264540039,2.1969389508026893,8.205298653920662,9.792018227829976,0.9521279196355628,-25.676110031662795
81.47419567666975,2.236110938359559,8.205298653920662,9.792018227829976,0.9530750604149826,-25.34623877259204
95.35472936117948,2.2888068510349484,8.205298653920662,9.792018227829976,0.9544825383340252,-24.93042006945055
95.21823686992704,2.2685307905338163,8.205298653920662,9.792018227829976,0.9538393692733014,-25.158674452839147
93.87989700901508,2.2963409121085334,8.205298653920662,9.792018227829976,0.9545349866905941,-24.900383357965406
81.38098072347606,2.234892716941076,8.205298653920662,9.792018227829976,0.9530442144830661,-25.353829107692487
95.41804918646017,2.270023178744012,8.205298653920662,9.792018227829976,0.9538968898925332,-25.13398241474475
81.52059529029854,2.2366334674889288,8.205298653920662,9.792018227829976,0.9530612125095522,-25.343388375174744
95.93007439156167,2.279884530552124,8.205298653920662,9.792018227829976,0.9542656132349246,-25.003115342453878
95.0278241911408,2.291083872939112,8.205298653920662,9.792018227829976,0.9544855586704128,-24.918569625079403
94.7883824879338,2.266142443567944,8.205298653920662,9.792018227829976,0.9536902686178765,-25.201723362138175
95.3283442778787,2.2888608732634736,8.205298653920662,9.792018227829976,0.9544484019221208,-24.930905386951082
92.79042298250992,2.257827364187293,8.205298653920662,9.792018227829976,0.9532195956983416,-25.352982304943765
89.38917040481721,2.295160435167773,8.205298653920662,9.792018227829976,0.9542290680110168,-24.968994732344154
93.60918669201878,2.2969687909299097,8.205298653920662,9.792018227829976,0.9544795168348538,-24.901279425184658
95.70180812890058,2.273040166074153,8.205298653920662,9.792018227829976,0.9539876231085478,-25.08854155864989
79.88957514252078,2.211625984349766,8.205298653920662,9.792018227829976,0.9525269962213004,-25.510668664594384
94.6589548121056,2.2930473140522167,8.205298653920662,9.792018227829976,0.9544631989286709,-24.910830035588074
79.90621700297481,2.211906129415553,8.205298653920662,9.792018227829976,0.9525234675220517,-25.508759278623785
95.86401072246971,2.2760304519640755,8.205298653920662,9.792018227829976,0.9540913984794164,-25.04841455827807
95.74122805858832,2.2839269741298267,8.205298653920662,9.792018227829976,0.9543020945585596,-24.96729362121977
86.36193019525304,2.280947319478244,8.205298653920662,9.792018227829976,0.9538297636576984,-25.075293165298866
79.5766171391546,2.2010680152581727,8.205298653920662,9.792018227829976,0.9522184298927988,-25.607627968470975
95.28744346798968,2.269485693795957,8.205298653920662,9.792018227829976,0.953778773361333,-25.145301761645367
88.83455282725465,2.293177973520713,8.205298653920662,9.792018227829976,0.9540959265218133,-24.986819164518966
82.97410125491523,2.252976749401384,8.205298653920662,9.792018227829976,0.9532640926709556,-25.246687690759767
87.37229067971927,2.2867069253761656,8.205298653920662,9.792018227829976,0.9539259368067362,-25.036322170701276
82.29589032805892,2.245615705398663,8.205298653920662,9.792018227829976,0.953116840286522,-25.290677772490376
79.70149317670874,2.2065598331962235,8.205298653920662,9.792018227829976,0.9523326572301349,-25.554106274398215
95.86539347011804,2.2777632141828263,8.205298653920662,9.792018227829976,0.9540816180104319,-25.02930746635261
90.86381861620036,2.2981648214303334,8.205298653920662,9.792018227829976,0.954255942661938,-24.93495331930666
88.76068576503366,2.2418607974327216,8.205298653920662,9.792018227829976,0.9524740530698802,-25.55778481199365
82.24881806788294,2.245036811721917,8.205298653920662,9.792018227829976,0.9530885759724085,-25.294375688420892
95.57484516566772,2.285733435018884,8.205298653920662,9.792018227829976,0.9542714713199797,-24.954750450097006
89.63438303807769,2.295654636006333,8.205298653920662,9.792018227829976,0.9541401922905189,-24.964532788591146
91.53044932000626,2.2533235357638546,8.205298653920662,9.792018227829976,0.9528796906902136,-25.42471454330043
82.75921979504122,2.2505938783354797,8.205298653920662,9.792018227829976,0.9531638236233929,-25.261545112499476
93.75689449152054,2.261958221530449,8.205298653920662,9.792018227829976,0.9532963200630028,-25.282300465752712
90.71057517133588,2.2978396217023658,8.205298653920662,9.792018227829976,0.9541874534646767,-24.93939680947217
81.19426630656434,2.231862144317517,8.205298653920662,9.792018227829976,0.9527974912906921,-25.375563465163236
81.14518004838877,2.201895965030644,8.205298653920662,9.792018227829976,0.9518429006185584,-25.717309690539317
91.4073762312583,2.252929843092275,8.205298653920662,9.792018227829976,0.952823858938189,-25.4305558702039
80.47616846374937,2.221368105255124,8.205298653920662,9.792018227829976,0.9525888324266765,-25.44387958696439
95.56089851501233,2.27246348492315,8.205298653920662,9.792018227829976,0.9538130466484566,-25.10099114407289
84.89108140753613,2.2702430504009072,8.205298653920662,9.792018227829976,0.9534993055688216,-25.144044078846445
80.0326406263733,2.2135482010311733,8.205298653920662,9.792018227829976,0.9524122308576766,-25.499795725302956
90.52380419536,2.2494789299656333,8.205298653920662,9.792018227829976,0.9526646972132482,-25.47616955060686
90.7139954531704,2.2977920167559063,8.205298653920662,9.792018227829976,0.9541610139359372,-24.939894709959976
93.01073363094072,2.2591366918288003,8.205298653920662,9.792018227829976,0.9530897835122109,-25.333360013921883
95.70448063896193,2.2829923510265786,8.205298653920662,9.792018227829976,0.9541204412320118,-24.979114926910817
95.11838947266924,2.2689714785724817,8.205298653920662,9.792018227829976,0.9536060207274168,-25.15775573328937
95.58357741551404,2.27317441463326,8.205298653920662,9.792018227829976,0.9537827072432251,-25.09217598468094
80.8327743791668,2.200732751897945,8.205298653920662,9.792018227829976,0.9517893468602868,-25.708656954465543
95.34563584969264,2.270935934249678,8.205298653920662,9.792018227829976,0.95365157347071,-25.126877174536588
94.80311449695324,2.2672273626227195,8.205298653920662,9.792018227829976,0.9534681207706965,-25.189126679901744
95.76955763582993,2.279992457823852,8.205298653920662,9.792018227829976,0.9539851051830253,-25.009109787631175
95.77438607603024,2.278176325456272,8.205298653920662,9.792018227829976,0.9539287815397763,-25.02882299581543
94.64181349559168,2.266384217081324,8.205298653920662,9.792018227829976,0.9534132164356931,-25.204353694783048
85.10312177311455,2.2239301533995217,8.205298653920662,9.792018227829976,0.951926086032303,-25.675709210394754
92.4238475463182,2.257069049124354,8.205298653920662,9.792018227829976,0.9529056470171969,-25.36888542652434
81.02941035384916,2.201758508977065,8.205298653920662,9.792018227829976,0.9517397643929102,-25.710766153625787
95.37138165998168,2.286886774823543,8.205298653920662,9.792018227829976,0.9541150434371236,-24.95065981617367
90.39157053881836,2.2491517081980703,8.205298653920662,9.792018227829976,0.9525493110826204,-25.480343851594565
95.5793913932264,2.2737173141639038,8.205298653920662,9.792018227829976,0.9537316396341612,-25.086366935080214
86.62445880693936,2.232001065297851,8.205298653920662,9.792018227829976,0.9520463458115113,-25.632086066231384
83.58620205253219,2.2585641177726927,8.205298653920662,9.792018227829976,0.9531476356599273,-25.21598380786739
88.3910806791222,2.2910232161993065,8.205298653920662,9.792018227829976,0.9538097756980914,-25.00561999586846
79.85067665535259,2.208342784171279,8.205298653920662,9.792018227829976,0.952144025815776,-25.545478432349928
80.43121258552783,2.1996714598119524,8.205298653920662,9.792018227829976,0.9517424936864465,-25.691332010031257
84.49847964271412,2.2667059190680163,8.205298653920662,9.792018227829976,0.9532749119960036,-25.167241356382235
95.4091487854912,2.286157157219989,8.205298653920662,9.792018227829976,0.9540495128052133,-24.95706620878104
90.39854092818034,2.296962224787137,8.205298653920662,9.792018227829976,0.9539793719114803,-24.950233258672927
93.32023706611788,2.260722052463933,8.205298653920662,9.792018227829976,0.9530262811065697,-25.308042042756096
83.1538265276411,2.2542068013894294,8.205298653920662,9.792018227829976,0.9530219405514794,-25.24254907571093
95.69996616344352,2.277171779732882,8.205298653920662,9.792018227829976,0.9537941741183268,-25.0431261419601
87.36430572402654,2.235792168535028,8.205298653920662,9.792018227829976,0.9520758598484933,-25.6060004268637
84.96343832070616,2.2704423991731773,8.205298653920662,9.792018227829976,0.9533188930632938,-25.144656157987807
91.39233390010432,2.253287861600029,8.205298653920662,9.792018227829976,0.9526434208792193,-25.426680491921587
95.1870649504259,2.270257407068584,8.205298653920662,9.792018227829976,0.9535011841453798,-25.140795728762743
81.20314280487462,2.231312037284781,8.205298653920662,9.792018227829976,0.9525758264905064,-25.382425228828676
95.68787040394832,2.2807074050219143,8.205298653920662,9.792018227829976,0.9538845486480229,-25.004850271605903
87.67030447715818,2.237311208936632,8.205298653920662,9.792018227829976,0.952092317783926,-25.594549941191612
79.78578992295847,2.201735622914228,8.205298653920662,9.792018227829976,0.9518861740760545,-25.61688876980175
81.13904987007935,2.2303867436814784,8.205298653920662,9.792018227829976,0.9525449519042755,-25.388538328923143
80.80046717019317,2.2255089429036303,8.205298653920662,9.792018227829976,0.9524486163297229,-25.420271271562907
86.25389257476937,2.2302785335805027,8.205298653920662,9.792018227829976,0.951923761957149,-25.641550719107517
93.67906412540567,2.2623292494885447,8.205298653920662,9.792018227829976,0.9530619998790365,-25.28038769829882
83.98843398870541,2.218015123014041,8.205298653920662,9.792018227829976,0.9517285949694548,-25.696367355880685
92.8459411695978,2.258999259993672,8.205298653920662,9.792018227829976,0.9528757319045658,-25.33862815080743
82.6024457985378,2.248262167130264,8.205298653920662,9.792018227829976,0.9528559508335361,-25.278845043279905
93.48465056668825,2.2962322513782,8.205298653920662,9.792018227829976,0.9540714557564554,-24.9126186744516
82.2996709081142,2.208603245845594,8.205298653920662,9.792018227829976,0.9516334590767247,-25.71452103370065
82.39783571841406,2.2091753837387387,8.205298653920662,9.792018227829976,0.9516243185103455,-25.713782397035054
92.2679950625868,2.298027985956253,8.205298653920662,9.792018227829976,0.9540149131675717,-24.91973554939423
91.29617480105328,2.297938810299783,8.205298653920662,9.792018227829976,0.9539581641614778,-24.933857195294948
91.03023941641528,2.297689713073055,8.205298653920662,9.792018227829976,0.9539342663646377,-24.93890907900979
81.27650303888421,2.203415698206044,8.205298653920662,9.792018227829976,0.9515976188903346,-25.708689775386116
82.61562113086987,2.2483127713156392,8.205298653920662,9.792018227829976,0.9528191357470503,-25.279030400543274
87.40091682589144,2.2361315964146518,8.205298653920662,9.792018227829976,0.9520026960918435,-25.602863462517366
87.30531689369856,2.285676835472884,8.205298653920662,9.792018227829976,0.9535507100842486,-25.04623851470648
95.3396381557506,2.286171367121796,8.205298653920662,9.792018227829976,0.9539310962045593,-24.959759741795274
84.30900607356281,2.264817939106308,8.205298653920662,9.792018227829976,0.9531121130186082,-25.180049714880155
82.37315383921576,2.2091366396909398,8.205298653920662,9.792018227829976,0.9515899859004445,-25.71275232132207
94.92519512627108,2.268841033450556,8.205298653920662,9.792018227829976,0.9533342289551355,-25.166657018082233
80.5381761508978,2.2005871447902337,8.205298653920662,9.792018227829976,0.9516185780975165,-25.688684081104668
88.43556393737643,2.29091766760898,8.205298653920662,9.792018227829976,0.953661355672121,-25.007309247194993
87.92141060939072,2.238676022724192,8.205298653920662,9.792018227829976,0.9520407284618811,-25.583269154230774
89.68993602347626,2.246611443376338,8.205298653920662,9.792018227829976,0.9522712714219591,-25.509362119119615
93.7098279191898,2.295404259647981,8.205298653920662,9.792018227829976,0.9539993777528699,-24.915443647096446
92.20673571891447,2.29793299191914,8.205298653920662,9.792018227829976,0.9539552644792963,-24.921806162526806
81.61820287296688,2.205207603129381,8.205298653920662,9.792018227829976,0.9515589872373139,-25.710859468536814
80.76594423420163,2.2245924754766837,8.205298653920662,9.792018227829976,0.9523281708299159,-25.428252144235366
93.57201493766132,2.2957613611558827,8.205298653920662,9.792018227829976,0.9539831620672289,-24.915383248273706
83.44500140848686,2.215204738267317,8.205298653920662,9.792018227829976,0.9515975676585743,-25.702096141947184
94.6331191453644,2.291411637267132,8.205298653920662,9.792018227829976,0.9539495573002191,-24.92951614103507
85.97704731101479,2.277561326820688,8.205298653920662,9.792018227829976,0.9533125193252917,-25.1012599809472
88.07046188494483,2.2394609418606564,8.205298653920662,9.792018227829976,0.9520188929328708,-25.576635026295087
95.61616229237649,2.278640842915564,8.205298653920662,9.792018227829976,0.9536658747656639,-25.030616037712747
95.5660875089326,2.2817944917821364,8.205298653920662,9.792018227829976,0.953755481140185,-24.998178361425964
83.67266379074215,2.2165288037825945,8.205298653920662,9.792018227829976,0.9515913552398638,-25.69827570548813
80.47068908233948,2.219661377143765,8.205298653920662,9.792018227829976,0.9521873160142534,-25.463025273421053
95.18112355343013,2.28728342930971,8.205298653920662,9.792018227829976,0.9538640471350062,-24.95398639894054
85.71066009645132,2.2756657266069027,8.205298653920662,9.792018227829976,0.95324546905017,-25.113671939800852
82.24168373189288,2.208660650440976,8.205298653920662,9.792018227829976,0.9515058501575628,-25.710321103565427
92.46074433591846,2.257861525551675,8.205298653920662,9.792018227829976,0.9526666320006982,-25.359289382537554
84.53373214957435,2.2665366911934086,8.205298653920662,9.792018227829976,0.9530499368501404,-25.17060622336385
88.31346907094236,2.2902448991772104,8.205298653920662,9.792018227829976,0.9535577766322256,-25.0131386978302
79.88163627192546,2.205497128712551,8.205298653920662,9.792018227829976,0.9518184009965539,-25.58089280083007
94.83359662110992,2.2686989351482083,8.205298653920662,9.792018227829976,0.9532211575768738,-25.17166762034071
79.91339668960957,2.206954988180158,8.205298653920662,9.792018227829976,0.9518490800673102,-25.566528001399845
80.00204190468817,2.2096773073321287,8.205298653920662,9.792018227829976,0.9519022495705792,-25.54204276331087
81.95512348237962,2.207233843309723,8.205298653920662,9.792018227829976,0.9514706856151639,-25.709080522215785
84.0339107114211,2.218684127325986,8.205298653920662,9.792018227829976,0.9515575802329307,-25.690762045860836
95.5300198306051,2.2763511077986607,8.205298653920662,9.792018227829976,0.9535196307654575,-25.05945659883028
81.5302287790258,2.234961554196488,8.205298653920662,9.792018227829976,0.9524189315742565,-25.362972821825977
86.83980323526644,2.2828048124210625,8.205298653920662,9.792018227829976,0.9533379985575067,-25.067315503286085
80.03302516043006,2.2014168709369244,8.205298653920662,9.792018227829976,0.9516160168907366,-25.640277756107697
81.85470553593353,2.2390667233150765,8.205298653920662,9.792018227829976,0.9524927259775042,-25.33743891850113
88.37607145142783,2.241041102651593,8.205298653920662,9.792018227829976,0.9519805283996348,-25.56283928944287
95.46711369546408,2.2829954236448344,8.205298653920662,9.792018227829976,0.9537023113342096,-24.989204207965134
94.09829216265685,2.2936175774559047,8.205298653920662,9.792018227829976,0.9538558097748134,-24.92330728753475
93.19041468643287,2.2609393251288594,8.205298653920662,9.792018227829976,0.9527527817703842,-25.308872697936884
84.68005650888226,2.267598687978378,8.205298653920662,9.792018227829976,0.9529960269489519,-25.164890592223735
80.08212046417475,2.2113209769559887,8.205298653920662,9.792018227829976,0.9518952658197304,-25.529330521545944
81.27852127803673,2.231479923463695,8.205298653920662,9.792018227829976,0.9523171599092242,-25.385661846449846
82.84559535490122,2.2121768487746607,8.205298653920662,9.792018227829976,0.9514493803309453,-25.704910852487366
79.92833317092233,2.2039994481196032,8.205298653920662,9.792018227829976,0.9516814049013199,-25.601981821516326
85.32899243632785,2.225884572967047,8.205298653920662,9.792018227829976,0.9516129721392367,-25.661641151228665
95.04969608228924,2.2878627723000307,8.205298653920662,9.792018227829976,0.9537602312417207,-24.95279412311786
83.05120597728185,2.252452057002259,8.205298653920662,9.792018227829976,0.9526917164646745,-25.25673102720012
86.9164760960036,2.2831220510043977,8.205298653920662,9.792018227829976,0.953282445338288,-25.06566363428723
95.50892494217533,2.2805584635182043,8.205298653920662,9.792018227829976,0.9535648473448786,-25.01413919491501
85.04781445534195,2.270423006768553,8.205298653920662,9.792018227829976,0.9529883559776607,-25.148107009519638
87.10817153919986,2.284090146858432,8.205298653920662,9.792018227829976,0.9532500765055075,-25.05942084808616
90.87812428780914,2.296889951685316,8.205298653920662,9.792018227829976,0.9536196545817922,-24.94869113797004
95.44282592179276,2.276301896653081,8.205298653920662,9.792018227829976,0.9533768009988491,-25.063661378116254
95.42194018419828,2.282340124216788,8.205298653920662,9.792018227829976,0.9535569091135552,-24.99825370532059
80.67015717939563,2.222025643457087,8.205298653920662,9.792018227829976,0.9520279466919019,-25.450656757365504
89.68168994725936,2.2945661511325994,8.205298653920662,9.792018227829976,0.953513772996587,-24.976492085169326
91.6978330390268,2.2974258570516497,8.205298653920662,9.792018227829976,0.9536612277253689,-24.934852684945053
80.84434242757514,2.224753183904511,8.205298653920662,9.792018227829976,0.9520725471037539,-25.432048572544563
95.33701681169244,2.274485558597817,8.205298653920662,9.792018227829976,0.9532854421756314,-25.088036883007888
95.47819777877524,2.278822723512789,8.205298653920662,9.792018227829976,0.9534366221190715,-25.034473170674396
81.73523081359653,2.2371087184967138,8.205298653920662,9.792018227829976,0.9522996904178546,-25.351980149075263
95.46413860202075,2.278155856697964,8.205298653920662,9.792018227829976,0.9534001988669235,-25.04238600946807
82.3720580863131,2.209937747150974,8.205298653920662,9.792018227829976,0.9513171717227789,-25.70337018235987
93.88424695788429,2.264387372216447,8.205298653920662,9.792018227829976,0.9527793729225368,-25.251444188228785
82.21457324660379,2.209112407199399,8.205298653920662,9.792018227829976,0.9513107408342809,-25.703406066694683
82.23331682925608,2.2092142889831194,8.205298653920662,9.792018227829976,0.9513100819989814,-25.70336951633862
80.53813867376489,2.202159148618719,8.205298653920662,9.792018227829976,0.9513575414198816,-25.670352523889836
91.54431203494288,2.2972619212283405,8.205298653920662,9.792018227829976,0.9535948164619056,-24.938522134039026
95.30689647222,2.283679820923936,8.205298653920662,9.792018227829976,0.9535076901525603,-24.98830744659858
90.96349693647193,2.2968040053461607,8.205298653920662,9.792018227829976,0.9535380153415652,-24.949026714117224
90.639548021616,2.29637834391427,8.205298653920662,9.792018227829976,0.9535105638292711,-24.955622751607777
91.89508238296436,2.2972179824361376,8.205298653920662,9.792018227829976,0.9535790316167028,-24.934415342060124
91.35854306506418,2.254162180994655,8.205298653920662,9.792018227829976,0.9522211640509781,-25.417183276603847
81.23579827760932,2.230191837060844,8.205298653920662,9.792018227829976,0.9520924499012989,-25.397403825182792
88.41902211517912,2.241697864545486,8.205298653920662,9.792018227829976,0.9517720534799382,-25.55588976350799
85.24546254287029,2.2716476705492568,8.205298653920662,9.792018227829976,0.9528691390945865,-25.14191974423679
88.7263022520791,2.243103369667452,8.205298653920662,9.792018227829976,0.9518091314111351,-25.543298030111767
94.77298263579794,2.269626074783972,8.205298653920662,9.792018227829976,0.9529674066491294,-25.163627261819435
94.31050676880334,2.266792179158543,8.205298653920662,9.792018227829976,0.9528248719909223,-25.21122960136623
90.6851267235762,2.251512516061382,8.205298653920662,9.792018227829976,0.9520839386716207,-25.452414988114064
94.93595773276589,2.270914846728431,8.205298653920662,9.792018227829976,0.95301926674352,-25.143279247613602
86.61770788178497,2.2330572597207805,8.205298653920662,9.792018227829976,0.9515342874876499,-25.619790474257183
84.35507578459669,2.26433390149748,8.205298653920662,9.792018227829976,0.9526954922537164,-25.187439492206114
84.55497012622618,2.266039579221612,8.205298653920662,9.792018227829976,0.9527261510685269,-25.177016444362522
94.20282624886872,2.292233846697997,8.205298653920662,9.792018227829976,0.9535700509162576,-24.93504290805256
80.07635634752633,2.205668720055584,8.205298653920662,9.792018227829976,0.9514714458193543,-25.594269307929885
95.39304885483844,2.279169173545881,8.205298653920662,9.792018227829976,0.953304202559839,-25.034209668044994
92.46907838863932,2.296749233652676,8.205298653920662,9.792018227829976,0.9535441080324321,-24.92998337875882
88.56911556206788,2.242485587260674,8.205298653920662,9.792018227829976,0.9517449885587539,-25.548676716702616
90.19010381973608,2.295425757333632,8.205298653920662,9.792018227829976,0.9533957500254293,-24.96739159603717
89.43378189081842,2.2935542677526115,8.205298653920662,9.792018227829976,0.9533266004701928,-24.98667091708301
80.22407253417083,2.2123374968386003,8.205298653920662,9.792018227829976,0.9516446729374748,-25.528581963251774
83.019132672685,2.251508187966067,8.205298653920662,9.792018227829976,0.9524260581013838,-25.265585782597608
83.6785785691639,2.25810290137818,8.205298653920662,9.792018227829976,0.9525473333925283,-25.225669755400585
81.05610002062289,2.2272975464724283,8.205298653920662,9.792018227829976,0.9519577632409268,-25.4179689294161
88.47305267131016,2.2420810234572883,8.205298653920662,9.792018227829976,0.9517168436240148,-25.55217831366112
81.81689811022817,2.207474332710504,8.205298653920662,9.792018227829976,0.9511900766745811,-25.69744094777835
92.4461974848378,2.2587000051531305,8.205298653920662,9.792018227829976,0.9523391896203177,-25.35015609652708
80.10911633191505,2.207878082303836,8.205298653920662,9.792018227829976,0.9514971678022832,-25.571224022225998
83.19523944527396,2.2532589549959,8.205298653920662,9.792018227829976,0.9524293483805023,-25.255346857019724
90.29557476683158,2.2500866220374576,8.205298653920662,9.792018227829976,0.9519468968531896,-25.470018068928955
90.74006172042706,2.251921062291615,8.205298653920662,9.792018227829976,0.9520151954065681,-25.447496287328974
83.63855631001277,2.2576221110081605,8.205298653920662,9.792018227829976,0.9524968108284068,-25.229080536621165
88.83067547499184,2.2437907033890667,8.205298653920662,9.792018227829976,0.9517239227174372,-25.53646930736863
84.26035762028225,2.2207258584570724,8.205298653920662,9.792018227829976,0.9512479659721014,-25.677554705207793
88.78402198529832,2.2912978762795437,8.205298653920662,9.792018227829976,0.9531981537069958,-25.006852458621754
94.4292559666439,2.290734367846312,8.205298653920662,9.792018227829976,0.9534695382767722,-24.94391537711891
92.41317222654092,2.2966179733643486,8.205298653920662,9.792018227829976,0.9534655390490825,-24.932444563346788
87.06956591022458,2.2833950399708414,8.205298653920662,9.792018227829976,0.952995655043132,-25.066186461055295
89.38495780623482,2.2462654655891754,8.205298653920662,9.792018227829976,0.9517896436155627,-25.51219278920358
92.92500602586418,2.2607730627076705,8.205298653920662,9.792018227829976,0.9523944395455652,-25.316996805495865
89.82401781478147,2.2944440541855045,8.205298653920662,9.792018227829976,0.953284304612224,-24.97808812244003
82.68031602555811,2.2121105614224774,8.205298653920662,9.792018227829976,0.9511513983274259,-25.696266117734254
87.49028636506364,2.285606401582484,8.205298653920662,9.792018227829976,0.9530331336825633,-25.050685146393747
91.17582565562276,2.253781525366051,8.205298653920662,9.792018227829976,0.9520483949728445,-25.423267269048786
81.68308483129437,2.207098908760628,8.205298653920662,9.792018227829976,0.9511179205616338,-25.693107964837427
92.8894469581587,2.2958699317244253,8.205298653920662,9.792018227829976,0.9534363762460852,-24.930965112793345
80.25950344943716,2.204309987353497,8.205298653920662,9.792018227829976,0.9512596389298553,-25.624229108248603
93.02443728897867,2.2613492539390734,8.205298653920662,9.792018227829976,0.9523642006635124,-25.308266964126688
80.7863723651267,2.222483979371532,8.205298653920662,9.792018227829976,0.9517272512336952,-25.453837806736143
81.48088660872232,2.2328420572593477,8.205298653920662,9.792018227829976,0.9519328370633525,-25.383771041632805
86.0720219509443,2.277138036709516,8.205298653920662,9.792018227829976,0.9527832035074512,-25.108815858867736
81.23931776012802,2.2053590460353973,8.205298653920662,9.792018227829976,0.9510870079997215,-25.683483287717642
80.1760488572677,2.2073446030836408,8.205298653920662,9.792018227829976,0.9513482076326613,-25.582593538578774
94.44664377715738,2.2684123619347645,8.205298653920662,9.792018227829976,0.9526935977856248,-25.1886491680052
82.77622513591189,2.212861191901112,8.205298653920662,9.792018227829976,0.9510747484318816,-25.69304129538959
86.54348848350644,2.2801060503053208,8.205298653920662,9.792018227829976,0.9528199230201798,-25.089468088426322
89.44585152681532,2.2467453216709856,8.205298653920662,9.792018227829976,0.9517031151143944,-25.5070233321466
84.39124828998177,2.264197994649024,8.205298653920662,9.792018227829976,0.9524911679667017,-25.190517388575103
80.3774503738961,2.214402939987039,8.205298653920662,9.792018227829976,0.9515088099547042,-25.516454693836348
90.1262659207708,2.294899412108066,8.205298653920662,9.792018227829976,0.9531978920502177,-24.973191732688395
92.23524396781583,2.296453114145592,8.205298653920662,9.792018227829976,0.9533297969441432,-24.93737641524546
93.69143293474455,2.293566805314612,8.205298653920662,9.792018227829976,0.9533531646985312,-24.935911371944655
87.76600261515065,2.286714553171976,8.205298653920662,9.792018227829976,0.9529365368049495,-25.0435431409804
90.293978111643,2.2951730897173803,8.205298653920662,9.792018227829976,0.9531835943197279,-24.96994746091059
87.46008191467791,2.237716597900046,8.205298653920662,9.792018227829976,0.9514056563049373,-25.58592349507361
82.15681037447241,2.209786336331973,8.205298653920662,9.792018227829976,0.9510115793967941,-25.69201616563749
80.73370769677138,2.2042245388284982,8.205298653920662,9.792018227829976,0.9510697578656563,-25.66075059113432
81.42937390526704,2.23184539838374,8.205298653920662,9.792018227829976,0.9518321209432824,-25.391670451537674
94.65050004720533,2.270101601755826,8.205298653920662,9.792018227829976,0.9527063752642789,-25.16279204074154
93.85860450728848,2.2928082822931373,8.205298653920662,9.792018227829976,0.9533070266631635,-24.939354766101356
91.64858314297965,2.2964913604688064,8.205298653920662,9.792018227829976,0.9532463159603506,-24.94562018571019
92.3066909480172,2.296259888788697,8.205298653920662,9.792018227829976,0.9532761067686362,-24.938240461233953
85.52710535935812,2.227958465687294,8.205298653920662,9.792018227829976,0.9511825905229078,-25.644855846933833
94.83757386879032,2.2868556760241887,8.205298653920662,9.792018227829976,0.9532243040924131,-24.97177264179131
95.12197251673932,2.275261562335672,8.205298653920662,9.792018227829976,0.9528991606689915,-25.08810158822155
91.0248728351413,2.2961189919542164,8.205298653920662,9.792018227829976,0.9531940832705453,-24.956001983895213
84.59705185913948,2.2229909945044426,8.205298653920662,9.792018227829976,0.9510978249249125,-25.666111502578055
80.93703424610752,2.204801827937956,8.205298653920662,9.792018227829976,0.951021380338426,-25.66872672377414
92.15949290910832,2.2581237541232184,8.205298653920662,9.792018227829976,0.9520781442013484,-25.36172483871283
87.5922614230645,2.2857588105716644,8.205298653920662,9.792018227829976,0.9528611433597891,-25.05093011316385
94.26260563461864,2.2907903356837664,8.205298653920662,9.792018227829976,0.953251357262693,-24.948820449091304
89.28922003904326,2.292553666084487,8.205298653920662,9.792018227829976,0.9530284205357319,-24.996867830524717
87.65253811413324,2.2860262993413585,8.205298653920662,9.792018227829976,0.9528528849046239,-25.049094595173774
82.5465185452333,2.211945505061124,8.205298653920662,9.792018227829976,0.9509697837516853,-25.69040408376296
93.0132389131782,2.295158885334729,8.205298653920662,9.792018227829976,0.9532607014169175,-24.935906860848693
91.86035548298231,2.296380838051647,8.205298653920662,9.792018227829976,0.9532123334062931,-24.943995941792455
82.08804147153667,2.240202575049935,8.205298653920662,9.792018227829976,0.9519295401957831,-25.33914987629255
82.75353267246594,2.2130832500147903,8.205298653920662,9.792018227829976,0.9509597600655241,-25.689172872710706
91.3312990398391,2.296254087215757,8.205298653920662,9.792018227829976,0.9531705659563598,-24.95179014872025
85.76059463695843,2.229297427547465,8.205298653920662,9.792018227829976,0.9511561614857852,-25.63741816256495
90.18710588129602,2.2501730638081767,8.205298653920662,9.792018227829976,0.9517006768433879,-25.469243224257156
92.50294730659374,2.2596788198572426,8.205298653920662,9.792018227829976,0.9520928822202894,-25.33809636774806
94.6970452637564,2.2876722853407045,8.205298653920662,9.792018227829976,0.9531625944201104,-24.96797007828898
95.0743596524493,2.283263974806829,8.205298653920662,9.792018227829976,0.9530736047261881,-25.002072335311865
83.35673980608205,2.254190924152041,8.205298653920662,9.792018227829976,0.9521612938845299,-25.25330150550779
80.70727669700742,2.220120911487541,8.205298653920662,9.792018227829976,0.9514921952647947,-25.4751868433586
81.28342215393856,2.229392915933005,8.205298653920662,9.792018227829976,0.9516832849177954,-25.409747505039608
81.3869888911137,2.206617778066473,8.205298653920662,9.792018227829976,0.9509298462242929,-25.678949744031627
80.70976521992867,2.204816395151269,8.205298653920662,9.792018227829976,0.9509892517676107,-25.652114421794824
90.60960657284686,2.2520070829029493,8.205298653920662,9.792018227829976,0.951737095182288,-25.44720720689428
93.9379576974638,2.266245587333984,8.205298653920662,9.792018227829976,0.9523959460090478,-25.229132986068965
87.38654175867161,2.237619748946372,8.205298653920662,9.792018227829976,0.951280328883534,-25.5855524574918
80.46125447076352,2.214773823542956,8.205298653920662,9.792018227829976,0.9513356058782304,-25.518483138507985
81.09153275542124,2.2056923973781863,8.205298653920662,9.792018227829976,0.9509259123639422,-25.66931080650602
93.1979780011454,2.2627528408247883,8.205298653920662,9.792018227829976,0.9522042956174414,-25.28841277771021
83.05091497588514,2.214832872860498,8.205298653920662,9.792018227829976,0.9509148655187187,-25.685484354890445
83.58118545525971,2.256325007045234,8.205298653920662,9.792018227829976,0.9521639064462799,-25.24074592671722
94.87091736212577,2.2857150402249573,8.205298653920662,9.792018227829976,0.9530811266978287,-24.982992875966847
83.90265107042073,2.259356603622436,8.205298653920662,9.792018227829976,0.952205555652578,-25.222409244314193
84.42577257931126,2.22233367115318,8.205298653920662,9.792018227829976,0.9509758345988993,-25.66632566232904
83.6502977654237,2.256951905469421,8.205298653920662,9.792018227829976,0.9521573322765624,-25.23714451655934
91.04762265034948,2.253914080661517,8.205298653920662,9.792018227829976,0.9517667848516528,-25.422876743638
87.94445950606112,2.2871756030892385,8.205298653920662,9.792018227829976,0.9527679878104032,-25.04141835722648
94.49475764048572,2.288810292957692,8.205298653920662,9.792018227829976,0.9531001753267737,-24.962646130594067
94.90788840430156,2.2735679064491734,8.205298653920662,9.792018227829976,0.9526795944028882,-25.115014097407208
94.19621264878243,2.290626748771899,8.205298653920662,9.792018227829976,0.9531189102296127,-24.952739428466966
88.86807888962684,2.290906227297896,8.205298653920662,9.792018227829976,0.9528584898948134,-25.011877234949004
87.02599193967554,2.2824723080539258,8.205298653920662,9.792018227829976,0.9526459817734413,-25.075331077894848
92.29866147185504,2.259062284539098,8.205298653920662,9.792018227829976,0.9519760443082057,-25.348797008307255
92.60757232578406,2.2603531516133444,8.205298653920662,9.792018227829976,0.9520351699560703,-25.32847702141777
81.98176796236167,2.2385149781539297,8.205298653920662,9.792018227829976,0.951779068783481,-25.351662833451712
81.36227690585062,2.230199904800898,8.205298653920662,9.792018227829976,0.9516145637542051,-25.405893375093065
80.74354991914811,2.2202432123464035,8.205298653920662,9.792018227829976,0.9514029639441105,-25.476417969235523
81.87325249606462,2.2371141173962457,8.205298653920662,9.792018227829976,0.9517452983489251,-25.36071638833185
81.32147106206584,2.2295831457231685,8.205298653920662,9.792018227829976,0.951595756890145,-25.410161889266103
91.89656684755056,2.257452025956127,8.205298653920662,9.792018227829976,0.9518867045771751,-25.373390335366313
80.58261984362011,2.2169221137852446,8.205298653920662,9.792018227829976,0.9513111575525248,-25.502784088353074
80.81348506040928,2.205512344398045,8.205298653920662,9.792018227829976,0.950892210968702,-25.65157567051882
89.21694505519193,2.2462848737143872,8.205298653920662,9.792018227829976,0.9514338767464303,-25.511059701945502
88.83889995617069,2.2446047780810545,8.205298653920662,9.792018227829976,0.9513792605355992,-25.527286990530275
82.44639324445667,2.21190041811596,8.205298653920662,9.792018227829976,0.9508219283568767,-25.685014765682826
84.8728857813053,2.267645283401478,8.205298653920662,9.792018227829976,0.952294420569489,-25.17211751303955
94.17091507315158,2.2905307683754046,8.205298653920662,9.792018227829976,0.9530603238164196,-24.95459039712097
95.09491183975268,2.279739037335844,8.205298653920662,9.792018227829976,0.9528372833143297,-25.039910945576977
81.80464718344358,2.2360722320943864,8.205298653920662,9.792018227829976,0.9516793583831625,-25.368170584430924
80.740676512061,2.2198934886290544,8.205298653920662,9.792018227829976,0.9513472159271301,-25.48022124315093
89.85206269964964,2.2490885932129885,8.205298653920662,9.792018227829976,0.9515078678662526,-25.481568660227516
83.14274497401041,2.2516401237481034,8.205298653920662,9.792018227829976,0.9519743345943072,-25.270721295898007
94.43598581202234,2.288884658196224,8.205298653920662,9.792018227829976,0.9530317448419438,-24.96383519196914
93.25611591698076,2.294040725965345,8.205298653920662,9.792018227829976,0.9530706519563319,-24.94226358613715
83.07947868217906,2.250970873099888,8.205298653920662,9.792018227829976,0.9519596981381637,-25.274858780485907
91.71725574080844,2.256836409471461,8.205298653920662,9.792018227829976,0.951811734275235,-25.382813956589498
80.41762357278948,2.212084465944656,8.205298653920662,9.792018227829976,0.951152822459115,-25.546215219463928
86.35859211835658,2.23273592987448,8.205298653920662,9.792018227829976,0.9510634363587588,-25.61636512572915
94.05999793484054,2.2673914931133083,8.205298653920662,9.792018227829976,0.9523244286518238,-25.212634612286568
81.97424175158821,2.2382233621009533,8.205298653920662,9.792018227829976,0.9517124869166261,-25.354494818827582
87.48556481431511,2.284798097128359,8.205298653920662,9.792018227829976,0.9526354930948269,-25.05945215317725
90.61696613370714,2.2951230341923434,8.205298653920662,9.792018227829976,0.9529332832383848,-24.96937275072349
91.672958730099,2.295906088349284,8.205298653920662,9.792018227829976,0.9529952914513669,-24.951668132915756
87.42349961498692,2.238072913891159,8.205298653920662,9.792018227829976,0.9511631582982158,-25.581122364798087
86.23493134294401,2.232157412205737,8.205298653920662,9.792018227829976,0.9510277445631414,-25.61942176930124
81.32778832470035,2.2293555327107413,8.205298653920662,9.792018227829976,0.951512340837946,-25.413182436805325
91.3825662611596,2.255539928185541,8.205298653920662,9.792018227829976,0.9517256759142613,-25.40141094532873
80.47538054544299,2.206990919081008,8.205298653920662,9.792018227829976,0.9509398065804667,-25.609488912317556
86.63791705959301,2.2799720390796523,8.205298653920662,9.792018227829976,0.9524781840085355,-25.093405631892868
83.14507157293166,2.2157500702196984,8.205298653920662,9.792018227829976,0.9507776870274862,-25.679965162477114
83.23939068584095,2.216256800227413,8.205298653920662,9.792018227829976,0.950780260599996,-25.679142569584986
80.80395746342184,2.206018561994142,8.205298653920662,9.792018227829976,0.9508285100417583,-25.645002248058987
80.46286840757635,2.207571003009648,8.205298653920662,9.792018227829976,0.9509370816310507,-25.601824123830294
83.5140813198735,2.2552384960027325,8.205298653920662,9.792018227829976,0.9519721389442265,-25.24955530774692
88.3018555326257,2.288437034151613,8.205298653920662,9.792018227829976,0.9526570204286692,-25.03273863958378
81.28205826239041,2.207089179311211,8.205298653920662,9.792018227829976,0.9507608021800406,-25.666303040427827
92.1382343480052,2.25875835464133,8.205298653920662,9.792018227829976,0.9518223584551962,-25.354956114648914
81.01309296680296,2.206415526477272,8.205298653920662,9.792018227829976,0.9507782812648861,-25.65537144963875
95.01271862373798,2.277510053603081,8.205298653920662,9.792018227829976,0.9526661542460887,-25.067584383057298
82.74120710773492,2.2137127801364187,8.205298653920662,9.792018227829976,0.950736374931973,-25.68116800153384
85.07232291087608,2.2689881464383603,8.205298653920662,9.792018227829976,0.9522087602400682,-25.164932194179574
83.2332334476947,2.252308533064564,8.205298653920662,9.792018227829976,0.9518831005703602,-25.26799223166399
83.10654131388392,2.250984240316299,8.205298653920662,9.792018227829976,0.951857468672258,-25.27615494831128
80.50405497229038,2.207591364674883,8.205298653920662,9.792018227829976,0.9508909101906061,-25.60467343565102
86.18465618804832,2.2320658172273653,8.205298653920662,9.792018227829976,0.9509513217883538,-25.618983263722747
89.04134395291906,2.2457909427646285,8.205298653920662,9.792018227829976,0.9512863405838501,-25.515478925968115
94.615284339484,2.271811096804271,8.205298653920662,9.792018227829976,0.9524168049154038,-25.145119800884576
83.36562541986468,2.2170895456683013,8.205298653920662,9.792018227829976,0.9507313292453637,-25.67614429757387
93.0218212159876,2.294230097796458,8.205298653920662,9.792018227829976,0.9529361061688143,-24.945799446077125
87.11307882487594,2.2825738686868675,8.205298653920662,9.792018227829976,0.9524669376579088,-25.076167013483207
82.79283257360412,2.247532284539659,8.205298653920662,9.792018227829976,0.9517688987349356,-25.29781986211744
94.81866952196054,2.284490138671387,8.205298653920662,9.792018227829976,0.9528182989998356,-24.9983132895458
82.90610120302244,2.214687107140904,8.205298653920662,9.792018227829976,0.9507040603413845,-25.679178958662604
89.60495538149782,2.292776983851212,8.205298653920662,9.792018227829976,0.9527272679387204,-24.995763661747926
81.10299161545439,2.206858303957773,8.205298653920662,9.792018227829976,0.9507285769298607,-25.656559899727725
80.67811114392302,2.206711097999303,8.205298653920662,9.792018227829976,0.9508005811208217,-25.62777996264546
87.00760065552204,2.2362756317937453,8.205298653920662,9.792018227829976,0.9510108562060301,-25.592634453356645
94.96272423560742,2.2815224952183684,8.205298653920662,9.792018227829976,0.9527308795845341,-25.025427701472534
94.32351933769004,2.269710202797924,8.205298653920662,9.792018227829976,0.9522818472621694,-25.178402358887652
88.25919415113275,2.288084064238106,8.205298653920662,9.792018227829976,0.952566747443568,-25.036038635187232
81.59094410562251,2.208568076446255,8.205298653920662,9.792018227829976,0.9506683385534985,-25.66995566526189
93.85796454860504,2.266994676527176,8.205298653920662,9.792018227829976,0.9521113058436314,-25.22320016373529
89.83645424664917,2.249443702457498,8.205298653920662,9.792018227829976,0.9513295685474513,-25.477529203778545
90.3961738386143,2.294371697894462,8.205298653920662,9.792018227829976,0.9527311547281502,-24.978396114972117
94.91724426637364,2.28174461548835,8.205298653920662,9.792018227829976,0.9526764651399899,-25.02470969806321
87.84335223264517,2.2861355528486342,8.205298653920662,9.792018227829976,0.9524731318701481,-25.051178855898733
80.58347779919521,2.208116788318108,8.205298653920662,9.792018227829976,0.9507923144217931,-25.604494683652007
94.42366607935354,2.287849754064908,8.205298653920662,9.792018227829976,0.952793614065582,-24.975537551090635
93.57371317573572,2.2923125076204087,8.205298653920662,9.792018227829976,0.9528349143596556,-24.952802968238007
91.98102518522938,2.258476078292759,8.205298653920662,9.792018227829976,0.9516654838116115,-25.360625817980218
92.32659086351995,2.2950677213396062,8.205298653920662,9.792018227829976,0.9528132396736264,-24.950837054178805
91.27452982797976,2.2555595872191248,8.205298653920662,9.792018227829976,0.9515332746420668,-25.402300485969214
93.291957002623,2.2642421420107297,8.205298653920662,9.792018227829976,0.9519339090906767,-25.269437974401626
86.11294339422126,2.2319596233376444,8.205298653920662,9.792018227829976,0.9508330601548667,-25.61804299483096
80.56498164299752,2.209008254225367,8.205298653920662,9.792018227829976,0.9507931230356171,-25.59279527497494
83.44328109129697,2.2178246312661827,8.205298653920662,9.792018227829976,0.950624362666318,-25.671661081046675
90.56834346514256,2.2945279671605334,8.205298653920662,9.792018227829976,0.952691363411126,-24.976064136134042
80.68159876197954,2.216602241332012,8.205298653920662,9.792018227829976,0.9510071052567903,-25.513732685461147
81.6029488162261,2.208936878855255,8.205298653920662,9.792018227829976,0.9505983893431769,-25.66646633982477
80.62707850594148,2.208206842592091,8.205298653920662,9.792018227829976,0.9507467186543643,-25.606674857280538
94.4205676950595,2.2875653806405154,8.205298653920662,9.792018227829976,0.9527323481576676,-24.978745138176052
92.00793687192412,2.2587435015468174,8.205298653920662,9.792018227829976,0.9516179808330437,-25.3572100409197
84.92652464807401,2.267407901727992,8.205298653920662,9.792018227829976,0.9519943930040607,-25.17685507620518
89.62388423462677,2.292497090666771,8.205298653920662,9.792018227829976,0.952572858122784,-24.998869369870178
87.98886913267233,2.2866137068205035,8.205298653920662,9.792018227829976,0.9523958127907616,-25.04825786839153
87.59006157595174,2.2847095241789503,8.205298653920662,9.792018227829976,0.9523451469014562,-25.0623885384681
82.173981050416,2.2115527122073217,8.205298653920662,9.792018227829976,0.9505438038674412,-25.672564645915703
94.86766626675524,2.281097882096645,8.205298653920662,9.792018227829976,0.9525510828846703,-25.033655027704715
80.65252339097817,2.2086979169308307,8.205298653920662,9.792018227829976,0.9507039192597985,-25.602858510466252
89.1185212376313,2.290929924434934,8.205298653920662,9.792018227829976,0.9524840183581594,-25.013539825319857
94.30955043302905,2.2705094153681955,8.205298653920662,9.792018227829976,0.9521374481806751,-25.17000745827077
94.7155943561176,2.284026129528129,8.205298653920662,9.792018227829976,0.9525988256933778,-25.00714057516839
87.12013955010762,2.2372241011883176,8.205298653920662,9.792018227829976,0.9508539524823263,-25.584367293393317
89.9873410283023,2.2504046573416474,8.205298653920662,9.792018227829976,0.9512249780969453,-25.466758652540868
87.56493171921427,2.284500949673699,8.205298653920662,9.792018227829976,0.9523018078177796,-25.064210438617405
86.01511548817939,2.275341266782433,8.205298653920662,9.792018227829976,0.9520868682601374,-25.126907017855704
94.63621748025794,2.273806027935592,8.205298653920662,9.792018227829976,0.9522469783279613,-25.122327568178196
93.3628810317884,2.2925429015177485,8.205298653920662,9.792018227829976,0.9526878730600761,-24.955861599593987
86.5997946105183,2.279086361912249,8.205298653920662,9.792018227829976,0.9521556246034879,-25.102165261981863
82.50439197805939,2.2435475620310825,8.205298653920662,9.792018227829976,0.9514558320041735,-25.32627326223357
81.0889508046147,2.2239526743284017,8.205298653920662,9.792018227829976,0.9510594267826417,-25.45847170586135
80.79110123559828,2.2084136492184,8.205298653920662,9.792018227829976,0.9506065577027221,-25.6162720452884
93.55856120039,2.291780549859069,8.205298653920662,9.792018227829976,0.9526622815959442,-24.959003155730574
93.37667841624376,2.2924217418068054,8.205298653920662,9.792018227829976,0.952664434320498,-24.956825997454178
92.6695688732818,2.261875807109277,8.205298653920662,9.792018227829976,0.9516589118017112,-25.31017305020099
84.07110868898906,2.25976176464917,8.205298653920662,9.792018227829976,0.9517381474206744,-25.225700613131945
84.77283031948514,2.225284928372986,8.205298653920662,9.792018227829976,0.950575263618468,-25.646985883153118
85.48418749286863,2.2290451686756967,8.205298653920662,9.792018227829976,0.9506313420852172,-25.630850648732277
80.64750008721701,2.212863430800596,8.205298653920662,9.792018227829976,0.9507487753259019,-25.554318464799355
94.5707799768763,2.273570256676948,8.205298653920662,9.792018227829976,0.9521685951156033,-25.12724203772645
85.82982882803402,2.230909608984234,8.205298653920662,9.792018227829976,0.9506359733031895,-25.6211765083919
81.14148423364252,2.22449761273829,8.205298653920662,9.792018227829976,0.9510071832908841,-25.45588657850259
85.01638526109684,2.2266973256842704,8.205298653920662,9.792018227829976,0.9505471695351884,-25.640462052455316
94.59551732411204,2.2740659888077346,8.205298653920662,9.792018227829976,0.9521657081414547,-25.120897887008194
81.79237573938914,2.2342677453111293,8.205298653920662,9.792018227829976,0.9511906059158651,-25.387864854620815
86.03648161463265,2.2752734416057194,8.205298653920662,9.792018227829976,0.9519898795529746,-25.128306655607336
85.31611450289145,2.228291764935065,8.205298653920662,9.792018227829976,0.9505658131805849,-25.633461802319538
94.77893042944456,2.278529875480274,8.205298653920662,9.792018227829976,0.9523083582882522,-25.0651296147821
86.40748828465719,2.277668038841739,8.205298653920662,9.792018227829976,0.9520243249461172,-25.112637947611557
81.00403459123234,2.221763795139452,8.205298653920662,9.792018227829976,0.9509079678232285,-25.477590962216773
84.11449520581797,2.221956331258184,8.205298653920662,9.792018227829976,0.9504642558992356,-25.656692204577276
82.24883930625442,2.2401111434905374,8.205298653920662,9.792018227829976,0.9512797677037903,-25.349967067741286
84.35068265215719,2.2620706044901624,8.205298653920662,9.792018227829976,0.9516950192547453,-25.212436319093428
92.4869004304884,2.2941297799734883,8.205298653920662,9.792018227829976,0.9525429853581876,-24.958097404010054
84.24767962084633,2.222732959607413,8.205298653920662,9.792018227829976,0.9504478746152141,-25.65380860225888
86.56210390125621,2.234810380250707,8.205298653920662,9.792018227829976,0.9506409826593469,-25.59822259711991
92.71394458940534,2.293718728450088,8.205298653920662,9.792018227829976,0.9525348717566925,-24.958075501630454
82.65978273166564,2.214527284210888,8.205298653920662,9.792018227829976,0.9503691463420916,-25.667054362440574
82.95443921703207,2.2481984525074523,8.205298653920662,9.792018227829976,0.9513916970123683,-25.29924758172545
94.59294575103551,2.274733160619064,8.205298653920662,9.792018227829976,0.9521160908081142,-25.113624454253156
86.00918868616203,2.232045920337981,8.205298653920662,9.792018227829976,0.9505665786640735,-25.613859080165618
80.79672095864606,2.216413439405187,8.205298653920662,9.792018227829976,0.9507162074428925,-25.52426582463328
80.80444416048373,2.210067539399205,8.205298653920662,9.792018227829976,0.9505093865050669,-25.598077494362748
87.27640413304854,2.28259223612838,8.205298653920662,9.792018227829976,0.9520668720206429,-25.079468148995332
86.69188607768646,2.2355378764926,8.205298653920662,9.792018227829976,0.9506228775428047,-25.593313103850935
94.71315815451096,2.2778840278881063,8.205298653920662,9.792018227829976,0.9522026146011672,-25.07462224576723
94.49898647692667,2.2737322389383507,8.205298653920662,9.792018227829976,0.9520482326433595,-25.12795007450288
84.84959752288401,2.2260546218029305,8.205298653920662,9.792018227829976,0.9504422076811962,-25.641242090942686
89.84772207295676,2.25028504835727,8.205298653920662,9.792018227829976,0.9510106887454425,-25.468022259177406
84.01728502347207,2.2216584839775493,8.205298653920662,9.792018227829976,0.9503809514689161,-25.655605350905333
87.4851461774578,2.239516187637236,8.205298653920662,9.792018227829976,0.950678961855931,-25.565867732561202
83.25806358769182,2.251294967597886,8.205298653920662,9.792018227829976,0.9513947182039731,-25.280659904553307
80.77721668336017,2.2146952273922693,8.205298653920662,9.792018227829976,0.9506159945719795,-25.542647905750712
94.29599214409583,2.286681016839111,8.205298653920662,9.792018227829976,0.952389655770922,-24.992541528172335
94.43219562748564,2.2732988876082203,8.205298653920662,9.792018227829976,0.9519868863753025,-25.135025800413153
92.467549658804,2.2615674229571,8.205298653920662,9.792018227829976,0.9514420911351607,-25.317626729880434
94.41277852483948,2.285502919317437,8.205298653920662,9.792018227829976,0.9523575528514179,-25.001536764234142
85.18395214202026,2.2279153945431034,8.205298653920662,9.792018227829976,0.9504304076262763,-25.632876503766695
94.42762700880697,2.273292640096102,8.205298653920662,9.792018227829976,0.9519807169864742,-25.13525010920681
85.14339998709238,2.227719705068409,8.205298653920662,9.792018227829976,0.9504204586577607,-25.633591925648826
82.81520438873353,2.246360591007374,8.205298653920662,9.792018227829976,0.9512598280810733,-25.312256183816046
93.89173233054514,2.2892697002090188,8.205298653920662,9.792018227829976,0.9523919812154563,-24.976905347644333
81.26034116196796,2.225436619243851,8.205298653920662,9.792018227829976,0.9508343163006524,-25.45332298969165
94.67078319701778,2.278477540242207,8.205298653920662,9.792018227829976,0.9521431931790812,-25.069615780205808
92.2195970594388,2.294071777226278,8.205298653920662,9.792018227829976,0.9523953504238094,-24.96351369876447
89.97100171754819,2.2509812944299483,8.205298653920662,9.792018227829976,0.9509658011943986,-25.46023551273708
84.88524600139517,2.266266741564735,8.205298653920662,9.792018227829976,0.9516295885888283,-25.18790834666628
89.26735766832832,2.290728186124298,8.205298653920662,9.792018227829976,0.9521861216462624,-25.01665694691687
86.26278998721472,2.2335860645539896,8.205298653920662,9.792018227829976,0.9504918672228913,-25.60385950131248
80.82720196748555,2.215402511559432,8.205298653920662,9.792018227829976,0.9505680395010621,-25.538104661055876
90.84213611575808,2.2939352432426574,8.205298653920662,9.792018227829976,0.9523009212986894,-24.981044720300744
82.44379272687502,2.241883313603452,8.205298653920662,9.792018227829976,0.9511300700872638,-25.34152324992906
93.09698588771953,2.2647263053171542,8.205298653920662,9.792018227829976,0.9515223299669275,-25.26883722073036
85.79055583522727,2.2730909836414668,8.205298653920662,9.792018227829976,0.9517328152478433,-25.14470849972891
91.94793260756616,2.2941591251881306,8.205298653920662,9.792018227829976,0.9523370658500586,-24.96687054973942
93.75497200449628,2.268386639335503,8.205298653920662,9.792018227829976,0.9516831818527195,-25.210745354551666
93.73317659560576,2.289834485880988,8.205298653920662,9.792018227829976,0.9523370444919617,-24.975353362198184
80.84650063343967,2.2153148491160835,8.205298653920662,9.792018227829976,0.9505252086488675,-25.54050234413963
94.33521520021463,2.272987498973066,8.205298653920662,9.792018227829976,0.9518735866695907,-25.141729463532858
80.9051958094379,2.217338683403014,8.205298653920662,9.792018227829976,0.9505691865637558,-25.521401020462573
94.33960234064465,2.285491257144912,8.205298653920662,9.792018227829976,0.9522514557028822,-25.004108020773547
91.55227891540758,2.257893292441679,8.205298653920662,9.792018227829976,0.9511697425413705,-25.37302382328762
94.11511029722816,2.287405316191382,8.205298653920662,9.792018227829976,0.9522787089796926,-24.99043258368304
80.85419532402314,2.213025781869831,8.205298653920662,9.792018227829976,0.9504201717540925,-25.567460309101445
82.61293487702346,2.24370737900054,8.205298653920662,9.792018227829976,0.9511061863971887,-25.330737121073664
85.72125710623884,2.2724697825223927,8.205298653920662,9.792018227829976,0.9516648185491086,-25.14932105033816
83.91739084361762,2.2215729431215294,8.205298653920662,9.792018227829976,0.9502235388133695,-25.651865863335413
91.22233256412142,2.2939951897679838,8.205298653920662,9.792018227829976,0.9522276191873817,-24.97740576309412
80.9462052263748,2.217812170577972,8.205298653920662,9.792018227829976,0.9505263564787517,-25.518872131376153
81.3124138115171,2.225576055845636,8.205298653920662,9.792018227829976,0.9507082125087793,-25.4552745894615
94.5872380507406,2.279300220127041,8.205298653920662,9.792018227829976,0.952036077770419,-25.0635309212402
94.35034619793814,2.2849057301313707,8.205298653920662,9.792018227829976,0.952179007671922,-25.010155810664553
81.57661485956004,2.2110311295150358,8.205298653920662,9.792018227829976,0.9501901185444267,-25.640425135445156
94.33199948110378,2.2850455595777106,8.205298653920662,9.792018227829976,0.9521733351964115,-25.009234089917378
85.50439685165246,2.2300110901663714,8.205298653920662,9.792018227829976,0.9502936862481246,-25.620466449637178
85.71130977233668,2.2311111801107586,8.205298653920662,9.792018227829976,0.9503004493150843,-25.614944222332177
90.02028892565964,2.2922799140100523,8.205298653920662,9.792018227829976,0.9520827586602479,-25.00177368506137
90.99483736945402,2.2936959584696126,8.205298653920662,9.792018227829976,0.952152125069966,-24.982581953573014
89.12071711344377,2.247622604262915,8.205298653920662,9.792018227829976,0.9506872669620402,-25.49526270624761
84.21619970742046,2.260058310440499,8.205298653920662,9.792018227829976,0.9513366439841427,-25.228944533337604
84.51075609829354,2.262649581024774,8.205298653920662,9.792018227829976,0.9513740200843189,-25.212855838335635
91.90968219453144,2.2937407195626207,8.205298653920662,9.792018227829976,0.9521704854011128,-24.971983795706056
94.316725298224,2.284614869329772,8.205298653920662,9.792018227829976,0.9520904359515577,-25.014450523952767
81.58357337161394,2.2114372275591165,8.205298653920662,9.792018227829976,0.950127154396497,-25.636179845720168
93.03436955523487,2.265020178655064,8.205298653920662,9.792018227829976,0.9513588856389987,-25.2670392960828
81.07717673037834,2.2201333762906046,8.205298653920662,9.792018227829976,0.95048430804928,-25.501423733369883
92.83003083476324,2.264040240054925,8.205298653920662,9.792018227829976,0.9513027864573798,-25.282587938303166
87.0756629891722,2.280821211597811,8.205298653920662,9.792018227829976,0.9517251655133162,-25.09459437981827
94.51466755335402,2.280103907351034,8.205298653920662,9.792018227829976,0.951959471889011,-25.057227287445887
81.58729880985162,2.2295017838589644,8.205298653920662,9.792018227829976,0.9506853392206862,-25.428810651801637
81.7071575246595,2.2313208379834464,8.205298653920662,9.792018227829976,0.950721953129156,-25.41589585922182
83.32198512362935,2.2188499808380584,8.205298653920662,9.792018227829976,0.9500860213988755,-25.653502709609466
80.99333464898056,2.2127859632646363,8.205298653920662,9.792018227829976,0.9502458193977467,-25.580151538652366
89.15278277298218,2.2898586601235564,8.205298653920662,9.792018227829976,0.9519398855555663,-25.025461439812158
94.4255559799432,2.2760572464010664,8.205298653920662,9.792018227829976,0.951804206467431,-25.104805930519575
87.48904987278638,2.240192636556799,8.205298653920662,9.792018227829976,0.9504093446988368,-25.55822821295411
92.96062169862128,2.264820687652758,8.205298653920662,9.792018227829976,0.9512995460358931,-25.27096692304819
89.96713401248175,2.291953084030084,8.205298653920662,9.792018227829976,0.9519846753420752,-25.005334461999844
82.22649647514251,2.2383479803535806,8.205298653920662,9.792018227829976,0.9508288956326971,-25.368576719161847
93.48432996913174,2.290020173955696,8.205298653920662,9.792018227829976,0.9521042534542797,-24.980170854182767
84.72583654692235,2.226240764891898,8.205298653920662,9.792018227829976,0.9501237474004486,-25.63404764706472
90.68966545548032,2.2547319647506896,8.205298653920662,9.792018227829976,0.9508354808988704,-25.41606698863147
88.32171246063757,2.286736396729537,8.205298653920662,9.792018227829976,0.9518102689742197,-25.051601388323324
81.79758065735615,2.21235897171789,8.205298653920662,9.792018227829976,0.950051468873377,-25.63948740712854
94.18954344129956,2.285370310971942,8.205298653920662,9.792018227829976,0.9520239803210546,-25.010314543693156
91.95679569711282,2.260229493549062,8.205298653920662,9.792018227829976,0.951059898290507,-25.34133043548955
91.76032046791546,2.2593678347414965,8.205298653920662,9.792018227829976,0.9510210727417062,-25.353810935842024
83.40933503269896,2.2194666357394794,8.205298653920662,9.792018227829976,0.9500359556126324,-25.65092678841048
85.08290311545073,2.2281535313345984,8.205298653920662,9.792018227829976,0.9501327220129724,-25.62628998694622
91.4252151002166,2.29357912056652,8.205298653920662,9.792018227829976,0.9520476591949877,-24.979890308940558
83.68410023345713,2.22090836474942,8.205298653920662,9.792018227829976,0.950033764586136,-25.64819197131481
87.52031181741884,2.282985634354929,8.205298653920662,9.792018227829976,0.9516874561566474,-25.07999959711797
94.44542380274338,2.279520221933097,8.205298653920662,9.792018227829976,0.9518339597479022,-25.066013349073756
93.81751747568153,2.2880416598704016,8.205298653920662,9.792018227829976,0.9520274216382776,-24.99248494118182
83.88323770316906,2.221986085236012,8.205298653920662,9.792018227829976,0.9500261268533164,-25.645465044959224
93.56397540830385,2.268449421455756,8.205298653920662,9.792018227829976,0.9513973399727694,-25.21542337701484
85.8262017252604,2.232087318050958,8.205298653920662,9.792018227829976,0.9501619264556475,-25.607546675118225
94.39122837595976,2.2770360064195216,8.205298653920662,9.792018227829976,0.951729756081686,-25.095179660749537
86.22406327610088,2.234157071648511,8.205298653920662,9.792018227829976,0.9501830626791821,-25.596183003310735
92.66354353610504,2.2636866291711755,8.205298653920662,9.792018227829976,0.9511486380684582,-25.290060722778552
85.58623769081402,2.270871038203424,8.205298653920662,9.792018227829976,0.9513705167688433,-25.162510398894575
86.36273572928228,2.234883889445541,8.205298653920662,9.792018227829976,0.9501865099361059,-25.591875279216463
87.65815967590515,2.2835233170544456,8.205298653920662,9.792018227829976,0.9516356775060681,-25.07663722039013
94.37745319745902,2.281219820442701,8.205298653920662,9.792018227829976,0.9518243779810753,-25.04964047672494
93.50015986825032,2.2682855303229417,8.205298653920662,9.792018227829976,0.951336139339836,-25.21897802066147
81.94629985912553,2.213282550262477,8.205298653920662,9.792018227829976,0.9499592807239042,-25.638296297950966
94.3204621830924,2.282598507790226,8.205298653920662,9.792018227829976,0.9518581103610235,-25.036412328866913
93.3683394677558,2.290036296671019,8.205298653920662,9.792018227829976,0.951986524239545,-24.983022994573595
83.00614634489997,2.247234701361478,8.205298653920662,9.792018227829976,0.9508682743346064,-25.312904567721926
90.744271795924,2.2552749187454992,8.205298653920662,9.792018227829976,0.9507359714607099,-25.409648213289806
92.5699047803096,2.2923239145525542,8.205298653920662,9.792018227829976,0.9519774915439769,-24.976150787647292
91.5851177775114,2.293291872745882,8.205298653920662,9.792018227829976,0.9519455226971056,-24.981185516088964
92.5988929759639,2.2635894610965157,8.205298653920662,9.792018227829976,0.9510786129664313,-25.292457275427537
83.70175147184575,2.254503554005865,8.205298653920662,9.792018227829976,0.95098700817379,-25.267052011984283
94.35742762451086,2.2777969266479943,8.205298653920662,9.792018227829976,0.9516752548962151,-25.087932906577706
85.17457256818335,2.267584231266852,8.205298653920662,9.792018227829976,0.9512426935010042,-25.184338482016255
93.56145679532555,2.268888901138609,8.205298653920662,9.792018227829976,0.9513161341115834,-25.21061074619222
90.06145056866961,2.2917457217477306,8.205298653920662,9.792018227829976,0.9518188965607168,-25.007585525016196
82.47833450341317,2.2409107216339663,8.205298653920662,9.792018227829976,0.9507107869079586,-25.354539127166376
93.95444222295416,2.28642960168213,8.205298653920662,9.792018227829976,0.9518869370385687,-25.006037039545884
81.19797214261474,2.2205348766292587,8.205298653920662,9.792018227829976,0.9502572495558671,-25.505198044049916
91.9009377179942,2.260445540514596,8.205298653920662,9.792018227829976,0.9509086064111893,-25.339741597601446
88.28957079562366,2.244450656761458,8.205298653920662,9.792018227829976,0.9503244422578069,-25.522904946438423
93.29708042969328,2.289993762042485,8.205298653920662,9.792018227829976,0.9519033350867949,-24.98529625453307
93.67337418985834,2.269850333165323,8.205298653920662,9.792018227829976,0.9513180769146461,-25.19682624116328
91.84235262667114,2.260269248555573,8.205298653920662,9.792018227829976,0.9508713593582883,-25.342563736207353
87.60129993001549,2.241273900530956,8.205298653920662,9.792018227829976,0.9502070812752667,-25.548050063339804
82.90184374369602,2.2176240980141984,8.205298653920662,9.792018227829976,0.9498462891600796,-25.64494953677972
81.9101351395506,2.213844383322126,8.205298653920662,9.792018227829976,0.949844318472373,-25.629498678851057
86.1086511612195,2.274155359600869,8.205298653920662,9.792018227829976,0.9512729848665956,-25.142828594964165
93.1754159637786,2.2670177881039706,8.205298653920662,9.792018227829976,0.9511187972706112,-25.241415760891226
81.64257795555437,2.2286149946863816,8.205298653920662,9.792018227829976,0.9503423919910162,-25.44254193029958
81.18858135750934,2.2156053569473784,8.205298653920662,9.792018227829976,0.9500009904481871,-25.56126731943872
87.78024532230533,2.28370669612427,8.205298653920662,9.792018227829976,0.9514663342242795,-25.076752744172868
92.78516662500876,2.29127778690868,8.205298653920662,9.792018227829976,0.9518056342333486,-24.983158105678296
82.20998369610015,2.236918127498853,8.205298653920662,9.792018227829976,0.9504954264615502,-25.383784464595898
83.45867748134584,2.2205156113687394,8.205298653920662,9.792018227829976,0.9498000917427485,-25.641356878777465
92.61629194586205,2.264178432215246,8.205298653920662,9.792018227829976,0.9509552557933724,-25.285531781773393
84.32644665392425,2.2600361076142974,8.205298653920662,9.792018227829976,0.9509490316293556,-25.234062734712754
82.45603514176358,2.2159289955249903,8.205298653920662,9.792018227829976,0.9497860253441012,-25.63891417334174
83.1165959330911,2.218902502711188,8.205298653920662,9.792018227829976,0.9497784517896047,-25.641964133526955
88.7209093782487,2.2467411441340346,8.205298653920662,9.792018227829976,0.950267136231496,-25.501907680868392
93.24505710435972,2.267629064115482,8.205298653920662,9.792018227829976,0.9510969041121032,-25.232894820425685
87.3426232516967,2.240238157179689,8.205298653920662,9.792018227829976,0.9500937065162977,-25.55476142424879
90.86605215001244,2.292517981994621,8.205298653920662,9.792018227829976,0.951713808406606,-24.99632449614203
88.53039428346074,2.2458745779777445,8.205298653920662,9.792018227829976,0.9502372373075864,-25.509707389573734
93.87924890860712,2.285950662446311,8.205298653920662,9.792018227829976,0.9517083444338387,-25.013520896971745
81.21178625363116,2.2171686795688714,8.205298653920662,9.792018227829976,0.9499986323702264,-25.544854609117706
84.72205895241423,2.227034331431085,8.205298653920662,9.792018227829976,0.9498384155812223,-25.62476196335837
92.77489385580414,2.291168152638619,8.205298653920662,9.792018227829976,0.9517656972698023,-24.98457045469992
87.04655225752317,2.2797792771750665,8.205298653920662,9.792018227829976,0.9513235824355327,-25.105402525229632
85.55261791257823,2.270019510747119,8.205298653920662,9.792018227829976,0.9511064307705316,-25.17079997871303
92.08212450513008,2.29237716771307,8.205298653920662,9.792018227829976,0.9517436379661132,-24.984209087380677
84.44725543611636,2.2609959683660747,8.205298653920662,9.792018227829976,0.9509214682839915,-25.228583250437236
93.74191578254812,2.271230676204084,8.205298653920662,9.792018227829976,0.9512206375734082,-25.179568859232695
82.826564556445,2.2444391994321222,8.205298653920662,9.792018227829976,0.9505911660423941,-25.334546788019836
82.34485390828962,2.2384739135897007,8.205298653920662,9.792018227829976,0.9504703986217415,-25.37424955852776
81.7838346885276,2.214121215740647,8.205298653920662,9.792018227829976,0.949771002182414,-25.618204094115363
86.15672567321074,2.23448901526956,8.205298653920662,9.792018227829976,0.9499198183411666,-25.590379749707964
94.16915538155912,2.276979426071634,8.205298653920662,9.792018227829976,0.9514116841649626,-25.10308385628447
85.04330538093745,2.265968917694366,8.205298653920662,9.792018227829976,0.9509859183128824,-25.19734149331371
82.08211125364669,2.234758289958592,8.205298653920662,9.792018227829976,0.9503616617369482,-25.40048381295785
88.87146424994681,2.2476131773817656,8.205298653920662,9.792018227829976,0.9502182664610265,-25.49342610658204
81.30818416836745,2.215647082820212,8.205298653920662,9.792018227829976,0.94986480859665,-25.56900150228173
83.2052768411884,2.219617957285948,8.205298653920662,9.792018227829976,0.9497013535926462,-25.638461890964415
89.37805907604796,2.289490041546074,8.205298653920662,9.792018227829976,0.9515025698297864,-25.03075032671278
90.94219731027404,2.2923258184996342,8.205298653920662,9.792018227829976,0.9516192456776815,-24.997894508491346
81.75543005259532,2.2296046374957115,8.205298653920662,9.792018227829976,0.950216179378205,-25.438563926808836
90.05363901688983,2.2910667143674885,8.205298653920662,9.792018227829976,0.9515402660869848,-25.014996539061187
94.11530039956092,2.277015218547078,8.205298653920662,9.792018227829976,0.9513352135054627,-25.104398330810238
92.33361965551563,2.291665904247239,8.205298653920662,9.792018227829976,0.9516296055566273,-24.987730290628324
83.54176110067641,2.2214143406470583,8.205298653920662,9.792018227829976,0.9496624566173433,-25.635223072795323
87.1337902087531,2.239554507791325,8.205298653920662,9.792018227829976,0.9499420681865681,-25.55806417227956
94.13629377107615,2.280240110668771,8.205298653920662,9.792018227829976,0.9514246390540637,-25.06824989247673
93.9555019719196,2.274338078142364,8.205298653920662,9.792018227829976,0.9512189223699272,-25.138879154531303
88.35417419876046,2.245437077935648,8.205298653920662,9.792018227829976,0.950068650361377,-25.512541227560813
91.13525325872844,2.2922380673347504,8.205298653920662,9.792018227829976,0.9515531744285449,-24.99732377288805
81.77182093392469,2.2293690933509964,8.205298653920662,9.792018227829976,0.9501279072187115,-25.442303812524507
89.94341604313395,2.290617642558217,8.205298653920662,9.792018227829976,0.9514388662268822,-25.019896837064426
93.40623068391466,2.287972626293538,8.205298653920662,9.792018227829976,0.951539424227444,-25.004566035688853
90.07963195828596,2.2908675408005053,8.205298653920662,9.792018227829976,0.951440010601656,-25.017157044764815
83.7861140802906,2.254247238199809,8.205298653920662,9.792018227829976,0.9506064330618657,-25.2740026902836
93.69460877843086,2.2860360283993515,8.205298653920662,9.792018227829976,0.9514945753298273,-25.017923212536036
89.85524774902807,2.2903798511183737,8.205298653920662,9.792018227829976,0.9514119966212705,-25.02242541127979
87.1797557861199,2.2399719897547072,8.205298653920662,9.792018227829976,0.9498741234952349,-25.554321281661398
84.49195464109687,2.2264206163240488,8.205298653920662,9.792018227829976,0.9496352348148606,-25.62210579027001
83.72910919691728,2.2536239974360086,8.205298653920662,9.792018227829976,0.9505772293059677,-25.278237490588126
83.82636078631226,2.254585511176288,8.205298653920662,9.792018227829976,0.9505922993278294,-25.27213905873697
93.82395585144268,2.273495655104796,8.205298653920662,9.792018227829976,0.9510981474844987,-25.152115339769082
81.39729035480794,2.2201889292039,8.205298653920662,9.792018227829976,0.9498420028595631,-25.52275679962437
91.56103201722853,2.292065789721434,8.205298653920662,9.792018227829976,0.9514969878894016,-24.994829989087563
84.48829991284948,2.226449685632005,8.205298653920662,9.792018227829976,0.9496196798709693,-25.621613774967376
93.29082976332542,2.2883372526898427,8.205298653920662,9.792018227829976,0.9514979967805443,-25.003530277834
89.60475317387638,2.2513431930392187,8.205298653920662,9.792018227829976,0.9501712461803992,-25.4555425077155
93.07897218989037,2.2892294528197112,8.205298653920662,9.792018227829976,0.9515004831490387,-24.9989336667376
82.18874916023563,2.2353721496909174,8.205298653920662,9.792018227829976,0.9501833329381973,-25.400041271187767
84.8585232863643,2.263930664584308,8.205298653920662,9.792018227829976,0.9507487757037975,-25.212830064189983
91.15380959713411,2.258301719187358,8.205298653920662,9.792018227829976,0.950402756399259,-25.372604822924167
91.75543478444224,2.2610404486764537,8.205298653920662,9.792018227829976,0.9505154651799353,-25.335131378694346
86.80240042230709,2.2777487516570005,8.205298653920662,9.792018227829976,0.9510207408863687,-25.122018727046523
85.0363394916123,2.265350531995594,8.205298653920662,9.792018227829976,0.9507584401256474,-25.20395022824524
81.72771742884868,2.2278856460248164,8.205298653920662,9.792018227829976,0.9499898709855841,-25.456394740723667
82.87538685864648,2.218833276465048,8.205298653920662,9.792018227829976,0.949522077564241,-25.629504493769296
89.26299513256893,2.2886639020110664,8.205298653920662,9.792018227829976,0.9512829923648548,-25.039184508977495
91.17656750100193,2.258466408383754,8.205298653920662,9.792018227829976,0.9503875898799179,-25.370550627657156
81.5331276042648,2.2235898839898027,8.205298653920662,9.792018227829976,0.949867429016398,-25.492808109045978
81.63394688548576,2.2160402045823986,8.205298653920662,9.792018227829976,0.9496007004298032,-25.58627499576147
81.91448639653261,2.230897542105481,8.205298653920662,9.792018227829976,0.9500261494109071,-25.433957104672757
88.12583025839899,2.2844541644112155,8.205298653920662,9.792018227829976,0.9511430467294248,-25.073956857260868
82.96001989392433,2.244973629429893,8.205298653920662,9.792018227829976,0.9503123388966809,-25.335875261459876
93.085140465285,2.2888845407588008,8.205298653920662,9.792018227829976,0.951422451861863,-25.00255382011478
86.21103055790599,2.235419886103685,8.205298653920662,9.792018227829976,0.9496830660317991,-25.581346056504927
82.84623612239223,2.218858530681203,8.205298653920662,9.792018227829976,0.9494885421606989,-25.627579768254858
85.10675147822079,2.265785456561858,8.205298653920662,9.792018227829976,0.9507160282489365,-25.201785278183877
86.12319228784904,2.273309660102143,8.205298653920662,9.792018227829976,0.9508710302988104,-25.152610525970893
83.15910320120625,2.247213379402041,8.205298653920662,9.792018227829976,0.9503444300600955,-25.3213443375612
89.91898771047425,2.252975560188702,8.205298653920662,9.792018227829976,0.9501395412212399,-25.43768831468312
93.03668498171432,2.267873163571764,8.205298653920662,9.792018227829976,0.9507583095358768,-25.23521584601979
81.52808984503565,2.2228286347802992,8.205298653920662,9.792018227829976,0.9498026619635604,-25.501200337304265
83.59780776829928,2.2519150797519103,8.205298653920662,9.792018227829976,0.950425944695682,-25.290973727569444
86.90241146231706,2.278143826993656,8.205298653920662,9.792018227829976,0.9509517295893568,-25.120075485996548
81.54510954250165,2.223104898390588,8.205298653920662,9.792018227829976,0.9497947947169497,-25.499159960562693
84.6485668015199,2.26186769079564,8.205298653920662,9.792018227829976,0.9506090254173761,-25.227323816054728
88.05556764517021,2.2840298894127216,8.205298653920662,9.792018227829976,0.9510852562890418,-25.07758685638712
90.37697426394952,2.2551069228535425,8.205298653920662,9.792018227829976,0.9501825740391966,-25.41313420276678
89.55573585124343,2.251443489602835,8.205298653920662,9.792018227829976,0.9500501563260152,-25.454249566060724
89.20001820251775,2.249835397852877,8.205298653920662,9.792018227829976,0.9499974563984503,-25.47071671720163
83.35913988827211,2.2492837527966003,8.205298653920662,9.792018227829976,0.9503441055992207,-25.308490666037944
91.21459176762244,2.291647003920687,8.205298653920662,9.792018227829976,0.9513304761299526,-25.00305758119837
93.63407377990691,2.272660971322665,8.205298653920662,9.792018227829976,0.9509105678228594,-25.166783502928162
82.85249716236756,2.219125416030153,8.205298653920662,9.792018227829976,0.9494350867297413,-25.624850473717785
81.89374501090879,2.229947647987572,8.205298653920662,9.792018227829976,0.949910386223324,-25.44347553856807
88.2436255829055,2.2455088800201253,8.205298653920662,9.792018227829976,0.9498348174036686,-25.510264042483556
93.8105247876583,2.2831444244001204,8.205298653920662,9.792018227829976,0.95122729954488,-25.04626793770036
89.27101531507577,2.250257910822796,8.205298653920662,9.792018227829976,0.9499720613945098,-25.466357810707446
89.18094436573283,2.288091637676729,8.205298653920662,9.792018227829976,0.9511392640826188,-25.044956553403452
90.70017694169104,2.2912030487900807,8.205298653920662,9.792018227829976,0.9512571500668598,-25.011652104543693
93.06465513367836,2.288461283777494,8.205298653920662,9.792018227829976,0.9513035593498026,-25.007655950821114
82.74836516736472,2.2188574367311418,8.205298653920662,9.792018227829976,0.9494043134410264,-25.622060665209695
91.29636265804506,2.2594561418028576,8.205298653920662,9.792018227829976,0.9502756613945577,-25.35829866712484
83.86883437383864,2.223958613255917,8.205298653920662,9.792018227829976,0.9494064517864501,-25.622039268736774
84.50550344931708,2.227133560140743,8.205298653920662,9.792018227829976,0.9494325777221777,-25.61449120285365
83.43238860187765,2.2497981717800286,8.205298653920662,9.792018227829976,0.9502714526979467,-25.306452289347632
93.41266082941786,2.2863938768659864,8.205298653920662,9.792018227829976,0.9512319962799154,-25.021655155109396
82.860437766207,2.243204080834872,8.205298653920662,9.792018227829976,0.9501220287653251,-25.35037065720582
82.63387067701181,2.2186342738615537,8.205298653920662,9.792018227829976,0.9493653887299057,-25.618069738427437
93.8485494158153,2.281110889661335,8.205298653920662,9.792018227829976,0.9510896950789748,-25.06747043006845
87.0639809460927,2.2787203892148824,8.205298653920662,9.792018227829976,0.9508256105242597,-25.117455506987174
82.85848738688789,2.2430851895222474,8.205298653920662,9.792018227829976,0.950095409849614,-25.351605517930086
83.4206469887211,2.249528759268557,8.205298653920662,9.792018227829976,0.9502239357877889,-25.308883854678434
91.78278513823896,2.291134775946162,8.205298653920662,9.792018227829976,0.9512299790901192,-25.002156704190693
93.6708396115333,2.2740200057810824,8.205298653920662,9.792018227829976,0.9508477268330462,-25.150720612057484
85.03138925281688,2.229905510320947,8.205298653920662,9.792018227829976,0.9494292913414548,-25.604175264692806
86.75902128168168,2.238592438915404,8.205298653920662,9.792018227829976,0.9495767245677419,-25.560122203837064
86.32481942883554,2.2364592705813493,8.205298653920662,9.792018227829976,0.9495258400762532,-25.57277587891309
85.08367683495852,2.265094856463719,8.205298653920662,9.792018227829976,0.9505152982604016,-25.20859377182541
93.7299686580136,2.2830201550630704,8.205298653920662,9.792018227829976,0.9511114575520154,-25.049951332704513
83.02530743132357,2.2203275155412427,8.205298653920662,9.792018227829976,0.9493272493610413,-25.62055392908498
83.83580214446863,2.2537859818338437,8.205298653920662,9.792018227829976,0.9502861434195707,-25.281549987306775
92.4607317047038,2.265384246525855,8.205298653920662,9.792018227829976,0.9504524585578545,-25.275122031941144
85.58171081583856,2.2327611405805783,8.205298653920662,9.792018227829976,0.9494474810419463,-25.59161769159023
93.8034140586423,2.2766423113052525,8.205298653920662,9.792018227829976,0.9509116803491698,-25.117969945770493
93.84551202915252,2.279844821789112,8.205298653920662,9.792018227829976,0.9510116941320015,-25.08147322269524
83.61639698247424,2.251490985524356,8.205298653920662,9.792018227829976,0.9502267037767014,-25.296654672236233
87.87900294309132,2.282800634581534,8.205298653920662,9.792018227829976,0.9508828869688005,-25.08833943439403
83.50316985346026,2.2502789372591963,8.205298653920662,9.792018227829976,0.950198253924793,-25.30462765689476
92.99084839644136,2.288231861744407,8.205298653920662,9.792018227829976,0.9511822704408186,-25.011866074074625
92.58715739075102,2.2661417203834877,8.205298653920662,9.792018227829976,0.9504689840718136,-25.26422063493349
82.37549027077247,2.2181139699850974,8.205298653920662,9.792018227829976,0.9493231951350881,-25.608877083262488
87.43111741851519,2.280575511121341,8.205298653920662,9.792018227829976,0.9508181248124096,-25.104767249756478
82.0672149564819,2.21755554889441,8.205298653920662,9.792018227829976,0.9493472824573058,-25.59650268745914
93.53946859646284,2.2730034145391897,8.205298653920662,9.792018227829976,0.9507497911956343,-25.165598457148967
93.02394135618628,2.288022139663809,8.205298653920662,9.792018227829976,0.9511655056771969,-25.01339843385414
91.13214599483273,2.2910936904391264,8.205298653920662,9.792018227829976,0.9511374571549487,-25.00982985026754
92.08969222838044,2.263594598528812,8.205298653920662,9.792018227829976,0.9503376185302933,-25.301603760410817
85.91222427361059,2.271244169718713,8.205298653920662,9.792018227829976,0.950590154183408,-25.169020057897193
90.82459322648428,2.290883267247437,8.205298653920662,9.792018227829976,0.9511050783514022,-25.014418771001772
81.66711914403305,2.2194575055261083,8.205298653920662,9.792018227829976,0.9494476616683222,-25.549070318355554
91.79443734295592,2.2908386453761125,8.205298653920662,9.792018227829976,0.9511384165531824,-25.00522814263247
81.98136634674896,2.21778149440928,8.205298653920662,9.792018227829976,0.9493333883358965,-25.588523869257642
84.38047897867162,2.2587984377364165,8.205298653920662,9.792018227829976,0.9503134366093289,-25.25023634591068
87.49052507619669,2.2807678000318674,8.205298653920662,9.792018227829976,0.9507779572280332,-25.10380607593936
90.569533928585,2.290558141640446,8.205298653920662,9.792018227829976,0.9510603507083631,-25.01932251333412
92.43386302636203,2.289755077338441,8.205298653920662,9.792018227829976,0.9511267259682082,-25.006750372327605
87.17197829560024,2.240896131763975,8.205298653920662,9.792018227829976,0.9495205487883726,-25.543617043979122
88.88183095459281,2.2866126973088114,8.205298653920662,9.792018227829976,0.950898369601737,-25.058934679774957
82.03784350637568,2.218269175023977,8.205298653920662,9.792018227829976,0.9492745588016768,-25.58644111647094
89.69032469427596,2.288863194709677,8.205298653920662,9.792018227829976,0.9509395816778964,-25.03871123223863
82.43826645341116,2.218844918332181,8.205298653920662,9.792018227829976,0.9492304127070612,-25.604184435352476
86.76967012568034,2.2766083387390665,8.205298653920662,9.792018227829976,0.9506192073266574,-25.133790133519174
89.74414590338674,2.2889730901510603,8.205298653920662,9.792018227829976,0.9509381485017212,-25.037625815537215
88.80929762871656,2.286263388205711,8.205298653920662,9.792018227829976,0.9508505646932037,-25.062121943885455
91.99592002044088,2.2634918017230063,8.205298653920662,9.792018227829976,0.9502284130661103,-25.30422937504755
86.88311322318322,2.277253629584848,8.205298653920662,9.792018227829976,0.9506234640543193,-25.129430485849717
93.4114552727418,2.284966264506238,8.205298653920662,9.792018227829976,0.950989344034258,-25.037311419746697
85.30512948554434,2.2664297984037773,8.205298653920662,9.792018227829976,0.9503832253468688,-25.201941279585284
89.79170446061484,2.289030550571596,8.205298653920662,9.792018227829976,0.9509226697055442,-25.0370818202539
83.08075885783859,2.2212150227180985,8.205298653920662,9.792018227829976,0.9491832728446448,-25.613342345775607
86.26254036867967,2.236600363654915,8.205298653920662,9.792018227829976,0.9493625812017394,-25.569363021466128
93.69855760332756,2.277293365626008,8.205298653920662,9.792018227829976,0.95076435193529,-25.113805788309715
85.68761608007244,2.2337292812639333,8.205298653920662,9.792018227829976,0.9493102629703132,-25.584141120907542
89.03699216731292,2.249900832659989,8.205298653920662,9.792018227829976,0.9496891865482269,-25.468861296304226
91.937175872526,2.290302150620377,8.205298653920662,9.792018227829976,0.9510228890180699,-25.009052706011108
91.3883177186976,2.290688823830635,8.205298653920662,9.792018227829976,0.9510053775621438,-25.011787627636892
90.79109283240858,2.2904982073124387,8.205298653920662,9.792018227829976,0.9509736695493167,-25.01882801574456
91.04108027329993,2.2906250145531004,8.205298653920662,9.792018227829976,0.9509799285733525,-25.015698411173087
93.532288676272,2.274322623701281,8.205298653920662,9.792018227829976,0.950641248145966,-25.151203693171567
90.57526287726888,2.2902593216116003,8.205298653920662,9.792018227829976,0.9509483262325327,-25.022560157070377
92.92559132970436,2.269017865678592,8.205298653920662,9.792018227829976,0.9504112983810511,-25.225038520346704
88.65382420369758,2.248201495857103,8.205298653920662,9.792018227829976,0.9496110186802242,-25.484667311520777
90.5448635472426,2.256838767915667,8.205298653920662,9.792018227829976,0.9498993681417264,-25.393044242278116
89.83657944057563,2.2890043073967803,8.205298653920662,9.792018227829976,0.9508781416225228,-25.03743232566877
92.19279109739897,2.264767816946943,8.205298653920662,9.792018227829976,0.9502119135431881,-25.28680226708624
89.48206044799923,2.2881216259909394,8.205298653920662,9.792018227829976,0.9508340476451262,-25.046164295408246
88.64763365292234,2.285445327141261,8.205298653920662,9.792018227829976,0.9507373781753872,-25.069517915212444
81.911292681821,2.2270931693210656,8.205298653920662,9.792018227829976,0.9494701804738078,-25.477180259543807
84.1289334346603,2.2558681533772784,8.205298653920662,9.792018227829976,0.9500727539395049,-25.271852977944935
93.61744434570144,2.2774859765540043,8.205298653920662,9.792018227829976,0.9506576921970408,-25.113955869278758
82.87012176537065,2.220883205205112,8.205298653920662,9.792018227829976,0.9490922806633121,-25.605565458954626
85.08880134820448,2.231036048939117,8.205298653920662,9.792018227829976,0.9491659767599283,-25.593423830910552
86.27685608656147,2.2369671259155552,8.205298653920662,9.792018227829976,0.949263288473531,-25.565589387568227
87.91277574387055,2.2449342538211,8.205298653920662,9.792018227829976,0.9494395342429578,-25.51184686974674
85.33570637785424,2.2663000891227227,8.205298653920662,9.792018227829976,0.9502475712563199,-25.204483942053812
83.28757139586084,2.2468936468344367,8.205298653920662,9.792018227829976,0.9498501360156875,-25.331694170577354
89.67708078099476,2.253183143444957,8.205298653920662,9.792018227829976,0.9496657677323364,-25.43496743169749
91.79789836520511,2.2631337104686367,8.205298653920662,9.792018227829976,0.9500327099889796,-25.31112820634222
91.89648010064909,2.289790289298409,8.205298653920662,9.792018227829976,0.9508544431087445,-25.015234902054484
92.3562704390758,2.288913216701616,8.205298653920662,9.792018227829976,0.9508523875569692,-25.017359957558618
84.64738414091029,2.2290348059537166,8.205298653920662,9.792018227829976,0.9490822093719474,-25.598672114073242
83.16602860586194,2.222274726857435,8.205298653920662,9.792018227829976,0.9490322697341372,-25.605729907375327
92.86701858639684,2.2870828167454107,8.205298653920662,9.792018227829976,0.9508189875259043,-25.02719281548053
91.18455851739876,2.260267280308909,8.205298653920662,9.792018227829976,0.9498796055839975,-25.350274211100135
84.21282768468657,2.256339266330741,8.205298653920662,9.792018227829976,0.9499769619455499,-25.270356269730275
86.74335862982198,2.239475115720708,8.205298653920662,9.792018227829976,0.9492397758015608,-25.549656490724328
93.30936280840196,2.273317243903037,8.205298653920662,9.792018227829976,0.9504164515985926,-25.16817383893025
92.7391795936321,2.287530006983701,8.205298653920662,9.792018227829976,0.9508040580632118,-25.02503656002625
82.04841400932345,2.2287329275427084,8.205298653920662,9.792018227829976,0.9493782662024735,-25.467031354024446
82.53206843286993,2.220335928803266,8.205298653920662,9.792018227829976,0.949036699741316,-25.592525724538483
82.07415754135027,2.2203412153868958,8.205298653920662,9.792018227829976,0.9490993304690193,-25.564836513064375
86.90784197108012,2.2767856233445656,8.205298653920662,9.792018227829976,0.9503786777081296,-25.135181637881495
84.8860599540232,2.262325029523552,8.205298653920662,9.792018227829976,0.9500646426520594,-25.231803154494497
87.7599187269833,2.244488497695812,8.205298653920662,9.792018227829976,0.9493232103890391,-25.514339117318745
84.72807510716966,2.2609305869334264,8.205298653920662,9.792018227829976,0.9500269056168351,-25.24103083538253
82.32812895871957,2.233616227397974,8.205298653920662,9.792018227829976,0.9494575072073788,-25.428406833979945
93.526788770031,2.278928449099453,8.205298653920662,9.792018227829976,0.9505649888811881,-25.100547226955587
93.46697961172386,2.2813942133414287,8.205298653920662,9.792018227829976,0.9506312381890738,-25.07503195538106
92.88007723946016,2.269887030001442,8.205298653920662,9.792018227829976,0.9502220914525794,-25.216400339188528
81.93915782265503,2.224048415115476,8.205298653920662,9.792018227829976,0.9491938188035853,-25.51380166417403
88.76091499936756,2.285341071602716,8.205298653920662,9.792018227829976,0.9505443867335208,-25.071782142531095
91.07235712812046,2.2898600889918583,8.205298653920662,9.792018227829976,0.9507188473307234,-25.023798463388488
85.55748317426645,2.2337881320346185,8.205298653920662,9.792018227829976,0.9490704169623944,-25.57901977464048
84.44990190207157,2.258323053468743,8.205298653920662,9.792018227829976,0.9499399139717595,-25.2585412993642
93.37864850311736,2.2749782573278168,8.205298653920662,9.792018227829976,0.9504040385991646,-25.148030667191833
82.07482882497739,2.2284420324298253,8.205298653920662,9.792018227829976,0.9492924914046453,-25.471991552752403
92.96107576526276,2.270653904353693,8.205298653920662,9.792018227829976,0.9502285541408756,-25.20607037391972
92.33089904969864,2.2884743320209395,8.205298653920662,9.792018227829976,0.9507240167457277,-25.022608718352004
89.07710670600848,2.2863254319908464,8.205298653920662,9.792018227829976,0.950549446030163,-25.063603156795367
82.37821538918516,2.2340428410340536,8.205298653920662,9.792018227829976,0.9494097046852595,-25.426537534388807
86.16527262549913,2.236885493662868,8.205298653920662,9.792018227829976,0.9490965162826115,-25.563233393357997
91.626171054932,2.289591741680937,8.205298653920662,9.792018227829976,0.9507042408706908,-25.02103266830632
92.6841510876964,2.2687704492808223,8.205298653920662,9.792018227829976,0.950125729602976,-25.232996887102033
83.11287922612082,2.2440348172215607,8.205298653920662,9.792018227829976,0.9495950046340071,-25.354729931119902
82.08885372155386,2.228173682951663,8.205298653920662,9.792018227829976,0.9492377969350118,-25.475925036095205
92.5117972303526,2.267783202078874,8.205298653920662,9.792018227829976,0.9500567533694537,-25.247421820907146
92.47171870599264,2.2675371025486584,8.205298653920662,9.792018227829976,0.9500455138165169,-25.250929163557622
91.41033132942955,2.261828984904924,8.205298653920662,9.792018227829976,0.9498006000283555,-25.33051916503349
89.21576020242907,2.286604073607066,8.205298653920662,9.792018227829976,0.9505082537408484,-25.061454124037446
92.12932894731053,2.265604152431493,8.205298653920662,9.792018227829976,0.9499470742012702,-25.278529182115896
93.43849329837954,2.278816963946028,8.205298653920662,9.792018227829976,0.950451063999003,-25.104128859342154
93.07793324787986,2.2847669514609947,8.205298653920662,9.792018227829976,0.9505987304808124,-25.04775889764051
93.34210863462036,2.2818951427758947,8.205298653920662,9.792018227829976,0.95052744418371,-25.072780891477063
93.02998953687064,2.2718327052663767,8.205298653920662,9.792018227829976,0.950185173105554,-25.19141277016061
83.0445252504655,2.2429791165200186,8.205298653920662,9.792018227829976,0.9495254026890795,-25.362984204791772
82.06885845416292,2.2228082199634827,8.205298653920662,9.792018227829976,0.9490196001030564,-25.53614843254823
83.94170543281399,2.2530304298125827,8.205298653920662,9.792018227829976,0.9497227158013071,-25.295029149676914
83.66909869234003,2.225142957053848,8.205298653920662,9.792018227829976,0.9488662831158534,-25.598663525490153
82.05160589785528,2.2238170764010903,8.205298653920662,9.792018227829976,0.949042181550995,-25.52349761351892
93.35341846967782,2.281023541755985,8.205298653920662,9.792018227829976,0.9504662431600924,-25.082066758607226
85.51749385524346,2.266925166208054,8.205298653920662,9.792018227829976,0.9499850340918662,-25.20393354154487
89.88551506214768,2.288079533145265,8.205298653920662,9.792018227829976,0.9504970904716064,-25.04759821566793
82.90759082575438,2.2410305297774755,8.205298653920662,9.792018227829976,0.9494437227699958,-25.37755231041954
89.51765298548688,2.2531953556105577,8.205298653920662,9.792018227829976,0.9494036846427032,-25.434332299079138
87.29418509306542,2.2784126869284904,8.205298653920662,9.792018227829976,0.9502168735305374,-25.125819646409184
93.36814635149362,2.278014887689835,8.205298653920662,9.792018227829976,0.9503451928460829,-25.11479691978241
84.5914543229846,2.2295377956954354,8.205298653920662,9.792018227829976,0.9488615112603301,-25.590546984222602
82.08470187690064,2.224426043931828,8.205298653920662,9.792018227829976,0.9490145105851769,-25.518567377579227
82.29612756812035,2.2218849158960268,8.205298653920662,9.792018227829976,0.9488982755483232,-25.56067098452906
91.31103387197534,2.2892818662818684,8.205298653920662,9.792018227829976,0.9505463978188783,-25.027946674941774
88.05610496612864,2.282079637437789,8.205298653920662,9.792018227829976,0.9502865697827448,-25.09901465748527
83.68901018666759,2.22545151587515,8.205298653920662,9.792018227829976,0.948816594114784,-25.596101366148215
83.65925065638231,2.2498204757772697,8.205298653920662,9.792018227829976,0.9495922350381027,-25.317539237168127
82.1683947946375,2.2284156424702104,8.205298653920662,9.792018227829976,0.9491152646752394,-25.47804979052598
85.76075260358462,2.2353054726331862,8.205298653920662,9.792018227829976,0.9489276969759669,-25.568550061437804
91.3687234508083,2.2891941826724747,8.205298653920662,9.792018227829976,0.9505279883478607,-25.028315385060022
84.85751411067672,2.2613772871983286,8.205298653920662,9.792018227829976,0.9498144210764324,-25.24124368274011
86.39947589019265,2.2384895987846534,8.205298653920662,9.792018227829976,0.9489732088650418,-25.551709621611415
90.1535723591382,2.2562849129379146,8.205298653920662,9.792018227829976,0.9494596215148764,-25.400331579341877
82.36323409728703,2.22200736934154,8.205298653920662,9.792018227829976,0.9488644967118082,-25.563295061808493
82.28837685895198,2.2309866867102386,8.205298653920662,9.792018227829976,0.9491611848858864,-25.455977268223204
92.65457825778998,2.26944062769185,8.205298653920662,9.792018227829976,0.9499872714320148,-25.226156376466964
87.12677050164405,2.277368982036279,8.205298653920662,9.792018227829976,0.9501455942848558,-25.13375002214889
92.48016382939429,2.287123944214443,8.205298653920662,9.792018227829976,0.9505095894661947,-25.03463501901342
90.4711284696311,2.25781994146368,8.205298653920662,9.792018227829976,0.9494979824236086,-25.3823045979703
83.36650641428896,2.224293043709139,8.205298653920662,9.792018227829976,0.9487824210276673,-25.593078004531925
82.56463312583136,2.2221589322965087,8.205298653920662,9.792018227829976,0.9488137488911876,-25.57344178795457
87.24928394366492,2.242727536364768,8.205298653920662,9.792018227829976,0.9490311042931636,-25.524446710076305
82.23965128553493,2.2295139136550404,8.205298653920662,9.792018227829976,0.9490910214239455,-25.469841904374658
87.70681220311663,2.280304717198689,8.205298653920662,9.792018227829976,0.9501842069440039,-25.112876607039993
87.65310994316363,2.2446850681356665,8.205298653920662,9.792018227829976,0.9490731536665732,-25.510201260290977
82.9213636693622,2.240735860398189,8.205298653920662,9.792018227829976,0.9493429599822746,-25.38164627692044
82.16451543270037,2.22411786279541,8.205298653920662,9.792018227829976,0.9489208914834575,-25.527019770469877
92.68618931726353,2.28607257461789,8.205298653920662,9.792018227829976,0.950457852822968,-25.04207954078263
82.16483832312848,2.2243581075368724,8.205298653920662,9.792018227829976,0.948921710398063,-25.52428387022739
83.83109859950706,2.226366707927653,8.205298653920662,9.792018227829976,0.9487511272216983,-25.592523453306296
90.9393576695793,2.2601880952646667,8.205298653920662,9.792018227829976,0.9495432588904458,-25.353173063631843
92.59520509736488,2.286376914234225,8.205298653920662,9.792018227829976,0.9504419423416494,-25.040581859033114
82.40298247652737,2.23257936495628,8.205298653920662,9.792018227829976,0.9491307351909612,-25.444665776660987
92.81118958213854,2.285238849960692,8.205298653920662,9.792018227829976,0.9504165704916547,-25.04858700478678
82.58991197661098,2.2357371703175204,8.205298653920662,9.792018227829976,0.9491979285479158,-25.419666536454
93.25345313153116,2.2802428585756047,8.205298653920662,9.792018227829976,0.9502943127248737,-25.093176415356908
88.88496927422227,2.284993169656317,8.205298653920662,9.792018227829976,0.9502590318108848,-25.076712969176874
83.81652100760748,2.251109828529323,8.205298653920662,9.792018227829976,0.9495138547935713,-25.310668199438098
88.98946997264646,2.251130102482648,8.205298653920662,9.792018227829976,0.9492043089019446,-25.454597074506406
86.37697579763093,2.2386368788093307,8.205298653920662,9.792018227829976,0.9488891815439986,-25.549396111439144
88.37444666401034,2.283102455229056,8.205298653920662,9.792018227829976,0.9502000827847643,-25.092120089255854
83.5849160049216,2.248509090702669,8.205298653920662,9.792018227829976,0.9494401294559438,-25.3286240628697
88.50197706714862,2.283559271320499,8.205298653920662,9.792018227829976,0.950197424244995,-25.088625693779036
91.91097027126132,2.288164397769336,8.205298653920662,9.792018227829976,0.9504111824849563,-25.032789985531487
88.87978939056646,2.284890842181639,8.205298653920662,9.792018227829976,0.9502266114492072,-25.077791189691844
93.17258682415388,2.281152603912048,8.205298653920662,9.792018227829976,0.9502673909116028,-25.08516172991702
88.74461339694767,2.2501322409127056,8.205298653920662,9.792018227829976,0.9491234371582385,-25.46372738786624
89.97033287417298,2.2876521068030518,8.205298653920662,9.792018227829976,0.9502926353284299,-25.05232228978195
93.1066225205,2.275064453031206,8.205298653920662,9.792018227829976,0.9500549684866437,-25.153843478057276
88.78053572977423,2.284393955880674,8.205298653920662,9.792018227829976,0.9501573968904972,-25.082355768533883
83.13597579282823,2.2428554007757384,8.205298653920662,9.792018227829976,0.9492529849763868,-25.3692891293375
82.51887709420483,2.223361513392433,8.205298653920662,9.792018227829976,0.9487119142883701,-25.556944470169327
86.88374016415236,2.241365000675117,8.205298653920662,9.792018227829976,0.9488595961520513,-25.531606704925068
82.2703352634649,2.2258205034717378,8.205298653920662,9.792018227829976,0.9488239193747672,-25.513942172894097
90.49672496038414,2.2882657225371617,8.205298653920662,9.792018227829976,0.9502799655310936,-25.044670040495635
92.79122594647131,2.284574515183806,8.205298653920662,9.792018227829976,0.9502874077872243,-25.056294226221983
91.95544587238368,2.2877516898847574,8.205298653920662,9.792018227829976,0.9503275510167845,-25.036647475389
91.238928176353,2.262081651584822,8.205298653920662,9.792018227829976,0.9494974843162262,-25.329443393689917
82.62301942628847,2.223330486787773,8.205298653920662,9.792018227829976,0.9486903931396375,-25.5633588844004
92.72418075743388,2.271163611414366,8.205298653920662,9.792018227829976,0.9498622385102751,-25.20559061455507
87.52246067672313,2.27894748788394,8.205298653920662,9.792018227829976,0.9499925651526655,-25.124457010540333
90.20212049938456,2.257111962908837,8.205298653920662,9.792018227829976,0.9492956482715146,-25.390962432350413
86.37556035790946,2.2722703872047987,8.205298653920662,9.792018227829976,0.9498369601493952,-25.17137564687478
92.59425505038918,2.2701716104504897,8.205298653920662,9.792018227829976,0.949812091630939,-25.219254961779605
85.12332103696917,2.262968487625073,8.205298653920662,9.792018227829976,0.9496353400309219,-25.233764076778296
82.89867382448284,2.2394532843048864,8.205298653920662,9.792018227829976,0.9491382264507923,-25.39492452884964
85.56437494032835,2.2350241219811693,8.205298653920662,9.792018227829976,0.9487077204555967,-25.56512022156986
82.39536063568124,2.2307191160827813,8.205298653920662,9.792018227829976,0.9489280084990449,-25.465421891091655
91.66548265846345,2.2880890743503386,8.205298653920662,9.792018227829976,0.9502898313402984,-25.036962513638926
84.57071478288874,2.258085177560446,8.205298653920662,9.792018227829976,0.9495219381655239,-25.266320475610957
91.2539624005276,2.288413835459721,8.205298653920662,9.792018227829976,0.9502781079872042,-25.03799345015144
86.03982853651904,2.2699370906902203,8.205298653920662,9.792018227829976,0.9497672062424244,-25.187451183332065
86.60586146700601,2.240142308889858,8.205298653920662,9.792018227829976,0.9487905499331147,-25.538489511542384
91.12610118278424,2.28840969825896,8.205298653920662,9.792018227829976,0.9502633756683139,-25.039199405893218
91.36986597899008,2.2629197761011284,8.205298653920662,9.792018227829976,0.9494848131009953,-25.318749402510633
93.14192882771724,2.2787052465445328,8.205298653920662,9.792018227829976,0.9500892934071553,-25.112830475821667
89.0758147697173,2.2519494935420283,8.205298653920662,9.792018227829976,0.949087579820292,-25.44598745911729
89.50574777814104,2.253964244538949,8.205298653920662,9.792018227829976,0.9491503204140278,-25.425615400024757
82.85620973057028,2.2239313075793348,8.205298653920662,9.792018227829976,0.948620751973889,-25.56971087914262
93.09702898918395,2.280295229835289,8.205298653920662,9.792018227829976,0.9501179410490915,-25.096401067325107
83.19454298638658,2.2248028560565984,8.205298653920662,9.792018227829976,0.9485906794909724,-25.578170026493968
88.51922396369503,2.2494069727195125,8.205298653920662,9.792018227829976,0.9489877374170358,-25.469540443735823
83.90395194719216,2.227451519404042,8.205298653920662,9.792018227829976,0.9485824270404908,-25.58356057629041
86.62071768102642,2.2403381355362626,8.205298653920662,9.792018227829976,0.9487538647447307,-25.53665018382206
93.0948756552842,2.277512301469472,8.205298653920662,9.792018227829976,0.950006890153298,-25.127101651779263
86.73510466323242,2.2743220294904773,8.205298653920662,9.792018227829976,0.9498051781028458,-25.158181885384494
90.95493945437389,2.2882237149615605,8.205298653920662,9.792018227829976,0.9502020244782442,-25.042592183575056
86.90012835396945,2.241727846371361,8.205298653920662,9.792018227829976,0.9487725712947039,-25.527872744575493
87.12014004615256,2.2765588324372037,8.205298653920662,9.792018227829976,0.9498513235305144,-25.142543357029822
87.79533640215682,2.280014774708988,8.205298653920662,9.792018227829976,0.9499233547993607,-25.117592430532437
84.90245390285953,2.232081386483145,8.205298653920662,9.792018227829976,0.9485948440503438,-25.5741594068876
82.6809014074382,2.235506053243242,8.205298653920662,9.792018227829976,0.9489597128030348,-25.427511816711103
89.60658269176996,2.254631171081257,8.205298653920662,9.792018227829976,0.9491086971588514,-25.418444839557996
90.799506239587,2.2880820594731404,8.205298653920662,9.792018227829976,0.9501663521828825,-25.045182047977924
86.71685633071328,2.274118628935142,8.205298653920662,9.792018227829976,0.9497688853156582,-25.159972486870643
91.21015087197904,2.288082848451623,8.205298653920662,9.792018227829976,0.950175941483727,-25.042025262328856
85.37229302014424,2.26464825125062,8.205298653920662,9.792018227829976,0.9495595227851183,-25.22416747277757
91.56007459904885,2.2877914420604384,8.205298653920662,9.792018227829976,0.9501745265065129,-25.041515070500765
88.99812439193602,2.28466925212156,8.205298653920662,9.792018227829976,0.9500151254120814,-25.08118157467839
82.81438338151658,2.2374508214432467,8.205298653920662,9.792018227829976,0.9489749682934819,-25.41295485149167
88.4924644202038,2.2828955926582357,8.205298653920662,9.792018227829976,0.9499623226119408,-25.095806236835088
85.040211552294,2.2328428760897765,8.205298653920662,9.792018227829976,0.948574663537314,-25.570851285120614
92.87973713263489,2.282516802987189,8.205298653920662,9.792018227829976,0.9500888406616393,-25.07695198107662
82.9035528392019,2.2246507842115197,8.205298653920662,9.792018227829976,0.9485402925488674,-25.564083964814063
82.41703645536083,2.2285142020925264,8.205298653920662,9.792018227829976,0.9487310742478026,-25.491890589057416
84.63138826022902,2.2310512580016564,8.205298653920662,9.792018227829976,0.9485201643595397,-25.5748774056603
92.75418609270538,2.272985553811523,8.205298653920662,9.792018227829976,0.9497354758885579,-25.184766290664037
92.81437421659716,2.273717754232337,8.205298653920662,9.792018227829976,0.9497611219345508,-25.175374153184492
82.52142609309176,2.2257904208134534,8.205298653920662,9.792018227829976,0.9485889890948259,-25.529218424028908
89.86951921300354,2.286672465600688,8.205298653920662,9.792018227829976,0.950013499851272,-25.062987707535573
88.56812769274833,2.282976906340622,8.205298653920662,9.792018227829976,0.9498956654287425,-25.09576313517173
83.08376230415836,2.240919039236047,8.205298653920662,9.792018227829976,0.9489793913308106,-25.388403430045933
82.46513717456193,2.2274520886139726,8.205298653920662,9.792018227829976,0.9486354206881602,-25.506881106304437
86.32373972459408,2.271320579296372,8.205298653920662,9.792018227829976,0.9496097414008443,-25.180443183560353
86.0845105034475,2.2696709242912334,8.205298653920662,9.792018227829976,0.9495679906253113,-25.191755700776366
92.39080070970375,2.285142838283548,8.205298653920662,9.792018227829976,0.9500427582671083,-25.05798951843251
82.51969967477763,2.2302796131153286,8.205298653920662,9.792018227829976,0.9486871325156699,-25.477757324575823
84.9747191214487,2.260956184595699,8.205298653920662,9.792018227829976,0.9493630736213269,-25.250537249415267
92.05846987859516,2.2677327179923026,8.205298653920662,9.792018227829976,0.9494718357795396,-25.255956296517567
92.9348007087145,2.279489781779361,8.205298653920662,9.792018227829976,0.9498881126049435,-25.109009501406124
90.43970192380854,2.2590622535593923,8.205298653920662,9.792018227829976,0.9491189058867701,-25.368464094045127
87.34675724306926,2.2773016534752344,8.205298653920662,9.792018227829976,0.9496989802724395,-25.1391508998337
92.5634264066716,2.271734516534309,8.205298653920662,9.792018227829976,0.9496041226200512,-25.202524475934194
83.0827154474525,2.24049564200584,8.205298653920662,9.792018227829976,0.948902237500055,-25.39314246908786
90.74502468907816,2.260643599897108,8.205298653920662,9.792018227829976,0.9491547990102448,-25.349331079423397
83.757530153722,2.227768325288835,8.205298653920662,9.792018227829976,0.9484011566667055,-25.572859168935445
89.08762175458854,2.2844836729224056,8.205298653920662,9.792018227829976,0.9498594116402583,-25.083872537175967
84.96723485226451,2.2330080231278373,8.205298653920662,9.792018227829976,0.9484383659686912,-25.566114161340554
92.703832682022,2.273481710497933,8.205298653920662,9.792018227829976,0.9496412905227603,-25.18032773804029
92.57055630325748,2.283627824366846,8.205298653920662,9.792018227829976,0.9499416587207368,-25.07119690391442
90.4996651699068,2.2595323627332107,8.205298653920662,9.792018227829976,0.9490849828382852,-25.3629711704772
91.27326864281432,2.287211738669953,8.205298653920662,9.792018227829976,0.9499441646870239,-25.050959554588818
82.97130017460138,2.238417920536904,8.205298653920662,9.792018227829976,0.9487912592567603,-25.410656436231996
82.86947660069195,2.2260574705386063,8.205298653920662,9.792018227829976,0.9484086854171894,-25.54604154539021
91.67345937520923,2.2658373160325738,8.205298653920662,9.792018227829976,0.9492969596930567,-25.28260646789429
92.6311086616186,2.2827441628006824,8.205298653920662,9.792018227829976,0.9498750338110603,-25.07969294190885
88.47818512615535,2.250033722785872,8.205298653920662,9.792018227829976,0.9487332368395555,-25.461971531261
82.84822254055985,2.226238758448048,8.205298653920662,9.792018227829976,0.9484007822031553,-25.542775182702574
82.99611809570398,2.226194325229244,8.205298653920662,9.792018227829976,0.9483773632611812,-25.551472660839043
87.22725842751315,2.244086177893621,8.205298653920662,9.792018227829976,0.9485714334538307,-25.508528260396126
83.04988294468193,2.2262521678128024,8.205298653920662,9.792018227829976,0.9483695405110237,-25.553743422522
83.21058543540485,2.241718701275971,8.205298653920662,9.792018227829976,0.9488381717188983,-25.3861036471219
84.29343962005046,2.230258842233212,8.205298653920662,9.792018227829976,0.9483433226035924,-25.56933360785254
89.65271438642344,2.2856980145136703,8.205298653920662,9.792018227829976,0.9498194957810784,-25.073271449900474
92.20200358462996,2.269432376408289,8.205298653920662,9.792018227829976,0.949411318636718,-25.234699540872697
82.69006735576943,2.23269266824731,8.205298653920662,9.792018227829976,0.9486094381120507,-25.460059227193693
85.44705182886676,2.2644272558674885,8.205298653920662,9.792018227829976,0.9493014252876175,-25.229270783116203
92.18707997965303,2.2851170053063186,8.205298653920662,9.792018227829976,0.949888380513043,-25.061834187318524
89.9985511407929,2.2863246776163777,8.205298653920662,9.792018227829976,0.9498321791385693,-25.066863172919007
84.5969721784645,2.2570512739220305,8.205298653920662,9.792018227829976,0.9491401656392318,-25.278986766916358
84.52426107040904,2.25634976984881,8.205298653920662,9.792018227829976,0.9491220880982015,-25.283786502676087
92.5755942518312,2.2828056941857118,8.205298653920662,9.792018227829976,0.9498319873054395,-25.080122167642102
84.23664881310462,2.230130822750695,8.205298653920662,9.792018227829976,0.9483181839914477,-25.568255358311355
91.97045140691206,2.267960480477896,8.205298653920662,9.792018227829976,0.9493257394706432,-25.254785841373057
85.51153647825187,2.2359414292541686,8.205298653920662,9.792018227829976,0.9483791354515787,-25.55279835247303
92.34525904631708,2.270772610701016,8.205298653920662,9.792018227829976,0.9494319466306159,-25.21731011834092
90.64113137277734,2.260604084368339,8.205298653920662,9.792018227829976,0.9490213452047944,-25.35033002148579
89.26883510703604,2.284614446140381,8.205298653920662,9.792018227829976,0.9497413130594604,-25.083575380958912
83.34319810183877,2.2271433198814776,8.205298653920662,9.792018227829976,0.9483017135531457,-25.559129322050882
89.60934804956887,2.285420302178266,8.205298653920662,9.792018227829976,0.9497558646807347,-25.076194379902052
90.61980948230595,2.2868126364787003,8.205298653920662,9.792018227829976,0.9498024839656458,-25.060050894136758
92.63520012116552,2.281612846247043,8.205298653920662,9.792018227829976,0.9497472718000237,-25.09203949133976
88.18703565558467,2.248938912482941,8.205298653920662,9.792018227829976,0.9486100666930276,-25.470592424263398
83.3871049919545,2.2274717828242103,8.205298653920662,9.792018227829976,0.9482694722217931,-25.557640342541475
89.31236964517417,2.28454081154284,8.205298653920662,9.792018227829976,0.9496808150227372,-25.084619435103413
88.552740699905,2.2507722963277814,8.205298653920662,9.792018227829976,0.9486314708917585,-25.45447905908894
90.08051666860888,2.258079569889162,8.205298653920662,9.792018227829976,0.9488625100633609,-25.380220672173184
90.70744604878196,2.286689693422062,8.205298653920662,9.792018227829976,0.9497586564942573,-25.060953520677565
92.00769199837084,2.268715020564983,8.205298653920662,9.792018227829976,0.9492651767581644,-25.24582098245429
89.29583114951429,2.284448492737326,8.205298653920662,9.792018227829976,0.949663315702519,-25.085544662447386
84.04963377770764,2.229779467576563,8.205298653920662,9.792018227829976,0.9482349426888598,-25.563721509266355
88.38596415243384,2.281427556899885,8.205298653920662,9.792018227829976,0.949574666623883,-25.11067433286379
91.36787600301672,2.286440271221366,8.205298653920662,9.792018227829976,0.9497682874807264,-25.058453652459544
90.40235656694531,2.259759834169273,8.205298653920662,9.792018227829976,0.9488949908093541,-25.360758460675825
90.7056825375772,2.261289336731423,8.205298653920662,9.792018227829976,0.9489511403717635,-25.342316355486545
82.79160457307401,2.228563936164619,8.205298653920662,9.792018227829976,0.9483325813664744,-25.512962280439243
82.75948594503673,2.229570694383611,8.205298653920662,9.792018227829976,0.9483604110053031,-25.499635688638996
82.81928144206475,2.233233401044288,8.205298653920662,9.792018227829976,0.9484518309416493,-25.461196695151756
82.9634291308181,2.2364612615478023,8.205298653920662,9.792018227829976,0.948532861245425,-25.432445666177443
90.3023237265782,2.2861966439271555,8.205298653920662,9.792018227829976,0.9496813294043037,-25.06791727977859
85.21951981591883,2.235051922072969,8.205298653920662,9.792018227829976,0.9482369465349936,-25.552403443467153
86.249290921615,2.269782479612146,8.205298653920662,9.792018227829976,0.9492420417476114,-25.195372653496083
87.222308103284,2.244644497896786,8.205298653920662,9.792018227829976,0.9484014636280108,-25.5020798529872
89.24746534252334,2.2543363037726465,8.205298653920662,9.792018227829976,0.9486593464395049,-25.42017441784234
91.39935984713344,2.286111721846268,8.205298653920662,9.792018227829976,0.9496975284296616,-25.061720398965775
84.90731148390306,2.2592208452460056,8.205298653920662,9.792018227829976,0.9490032535081226,-25.26729076098224
84.23461072227734,2.2308764623805786,8.205298653920662,9.792018227829976,0.9481669824662381,-25.559622057831756
83.26391379458339,2.241038644784126,8.205298653920662,9.792018227829976,0.9486018496984088,-25.396606205291707
88.7099416968355,2.282363646127834,8.205298653920662,9.792018227829976,0.9495161165595378,-25.10397883560527
87.49252783433654,2.246026594882196,8.205298653920662,9.792018227829976,0.948407580126139,-25.49194349136355
82.81604860651832,2.231340982756535,8.205298653920662,9.792018227829976,0.9483447661706566,-25.482598420402045
91.57837908232312,2.28570580236034,8.205298653920662,9.792018227829976,0.9496690867144606,-25.064133219495943
91.00696528933062,2.286294951913476,8.205298653920662,9.792018227829976,0.9496581125043441,-25.063317696508722
92.5598488640856,2.2752755236057,8.205298653920662,9.792018227829976,0.9494007763792051,-25.16339269910144
92.27995188954446,2.271765917876607,8.205298653920662,9.792018227829976,0.9492607463577942,-25.20745017823649
82.87766563533685,2.233418109107518,8.205298653920662,9.792018227829976,0.948379428677903,-25.46234731113398
89.40737703773173,2.2552961087956334,8.205298653920662,9.792018227829976,0.9486322229916802,-25.41019425694051
89.33090034714917,2.254930532953054,8.205298653920662,9.792018227829976,0.9486199966275098,-25.413938186169954
92.36143144957188,2.272769755377212,8.205298653920662,9.792018227829976,0.9492817182125314,-25.19487032651303
90.08826756323307,2.2856052521314325,8.205298653920662,9.792018227829976,0.9495708927565818,-25.074719375741523
89.15665365808746,2.283597593226631,8.205298653920662,9.792018227829976,0.9494971917981687,-25.094063671581456
88.8732489170441,2.252786939522352,8.205298653920662,9.792018227829976,0.9485397722342251,-25.43492343689545
88.27681720762747,2.249962982595335,8.205298653920662,9.792018227829976,0.9484517666048456,-25.460236939221268
85.93330862766157,2.2387460954071656,8.205298653920662,9.792018227829976,0.9482013774966768,-25.534858227728538
89.24435599600616,2.283794760441012,8.205298653920662,9.792018227829976,0.9494895786887464,-25.092434348640996
92.4135853673184,2.273684753759383,8.205298653920662,9.792018227829976,0.9492899077883908,-25.183780680313006
85.48081371099344,2.2366740339671054,8.205298653920662,9.792018227829976,0.9481535989828539,-25.54335409165509
91.6996969054301,2.284996883074328,8.205298653920662,9.792018227829976,0.9495726014076107,-25.07038621898562
85.7304907141994,2.26564062606559,8.205298653920662,9.792018227829976,0.9490318285704464,-25.225390952835287
91.17808134465731,2.264482584833459,8.205298653920662,9.792018227829976,0.9489112348240907,-25.3031684991254
84.05077611556902,2.2502752759584155,8.205298653920662,9.792018227829976,0.9486989776004073,-25.33105444608182
83.18312309940761,2.2389267831651267,8.205298653920662,9.792018227829976,0.9484437871503485,-25.41629034265695
91.40338947603318,2.265837050454266,8.205298653920662,9.792018227829976,0.9489548400023115,-25.285810252728435
92.48188600763524,2.2800745481192024,8.205298653920662,9.792018227829976,0.9494589883069666,-25.11196182701618
92.49077436925984,2.2798296633853994,8.205298653920662,9.792018227829976,0.9494489720153281,-25.114488595472636
91.31635535247216,2.2653460659602587,8.205298653920662,9.792018227829976,0.948930262056026,-25.292199785386362
92.46052694455202,2.280343571363403,8.205298653920662,9.792018227829976,0.9494605819596538,-25.109404779884144
88.36708580256628,2.280715888544435,8.205298653920662,9.792018227829976,0.9493555569488321,-25.118271088268813
86.46542560553692,2.270754567076011,8.205298653920662,9.792018227829976,0.9491178706629044,-25.190641204897723
86.56001843684497,2.2419191798900613,8.205298653920662,9.792018227829976,0.9482077287567129,-25.517039775655768
88.07148965918213,2.279477719389334,8.205298653920662,9.792018227829976,0.9493194594281744,-25.127876969102633
84.89917695756557,2.234190996852917,8.205298653920662,9.792018227829976,0.9480832443918478,-25.549893114507757
86.16150113035928,2.268664039422802,8.205298653920662,9.792018227829976,0.949061147596579,-25.205225737860964
90.49524998011162,2.260973912152622,8.205298653920662,9.792018227829976,0.9487417978229068,-25.346825618850808
90.84518318608758,2.26282982228868,8.205298653920662,9.792018227829976,0.9488061036262166,-25.324238280128924
83.05989001862042,2.236187063373549,8.205298653920662,9.792018227829976,0.948337437098113,-25.440812188303095
86.41516957170111,2.270338410481642,8.205298653920662,9.792018227829976,0.9490826838783941,-25.193881524028814
91.75975234824074,2.284493763114156,8.205298653920662,9.792018227829976,0.9495039997666238,-25.075110890471635
89.56614832123456,2.284299677749786,8.205298653920662,9.792018227829976,0.9494242081893525,-25.08835354912738
92.46674848109473,2.2790666075710675,8.205298653920662,9.792018227829976,0.9493751042113294,-25.123348807892416
83.80652478474552,2.2301522826345206,8.205298653920662,9.792018227829976,0.9480360188868043,-25.547916541868872
87.4745003061942,2.276516616615765,8.205298653920662,9.792018227829976,0.9492077880803024,-25.150351090448257
85.6446085813054,2.237765284155799,8.205298653920662,9.792018227829976,0.9480845509452936,-25.536568598291915
83.28928599961463,2.229452665920846,8.205298653920662,9.792018227829976,0.9480572238680626,-25.529852406621977
88.5838742432292,2.281340264847799,8.205298653920662,9.792018227829976,0.949312285051234,-25.113928972336133
91.40454530217286,2.26622917063888,8.205298653920662,9.792018227829976,0.9488919969344862,-25.281424891483496
85.47884548583586,2.2370353468893427,8.205298653920662,9.792018227829976,0.9480640855011019,-25.539161216355822
86.47089937623096,2.270561296446885,8.205298653920662,9.792018227829976,0.9490441522372595,-25.192932863675427
89.6427757316474,2.256935490096353,8.205298653920662,9.792018227829976,0.9485425083599749,-25.39261122151414
83.0026691659359,2.232277108360492,8.205298653920662,9.792018227829976,0.9481655547349255,-25.482239726807343
85.57971063546476,2.2375527931125987,8.205298653920662,9.792018227829976,0.9480585506994561,-25.536772882185712
88.33208742650307,2.25066992509565,8.205298653920662,9.792018227829976,0.9483377187710916,-25.452970710745905
92.43087484997066,2.2770985605433225,8.205298653920662,9.792018227829976,0.949261164462297,-25.145724226216362
84.38657126368915,2.2533314703537144,8.205298653920662,9.792018227829976,0.9486526679275284,-25.311730708355338
85.79753444743831,2.265722124674184,8.205298653920662,9.792018227829976,0.948910567847059,-25.226670318105157
86.0202500359474,2.267364496382825,8.205298653920662,9.792018227829976,0.9489453610497861,-25.215416412067597
87.20556046469986,2.274888384597773,8.205298653920662,9.792018227829976,0.9491101600084321,-25.162854862447002
91.60659600392418,2.2677698087754834,8.205298653920662,9.792018227829976,0.9489071253802751,-25.261917047781736
87.17967392736995,2.2452250903963744,8.205298653920662,9.792018227829976,0.9481794449768961,-25.494561138831546
84.4564953325612,2.2327907777820144,8.205298653920662,9.792018227829976,0.9479755134274016,-25.547513024203482
85.3547807526802,2.236668801730275,8.205298653920662,9.792018227829976,0.9480093806982596,-25.538911028994313
92.38358975034734,2.276605971506939,8.205298653920662,9.792018227829976,0.9492041905505745,-25.15203474604868
83.71963587263541,2.230471577880806,8.205298653920662,9.792018227829976,0.94796653420817,-25.540027986973335
83.43313412546127,2.241607323255522,8.205298653920662,9.792018227829976,0.9483540578886999,-25.398912843365352
92.38484056292602,2.2781610212126395,8.205298653920662,9.792018227829976,0.9492480858579248,-25.13485241397292
84.26704210271835,2.232182532580765,8.205298653920662,9.792018227829976,0.9479528292448322,-25.54613024417647
86.78550571640427,2.243446702135884,8.205298653920662,9.792018227829976,0.9481101694236186,-25.505509465206615
91.6001133569231,2.284304117775193,8.205298653920662,9.792018227829976,0.9493847153955427,-25.079240856445107
89.89085391794875,2.258412891544978,8.205298653920662,9.792018227829976,0.9485226154396293,-25.376455730065352
90.19424897570414,2.2599776574698893,8.205298653920662,9.792018227829976,0.9485668419134063,-25.358794928150562
89.01383760145082,2.2541932035256167,8.205298653920662,9.792018227829976,0.9483674512800839,-25.42021440886326
88.46442424592128,2.251558319243969,8.205298653920662,9.792018227829976,0.9482877731397144,-25.444576259317635
88.11435792988148,2.2791328590954265,8.205298653920662,9.792018227829976,0.9491489006602422,-25.132303217337586
90.98905229411238,2.264280962577274,8.205298653920662,9.792018227829976,0.9487114443123517,-25.306999570761327
83.30721876001942,2.230495823973385,8.205298653920662,9.792018227829976,0.9479822693372072,-25.518857126942805
92.15339187019448,2.273061294281632,8.205298653920662,9.792018227829976,0.9490293911050967,-25.195246559258102
83.39180995677563,2.240351106286255,8.205298653920662,9.792018227829976,0.9482535477594466,-25.411030727248146
91.46745768244952,2.2842603636095333,8.205298653920662,9.792018227829976,0.9493151331726026,-25.081275824118165
91.33533009794704,2.266537557060758,8.205298653920662,9.792018227829976,0.9487602958969399,-25.278717158889428
83.13620225405903,2.2332798958937445,8.205298653920662,9.792018227829976,0.948053753000731,-25.478020236055045
92.26727890322428,2.2792108473339567,8.205298653920662,9.792018227829976,0.9491938176440442,-25.125375155887077
83.63546254384055,2.2438417219980806,8.205298653920662,9.792018227829976,0.9483142328189035,-25.383790284277804
91.28290985768884,2.2845134982017186,8.205298653920662,9.792018227829976,0.949296577909734,-25.08043739358552
88.54543462975188,2.2806404037022787,8.205298653920662,9.792018227829976,0.9491278188673034,-25.12120931839699
91.07923118011344,2.26510509950991,8.205298653920662,9.792018227829976,0.9486792352433524,-25.297077928464294
87.62849525814615,2.247780668915482,8.205298653920662,9.792018227829976,0.9481219306083896,-25.474636194724408
84.04397389009841,2.231918885507156,8.205298653920662,9.792018227829976,0.9478779275510358,-25.53896656529097
91.0931212423573,2.2847050092956778,8.205298653920662,9.792018227829976,0.9492841227700187,-25.08005894153343
85.67594350637697,2.238558193660253,8.205298653920662,9.792018227829976,0.9479328425426179,-25.528587492295184
89.37020691145457,2.2561966083913347,8.205298653920662,9.792018227829976,0.9483541072074138,-25.39988192022657
83.43411301016394,2.2406247830654564,8.205298653920662,9.792018227829976,0.9482146670602032,-25.41009485375845
85.49163123970389,2.262746595156031,8.205298653920662,9.792018227829976,0.9486881457705173,-25.249556805935566
86.92418996846024,2.244542729538125,8.205298653920662,9.792018227829976,0.9480115496449149,-25.496452166838328
88.0803094959611,2.2500729370179187,8.205298653920662,9.792018227829976,0.9481440608595508,-25.45621681610338
86.78841709626008,2.271893028043962,8.205298653920662,9.792018227829976,0.9488722309941098,-25.18639160811192
86.69248532840591,2.271297009924538,8.205298653920662,9.792018227829976,0.9488583560352606,-25.19059521904728
92.14113386891748,2.2800055045241834,8.205298653920662,9.792018227829976,0.9491436448132982,-25.118751242004926
91.02279440938752,2.284473465598396,8.205298653920662,9.792018227829976,0.9492157822989177,-25.083168146383137
83.25757216624763,2.23283772939746,8.205298653920662,9.792018227829976,0.9479392675261967,-25.48950368830013
91.50288738398436,2.2682356160549944,8.205298653920662,9.792018227829976,0.9487243435561514,-25.257972802093928
83.40996117630459,2.2317802858154465,8.205298653920662,9.792018227829976,0.9478774392149978,-25.509503272455287
89.7099563104124,2.2581201248185607,8.205298653920662,9.792018227829976,0.9483519304889354,-25.379464958701643
83.3807911455584,2.2321076577291024,8.205298653920662,9.792018227829976,0.9478762292142465,-25.504260345221304
83.9479098336479,2.2472275908452843,8.205298653920662,9.792018227829976,0.948285743644473,-25.360604200042165
86.63724688167207,2.2433790209496465,8.205298653920662,9.792018227829976,0.9479332838579878,-25.50248643742395
84.72623442730595,2.255639450286111,8.205298653920662,9.792018227829976,0.9484601949727999,-25.300133940998375
89.76332036209591,2.283612470492116,8.205298653920662,9.792018227829976,0.9491174905042944,-25.096404745637074
85.22845905565553,2.236937768050609,8.205298653920662,9.792018227829976,0.9478213100389625,-25.53120528279275
87.58243819151603,2.247906738615597,8.205298653920662,9.792018227829976,0.9480269246283646,-25.4723519786069
89.95616506373628,2.2838878208734457,8.205298653920662,9.792018227829976,0.9491207885254981,-25.093587424214174
85.75744112495246,2.264499845229196,8.205298653920662,9.792018227829976,0.9486325786185421,-25.238975520567955
92.15770081872522,2.2764417079619363,8.205298653920662,9.792018227829976,0.9489730574546533,-25.157781181728854
91.78571419471216,2.282141655378851,8.205298653920662,9.792018227829976,0.9491231294512372,-25.10058905295234
83.72094571802121,2.244015418919375,8.205298653920662,9.792018227829976,0.9481790842637321,-25.386022146364592
92.04499171222749,2.273880551056948,8.205298653920662,9.792018227829976,0.9488784676482561,-25.18792038439594
85.66899893234613,2.2637519489320965,8.205298653920662,9.792018227829976,0.9486011905619829,-25.244388505406228
83.34995429696613,2.233372174827579,8.205298653920662,9.792018227829976,0.9478680642559653,-25.48823168410255
85.10142022651635,2.236566473432162,8.205298653920662,9.792018227829976,0.9477800098930449,-25.530652769296857
84.020407212427,2.2327236307158245,8.205298653920662,9.792018227829976,0.9477631568092717,-25.52866846903522
83.50643956430126,2.2404138884370326,8.205298653920662,9.792018227829976,0.9480672871649095,-25.416157614700047
84.4725832592041,2.2341497113232407,8.205298653920662,9.792018227829976,0.9477517276028525,-25.532676271201943
83.33663842069777,2.2347363577817703,8.205298653920662,9.792018227829976,0.9478921700210414,-25.47198951574432
85.28784741682071,2.260469004204026,8.205298653920662,9.792018227829976,0.9484933740970626,-25.26773640295659
87.17937626498039,2.2462407474598933,8.205298653920662,9.792018227829976,0.9479167306751689,-25.483032933993854
89.81883036393954,2.259097090069119,8.205298653920662,9.792018227829976,0.9482760577247444,-25.368693311662568
84.49289677138884,2.2528611207151954,8.205298653920662,9.792018227829976,0.94831082860381,-25.32158663954324
85.50400563309893,2.2385210583037605,8.205298653920662,9.792018227829976,0.9477586309250291,-25.52310318779047
91.13765602572975,2.266520956770321,8.205298653920662,9.792018227829976,0.9485301179054277,-25.280784721539945
83.38018773143159,2.235790008073579,8.205298653920662,9.792018227829976,0.9478816163033758,-25.46224493136146
91.66019504108624,2.270494621499523,8.205298653920662,9.792018227829976,0.94866523460706,-25.230943081342584
83.58131670813951,2.240948833925813,8.205298653920662,9.792018227829976,0.9480085188254324,-25.413851527170767
88.339340446752,2.27907379693454,8.205298653920662,9.792018227829976,0.9488632955774665,-25.1360095086284
90.2016725814547,2.261236318140305,8.205298653920662,9.792018227829976,0.9483137976758437,-25.34467556618194
83.60302483181171,2.233017102567686,8.205298653920662,9.792018227829976,0.9477470691243225,-25.505161428281923
92.03530102110906,2.277758198527508,8.205298653920662,9.792018227829976,0.948898722512688,-25.145214590673092
88.62288938640393,2.2800931993410387,8.205298653920662,9.792018227829976,0.9488805501767968,-25.128074596037827
84.71699279644545,2.254904412582277,8.205298653920662,9.792018227829976,0.9483057024590352,-25.307999703481304
83.70396095611206,2.233001196584496,8.205298653920662,9.792018227829976,0.9477229277854146,-25.510340955539252
83.96659080785928,2.2332181104326025,8.205298653920662,9.792018227829976,0.9476967022514747,-25.520496467233784
91.31099051353048,2.28301790330994,8.205298653920662,9.792018227829976,0.949010790756248,-25.096580303124327
83.72301673810635,2.233079909638533,8.205298653920662,9.792018227829976,0.9477141353717189,-25.510376853145726
91.6657058127936,2.2708138028591094,8.205298653920662,9.792018227829976,0.9486451303092869,-25.227328080261298
84.16979693841985,2.2337113396735475,8.205298653920662,9.792018227829976,0.9476823780197375,-25.52426799625737
91.9878149096776,2.278517195446668,8.205298653920662,9.792018227829976,0.9488988491767886,-25.13757460902986
91.39852405765951,2.2686487288571584,8.205298653920662,9.792018227829976,0.9485575941745371,-25.254540761183492
91.85824262112764,2.280089499174636,8.205298653920662,9.792018227829976,0.9489229962957415,-25.122156850778136
89.80522365386643,2.2830118322045507,8.205298653920662,9.792018227829976,0.9489350220353903,-25.103072995823368
86.68323097735053,2.270397622719358,8.205298653920662,9.792018227829976,0.9486011635260684,-25.200333344511233
83.64398428659807,2.241136038740408,8.205298653920662,9.792018227829976,0.9479318485485845,-25.414841358327344
88.45601036858636,2.2527825944526825,8.205298653920662,9.792018227829976,0.9479705156151085,-25.43065513319338
84.97789950125804,2.2367448510464243,8.205298653920662,9.792018227829976,0.9476467000599599,-25.523841595641255
88.81434486300986,2.2545604780612365,8.205298653920662,9.792018227829976,0.9480132685115323,-25.41439817556045
90.76028264383127,2.28340908614679,8.205298653920662,9.792018227829976,0.9489327103661899,-25.0966434072962
91.44019541810748,2.2694004077208803,8.205298653920662,9.792018227829976,0.9485252733660006,-25.245725283203534
83.54086371863188,2.2384099141583533,8.205298653920662,9.792018227829976,0.9478358293004141,-25.44063533390103
88.14475544769643,2.2779419924177238,8.205298653920662,9.792018227829976,0.9487401784137119,-25.14587066693094
88.2926761833311,2.2520841114095878,8.205298653920662,9.792018227829976,0.9479266348170192,-25.436480345171073
83.85477387716887,2.2442400003102136,8.205298653920662,9.792018227829976,0.9479744251518002,-25.389937473130953
83.97371614564103,2.245914479459472,8.205298653920662,9.792018227829976,0.948013339560034,-25.376633291012446
87.20593486203954,2.2733254995627448,8.205298653920662,9.792018227829976,0.9486192289350032,-25.18015297725547
90.43795662700484,2.283363101785426,8.205298653920662,9.792018227829976,0.9489027908105447,-25.09862500454905
87.8484538684411,2.276572429075827,8.205298653920662,9.792018227829976,0.9486892434186142,-25.156439046776452
87.61842183304118,2.2754636212156782,8.205298653920662,9.792018227829976,0.9486608281918281,-25.164691930522373
91.8183853785948,2.279456050165649,8.205298653920662,9.792018227829976,0.9488324515214092,-25.129695547570055
83.64380842078509,2.234455810085421,8.205298653920662,9.792018227829976,0.9476713600068785,-25.490775288304302
91.55133031321115,2.270632173034585,8.205298653920662,9.792018227829976,0.9485369780108356,-25.230759294129083
91.90081133666946,2.2761326025846387,8.205298653920662,9.792018227829976,0.9487220504482587,-25.16519336102014
84.89356291057499,2.236674645334432,8.205298653920662,9.792018227829976,0.9475997785618666,-25.521313049292473
90.11458337215808,2.26134222261409,8.205298653920662,9.792018227829976,0.9481877948060501,-25.34359554158711
91.03370360516648,2.28285207417224,8.205298653920662,9.792018227829976,0.9488794014025262,-25.10088820229228
91.2519574632591,2.2683167991306163,8.205298653920662,9.792018227829976,0.948432540069035,-25.25972918657889
91.64529564942202,2.280595853908679,8.205298653920662,9.792018227829976,0.9488272316444343,-25.119437107608746
88.37641403229803,2.252655630507789,8.205298653920662,9.792018227829976,0.9478988740322104,-25.431110861568477
88.46903726344269,2.2790177860383665,8.205298653920662,9.792018227829976,0.9487119306963924,-25.13821219830143
86.93329868693577,2.2457771672774958,8.205298653920662,9.792018227829976,0.947722788747346,-25.482662051732664
90.50383610280224,2.263619804127174,8.205298653920662,9.792018227829976,0.9482431086467696,-25.31718062053134
91.86461799446164,2.27605811173504,8.205298653920662,9.792018227829976,0.9486872563042316,-25.166539102951962
83.78496869456536,2.242562295451407,8.205298653920662,9.792018227829976,0.9478746399623162,-25.405570607675656
89.31304299638556,2.2573545647320685,8.205298653920662,9.792018227829976,0.9480171524696589,-25.386568211231978
91.62381747227296,2.271858550737349,8.205298653920662,9.792018227829976,0.9485308869373301,-25.21626234951388
84.33185550396644,2.2350728645890143,8.205298653920662,9.792018227829976,0.9475621776961753,-25.515992564733395
83.6349034152023,2.236032061451695,8.205298653920662,9.792018227829976,0.9476568377157596,-25.472373810908916
84.15100102789016,2.2349684239870555,8.205298653920662,9.792018227829976,0.9475402131977382,-25.50906297189002
85.75939079638438,2.26323319716721,8.205298653920662,9.792018227829976,0.9482822585118162,-25.253157221186783
91.80114821072208,2.2761824900710224,8.205298653920662,9.792018227829976,0.9486324157485445,-25.16605673860415
91.61999055889694,2.279960097652122,8.205298653920662,9.792018227829976,0.9487381820057921,-25.1267541509564
91.7005561554342,2.279166418493034,8.205298653920662,9.792018227829976,0.9487177297249332,-25.13447504328185
86.16198899667174,2.242493644862492,8.205298653920662,9.792018227829976,0.9475886037805391,-25.499237985161354
89.61938697258941,2.259162599869981,8.205298653920662,9.792018227829976,0.9480166250013881,-25.367525156398287
85.01807010962088,2.256743016927629,8.205298653920662,9.792018227829976,0.9481222260070974,-25.299329493272847
86.1361846325151,2.265989277929748,8.205298653920662,9.792018227829976,0.9483196419164402,-25.2342117228638
87.95198769184927,2.2765813353049538,8.205298653920662,9.792018227829976,0.9485648083439382,-25.158007420933735
90.08677072642668,2.282538511300089,8.205298653920662,9.792018227829976,0.9487398353085006,-25.10839205459252
89.53532418713318,2.281733251629916,8.205298653920662,9.792018227829976,0.9487058137618806,-25.116451289843337
84.62386527103425,2.236319758534634,8.205298653920662,9.792018227829976,0.9475060955209225,-25.514341514175246
84.76118309311467,2.254149490066084,8.205298653920662,9.792018227829976,0.9480523826702753,-25.31826904247749
84.23015602255936,2.2481529566922376,8.205298653920662,9.792018227829976,0.9479148639238124,-25.363103216427813
91.7039295804028,2.274145115580879,8.205298653920662,9.792018227829976,0.9485314165905083,-25.18989854027452
89.76582020327102,2.260033909791318,8.205298653920662,9.792018227829976,0.9480209320873695,-25.358098000207264
83.70514491200093,2.236857032009027,8.205298653920662,9.792018227829976,0.9476095275318225,-25.466447239988938
91.73476449898683,2.27736366065362,8.205298653920662,9.792018227829976,0.9486194066384536,-25.153910602668418
91.33068877986562,2.281116700164887,8.205298653920662,9.792018227829976,0.948709958096326,-25.117286946226688
84.23955755265126,2.235513042589403,8.205298653920662,9.792018227829976,0.9474960626889163,-25.506859031757877
88.89918734991844,2.280011252628384,8.205298653920662,9.792018227829976,0.9486217671615575,-25.131598191666424
85.8393457822037,2.2412304845608446,8.205298653920662,9.792018227829976,0.947528957851731,-25.50355916833661
84.83174887937233,2.254716728917259,8.205298653920662,9.792018227829976,0.9480370728747108,-25.31474197018327
85.93126788661864,2.264291422561968,8.205298653920662,9.792018227829976,0.9482397129723503,-25.24686207667536
84.12836992467572,2.246562774552828,8.205298653920662,9.792018227829976,0.9478444297218552,-25.376450646790914
83.78279290628642,2.2405784939333984,8.205298653920662,9.792018227829976,0.9476895116825369,-25.42794796673917
85.95460176134452,2.264435015149985,8.205298653920662,9.792018227829976,0.9482347846812216,-25.245991186800044
89.76874285840336,2.260227832285935,8.205298653920662,9.792018227829976,0.9479875643033502,-25.355928714096525
85.2895511899426,2.2390222587075925,8.205298653920662,9.792018227829976,0.9474781011121962,-25.509703997327975
87.61338294211629,2.249541661020245,8.205298653920662,9.792018227829976,0.9476738655331111,-25.454425371755637
91.67732231495089,2.2774806453421093,8.205298653920662,9.792018227829976,0.9485787903356775,-25.153370324899267
90.965273426141,2.28189793405393,8.205298653920662,9.792018227829976,0.9486816648418045,-25.11190143303701
85.19600248177557,2.258035407191585,8.205298653920662,9.792018227829976,0.9480757932522877,-25.291579789850886
84.19480500572391,2.247222381549051,8.205298653920662,9.792018227829976,0.9478306720041083,-25.372013979463468
83.77203535509462,2.237447722746282,8.205298653920662,9.792018227829976,0.9475643675970171,-25.462988879272704
85.28670554136895,2.2391511958243626,8.205298653920662,9.792018227829976,0.9474540815358464,-25.508131397625675
83.88405429797511,2.242100590051024,8.205298653920662,9.792018227829976,0.9476850959754846,-25.41554717157011
84.7846437304315,2.237355737725565,8.205298653920662,9.792018227829976,0.9474351396912557,-25.50916762992993
83.8112542917754,2.2397883748830907,8.205298653920662,9.792018227829976,0.947605626190966,-25.43828685869772
88.2160015614154,2.252635244665754,8.205298653920662,9.792018227829976,0.9477062806230805,-25.429223069081967
88.77763129831068,2.2554255569096995,8.205298653920662,9.792018227829976,0.9477768986646466,-25.40431327256377
85.31203104840885,2.239446519686666,8.205298653920662,9.792018227829976,0.9474224336483349,-25.505696249915797
87.53965578030457,2.274104127878303,8.205298653920662,9.792018227829976,0.948372418975655,-25.1782643980172
91.41048611234912,2.2795721803825018,8.205298653920662,9.792018227829976,0.9485602462630794,-25.133458612115447
84.63140539363884,2.2519412421966365,8.205298653920662,9.792018227829976,0.9478597611460644,-25.337754938314156
84.55355597420503,2.237021367464365,8.205298653920662,9.792018227829976,0.9473948779879688,-25.503378649362414
85.74621778354228,2.2623635828962563,8.205298653920662,9.792018227829976,0.9480867171966695,-25.262427721559973
89.60400338520387,2.281175045839973,8.205298653920662,9.792018227829976,0.9485363595000872,-25.12282024563637
84.73936008630149,2.2530234774258133,8.205298653920662,9.792018227829976,0.9478689713305224,-25.33002956451818
84.01434416624542,2.2369361481201224,8.205298653920662,9.792018227829976,0.9474311533061661,-25.48033559111498
84.31707586480995,2.2367285043663685,8.205298653920662,9.792018227829976,0.9473906832745593,-25.4964614259212
87.11796631721707,2.2716696363962967,8.205298653920662,9.792018227829976,0.9482760511416208,-25.196579785585527
84.43538828752621,2.2370253944605025,8.205298653920662,9.792018227829976,0.9473725070421096,-25.498263487140402
88.3456770746276,2.27748194570296,8.205298653920662,9.792018227829976,0.9483985537180184,-25.153649614477285
86.05796428545251,2.2645892039165005,8.205298653920662,9.792018227829976,0.9480919627326724,-25.247452887036886
91.50803879873352,2.2773590309745373,8.205298653920662,9.792018227829976,0.9484400812355072,-25.15677940232995
89.9801205431583,2.281501063245571,8.205298653920662,9.792018227829976,0.948515034048793,-25.119830640550212
85.44705615958888,2.240331542715694,8.205298653920662,9.792018227829976,0.9473702260542686,-25.500481870062885
90.56809921819952,2.265528874304465,8.205298653920662,9.792018227829976,0.9480314136783684,-25.295592546286688
91.16649284415124,2.269988976603983,8.205298653920662,9.792018227829976,0.9481903051149034,-25.24192618955616
84.45445776273354,2.237231038743019,8.205298653920662,9.792018227829976,0.9473552780337972,-25.49674622579962
90.46273438407758,2.264921755514038,8.205298653920662,9.792018227829976,0.9479999559377085,-25.30278815584251
87.19710265635806,2.271949362604317,8.205298653920662,9.792018227829976,0.9482403201452275,-25.19520693462948
90.03664795439002,2.262418230906192,8.205298653920662,9.792018227829976,0.9479098324086672,-25.331593837917076
88.53211319608461,2.278013665110024,8.205298653920662,9.792018227829976,0.9483740193384208,-25.150011702383452
90.91140508633146,2.268169035053859,8.205298653920662,9.792018227829976,0.9480882645035055,-25.264209043459218
89.88522157553389,2.281191186451281,8.205298653920662,9.792018227829976,0.9484617369626003,-25.123192214105096
91.2199617577488,2.2709938727649046,8.205298653920662,9.792018227829976,0.94817840300572,-25.230272270052684
89.61665701562418,2.2807632766198367,8.205298653920662,9.792018227829976,0.9484326906069755,-25.127391266993623
90.05136154910545,2.2627119311227237,8.205298653920662,9.792018227829976,0.9478793329899986,-25.328302508394884
87.04989043983034,2.2709272141725023,8.205298653920662,9.792018227829976,0.9481728527067591,-25.203287425907828
83.99849830247423,2.2391905531151224,8.205298653920662,9.792018227829976,0.9474156864178737,-25.453956062699998
87.28351799171291,2.272209348192021,8.205298653920662,9.792018227829976,0.9481922928649565,-25.194157197251265
89.69280560313626,2.280799340024401,8.205298653920662,9.792018227829976,0.9484179122082508,-25.127195412391718
90.0852317705892,2.281165390709546,8.205298653920662,9.792018227829976,0.9484284973306918,-25.123498773979577
84.15377037010727,2.2442857852027918,8.205298653920662,9.792018227829976,0.9475340190337056,-25.40333930618803
90.38826819676235,2.2811229916238034,8.205298653920662,9.792018227829976,0.9484206110123029,-25.123416427661063
90.48738136204204,2.281036180245096,8.205298653920662,9.792018227829976,0.9484151623859959,-25.124039952038526
88.6021327433527,2.277958712893096,8.205298653920662,9.792018227829976,0.9483020370206238,-25.151386915063924
90.6421242928536,2.2667018514386257,8.205298653920662,9.792018227829976,0.9479666185197422,-25.28216437311162
84.19068603690107,2.244453090827008,8.205298653920662,9.792018227829976,0.9475025252056422,-25.403117146549157
87.06593461733424,2.247989516653164,8.205298653920662,9.792018227829976,0.9473933050252654,-25.460685361769812
89.84277839995666,2.261901476467699,8.205298653920662,9.792018227829976,0.9477805828832769,-25.337287882180114
85.53164552263488,2.259671803017568,8.205298653920662,9.792018227829976,0.9478391784157182,-25.285282787459632
87.77101842086319,2.251437886099339,8.205298653920662,9.792018227829976,0.947449373375356,-25.435818045779698
89.69431338038733,2.280430462326109,8.205298653920662,9.792018227829976,0.9483333082388988,-25.131261325562022
84.20681177453578,2.244264930152568,8.205298653920662,9.792018227829976,0.9474656512646753,-25.405972334003778
87.29984078724097,2.2492231426908944,8.205298653920662,9.792018227829976,0.9473902341937004,-25.45184059328677
91.27869081742048,2.273560379422122,8.205298653920662,9.792018227829976,0.9481536181128484,-25.201242672779887
88.9628067635643,2.2573927310463238,8.205298653920662,9.792018227829976,0.9475996375096718,-25.383804297635432
88.09205405015449,2.253064334498987,8.205298653920662,9.792018227829976,0.9474747050859204,-25.422610069869297
90.4691515706796,2.265989147665508,8.205298653920662,9.792018227829976,0.9478716886177296,-25.290852474746195
87.10669988771595,2.248426970478249,8.205298653920662,9.792018227829976,0.9473485144064291,-25.45665611434227
91.2050529356169,2.2777356756704563,8.205298653920662,9.792018227829976,0.9482574594892514,-25.155771640860443
89.64450378697319,2.280177294970869,8.205298653920662,9.792018227829976,0.9482897641666883,-25.13392409398754
84.18969480173395,2.24025603724985,8.205298653920662,9.792018227829976,0.9472942169637751,-25.450640012711503
90.11754026992188,2.280503068351962,8.205298653920662,9.792018227829976,0.9482907214861362,-25.13076641493926
89.99927116641928,2.280416569750926,8.205298653920662,9.792018227829976,0.948279311717514,-25.131772029514316
89.45940952317807,2.279742413056013,8.205298653920662,9.792018227829976,0.9482492218173716,-25.138081031195426
84.22065838057661,2.2432206907715084,8.205298653920662,9.792018227829976,0.9473718822211478,-25.418415466193704
88.02719813379134,2.25294896655312,8.205298653920662,9.792018227829976,0.947426966060604,-25.422936260793538
90.62462602509726,2.2800525774331533,8.205298653920662,9.792018227829976,0.948273267327356,-25.13428833687382
90.45811393299122,2.2802630307541705,8.205298653920662,9.792018227829976,0.9482721088618434,-25.1326599767054
91.19188611126332,2.277001884885479,8.205298653920662,9.792018227829976,0.9481942394908635,-25.16399509293895
89.81737995273456,2.2622651381378205,8.205298653920662,9.792018227829976,0.9476973719556938,-25.333183696627657
91.17872095506124,2.273149711839949,8.205298653920662,9.792018227829976,0.9480721426573195,-25.206736437299668
85.51626674510483,2.2590332040064425,8.205298653920662,9.792018227829976,0.9477293970160788,-25.291895474433094
89.08897983386387,2.278835560315599,8.205298653920662,9.792018227829976,0.9482001689510339,-25.146019697658037
84.35475892303711,2.239555685576832,8.205298653920662,9.792018227829976,0.9472212209480658,-25.46595253532915
87.5385934405144,2.272852317322858,8.205298653920662,9.792018227829976,0.9480392771154564,-25.19210438361788
88.03979017748891,2.253117204834709,8.205298653920662,9.792018227829976,0.9474078402254391,-25.421230758866727
88.07006051353727,2.27532519310698,8.205298653920662,9.792018227829976,0.9480968121596798,-25.17369065654087
89.71287234535959,2.279952866651328,8.205298653920662,9.792018227829976,0.9482243161270456,-25.136565066564586
85.9494508548818,2.262536771682832,8.205298653920662,9.792018227829976,0.9477841755945006,-25.267000519753264
88.73037673330892,2.2777048608825368,8.205298653920662,9.792018227829976,0.9481438832768548,-25.15549946597182
86.09050655168657,2.244233661905895,8.205298653920662,9.792018227829976,0.9471968464987245,-25.47732542530125
89.54501657091697,2.2796336918245146,8.205298653920662,9.792018227829976,0.9481974802520818,-25.139605637287683
84.55321601536463,2.248464702951836,8.205298653920662,9.792018227829976,0.9474542216559217,-25.37363353693473
91.18109525338912,2.2746625114054098,8.205298653920662,9.792018227829976,0.9480828983497339,-25.18995960658312
86.7935851307801,2.268433555964364,8.205298653920662,9.792018227829976,0.9478986511511713,-25.224909534568695
89.82079356039442,2.2626239239869648,8.205298653920662,9.792018227829976,0.9476483856987872,-25.329173448966507
88.17116035267206,2.254001869019021,8.205298653920662,9.792018227829976,0.9473788981130472,-25.413185742294427
89.69010431375477,2.2796689853378496,8.205298653920662,9.792018227829976,0.9481690130135692,-25.139641557978027
91.1349497643881,2.275635677673975,8.205298653920662,9.792018227829976,0.9480800267086372,-25.179602810972536
87.08342253616217,2.248860269819218,8.205298653920662,9.792018227829976,0.9472434063638415,-25.45122906949722
88.2239519211941,2.2543652099926703,8.205298653920662,9.792018227829976,0.9473666846116795,-25.40982870633794
87.23455566445041,2.270840781471847,8.205298653920662,9.792018227829976,0.9479046115522531,-25.20830164669589
90.1536470657148,2.264912394437289,8.205298653920662,9.792018227829976,0.9476830651850596,-25.303626918536015
84.59958347891894,2.2403934106929317,8.205298653920662,9.792018227829976,0.9471243063489277,-25.466954983191652
87.9670243190906,2.253218627354755,8.205298653920662,9.792018227829976,0.9473128443982356,-25.41896165959325
84.79178048275952,2.250832888968162,8.205298653920662,9.792018227829976,0.9474289564663517,-25.356794180149908
85.35857028389947,2.2419454940583563,8.205298653920662,9.792018227829976,0.9470894932076096,-25.47896952579495
89.62817472833207,2.279250014358496,8.205298653920662,9.792018227829976,0.9480950736889787,-25.14409859404644
86.95139196643005,2.2485045700012734,8.205298653920662,9.792018227829976,0.9471850465168721,-25.452197134381098
87.09962895120476,2.269895832244828,8.205298653920662,9.792018227829976,0.9478445988963159,-25.215851689418965
86.602923742678,2.247007218985786,8.205298653920662,9.792018227829976,0.9471416606265542,-25.460428346950035
87.26940945806265,2.270803755000742,8.205298653920662,9.792018227829976,0.9478528978601143,-25.209448526233306
90.26117980003391,2.27935512750986,8.205298653920662,9.792018227829976,0.948089532941137,-25.143207896410154
91.02414129998716,2.2748541577105925,8.205298653920662,9.792018227829976,0.9479724685261545,-25.189166611678814
90.46830183649352,2.267451258787545,8.205298653920662,9.792018227829976,0.9477231998523508,-25.274555852858303
86.33463301884545,2.245885372273122,8.205298653920662,9.792018227829976,0.9471131522582149,-25.46577998274652
90.69791096538044,2.2695166244427583,8.205298653920662,9.792018227829976,0.9477818960474572,-25.250536965876666
87.89896755665208,2.273893822579595,8.205298653920662,9.792018227829976,0.947909745482866,-25.186881725666506
87.10907307130128,2.269747557296242,8.205298653920662,9.792018227829976,0.9477973940399085,-25.217708344015527
87.7003792083699,2.272897011341925,8.205298653920662,9.792018227829976,0.9478707642955615,-25.194566582329056
87.08321990349826,2.269544925113664,8.205298653920662,9.792018227829976,0.9477818054411337,-25.21938144560153
87.08322709763814,2.2493815825641263,8.205298653920662,9.792018227829976,0.94715001810756,-25.44532914462653
90.55545835776176,2.268501489249715,8.205298653920662,9.792018227829976,0.9477204304665745,-25.262517467398453
87.18904354337302,2.2701439986991687,8.205298653920662,9.792018227829976,0.9477928457819645,-25.21505938519753
85.15808520248326,2.241871836616937,8.205298653920662,9.792018227829976,0.9470334603448841,-25.47241195484092
89.0522568241443,2.277785048419801,8.205298653920662,9.792018227829976,0.9479787499881679,-25.15734932640294
90.61904167479844,2.2780935080346865,8.205298653920662,9.792018227829976,0.9479991127910524,-25.15591802564616
89.38432493030103,2.278417483142505,8.205298653920662,9.792018227829976,0.9479863594028936,-25.15235883946329
90.512964643586,2.2683508760591025,8.205298653920662,9.792018227829976,0.947693190663478,-25.264368670675395
86.83855784379715,2.267915971406268,8.205298653920662,9.792018227829976,0.9477156197405421,-25.231765037024203
86.28797741667051,2.264141343385745,8.205298653920662,9.792018227829976,0.9476273437531809,-25.259226697389106
89.9934104465611,2.278938152636769,8.205298653920662,9.792018227829976,0.9479998753827656,-25.1480670099219
86.55370856242187,2.247181079072149,8.205298653920662,9.792018227829976,0.9470734751001009,-25.457152063461294
84.96286089577472,2.241803420996959,8.205298653920662,9.792018227829976,0.947013996065821,-25.465688749788022
90.35485263215412,2.278594006734835,8.205298653920662,9.792018227829976,0.9479873472614092,-25.15138101415997
90.63222366917788,2.2777223450953272,8.205298653920662,9.792018227829976,0.9479613087812195,-25.15995190199901
90.04587150108875,2.27879637384531,8.205298653920662,9.792018227829976,0.947977225265144,-25.149622916290383
90.66425859129455,2.270129040732101,8.205298653920662,9.792018227829976,0.947722142356764,-25.243904909471755
90.87529380368748,2.2736170186167897,8.205298653920662,9.792018227829976,0.9478369618268722,-25.203950946792318
84.93057031773476,2.2419362682650643,8.205298653920662,9.792018227829976,0.9470048672039529,-25.462911565521168
84.56731368266438,2.24447795094963,8.205298653920662,9.792018227829976,0.9471181661590111,-25.4192759006788
86.85575905049014,2.267822112937452,8.205298653920662,9.792018227829976,0.9476722031933459,-25.233226036168286
89.56774495381906,2.262283503158855,8.205298653920662,9.792018227829976,0.9474438914077713,-25.33238590355235
85.66406159304766,2.2588426179519416,8.205298653920662,9.792018227829976,0.9474649172548876,-25.299060515252485
84.75589984484236,2.2486831776982257,8.205298653920662,9.792018227829976,0.9472223422083378,-25.37956868560657
90.47780375295798,2.2685777566145617,8.205298653920662,9.792018227829976,0.9476471420922387,-25.261977340220763
88.75544794539972,2.257951335621783,8.205298653920662,9.792018227829976,0.9472883836832672,-25.3756987686699
86.8710341522599,2.267809547384445,8.205298653920662,9.792018227829976,0.9476500598444609,-25.233734423450645
87.58252764046611,2.252151879933294,8.205298653920662,9.792018227829976,0.9471284336555073,-25.42436479765303
90.75098441269782,2.276245180811273,8.205298653920662,9.792018227829976,0.9478785695624967,-25.175640867873593
90.49284239699602,2.268886279719723,8.205298653920662,9.792018227829976,0.9476411181227605,-25.258487854376718
84.66036431531434,2.2433407088765023,8.205298653920662,9.792018227829976,0.9470338683428037,-25.43604989256903
85.83681044025283,2.24465276788969,8.205298653920662,9.792018227829976,0.9469738667606279,-25.464613322545006
89.25810246099607,2.2607578882044663,8.205298653920662,9.792018227829976,0.9473549817670737,-25.34806821010529
88.07506289013509,2.2546378619813083,8.205298653920662,9.792018227829976,0.9471713028616499,-25.404624515611022
84.66083207890645,2.243816634996733,8.205298653920662,9.792018227829976,0.9470370348707174,-25.43067692492156
85.46974878833187,2.243547648859888,8.205298653920662,9.792018227829976,0.946950506278653,-25.464746903755156
84.84816988344699,2.2493878292332,8.205298653920662,9.792018227829976,0.9471863145591033,-25.375339529455648
87.29328588108494,2.250949002759583,8.205298653920662,9.792018227829976,0.9470707616370811,-25.432198659780923
84.67582442386826,2.245260014514173,8.205298653920662,9.792018227829976,0.9470640071169564,-25.414957638517233
85.06317531745843,2.2521703207999337,8.205298653920662,9.792018227829976,0.9472434293733568,-25.3524012783418
86.14786894373809,2.262445993167262,8.205298653920662,9.792018227829976,0.9474726788832472,-25.27405876362988
87.97663004772853,2.2543014898101887,8.205298653920662,9.792018227829976,0.9471345784963696,-25.406908701402603
86.03654065988488,2.2456611738713548,8.205298653920662,9.792018227829976,0.9469497333150573,-25.459488224163795
88.28522833424988,2.2746567163528937,8.205298653920662,9.792018227829976,0.9477544239519115,-25.184093752218985
85.0801412753205,2.252147921076613,8.205298653920662,9.792018227829976,0.9472194126876672,-25.353300646906934
89.25594406939938,2.2610917519994587,8.205298653920662,9.792018227829976,0.9473072864471814,-25.344314976865498
84.99959258622795,2.250937752711337,8.205298653920662,9.792018227829976,0.9471743795126072,-25.36382947029086
87.06331714065271,2.250136566634467,8.205298653920662,9.792018227829976,0.9470087577874216,-25.43634400725427
86.55891206893605,2.247936621928972,8.205298653920662,9.792018227829976,0.94696198224178,-25.448739254051578
85.27235497010906,2.254195910177444,8.205298653920662,9.792018227829976,0.9472474353886963,-25.33745067793477
90.32134519403512,2.2773981561244057,8.205298653920662,9.792018227829976,0.9478188411671866,-25.164667762712433
90.54158203317384,2.276393464547084,8.205298653920662,9.792018227829976,0.9477900776796491,-25.175039656794837
84.92517067546837,2.2496815529457024,8.205298653920662,9.792018227829976,0.94712924672158,-25.375079505247154
88.87603813234801,2.259100373469124,8.205298653920662,9.792018227829976,0.9472300745288439,-25.36390222779773
87.08457837143132,2.2503047990559537,8.205298653920662,9.792018227829976,0.9469996558486623,-25.434925792577513
85.18865550352734,2.243508145058044,8.205298653920662,9.792018227829976,0.9469045186656746,-25.45498987894193
90.30117903745855,2.268223280978276,8.205298653920662,9.792018227829976,0.9475200932068237,-25.26645267489857
85.19676102830904,2.2531862996784326,8.205298653920662,9.792018227829976,0.9472067019486861,-25.346010129185238
89.8428742111755,2.277774235485694,8.205298653920662,9.792018227829976,0.9478029011012635,-25.160816169690648
84.81050174398166,2.244462882360168,8.205298653920662,9.792018227829976,0.9469609484376439,-25.429478288524876
85.89279938840232,2.259942829959257,8.205298653920662,9.792018227829976,0.9473468756303245,-25.294203168027703
89.65227943118975,2.263743107536897,8.205298653920662,9.792018227829976,0.9473463859670938,-25.316314953212203
90.47531467024908,2.276148727398663,8.205298653920662,9.792018227829976,0.9477400179707423,-25.178003538413577
86.34856633606039,2.2473452219959,8.205298653920662,9.792018227829976,0.9469078588015375,-25.449641882833806
85.30274968597716,2.244002014418811,8.205298653920662,9.792018227829976,0.9468775882496352,-25.453605685022584
88.84724954082303,2.2591808845456995,8.205298653920662,9.792018227829976,0.947192143025214,-25.362745569254123
85.64342268733101,2.244895768849588,8.205298653920662,9.792018227829976,0.9468687491066243,-25.455457721532508
88.2991571509997,2.274269370497521,8.205298653920662,9.792018227829976,0.9476607435344432,-25.188563341988758
86.1555296868023,2.246661121996297,8.205298653920662,9.792018227829976,0.9468866620752591,-25.451769319030127
85.6780193567725,2.2450350532475625,8.205298653920662,9.792018227829976,0.9468657272740679,-25.455045523452362
86.32299771259868,2.247350727482811,8.205298653920662,9.792018227829976,0.9468920041386004,-25.44885227436881
86.86477493301824,2.249637936557903,8.205298653920662,9.792018227829976,0.9469321169120377,-25.437303626978654
90.55655878548914,2.2722534190358346,8.205298653920662,9.792018227829976,0.9476006304258031,-25.220821281985238
88.57287999873294,2.275165000727398,8.205298653920662,9.792018227829976,0.9476729849741508,-25.181937427692613
88.95405194544384,2.276236991882925,8.205298653920662,9.792018227829976,0.947700650830349,-25.173698912237636
87.08900467434472,2.268287226912804,8.205298653920662,9.792018227829976,0.94749565509419,-25.233487212203674
85.94864201828199,2.246043034141138,8.205298653920662,9.792018227829976,0.9468604078962347,-25.452426294396282
88.02512047372889,2.255130470743893,8.205298653920662,9.792018227829976,0.9470483411690088,-25.39832428290466
90.30634511315064,2.2691091151163363,8.205298653920662,9.792018227829976,0.9474783873604385,-25.256582022988912
85.28527814986684,2.244392641431816,8.205298653920662,9.792018227829976,0.9468507266427184,-25.448539032053702
88.03239694694385,2.2552135660092176,8.205298653920662,9.792018227829976,0.9470422157526786,-25.397499957091153
89.30847181398161,2.262062196212227,8.205298653920662,9.792018227829976,0.9472330400497989,-25.33373867212228
86.71073706492122,2.2657563705367068,8.205298653920662,9.792018227829976,0.9474123440098394,-25.252627210572275
86.13008131372659,2.2614729651534304,8.205298653920662,9.792018227829976,0.9473125237283901,-25.284397829165396
90.49919086980285,2.2746201861079385,8.205298653920662,9.792018227829976,0.9476400681695439,-25.194824930914283
90.5085209815599,2.2743094801282098,8.205298653920662,9.792018227829976,0.9476284589729167,-25.198229041542337
85.14112285291756,2.251453444799125,8.205298653920662,9.792018227829976,0.9470703879636176,-25.3634261592945
88.94614115681851,2.275999151274519,8.205298653920662,9.792018227829976,0.9476577654416237,-25.176264461658945
85.38728518521107,2.244773760354846,8.205298653920662,9.792018227829976,0.9468309076965328,-25.44791629160379
90.25312261590496,2.2763013913022405,8.205298653920662,9.792018227829976,0.9476737870678491,-25.176936476260163
85.02343396278373,2.245052453753715,8.205298653920662,9.792018227829976,0.9468684339094665,-25.43120904772614
90.13809909019972,2.276591675282845,8.205298653920662,9.792018227829976,0.9476747275086044,-25.17390043928436
87.36379675112221,2.2521966985489144,8.205298653920662,9.792018227829976,0.9469359912569094,-25.419576299384662
86.07488567034102,2.260847783934977,8.205298653920662,9.792018227829976,0.9472713215691262,-25.289726090477792
85.63177489044543,2.245453009227589,8.205298653920662,9.792018227829976,0.9468151293162349,-25.448749158976792
90.1855192876885,2.2685743466055897,8.205298653920662,9.792018227829976,0.9474095152677652,-25.262761287654453
87.16901329580183,2.251394818451331,8.205298653920662,9.792018227829976,0.9469031200044595,-25.42449810576098
87.49506884438144,2.270191846322035,8.205298653920662,9.792018227829976,0.9474732621532682,-25.22078102968573
90.2286403514526,2.275995717373874,8.205298653920662,9.792018227829976,0.9476346714149686,-25.180361279873395
85.77885834036093,2.245954247608424,8.205298653920662,9.792018227829976,0.9468082537873018,-25.44797798582449
85.46293133733553,2.245233438353125,8.205298653920662,9.792018227829976,0.9468060149850897,-25.4453969009145
90.09599581222967,2.268124763625437,8.205298653920662,9.792018227829976,0.9473630396460859,-25.26786319408916
85.21914054400696,2.2516183121756512,8.205298653920662,9.792018227829976,0.9470054303962196,-25.36448208825322
87.9980542944158,2.255523686930232,8.205298653920662,9.792018227829976,0.9469684171170879,-25.393482284463115
85.4871272196927,2.245566237590893,8.205298653920662,9.792018227829976,0.9467860877695328,-25.442478044629706
90.23626297128338,2.2697547013911787,8.205298653920662,9.792018227829976,0.9474043811971103,-25.24954829327168
87.05772491528772,2.2675015792600703,8.205298653920662,9.792018227829976,0.947370015535463,-25.24152107628133
85.23035754324596,2.25158053985588,8.205298653920662,9.792018227829976,0.9469906905304983,-25.365322212970973
89.88245494237228,2.266552364638443,8.205298653920662,9.792018227829976,0.94729094208179,-25.28536565594066
85.59455796617533,2.245899824214476,8.205298653920662,9.792018227829976,0.9467741021733683,-25.442420956890647
86.40579701690118,2.248490216398352,8.205298653920662,9.792018227829976,0.9467970359591161,-25.438297591130375
88.76269267866347,2.2748913710593968,8.205298653920662,9.792018227829976,0.947524671870031,-25.186905179470795
87.07671293073194,2.267430861774983,8.205298653920662,9.792018227829976,0.947336486912899,-25.242736481695175
86.38258350912783,2.248539142975318,8.205298653920662,9.792018227829976,0.9467797904580338,-25.43709490714279
89.75304142187694,2.2761676889507214,8.205298653920662,9.792018227829976,0.9475614230066242,-25.178426415456624
90.29287883015245,2.2715685047088243,8.205298653920662,9.792018227829976,0.9474254548232239,-25.229282453184243
90.31268088942512,2.2723312498480226,8.205298653920662,9.792018227829976,0.9474484176747379,-25.220772207014175
85.13277933806744,2.2480949474820733,8.205298653920662,9.792018227829976,0.9468481310440886,-25.400983151839505
88.5617730981267,2.258796636402849,8.205298653920662,9.792018227829976,0.9469964500737069,-25.36419972597397
90.27484589837816,2.272909589230068,8.205298653920662,9.792018227829976,0.9474440502459835,-25.21444354292601
85.38506738113651,2.252838867660401,8.205298653920662,9.792018227829976,0.9469580486136352,-25.356780875162706
88.19932658600767,2.2728163707205624,8.205298653920662,9.792018227829976,0.9474351067891111,-25.203315507192265
90.05110357762896,2.268722283617663,8.205298653920662,9.792018227829976,0.9473050410235906,-25.261237207916995
85.83969596791029,2.2578138268911374,8.205298653920662,9.792018227829976,0.9470726136933304,-25.316346077775357
86.68696242233621,2.2499857470190534,8.205298653920662,9.792018227829976,0.9467725120332168,-25.428927612330263
85.39337880193777,2.252801146928519,8.205298653920662,9.792018227829976,0.9469462856421498,-25.357501880136944
87.35924960863882,2.2529529637903494,8.205298653920662,9.792018227829976,0.9468287100674116,-25.410954985592827
85.26336429650688,2.250559522509036,8.205298653920662,9.792018227829976,0.9468791134275106,-25.378039423678587
90.0991023623374,2.269528020346783,8.205298653920662,9.792018227829976,0.9473152978339846,-25.252245823448934
89.97066629680396,2.2681985852457984,8.205298653920662,9.792018227829976,0.94726799078927,-25.267073398901914
85.82760214369603,2.2471524223390844,8.205298653920662,9.792018227829976,0.9467199035426536,-25.43600397880912
89.92155073242623,2.275297362296868,8.205298653920662,9.792018227829976,0.947480630327066,-25.188262744149387
87.07072908023268,2.2518614746126677,8.205298653920662,9.792018227829976,0.9467747522740053,-25.41703845236131
88.36046616346354,2.2580780609460334,8.205298653920662,9.792018227829976,0.9469243531171557,-25.369872290912774
87.65821745506409,2.27011173655427,8.205298653920662,9.792018227829976,0.9473144219739389,-25.224710166842232
87.79661285513899,2.2553233921356366,8.205298653920662,9.792018227829976,0.9468390262596907,-25.392458360289503
85.34063913453991,2.247832277920196,8.205298653920662,9.792018227829976,0.9467385707985243,-25.4116305690071
85.59330294096013,2.2472481544914302,8.205298653920662,9.792018227829976,0.9466976765412639,-25.42712062120765
89.00743065362266,2.261777444766622,8.205298653920662,9.792018227829976,0.9470153280714896,-25.33496992816245
89.51343510813841,2.2751992681554185,8.205298653920662,9.792018227829976,0.947422459813978,-25.188463481960586
85.34488424481164,2.2491685882548182,8.205298653920662,9.792018227829976,0.946756807934735,-25.39669365996952
86.05545089531776,2.248451208170806,8.205298653920662,9.792018227829976,0.9466698525062129,-25.42849260206253
90.06396218288955,2.2724890428242475,8.205298653920662,9.792018227829976,0.947323356219888,-25.21938172052225
89.99036608062379,2.2730266543850632,8.205298653920662,9.792018227829976,0.947317543226349,-25.213435367576512
88.93997171121387,2.261889933672876,8.205298653920662,9.792018227829976,0.9469537007992972,-25.333176288228866
88.62456149336063,2.260079301591645,8.205298653920662,9.792018227829976,0.9468994898579404,-25.350494466943584
85.55263993001796,2.248411589423924,8.205298653920662,9.792018227829976,0.9466704281011261,-25.412573825979205
88.73846722941505,2.2607572389858888,8.205298653920662,9.792018227829976,0.9469144877596835,-25.34405613984683
85.7430986174058,2.2553239103532405,8.205298653920662,9.792018227829976,0.9468675633928564,-25.34113722381329
87.92501814988702,2.270770805270516,8.205298653920662,9.792018227829976,0.9472387645270672,-25.22192145041017
88.77927210272107,2.261018675763623,8.205298653920662,9.792018227829976,0.9469186949578492,-25.341518185817442
85.68969032383664,2.248345649534457,8.205298653920662,9.792018227829976,0.9466496050965683,-25.417973983415987
85.94852399007071,2.257465285621066,8.205298653920662,9.792018227829976,0.9469132382730756,-25.32370535971473
86.87246376863911,2.251730015173933,8.205298653920662,9.792018227829976,0.9466780011181741,-25.413868597007724
88.30444364891682,2.2585362254420005,8.205298653920662,9.792018227829976,0.9468306970041177,-25.364006440628295
88.51761735108398,2.259682823359725,8.205298653920662,9.792018227829976,0.9468626582194397,-25.353759611378667
85.98977313667389,2.2577079611681654,8.205298653920662,9.792018227829976,0.9469028589719504,-25.322269407106027
86.65712876527292,2.2510808894944603,8.205298653920662,9.792018227829976,0.9466430705613703,-25.415793343654684
89.76313100644967,2.273465721393407,8.205298653920662,9.792018227829976,0.9472724537399353,-25.208353469247918
85.72205881241231,2.254281414296585,8.205298653920662,9.792018227829976,0.9467882866717394,-25.35215553814193
85.98373733089979,2.2492651554673277,8.205298653920662,9.792018227829976,0.9466079904595882,-25.417081709207796
89.80848548245277,2.272743205988263,8.205298653920662,9.792018227829976,0.947234416119154,-25.216437735195935
89.50494073036562,2.273859541962821,8.205298653920662,9.792018227829976,0.9472621740578221,-25.203264363951355
86.78032628677357,2.2517609631335915,8.205298653920662,9.792018227829976,0.9466322141268606,-25.411253626805202
88.24077478589098,2.2585172121667227,8.205298653920662,9.792018227829976,0.9467886789569389,-25.363369857522724
86.9079850458795,2.252310614644813,8.205298653920662,9.792018227829976,0.9466376899918707,-25.408176582843026
87.36878515783026,2.2675365687077544,8.205298653920662,9.792018227829976,0.9470909668978449,-25.247803025272585
88.42657102666452,2.272147603521077,8.205298653920662,9.792018227829976,0.9471981254313989,-25.213674963618054
86.52711610619333,2.250997453096076,8.205298653920662,9.792018227829976,0.9466025667269373,-25.413300715802706
86.43484252487566,2.261041935305556,8.205298653920662,9.792018227829976,0.9469134177235724,-25.29795698174687
86.97920535947806,2.265006933862111,8.205298653920662,9.792018227829976,0.9470065509504196,-25.267503599817704
89.54079194766383,2.267249724260708,8.205298653920662,9.792018227829976,0.9470214464879636,-25.27683379350674
88.38763463930444,2.271820819792921,8.205298653920662,9.792018227829976,0.9471634509138059,-25.216823307408703
86.76044051468699,2.2634173431470828,8.205298653920662,9.792018227829976,0.946956638959971,-25.279960594241857
85.90212158110711,2.2498818308939263,8.205298653920662,9.792018227829976,0.9465845779376694,-25.40755150175582
87.3767968971325,2.2546053278805545,8.205298653920662,9.792018227829976,0.9466519559094463,-25.39269879231506
87.98916326658761,2.270288224368855,8.205298653920662,9.792018227829976,0.9471186055378995,-25.228287375335643
88.14574146125874,2.258352085498146,8.205298653920662,9.792018227829976,0.9467425441048258,-25.363896337907224
87.47182068407204,2.2550841718428387,8.205298653920662,9.792018227829976,0.946657217740433,-25.389203812972
86.59884943941745,2.262101229746875,8.205298653920662,9.792018227829976,0.9469113099963452,-25.290522640352247
87.1742742463544,2.2660408921512243,8.205298653920662,9.792018227829976,0.9470056607298843,-25.260371714424103
89.4615476384501,2.266839930261824,8.205298653920662,9.792018227829976,0.9469872769896301,-25.281096466688926
89.58619262315773,2.2682116271177364,8.205298653920662,9.792018227829976,0.9470265590244519,-25.26627252501022
89.47302447273269,2.267050574306808,8.205298653920662,9.792018227829976,0.946987552000749,-25.278795768137176
88.89538628669942,2.262767547131716,8.205298653920662,9.792018227829976,0.9468513207923711,-25.322983648774162
87.70117866139422,2.256383224163187,8.205298653920662,9.792018227829976,0.9466613607753286,-25.378875839515693
86.07483055768621,2.250648999763669,8.205298653920662,9.792018227829976,0.9465524046108202,-25.40426510005506
89.0579482238979,2.264095689152086,8.205298653920662,9.792018227829976,0.9468681111098043,-25.30941929965105
88.17895025388187,2.2706870951086278,8.205298653920662,9.792018227829976,0.9470827774379189,-25.226653201613193
88.60720429490522,2.261264206193772,8.205298653920662,9.792018227829976,0.9467806427199303,-25.337032216379544
86.1693162079243,2.250851457844618,8.205298653920662,9.792018227829976,0.9465459516154087,-25.404820952874395
89.54176747327408,2.271914666313137,8.205298653920662,9.792018227829976,0.9471029951084314,-25.22496321117894
86.02742863130496,2.2562403456814337,8.205298653920662,9.792018227829976,0.9467191547093199,-25.339894248179775
86.68719011898075,2.2623315824431103,8.205298653920662,9.792018227829976,0.9468672999304271,-25.290236025628392
86.46373626359173,2.251692754245582,8.205298653920662,9.792018227829976,0.9465388133620143,-25.403736312388908
89.32829392777329,2.266591264429053,8.205298653920662,9.792018227829976,0.946919034311165,-25.28324757424781
86.77163722891665,2.262770424638901,8.205298653920662,9.792018227829976,0.9468570702372898,-25.28746350977037
89.37638800841495,2.2671806581838894,8.205298653920662,9.792018227829976,0.9469311216876799,-25.27691802239277
86.87480605902438,2.253214051006495,8.205298653920662,9.792018227829976,0.946548655712473,-25.397195574393088
86.95778767819611,2.253544483993423,8.205298653920662,9.792018227829976,0.9465533692493483,-25.39545493228461
87.94084773131945,2.2694027605149216,8.205298653920662,9.792018227829976,0.9470092696429964,-25.237369464715805
88.8919983539111,2.272143673260558,8.205298653920662,9.792018227829976,0.9470739179925536,-25.218512609573374
88.21399661446972,2.27042541152052,8.205298653920662,9.792018227829976,0.9470291490061424,-25.23004517492827
89.2945352873421,2.2666710280032163,8.205298653920662,9.792018227829976,0.946898925173435,-25.282179293839388
89.21766515032762,2.266034991087068,8.205298653920662,9.792018227829976,0.9468751109130351,-25.28883132489602
87.78019006388323,2.2573383613739963,8.205298653920662,9.792018227829976,0.9466203082208449,-25.369523161800597
86.74700415291137,2.2623213603179693,8.205298653920662,9.792018227829976,0.9468183648238074,-25.29186470368871
86.955044969567,2.253782938852368,8.205298653920662,9.792018227829976,0.9465351065884087,-25.392704796233097
87.49888425298866,2.256065093950255,8.205298653920662,9.792018227829976,0.9465838489797422,-25.37869691230384
89.37711252954163,2.271256785473298,8.205298653920662,9.792018227829976,0.9470212951696617,-25.231581790804604
88.08700679700411,2.2591149336417544,8.205298653920662,9.792018227829976,0.9466428096285726,-25.35448120792291
88.13775997540779,2.25939527578349,8.205298653920662,9.792018227829976,0.9466491568661876,-25.352077004936003
87.72326451053213,2.2680127277990607,8.205298653920662,9.792018227829976,0.9469270827518144,-25.24919893341178
87.83204122148838,2.257850845056211,8.205298653920662,9.792018227829976,0.9466062078703104,-25.36464715213257
89.30779263237515,2.2676767830914883,8.205298653920662,9.792018227829976,0.9468917796638062,-25.27104337133654
88.29478649568061,2.2603462732184028,8.205298653920662,9.792018227829976,0.9466658038863003,-25.343579082413427
86.06723564197142,2.2537699790470924,8.205298653920662,9.792018227829976,0.9465511931638312,-25.368872886647004
86.08210051891189,2.2544616988420785,8.205298653920662,9.792018227829976,0.9465705852508782,-25.36154464499871
86.47120542479591,2.252734077137859,8.205298653920662,9.792018227829976,0.9464903259843588,-25.392203865364664
87.10624989660288,2.254839393755802,8.205298653920662,9.792018227829976,0.9465144584618674,-25.38428836450377
86.58727188638852,2.253136911584704,8.205298653920662,9.792018227829976,0.9464859617768918,-25.390785751433626
89.20502926169092,2.270949423430636,8.205298653920662,9.792018227829976,0.9469681988720191,-25.234057167002458
88.97416282527345,2.265012770697865,8.205298653920662,9.792018227829976,0.9467806651353056,-25.298541712890792
89.09992377846362,2.27106399137827,8.205298653920662,9.792018227829976,0.9469639191351418,-25.232100120204947
86.80089488631207,2.261989088196785,8.205298653920662,9.792018227829976,0.946739500024557,-25.296919072696532
89.15896940837095,2.2708602967427254,8.205298653920662,9.792018227829976,0.9469551443366501,-25.23475739182308
87.06143832744966,2.2638547528671467,8.205298653920662,9.792018227829976,0.9467843794606557,-25.282245402648336
88.83502553742494,2.2640772904141078,8.205298653920662,9.792018227829976,0.9467442226071449,-25.307814074167492
87.38117060644458,2.256201598977981,8.205298653920662,9.792018227829976,0.9465236706600892,-25.37483131034855
89.23927497189815,2.2698915503844006,8.205298653920662,9.792018227829976,0.9469139717658064,-25.24601609925947
87.54400360092068,2.256959840535245,8.205298653920662,9.792018227829976,0.9465380115780776,-25.369505764704964
86.20658582326973,2.253911700136697,8.205298653920662,9.792018227829976,0.9465063791881871,-25.371445013809556
88.913697445561,2.270831408225291,8.205298653920662,9.792018227829976,0.9469356466301737,-25.233261227652505
86.55252957472278,2.259575286647646,8.205298653920662,9.792018227829976,0.9466555411618697,-25.317555085418995
88.00632359702425,2.268597163577752,8.205298653920662,9.792018227829976,0.9468703870907276,-25.24734759708166
86.89848004950231,2.2545756933505885,8.205298653920662,9.792018227829976,0.946473049474498,-25.382435387625367
87.1850981099094,2.2556219000806124,8.205298653920662,9.792018227829976,0.9464919305946548,-25.377227913764745
87.16924612148246,2.2641220020751263,8.205298653920662,9.792018227829976,0.9467485107788782,-25.281659634831442
89.13044825878815,2.268028211677404,8.205298653920662,9.792018227829976,0.9468232525618602,-25.266063761026018
86.31526098259863,2.2547071295269348,8.205298653920662,9.792018227829976,0.9464902494696581,-25.365642960590073
89.11861543751316,2.268373489929033,8.205298653920662,9.792018227829976,0.946826540552612,-25.262140197140813
88.600509666619,2.263195850904808,8.205298653920662,9.792018227829976,0.9466654812398789,-25.315346123169245
88.38929317789088,2.2695001660998315,8.205298653920662,9.792018227829976,0.9468588016091662,-25.242615556649397
88.93366090296914,2.269868632629596,8.205298653920662,9.792018227829976,0.9468596933842548,-25.244123682476996
86.5945297397966,2.2544327757561438,8.205298653920662,9.792018227829976,0.946447960596729,-25.376389960351105
87.22645483643161,2.264171505975483,8.205298653920662,9.792018227829976,0.9467211231383126,-25.282342716891726
87.46351541127683,2.265584063887701,8.205298653920662,9.792018227829976,0.9467553147299869,-25.271435965888706
88.45120621606938,2.2624455486948847,8.205298653920662,9.792018227829976,0.9466277657182506,-25.322039029006636
88.4731843352245,2.2626166501791545,8.205298653920662,9.792018227829976,0.9466306712780065,-25.32038589150929
86.44178382284238,2.254965422710498,8.205298653920662,9.792018227829976,0.9464632979207301,-25.366283963835794
87.78920522408694,2.25888755957736,8.205298653920662,9.792018227829976,0.9465207365639663,-25.352287462365695
87.10814725086797,2.263115738222197,8.205298653920662,9.792018227829976,0.9466729133057783,-25.291546901326527
86.45281051857539,2.2556620639590648,8.205298653920662,9.792018227829976,0.9464730763787772,-25.358756856826798
88.94334717838238,2.2680969479584263,8.205298653920662,9.792018227829976,0.9467707606623884,-25.26391151645495
86.68818480432235,2.255482476737569,8.205298653920662,9.792018227829976,0.9464324871701468,-25.367019195658205
88.66025344645938,2.26463745524147,8.205298653920662,9.792018227829976,0.9466528468699044,-25.299870201391954
88.6270526986532,2.269046534378745,8.205298653920662,9.792018227829976,0.9467888233839343,-25.250388156774413
86.91587886287671,2.2558800685431635,8.205298653920662,9.792018227829976,0.9464293567713014,-25.36818278984438
88.81612460835291,2.2677891145360007,8.205298653920662,9.792018227829976,0.9467327254441726,-25.266241993215168
88.81091924419825,2.2671358731011964,8.205298653920662,9.792018227829976,0.9467116355920129,-25.273470728351356
87.95608683568791,2.267150496906382,8.205298653920662,9.792018227829976,0.9467259511770096,-25.262668699531257
88.2330170009273,2.2620430820643094,8.205298653920662,9.792018227829976,0.9465550386775861,-25.323750660923807
87.77907181849748,2.259596556613303,8.205298653920662,9.792018227829976,0.9464861319834942,-25.344163319444654
87.25804862662953,2.263309939212576,8.205298653920662,9.792018227829976,0.9466179773696717,-25.292633646147898
86.99246871087998,2.256666411107332,8.205298653920662,9.792018227829976,0.9464192684057636,-25.361151558542357
87.46322693235332,2.2644828846809446,8.205298653920662,9.792018227829976,0.9466399521126435,-25.28371298832611
86.86718543822094,2.2599878119858943,8.205298653920662,9.792018227829976,0.9465244789360264,-25.320928889622817
86.88522958798642,2.2566946498484413,8.205298653920662,9.792018227829976,0.9464179213779718,-25.358296040068165
88.64145002413298,2.267841164344816,8.205298653920662,9.792018227829976,0.9467106232048093,-25.263953214285703
86.786431285503,2.2580810175138453,8.205298653920662,9.792018227829976,0.9464551394234528,-25.340319480919725
87.6099667858706,2.2592051689517376,8.205298653920662,9.792018227829976,0.9464533060371043,-25.34553983832753
88.22343774563993,2.267269118089118,8.205298653920662,9.792018227829976,0.9466805200946597,-25.265279331899237
88.41168110960334,2.26743767299385,8.205298653920662,9.792018227829976,0.9466791070816796,-25.265840266645817
87.02710451781618,2.257525154944048,8.205298653920662,9.792018227829976,0.9464126094887542,-25.352309925036145
87.30188785789437,2.2628676662313296,8.205298653920662,9.792018227829976,0.946563080155396,-25.29849408227983
87.85617102759345,2.2658972014478,8.205298653920662,9.792018227829976,0.9466382421257757,-25.2750229714335
87.13071287407051,2.2614692254821307,8.205298653920662,9.792018227829976,0.9465228400008783,-25.310452980571142
88.44971097160222,2.266598211803071,8.205298653920662,9.792018227829976,0.9466349489764425,-25.275652496255983
88.42413744146995,2.265023719656611,8.205298653920662,9.792018227829976,0.9465856297434712,-25.29290520717447
88.18975760596672,2.2629731714499144,8.205298653920662,9.792018227829976,0.9465257014541025,-25.312751114419743
87.05198187110838,2.2592761833742827,8.205298653920662,9.792018227829976,0.9464359736663375,-25.333239895024914
87.07587963844801,2.259618573467492,8.205298653920662,9.792018227829976,0.9464428604353328,-25.329945111723248
87.84623446417972,2.2652361339723512,8.205298653920662,9.792018227829976,0.9465891327463604,-25.282230660992706
87.47284215068342,2.259596036696351,8.205298653920662,9.792018227829976,0.9464239682091727,-25.338553883673512
87.34662734331702,2.2623510548904875,8.205298653920662,9.792018227829976,0.9465126784424461,-25.305191466424297
87.24122874695581,2.2612320941487667,8.205298653920662,9.792018227829976,0.9464762897009227,-25.315505931733128
88.0823012758234,2.265676592918126,8.205298653920662,9.792018227829976,0.9465865185112012,-25.281020400697425
88.19901988775554,2.264215298548009,8.205298653920662,9.792018227829976,0.9465346965664337,-25.299000928761814
87.59126329729668,2.260647489601453,8.205298653920662,9.792018227829976,0.9464329449465375,-25.32903099939567
87.78297406594709,2.261691026389258,8.205298653920662,9.792018227829976,0.9464550554012593,-25.320772008069245
88.01608374282442,2.2647025361529103,8.205298653920662,9.792018227829976,0.9465397437422594,-25.29089259707814
87.57864445618732,2.260894412201594,8.205298653920662,9.792018227829976,0.946433808577919,-25.32603088791714
87.73680957339072,2.263661643618576,8.205298653920662,9.792018227829976,0.9465104773781432,-25.297943272134123
87.44281149207848,2.261005042596082,8.205298653920662,9.792018227829976,0.9464371793724365,-25.322182402002607
87.81987939930993,2.263963137045394,8.205298653920662,9.792018227829976,0.9465167075505917,-25.295998843686395
87.57767647719496,2.2612203600896805,8.205298653920662,9.792018227829976,0.946438027104481,-25.322364020637846
87.47049639225989,2.261681980792517,8.205298653920662,9.792018227829976,0.9464556922763081,-25.31515055102159
87.55964700938358,2.261380931242414,8.205298653920662,9.792018227829976,0.9464411385970831,-25.320228610047046
