alpha,beta,phase_offset,psi_offset,log_likelihood,log_prior
96.79040505151963,2.1267832204563746,8.216236036552942,9.694320255280218,-193.56522254832555,-10.38591370178042
116.7862565395975,2.2111291137813964,8.216236036552942,9.694320255280218,-192.9415517461891,-10.38591370178042
131.9632428560621,1.8402432881642312,8.216236036552942,9.694320255280218,-192.9404972446042,-10.38591370178042
35.17910668716948,1.2319490629524523,8.216236036552942,9.694320255280218,-192.63770599715284,-10.38591370178042
51.111464872230925,1.7421231825092889,8.216236036552942,9.694320255280218,-191.93329389547114,-10.38591370178042
57.732314031234274,1.9231327713755064,8.216236036552942,9.694320255280218,-191.91324737065307,-10.38591370178042
99.1744999121021,2.4018669994298563,8.216236036552942,9.694320255280218,-191.72652978781744,-10.38591370178042
41.57111073175322,1.396170765395155,8.216236036552942,9.694320255280218,-191.61705985414326,-10.38591370178042
133.32275889935116,1.7677371058429685,8.216236036552942,9.694320255280218,-191.55471744213756,-10.38591370178042
73.64835662712281,2.011233764199744,8.216236036552942,9.694320255280218,-191.4794136261128,-10.38591370178042
102.35630241937024,2.137310293999647,8.216236036552942,9.694320255280218,-191.4070163871025,-10.38591370178042
133.56925015662318,1.7244240144653418,8.216236036552942,9.694320255280218,-191.3606433439534,-10.38591370178042
125.37432878826954,1.8830099259925959,8.216236036552942,9.694320255280218,-191.2513603489396,-10.38591370178042
84.7330725465452,2.1182677209152274,8.216236036552942,9.694320255280218,-191.17626117955558,-10.38591370178042
131.7617229134268,1.7648372395610892,8.216236036552942,9.694320255280218,-191.17389074440348,-10.38591370178042
42.80442673840402,1.444691547919362,8.216236036552942,9.694320255280218,-191.1687107352504,-10.38591370178042
124.90598128868169,2.0038319337116945,8.216236036552942,9.694320255280218,-191.115994956676,-10.38591370178042
97.77010801863634,2.39804572894667,8.216236036552942,9.694320255280218,-191.01105711124987,-10.38591370178042
91.18575444193374,2.401827112775507,8.216236036552942,9.694320255280218,-191.00098408688106,-10.38591370178042
91.92376539965616,2.4025728812057423,8.216236036552942,9.694320255280218,-190.9556324980272,-10.38591370178042
54.7949732224016,1.7055485205272163,8.216236036552942,9.694320255280218,-190.94339937242813,-10.38591370178042
54.49924483887539,1.8196566985633353,8.216236036552942,9.694320255280218,-190.76573027488948,-10.38591370178042
88.83903307992162,2.3906854852960606,8.216236036552942,9.694320255280218,-190.7052770677726,-10.38591370178042
119.15287931349103,2.130872738620596,8.216236036552942,9.694320255280218,-190.7036519170678,-10.38591370178042
88.24459139056408,2.1432199599926918,8.216236036552942,9.694320255280218,-190.6784139212688,-10.38591370178042
58.26069434463545,1.916470424936847,8.216236036552942,9.694320255280218,-190.54545769850384,-10.38591370178042
47.801525114027314,1.6118070583619897,8.216236036552942,9.694320255280218,-190.54060938045063,-10.38591370178042
63.33985199865425,2.038837035953037,8.216236036552942,9.694320255280218,-190.52816829375755,-10.38591370178042
115.16367461734123,2.048080287145524,8.216236036552942,9.694320255280218,-190.509925360505,-10.38591370178042
96.65940637154775,2.16215657724139,8.216236036552942,9.694320255280218,-190.48059018618392,-10.38591370178042
104.80405767737741,2.1386380773996194,8.216236036552942,9.694320255280218,-190.42765850054283,-10.38591370178042
46.98153598746852,1.5706730806246867,8.216236036552942,9.694320255280218,-190.40025576757182,-10.38591370178042
122.84637567286697,1.9438700157932232,8.216236036552942,9.694320255280218,-190.3958822648406,-10.38591370178042
57.71900919709169,1.7726096873268204,8.216236036552942,9.694320255280218,-190.39187710179021,-10.38591370178042
122.87723156323194,2.0386644321750254,8.216236036552942,9.694320255280218,-190.38545917921408,-10.38591370178042
70.9022244496004,2.1889562844365003,8.216236036552942,9.694320255280218,-190.3795324204398,-10.38591370178042
90.99951276906164,2.3926669186922993,8.216236036552942,9.694320255280218,-190.3551010617977,-10.38591370178042
126.40816211060003,1.942266699727199,8.216236036552942,9.694320255280218,-190.35196777789835,-10.38591370178042
120.49062784234506,2.092717514619153,8.216236036552942,9.694320255280218,-190.26994460982718,-10.38591370178042
75.91215206716242,2.266797310002019,8.216236036552942,9.694320255280218,-190.26944964626426,-10.38591370178042
75.08172436173932,2.0443950319202315,8.216236036552942,9.694320255280218,-190.19810455362853,-10.38591370178042
85.25400382934843,2.1339578001981323,8.216236036552942,9.694320255280218,-190.1881758375988,-10.38591370178042
111.58588793563445,2.25791038054129,8.216236036552942,9.694320255280218,-190.12174267496536,-10.38591370178042
76.34947012458734,2.2701559268596725,8.216236036552942,9.694320255280218,-190.08078839693292,-10.38591370178042
104.16668046532838,2.1475226716156044,8.216236036552942,9.694320255280218,-190.04816911223497,-10.38591370178042
104.67234977927465,2.3405367674040605,8.216236036552942,9.694320255280218,-190.03125624605298,-10.38591370178042
74.48644456256025,2.0399726835454146,8.216236036552942,9.694320255280218,-190.01960055126054,-10.38591370178042
114.02487879831877,2.0701095737007194,8.216236036552942,9.694320255280218,-189.9860606562278,-10.38591370178042
125.24568179750383,1.9225655430250583,8.216236036552942,9.694320255280218,-189.97080763203266,-10.38591370178042
121.55030161330441,2.0601262240550966,8.216236036552942,9.694320255280218,-189.96238824300036,-10.38591370178042
53.456276826176286,1.772200916076855,8.216236036552942,9.694320255280218,-189.9417412755154,-10.38591370178042
114.35615615107864,2.067324364392263,8.216236036552942,9.694320255280218,-189.9409179811379,-10.38591370178042
108.95689111326936,2.2915842357478198,8.216236036552942,9.694320255280218,-189.94070125343433,-10.38591370178042
113.06447323185408,2.231167974053193,8.216236036552942,9.694320255280218,-189.93192364302797,-10.38591370178042
109.44753510162852,2.2839368863570684,8.216236036552942,9.694320255280218,-189.87154524444162,-10.38591370178042
116.36978842709127,2.17043153334798,8.216236036552942,9.694320255280218,-189.85419324768262,-10.38591370178042
65.71547604972346,1.9218522672519072,8.216236036552942,9.694320255280218,-189.82466202133415,-10.38591370178042
69.11314253728762,1.9732409615267699,8.216236036552942,9.694320255280218,-189.802613880243,-10.38591370178042
122.7345004724331,2.024311104467884,8.216236036552942,9.694320255280218,-189.78895003604964,-10.38591370178042
106.84936509858623,2.136099206218148,8.216236036552942,9.694320255280218,-189.78647939256783,-10.38591370178042
124.59760709680043,1.9430720183127335,8.216236036552942,9.694320255280218,-189.7684059923158,-10.38591370178042
55.173271252456196,1.8174563066306177,8.216236036552942,9.694320255280218,-189.764474896891,-10.38591370178042
123.5050252712808,2.001667072871399,8.216236036552942,9.694320255280218,-189.7619896229464,-10.38591370178042
117.8663368413753,2.138171735102503,8.216236036552942,9.694320255280218,-189.76051310060282,-10.38591370178042
54.447586322521495,1.7963633414333913,8.216236036552942,9.694320255280218,-189.75965349008067,-10.38591370178042
63.106140110120656,2.0202302856197036,8.216236036552942,9.694320255280218,-189.72627322749952,-10.38591370178042
124.68337121733279,1.9562542650060948,8.216236036552942,9.694320255280218,-189.72264671607476,-10.38591370178042
91.55444698415556,2.384503609410885,8.216236036552942,9.694320255280218,-189.71840326721414,-10.38591370178042
61.77043172511184,1.8584397067243543,8.216236036552942,9.694320255280218,-189.71143752432192,-10.38591370178042
118.57754158500637,2.022784531706293,8.216236036552942,9.694320255280218,-189.65893524000128,-10.38591370178042
97.41175730495743,2.379512225740143,8.216236036552942,9.694320255280218,-189.6526444393354,-10.38591370178042
55.40082869417409,1.8202377213170848,8.216236036552942,9.694320255280218,-189.62543252831233,-10.38591370178042
81.64260638213757,2.3254007045124894,8.216236036552942,9.694320255280218,-189.60951827835393,-10.38591370178042
123.50432181098361,1.9645193587152079,8.216236036552942,9.694320255280218,-189.59884690362136,-10.38591370178042
52.15514492104506,1.7152436160953073,8.216236036552942,9.694320255280218,-189.56065374995785,-10.38591370178042
68.00847835989035,1.9610776536044057,8.216236036552942,9.694320255280218,-189.55951395242607,-10.38591370178042
78.70710541084458,2.292633584838285,8.216236036552942,9.694320255280218,-189.5560438249976,-10.38591370178042
79.1958559254238,2.0966614279276286,8.216236036552942,9.694320255280218,-189.52042583261755,-10.38591370178042
105.677921775583,2.322098287028936,8.216236036552942,9.694320255280218,-189.5151161033257,-10.38591370178042
84.1333323844044,2.345684891288059,8.216236036552942,9.694320255280218,-189.50768272661526,-10.38591370178042
110.96254134438556,2.1092970595857423,8.216236036552942,9.694320255280218,-189.50324525062715,-10.38591370178042
99.2557258379585,2.1735171931605635,8.216236036552942,9.694320255280218,-189.46491907226726,-10.38591370178042
118.68964291080937,2.1124972561080426,8.216236036552942,9.694320255280218,-189.46275942847166,-10.38591370178042
75.51976255530529,2.248768398683083,8.216236036552942,9.694320255280218,-189.4451608710851,-10.38591370178042
97.22129286433886,2.177010892959288,8.216236036552942,9.694320255280218,-189.41794219477043,-10.38591370178042
122.51216429564327,2.0096010075579898,8.216236036552942,9.694320255280218,-189.4091949549319,-10.38591370178042
53.99342412062476,1.7703660658762033,8.216236036552942,9.694320255280218,-189.4088421914321,-10.38591370178042
121.47828148448266,1.9954631168275654,8.216236036552942,9.694320255280218,-189.40380748095097,-10.38591370178042
122.55035352559555,2.0071708177542433,8.216236036552942,9.694320255280218,-189.40050989499542,-10.38591370178042
53.1317647708772,1.7152603301631757,8.216236036552942,9.694320255280218,-189.38573525912736,-10.38591370178042
105.91057190790306,2.3171943117001064,8.216236036552942,9.694320255280218,-189.3760915906196,-10.38591370178042
121.12447532021409,2.001403218649344,8.216236036552942,9.694320255280218,-189.36044203830895,-10.38591370178042
120.36667196553225,2.0100285587416096,8.216236036552942,9.694320255280218,-189.35609744494346,-10.38591370178042
97.31179032116125,2.1779380717719476,8.216236036552942,9.694320255280218,-189.35395723994486,-10.38591370178042
87.50637011005543,2.158083510974464,8.216236036552942,9.694320255280218,-189.34697031845332,-10.38591370178042
111.65021309654384,2.106379009052347,8.216236036552942,9.694320255280218,-189.3374769259924,-10.38591370178042
61.30784633495431,1.9699306540532149,8.216236036552942,9.694320255280218,-189.33676465081425,-10.38591370178042
53.626216489831634,1.7249164719436152,8.216236036552942,9.694320255280218,-189.33407735267397,-10.38591370178042
111.1610336870434,2.248933948028977,8.216236036552942,9.694320255280218,-189.31518953495558,-10.38591370178042
62.45872082912775,1.9971442802707173,8.216236036552942,9.694320255280218,-189.31366357436596,-10.38591370178042
107.73857438322942,2.138645154168188,8.216236036552942,9.694320255280218,-189.29361167928232,-10.38591370178042
79.71920930954442,2.3002308402672043,8.216236036552942,9.694320255280218,-189.29186960711073,-10.38591370178042
63.80872134838122,2.028023899903971,8.216236036552942,9.694320255280218,-189.2915420902425,-10.38591370178042
58.224962940354054,1.8047767645546315,8.216236036552942,9.694320255280218,-189.2873558419796,-10.38591370178042
85.83532731033313,2.354203012895823,8.216236036552942,9.694320255280218,-189.27924053987124,-10.38591370178042
74.8004314061475,2.0547107465393566,8.216236036552942,9.694320255280218,-189.27404115928078,-10.38591370178042
117.1318115812721,2.1405415827121317,8.216236036552942,9.694320255280218,-189.26730207657215,-10.38591370178042
61.39453926087664,1.9704331673178501,8.216236036552942,9.694320255280218,-189.262803951134,-10.38591370178042
59.896283224465215,1.8348833851765392,8.216236036552942,9.694320255280218,-189.262543706716,-10.38591370178042
99.72935521495779,2.36338836517389,8.216236036552942,9.694320255280218,-189.2568103251458,-10.38591370178042
93.91697609485803,2.1787958299479016,8.216236036552942,9.694320255280218,-189.2561526350138,-10.38591370178042
53.56971623444178,1.7436315284779056,8.216236036552942,9.694320255280218,-189.2556842647946,-10.38591370178042
98.82213716843583,2.367196530201795,8.216236036552942,9.694320255280218,-189.22573611052903,-10.38591370178042
53.72217129549399,1.7449221399184012,8.216236036552942,9.694320255280218,-189.21895999983147,-10.38591370178042
119.29381529875369,2.0896501096501083,8.216236036552942,9.694320255280218,-189.2085456495358,-10.38591370178042
109.00640685637167,2.131148462206866,8.216236036552942,9.694320255280218,-189.2041503831109,-10.38591370178042
102.72590653894544,2.34296984570706,8.216236036552942,9.694320255280218,-189.1967186673712,-10.38591370178042
89.2875001012791,2.1680961954018017,8.216236036552942,9.694320255280218,-189.1950136655329,-10.38591370178042
119.73362714530461,2.077649386105307,8.216236036552942,9.694320255280218,-189.18662367283966,-10.38591370178042
110.94400436245651,2.249406081499515,8.216236036552942,9.694320255280218,-189.1841706527834,-10.38591370178042
103.3111072531814,2.338044002711527,8.216236036552942,9.694320255280218,-189.18370336713176,-10.38591370178042
98.54741208815497,2.1793819625475237,8.216236036552942,9.694320255280218,-189.1750659142144,-10.38591370178042
54.082502362345146,1.7568319434568593,8.216236036552942,9.694320255280218,-189.17331929113928,-10.38591370178042
66.85201467760668,1.951027426942133,8.216236036552942,9.694320255280218,-189.1455325444466,-10.38591370178042
76.30502864834769,2.2549336326375027,8.216236036552942,9.694320255280218,-189.14470559986552,-10.38591370178042
114.71072942272063,2.080860544909271,8.216236036552942,9.694320255280218,-189.13848472760895,-10.38591370178042
82.27499058945138,2.128734568054881,8.216236036552942,9.694320255280218,-189.12649671811818,-10.38591370178042
119.8530485596843,2.0262055557775227,8.216236036552942,9.694320255280218,-189.1260909795189,-10.38591370178042
78.93062722850976,2.1003096219845645,8.216236036552942,9.694320255280218,-189.11894295277685,-10.38591370178042
57.13692581093837,1.7906723552871426,8.216236036552942,9.694320255280218,-189.118661357148,-10.38591370178042
75.97796376811054,2.249646221085243,8.216236036552942,9.694320255280218,-189.10243447137688,-10.38591370178042
94.59590052224895,2.1820715688756565,8.216236036552942,9.694320255280218,-189.0918116466735,-10.38591370178042
118.42339311423224,2.105265409226405,8.216236036552942,9.694320255280218,-189.07661966355226,-10.38591370178042
73.50635956424084,2.211925374862531,8.216236036552942,9.694320255280218,-189.06935414639844,-10.38591370178042
78.26400157360388,2.279114498908143,8.216236036552942,9.694320255280218,-189.05374802787443,-10.38591370178042
113.65379047562068,2.2018952127127847,8.216236036552942,9.694320255280218,-189.04726353412352,-10.38591370178042
100.8440653098278,2.1765903533611066,8.216236036552942,9.694320255280218,-189.04602158055758,-10.38591370178042
105.10527498421881,2.159401934446265,8.216236036552942,9.694320255280218,-189.04026445883738,-10.38591370178042
100.98460051686847,2.176494476428516,8.216236036552942,9.694320255280218,-189.02835108545258,-10.38591370178042
112.04584677926536,2.2286572828434004,8.216236036552942,9.694320255280218,-189.0271654061172,-10.38591370178042
111.237481535655,2.24125128434396,8.216236036552942,9.694320255280218,-189.01956567079012,-10.38591370178042
58.93230008123868,1.9010209235128457,8.216236036552942,9.694320255280218,-189.01552696230806,-10.38591370178042
107.74703005135824,2.2891284411936113,8.216236036552942,9.694320255280218,-189.0032718982769,-10.38591370178042
90.53582559987825,2.1755321329304564,8.216236036552942,9.694320255280218,-188.99813898263076,-10.38591370178042
64.35364765541539,1.9152702289552082,8.216236036552942,9.694320255280218,-188.99518514586242,-10.38591370178042
96.6636919876327,2.3704891346919084,8.216236036552942,9.694320255280218,-188.97948651474584,-10.38591370178042
110.72204526942475,2.1222289908239986,8.216236036552942,9.694320255280218,-188.97474270887727,-10.38591370178042
113.634392902815,2.200083251373215,8.216236036552942,9.694320255280218,-188.96517466870955,-10.38591370178042
66.2726831568424,2.075552531748542,8.216236036552942,9.694320255280218,-188.9644666453982,-10.38591370178042
119.83931546110747,2.0390031708145813,8.216236036552942,9.694320255280218,-188.95754458619513,-10.38591370178042
105.55334342897059,2.1586229323341684,8.216236036552942,9.694320255280218,-188.95311690226055,-10.38591370178042
111.84636192811523,2.1130811801556746,8.216236036552942,9.694320255280218,-188.9512438380398,-10.38591370178042
106.77649955573497,2.2994055531796675,8.216236036552942,9.694320255280218,-188.94540282607392,-10.38591370178042
55.35982723582383,1.7781758495666082,8.216236036552942,9.694320255280218,-188.94470931057734,-10.38591370178042
56.38398046401583,1.8239199355292897,8.216236036552942,9.694320255280218,-188.9395347664689,-10.38591370178042
104.58267887712812,2.163969979557251,8.216236036552942,9.694320255280218,-188.93904566457118,-10.38591370178042
110.51310235784089,2.2503029962201992,8.216236036552942,9.694320255280218,-188.93759102877638,-10.38591370178042
79.16867082555689,2.2879736765902834,8.216236036552942,9.694320255280218,-188.9338134046565,-10.38591370178042
104.90225174699283,2.3189596417253853,8.216236036552942,9.694320255280218,-188.93244593090998,-10.38591370178042
95.74916905653747,2.185306761751221,8.216236036552942,9.694320255280218,-188.9286136506167,-10.38591370178042
115.30519581444901,2.1675936512940552,8.216236036552942,9.694320255280218,-188.92758793544638,-10.38591370178042
97.81049359799015,2.3659922407873353,8.216236036552942,9.694320255280218,-188.9254223025898,-10.38591370178042
118.88794376674906,2.0858364903155575,8.216236036552942,9.694320255280218,-188.9230407834723,-10.38591370178042
83.88713534770974,2.1436458233922195,8.216236036552942,9.694320255280218,-188.92041952059523,-10.38591370178042
69.15790287581376,1.9886826529523631,8.216236036552942,9.694320255280218,-188.91961700200375,-10.38591370178042
106.92295759750252,2.1512187765292907,8.216236036552942,9.694320255280218,-188.91902276866335,-10.38591370178042
102.12783154885514,2.3422453728959596,8.216236036552942,9.694320255280218,-188.91276262323296,-10.38591370178042
117.94375621335142,2.1095881161943737,8.216236036552942,9.694320255280218,-188.9124547591971,-10.38591370178042
58.928080740877924,1.8277861471613903,8.216236036552942,9.694320255280218,-188.90944978332993,-10.38591370178042
56.76737988119381,1.834513797553214,8.216236036552942,9.694320255280218,-188.9077640353236,-10.38591370178042
58.08387431463449,1.814233070442981,8.216236036552942,9.694320255280218,-188.8991257624559,-10.38591370178042
75.45951380795108,2.068363071447351,8.216236036552942,9.694320255280218,-188.89447272449775,-10.38591370178042
66.33567486345589,2.075350483349723,8.216236036552942,9.694320255280218,-188.89026676353035,-10.38591370178042
91.10582440477693,2.3702593929243534,8.216236036552942,9.694320255280218,-188.88749512429433,-10.38591370178042
58.16420700272967,1.8753376173538925,8.216236036552942,9.694320255280218,-188.88465639171255,-10.38591370178042
80.4494173651417,2.3014422434838337,8.216236036552942,9.694320255280218,-188.88211664048254,-10.38591370178042
63.695029995892526,2.016386105177162,8.216236036552942,9.694320255280218,-188.8721268095445,-10.38591370178042
118.81869267679552,2.049975239903162,8.216236036552942,9.694320255280218,-188.8720566773124,-10.38591370178042
110.18492270036825,2.253566508315174,8.216236036552942,9.694320255280218,-188.87074583283336,-10.38591370178042
106.44732099205109,2.301568060870096,8.216236036552942,9.694320255280218,-188.87053971663804,-10.38591370178042
77.49874830098636,2.09060714768529,8.216236036552942,9.694320255280218,-188.85703372747798,-10.38591370178042
119.40418881627362,2.0550014332643656,8.216236036552942,9.694320255280218,-188.84899798562566,-10.38591370178042
111.77957940317332,2.2285106094621767,8.216236036552942,9.694320255280218,-188.8468863610752,-10.38591370178042
110.4249486635674,2.2493133086276487,8.216236036552942,9.694320255280218,-188.84014841576249,-10.38591370178042
67.08195292609629,1.9603584771883646,8.216236036552942,9.694320255280218,-188.83846604314195,-10.38591370178042
80.99098105452877,2.1232082526519633,8.216236036552942,9.694320255280218,-188.83082079908417,-10.38591370178042
118.42996934181697,2.055763291058412,8.216236036552942,9.694320255280218,-188.82309406456702,-10.38591370178042
69.05161048576937,1.9890303721474822,8.216236036552942,9.694320255280218,-188.82221604095923,-10.38591370178042
90.743695580943,2.3681969075897342,8.216236036552942,9.694320255280218,-188.81490300182597,-10.38591370178042
118.9406831261895,2.055508703353908,8.216236036552942,9.694320255280218,-188.8100695462258,-10.38591370178042
117.4853028980265,2.1155591562741876,8.216236036552942,9.694320255280218,-188.80581687302384,-10.38591370178042
92.64902389917485,2.1841870801818857,8.216236036552942,9.694320255280218,-188.79787289757192,-10.38591370178042
62.018290040386184,1.8821198183307786,8.216236036552942,9.694320255280218,-188.7977224850269,-10.38591370178042
69.93522067489599,2.1451380421977575,8.216236036552942,9.694320255280218,-188.7956727847434,-10.38591370178042
61.13721486022772,1.9522390738294888,8.216236036552942,9.694320255280218,-188.79038877844346,-10.38591370178042
98.8858318391845,2.3589415199123493,8.216236036552942,9.694320255280218,-188.77800580454368,-10.38591370178042
112.86131762228942,2.208509257867206,8.216236036552942,9.694320255280218,-188.7761389757074,-10.38591370178042
112.37478331353874,2.2167802549741253,8.216236036552942,9.694320255280218,-188.77418183181882,-10.38591370178042
93.57973696294381,2.1862863600052407,8.216236036552942,9.694320255280218,-188.76683794186047,-10.38591370178042
91.88229925539488,2.3695277103083896,8.216236036552942,9.694320255280218,-188.7666743855181,-10.38591370178042
114.35952748851356,2.180841120502521,8.216236036552942,9.694320255280218,-188.76402773479967,-10.38591370178042
79.67023167678971,2.1130346502236677,8.216236036552942,9.694320255280218,-188.75542874324725,-10.38591370178042
83.36285432395569,2.142941071095578,8.216236036552942,9.694320255280218,-188.7411939278,-10.38591370178042
115.80132252158752,2.1508087747726137,8.216236036552942,9.694320255280218,-188.73667327933407,-10.38591370178042
118.24319539433472,2.0905221953252777,8.216236036552942,9.694320255280218,-188.73666154480236,-10.38591370178042
70.80549672064797,2.159872797355888,8.216236036552942,9.694320255280218,-188.73378365801048,-10.38591370178042
118.58462595832658,2.065613180656868,8.216236036552942,9.694320255280218,-188.73052692566537,-10.38591370178042
81.59643572714471,2.310552541168718,8.216236036552942,9.694320255280218,-188.7285352894471,-10.38591370178042
75.18548527965082,2.2315970837107386,8.216236036552942,9.694320255280218,-188.7280618262417,-10.38591370178042
57.32209698480144,1.8415436125275875,8.216236036552942,9.694320255280218,-188.7254107485559,-10.38591370178042
113.562365356223,2.1035400440879357,8.216236036552942,9.694320255280218,-188.72309100864442,-10.38591370178042
79.59395148531769,2.2891569900779274,8.216236036552942,9.694320255280218,-188.72009073669224,-10.38591370178042
80.65175660480936,2.300680338275555,8.216236036552942,9.694320255280218,-188.7148862940149,-10.38591370178042
97.46066536031334,2.3630953321197126,8.216236036552942,9.694320255280218,-188.69994358397417,-10.38591370178042
117.69469807245314,2.103715802915332,8.216236036552942,9.694320255280218,-188.69879100478084,-10.38591370178042
67.05546168516253,2.0863229728129653,8.216236036552942,9.694320255280218,-188.69635644173766,-10.38591370178042
117.30378049955102,2.0714185535402834,8.216236036552942,9.694320255280218,-188.69492597990788,-10.38591370178042
57.004633473817314,1.8133896186010645,8.216236036552942,9.694320255280218,-188.69047187706997,-10.38591370178042
58.74978931718058,1.884197843612128,8.216236036552942,9.694320255280218,-188.68863384375996,-10.38591370178042
97.54967491181763,2.188902327407476,8.216236036552942,9.694320255280218,-188.68529634542858,-10.38591370178042
65.09936786143331,1.9336994646037056,8.216236036552942,9.694320255280218,-188.68525687931697,-10.38591370178042
110.38789286746734,2.1319353066836584,8.216236036552942,9.694320255280218,-188.676735554257,-10.38591370178042
102.12012287601314,2.337470303526331,8.216236036552942,9.694320255280218,-188.6641291142461,-10.38591370178042
114.20495992817149,2.180359890023098,8.216236036552942,9.694320255280218,-188.65956223728395,-10.38591370178042
73.6148402327084,2.051277693756262,8.216236036552942,9.694320255280218,-188.65790298987096,-10.38591370178042
58.22252304581445,1.866729794029581,8.216236036552942,9.694320255280218,-188.657459292469,-10.38591370178042
99.948002113774,2.185810742268444,8.216236036552942,9.694320255280218,-188.65565660940285,-10.38591370178042
70.60018209259596,2.0133569245504503,8.216236036552942,9.694320255280218,-188.65452612862396,-10.38591370178042
82.84947415054774,2.3208930290496994,8.216236036552942,9.694320255280218,-188.65217791749188,-10.38591370178042
110.62576491139293,2.2415119782470043,8.216236036552942,9.694320255280218,-188.64900655333324,-10.38591370178042
68.50116854490835,1.9847472459826037,8.216236036552942,9.694320255280218,-188.64735104017305,-10.38591370178042
76.35857310543383,2.2468020747698034,8.216236036552942,9.694320255280218,-188.64097615908332,-10.38591370178042
93.55459969778985,2.3684194149467714,8.216236036552942,9.694320255280218,-188.63744460646097,-10.38591370178042
61.57861974517287,1.9588260764897285,8.216236036552942,9.694320255280218,-188.63348995181045,-10.38591370178042
117.9803560217991,2.0861277793169677,8.216236036552942,9.694320255280218,-188.63286254879338,-10.38591370178042
78.59573879714952,2.105196965510146,8.216236036552942,9.694320255280218,-188.63237550151504,-10.38591370178042
110.118529309665,2.2485411249943894,8.216236036552942,9.694320255280218,-188.62644926988224,-10.38591370178042
86.0609095271774,2.344593972211058,8.216236036552942,9.694320255280218,-188.622779514397,-10.38591370178042
57.3403361176738,1.8281103221241466,8.216236036552942,9.694320255280218,-188.62128259021247,-10.38591370178042
58.01863699085374,1.857599621172696,8.216236036552942,9.694320255280218,-188.61845206310372,-10.38591370178042
73.15036896757405,2.197871843469983,8.216236036552942,9.694320255280218,-188.61726639604532,-10.38591370178042
65.81370771966465,1.9463662961453565,8.216236036552942,9.694320255280218,-188.60659355365144,-10.38591370178042
116.78719324906506,2.1217651520638015,8.216236036552942,9.694320255280218,-188.6060796885338,-10.38591370178042
116.82318973433257,2.080090340212962,8.216236036552942,9.694320255280218,-188.6057564694633,-10.38591370178042
83.11635341947913,2.3223379624516127,8.216236036552942,9.694320255280218,-188.6026001113761,-10.38591370178042
103.80037313055709,2.1741795170772633,8.216236036552942,9.694320255280218,-188.60224459907536,-10.38591370178042
117.83116490538984,2.082552143705385,8.216236036552942,9.694320255280218,-188.60190892426607,-10.38591370178042
101.61616911828554,2.3397932617377393,8.216236036552942,9.694320255280218,-188.59949445373252,-10.38591370178042
98.65821432409983,2.1892370185263417,8.216236036552942,9.694320255280218,-188.59733528102353,-10.38591370178042
117.22086571460707,2.1092626778560373,8.216236036552942,9.694320255280218,-188.5970609224137,-10.38591370178042
117.50562786071966,2.0997986743798123,8.216236036552942,9.694320255280218,-188.5934179042426,-10.38591370178042
81.7331777036858,2.30926415917655,8.216236036552942,9.694320255280218,-188.58123744604248,-10.38591370178042
97.51419194424646,2.360665267558076,8.216236036552942,9.694320255280218,-188.580387580962,-10.38591370178042
64.13106781557501,2.019274871989893,8.216236036552942,9.694320255280218,-188.5788012953382,-10.38591370178042
63.57605456114558,1.9126836485876169,8.216236036552942,9.694320255280218,-188.5784484463459,-10.38591370178042
63.158856624777215,1.9960590748770386,8.216236036552942,9.694320255280218,-188.56988134488802,-10.38591370178042
106.49632495151513,2.294323534407823,8.216236036552942,9.694320255280218,-188.56335735828435,-10.38591370178042
64.67530958348506,1.9301317957006603,8.216236036552942,9.694320255280218,-188.56141832614685,-10.38591370178042
110.48329028372613,2.134162845218455,8.216236036552942,9.694320255280218,-188.560289134567,-10.38591370178042
73.63293490025828,2.2044081297100178,8.216236036552942,9.694320255280218,-188.55271563591518,-10.38591370178042
117.22867981730987,2.103426673556555,8.216236036552942,9.694320255280218,-188.54385825347057,-10.38591370178042
64.19946821131663,2.0198985304287618,8.216236036552942,9.694320255280218,-188.5421180380922,-10.38591370178042
95.39100422152198,2.3651511466279374,8.216236036552942,9.694320255280218,-188.53858055304534,-10.38591370178042
106.61876092011363,2.2923105958084165,8.216236036552942,9.694320255280218,-188.53678613320892,-10.38591370178042
86.64889934615084,2.3465597481069125,8.216236036552942,9.694320255280218,-188.53555982122245,-10.38591370178042
111.4911693831295,2.224644790187398,8.216236036552942,9.694320255280218,-188.5332435676267,-10.38591370178042
60.935049474733695,1.872953916163695,8.216236036552942,9.694320255280218,-188.5262205194721,-10.38591370178042
59.30557727215722,1.8926129426442486,8.216236036552942,9.694320255280218,-188.5227504551064,-10.38591370178042
78.14240087309315,2.102800076497573,8.216236036552942,9.694320255280218,-188.52098474930506,-10.38591370178042
101.22062318979259,2.3407889982779295,8.216236036552942,9.694320255280218,-188.5156876195315,-10.38591370178042
80.30249578797357,2.1227535371190953,8.216236036552942,9.694320255280218,-188.51472642745833,-10.38591370178042
80.93268044175237,2.2999044577757815,8.216236036552942,9.694320255280218,-188.50889213404784,-10.38591370178042
117.1487697728367,2.092787874969389,8.216236036552942,9.694320255280218,-188.4986012431051,-10.38591370178042
60.84963461945344,1.8726604710790014,8.216236036552942,9.694320255280218,-188.49849598757066,-10.38591370178042
67.37223510847032,2.0883652780685793,8.216236036552942,9.694320255280218,-188.4947747080606,-10.38591370178042
95.86357562093569,2.3634043249323895,8.216236036552942,9.694320255280218,-188.4908927487974,-10.38591370178042
108.69055440499965,2.265243353913533,8.216236036552942,9.694320255280218,-188.48969457847775,-10.38591370178042
58.28398110956789,1.8541694542332863,8.216236036552942,9.694320255280218,-188.48812380894034,-10.38591370178042
95.72977646252136,2.363412543434592,8.216236036552942,9.694320255280218,-188.47777671126755,-10.38591370178042
58.33487991629601,1.8455957592462653,8.216236036552942,9.694320255280218,-188.47091965070294,-10.38591370178042
59.05989451494606,1.849400235542376,8.216236036552942,9.694320255280218,-188.4655608105142,-10.38591370178042
60.724063080341026,1.9300288915065238,8.216236036552942,9.694320255280218,-188.4539194987909,-10.38591370178042
97.25429855857696,2.358992400573314,8.216236036552942,9.694320255280218,-188.44935821160755,-10.38591370178042
114.46757204616291,2.166961398074278,8.216236036552942,9.694320255280218,-188.4484667576845,-10.38591370178042
97.83251730459237,2.193091635960542,8.216236036552942,9.694320255280218,-188.44345891337272,-10.38591370178042
86.46067463053495,2.343775068529098,8.216236036552942,9.694320255280218,-188.4431525209906,-10.38591370178042
64.27800941270961,1.9271187809376045,8.216236036552942,9.694320255280218,-188.44310093869353,-10.38591370178042
78.43766375103586,2.2703471302226035,8.216236036552942,9.694320255280218,-188.44233989955646,-10.38591370178042
106.57313827157894,2.2905342656342214,8.216236036552942,9.694320255280218,-188.43895906401207,-10.38591370178042
77.57808808323175,2.2592782999231815,8.216236036552942,9.694320255280218,-188.432697771955,-10.38591370178042
112.58808049244263,2.121166231414179,8.216236036552942,9.694320255280218,-188.43189046020112,-10.38591370178042
58.62898009308499,1.8506417272193545,8.216236036552942,9.694320255280218,-188.43125839530427,-10.38591370178042
104.049780128438,2.1766432402782954,8.216236036552942,9.694320255280218,-188.43111380954005,-10.38591370178042
68.1354547487088,1.9843006876567273,8.216236036552942,9.694320255280218,-188.426778805574,-10.38591370178042
69.90702032133673,2.1368771870767347,8.216236036552942,9.694320255280218,-188.42259466851613,-10.38591370178042
92.52714782850708,2.1905290136406563,8.216236036552942,9.694320255280218,-188.41846517095848,-10.38591370178042
116.07652348867967,2.097334424678735,8.216236036552942,9.694320255280218,-188.41791076751184,-10.38591370178042
80.14367014787356,2.2897249622196654,8.216236036552942,9.694320255280218,-188.4147790124018,-10.38591370178042
78.23627903869706,2.105668900649576,8.216236036552942,9.694320255280218,-188.41280545761657,-10.38591370178042
71.54683891431678,2.0305167816011647,8.216236036552942,9.694320255280218,-188.41020129883358,-10.38591370178042
75.15317715191563,2.0736496578573878,8.216236036552942,9.694320255280218,-188.4093680105564,-10.38591370178042
66.06296343543636,2.0583930363092975,8.216236036552942,9.694320255280218,-188.40778559527553,-10.38591370178042
58.80534052362874,1.8542817659229343,8.216236036552942,9.694320255280218,-188.40523346378743,-10.38591370178042
94.50433465630584,2.1938032322313603,8.216236036552942,9.694320255280218,-188.40294212488095,-10.38591370178042
62.198765347958805,1.8967177563433921,8.216236036552942,9.694320255280218,-188.398915491803,-10.38591370178042
63.72858485445785,1.9201762716193684,8.216236036552942,9.694320255280218,-188.39270726025677,-10.38591370178042
103.32440919085376,2.3221181384234626,8.216236036552942,9.694320255280218,-188.39079473322442,-10.38591370178042
111.91624900632151,2.2130095108204983,8.216236036552942,9.694320255280218,-188.3889846537597,-10.38591370178042
87.83696893677462,2.175334528154252,8.216236036552942,9.694320255280218,-188.38404518539664,-10.38591370178042
75.274870842887,2.2262188632074498,8.216236036552942,9.694320255280218,-188.37817942307643,-10.38591370178042
84.4441220231905,2.328912705609298,8.216236036552942,9.694320255280218,-188.37457122245013,-10.38591370178042
66.10033713797414,1.9562166377231023,8.216236036552942,9.694320255280218,-188.37359128991656,-10.38591370178042
100.7436454322185,2.3409105271844908,8.216236036552942,9.694320255280218,-188.3725295529334,-10.38591370178042
58.98044282010235,1.8672766540467904,8.216236036552942,9.694320255280218,-188.3707106294092,-10.38591370178042
101.33048749083848,2.3370291679771924,8.216236036552942,9.694320255280218,-188.3706575573189,-10.38591370178042
58.98028059049913,1.8602668352553735,8.216236036552942,9.694320255280218,-188.3699426683518,-10.38591370178042
89.64471714740395,2.1831263934740264,8.216236036552942,9.694320255280218,-188.36971145830182,-10.38591370178042
115.19345971767866,2.146468392877992,8.216236036552942,9.694320255280218,-188.3676135264148,-10.38591370178042
102.17590485971591,2.185377942742491,8.216236036552942,9.694320255280218,-188.3618791384112,-10.38591370178042
69.70192183324735,2.13153811129078,8.216236036552942,9.694320255280218,-188.3572020370461,-10.38591370178042
99.16174608422193,2.1930299014484547,8.216236036552942,9.694320255280218,-188.35717016188747,-10.38591370178042
104.96693505302603,2.3059450856322457,8.216236036552942,9.694320255280218,-188.35484223298724,-10.38591370178042
112.69810288995573,2.123026895557544,8.216236036552942,9.694320255280218,-188.35437623649844,-10.38591370178042
104.26921425371053,2.177406741863649,8.216236036552942,9.694320255280218,-188.3511722221109,-10.38591370178042
82.90169195963173,2.1464052702445713,8.216236036552942,9.694320255280218,-188.3496820657079,-10.38591370178042
61.27240916753371,1.8850770427001606,8.216236036552942,9.694320255280218,-188.34409627793823,-10.38591370178042
85.82891419353568,2.338025131320734,8.216236036552942,9.694320255280218,-188.3436905780323,-10.38591370178042
110.50840027672413,2.2346009505604627,8.216236036552942,9.694320255280218,-188.34028966769046,-10.38591370178042
66.01139808239682,2.0554920922558324,8.216236036552942,9.694320255280218,-188.33962834314616,-10.38591370178042
59.91944493184212,1.867608228485338,8.216236036552942,9.694320255280218,-188.33945829919062,-10.38591370178042
66.45805691542506,2.0651935517743283,8.216236036552942,9.694320255280218,-188.3382144085247,-10.38591370178042
77.7009487777343,2.101906040496658,8.216236036552942,9.694320255280218,-188.33329869016646,-10.38591370178042
113.70004865881869,2.1162918298589943,8.216236036552942,9.694320255280218,-188.333205089551,-10.38591370178042
84.0575201924511,2.15479316828943,8.216236036552942,9.694320255280218,-188.33245981908144,-10.38591370178042
65.08992822940475,2.034587831347949,8.216236036552942,9.694320255280218,-188.32973201387782,-10.38591370178042
82.80618124112246,2.3145842402692978,8.216236036552942,9.694320255280218,-188.32901546328603,-10.38591370178042
59.58314790040719,1.8667899107627335,8.216236036552942,9.694320255280218,-188.31666537799248,-10.38591370178042
59.87752847025467,1.8970319509130178,8.216236036552942,9.694320255280218,-188.31197408748068,-10.38591370178042
74.42234086295764,2.2119724823345734,8.216236036552942,9.694320255280218,-188.3111830750958,-10.38591370178042
78.61647479662918,2.270008450381198,8.216236036552942,9.694320255280218,-188.31075036857465,-10.38591370178042
59.50285863606598,1.8810490257166919,8.216236036552942,9.694320255280218,-188.3010301598668,-10.38591370178042
73.25937871604124,2.1932219906253607,8.216236036552942,9.694320255280218,-188.29893463403457,-10.38591370178042
64.09900954858422,2.010463503938496,8.216236036552942,9.694320255280218,-188.29484539727807,-10.38591370178042
80.3044453445981,2.2891918892168803,8.216236036552942,9.694320255280218,-188.2947339533652,-10.38591370178042
113.12861126984994,2.1872539717574995,8.216236036552942,9.694320255280218,-188.29328327476424,-10.38591370178042
106.26050581629592,2.290524771696994,8.216236036552942,9.694320255280218,-188.29199698151737,-10.38591370178042
102.44972441952532,2.1859430619780795,8.216236036552942,9.694320255280218,-188.29112591559127,-10.38591370178042
62.12869165357758,1.8997212359608824,8.216236036552942,9.694320255280218,-188.28821277864463,-10.38591370178042
80.9914007013149,2.2963479343439843,8.216236036552942,9.694320255280218,-188.28777031116874,-10.38591370178042
64.58384072780028,1.936138033311039,8.216236036552942,9.694320255280218,-188.2862138120573,-10.38591370178042
76.13785645917112,2.086772501838439,8.216236036552942,9.694320255280218,-188.28450028359177,-10.38591370178042
105.43432932729567,2.1734191670588245,8.216236036552942,9.694320255280218,-188.28263190944222,-10.38591370178042
60.409907515483496,1.8769692217352514,8.216236036552942,9.694320255280218,-188.2814247690524,-10.38591370178042
89.67666728698079,2.1848807972655635,8.216236036552942,9.694320255280218,-188.27949700475176,-10.38591370178042
65.51431244265066,2.042751833897043,8.216236036552942,9.694320255280218,-188.278138774648,-10.38591370178042
60.56409417229083,1.9164963841409133,8.216236036552942,9.694320255280218,-188.27512640204984,-10.38591370178042
82.78066785217199,2.1468792408551565,8.216236036552942,9.694320255280218,-188.27496835314196,-10.38591370178042
108.01263015499016,2.2685224324655024,8.216236036552942,9.694320255280218,-188.2714935070926,-10.38591370178042
113.15367183333764,2.1857282172739048,8.216236036552942,9.694320255280218,-188.26959856479363,-10.38591370178042
102.02021926225372,2.1878529452029625,8.216236036552942,9.694320255280218,-188.26892611451538,-10.38591370178042
65.65187617833566,2.0455673440992825,8.216236036552942,9.694320255280218,-188.26835581298124,-10.38591370178042
66.43315173750264,1.9638741356196192,8.216236036552942,9.694320255280218,-188.26408616348795,-10.38591370178042
63.676186204029534,1.999234341320829,8.216236036552942,9.694320255280218,-188.26254333708246,-10.38591370178042
71.83467968808449,2.037293135362333,8.216236036552942,9.694320255280218,-188.25936514979836,-10.38591370178042
62.02447979035456,1.9570214581799235,8.216236036552942,9.694320255280218,-188.2577274095759,-10.38591370178042
106.87093436995515,2.1664196938429257,8.216236036552942,9.694320255280218,-188.25246898600716,-10.38591370178042
60.51054326766921,1.9131784558335738,8.216236036552942,9.694320255280218,-188.2506346254252,-10.38591370178042
114.06745740802086,2.1656260506762948,8.216236036552942,9.694320255280218,-188.25020078254954,-10.38591370178042
72.78657972423046,2.184283661948456,8.216236036552942,9.694320255280218,-188.24661546857902,-10.38591370178042
69.28591752201571,2.004348751899812,8.216236036552942,9.694320255280218,-188.2443870785717,-10.38591370178042
67.24745136053143,2.079481827029241,8.216236036552942,9.694320255280218,-188.23919360078818,-10.38591370178042
114.34116527573279,2.117504645619306,8.216236036552942,9.694320255280218,-188.23469957887184,-10.38591370178042
111.95334995309967,2.133061201153623,8.216236036552942,9.694320255280218,-188.23429584156372,-10.38591370178042
114.9188658410117,2.1159897969477726,8.216236036552942,9.694320255280218,-188.2328849243152,-10.38591370178042
100.97834510572989,2.336348774280836,8.216236036552942,9.694320255280218,-188.2302241590466,-10.38591370178042
96.67198702087492,2.1978805087576347,8.216236036552942,9.694320255280218,-188.22976607335374,-10.38591370178042
114.18949712466353,2.1615532824880006,8.216236036552942,9.694320255280218,-188.22898124339747,-10.38591370178042
114.0099352011642,2.1197509662703453,8.216236036552942,9.694320255280218,-188.22536526038076,-10.38591370178042
86.85612487804728,2.1733871991031037,8.216236036552942,9.694320255280218,-188.2247511914389,-10.38591370178042
111.98993394288959,2.1332750333519783,8.216236036552942,9.694320255280218,-188.22178301277404,-10.38591370178042
97.76750054116668,2.3525619334909607,8.216236036552942,9.694320255280218,-188.21846903298447,-10.38591370178042
67.91074341072638,2.0927328769236055,8.216236036552942,9.694320255280218,-188.21715787324416,-10.38591370178042
65.87513037692375,2.049085233253791,8.216236036552942,9.694320255280218,-188.2163152308402,-10.38591370178042
85.04475759360793,2.163291094440055,8.216236036552942,9.694320255280218,-188.21439643125768,-10.38591370178042
61.01392044358636,1.8884749888639618,8.216236036552942,9.694320255280218,-188.2099345746363,-10.38591370178042
72.90235770884223,2.185352321359886,8.216236036552942,9.694320255280218,-188.20679964857845,-10.38591370178042
72.65628805000027,2.0487667165138106,8.216236036552942,9.694320255280218,-188.19733569303403,-10.38591370178042
60.1631032791576,1.8847272272626157,8.216236036552942,9.694320255280218,-188.19494939049608,-10.38591370178042
108.83521411886177,2.255084035096104,8.216236036552942,9.694320255280218,-188.19318376721634,-10.38591370178042
80.6190171109681,2.290575054322929,8.216236036552942,9.694320255280218,-188.1922471595196,-10.38591370178042
84.02290586574895,2.1571436950432314,8.216236036552942,9.694320255280218,-188.19166616298014,-10.38591370178042
97.15372847280491,2.3540983001281717,8.216236036552942,9.694320255280218,-188.19067976664834,-10.38591370178042
94.95692994932593,2.198260352596833,8.216236036552942,9.694320255280218,-188.1875137815834,-10.38591370178042
102.59367083042564,2.187737394906293,8.216236036552942,9.694320255280218,-188.1862674305097,-10.38591370178042
61.6012561944931,1.8970583061977067,8.216236036552942,9.694320255280218,-188.1857986845855,-10.38591370178042
73.0618353220341,2.053958871871899,8.216236036552942,9.694320255280218,-188.18355602706424,-10.38591370178042
105.30267683933728,2.298248644006236,8.216236036552942,9.694320255280218,-188.1807064079968,-10.38591370178042
105.12541411869594,2.3000788255609024,8.216236036552942,9.694320255280218,-188.17952712946837,-10.38591370178042
99.29429935029432,2.1965214080977518,8.216236036552942,9.694320255280218,-188.1736506987953,-10.38591370178042
72.19962838612729,2.0436920440163107,8.216236036552942,9.694320255280218,-188.17284965319666,-10.38591370178042
113.36621992649705,2.17618619752362,8.216236036552942,9.694320255280218,-188.1652226070698,-10.38591370178042
72.20099282682033,2.1725188702666145,8.216236036552942,9.694320255280218,-188.16408114325216,-10.38591370178042
113.83169918581049,2.12464584651255,8.216236036552942,9.694320255280218,-188.16120042526472,-10.38591370178042
108.71961751128234,2.1576968931747302,8.216236036552942,9.694320255280218,-188.16102071669923,-10.38591370178042
99.59058629266622,2.3430745927146432,8.216236036552942,9.694320255280218,-188.16028101768413,-10.38591370178042
114.06370506244096,2.123940596229943,8.216236036552942,9.694320255280218,-188.15891610792715,-10.38591370178042
114.17635284335516,2.1566906004954234,8.216236036552942,9.694320255280218,-188.15712539355053,-10.38591370178042
81.38083192588472,2.1383922707146468,8.216236036552942,9.694320255280218,-188.15218821265535,-10.38591370178042
62.02522420672453,1.9044622741286332,8.216236036552942,9.694320255280218,-188.1484245469702,-10.38591370178042
62.18035773073207,1.9562136209967775,8.216236036552942,9.694320255280218,-188.14739191145776,-10.38591370178042
94.68595711478183,2.3583945258378236,8.216236036552942,9.694320255280218,-188.14649973384735,-10.38591370178042
60.51708194847522,1.8917297486604383,8.216236036552942,9.694320255280218,-188.14452035676123,-10.38591370178042
112.83607058413993,2.186141179549182,8.216236036552942,9.694320255280218,-188.1442359526309,-10.38591370178042
60.476850543626234,1.8927518697025647,8.216236036552942,9.694320255280218,-188.14389822906688,-10.38591370178042
79.39681804204997,2.275909972224653,8.216236036552942,9.694320255280218,-188.13959136694092,-10.38591370178042
77.59128694629824,2.2536153475373197,8.216236036552942,9.694320255280218,-188.13884357510452,-10.38591370178042
60.98740437942653,1.8943573739872193,8.216236036552942,9.694320255280218,-188.12889276503194,-10.38591370178042
73.74005567852461,2.1973428519267486,8.216236036552942,9.694320255280218,-188.12850430414358,-10.38591370178042
107.73336084568393,2.164758517866119,8.216236036552942,9.694320255280218,-188.12610150155652,-10.38591370178042
85.28692976497119,2.330229075014614,8.216236036552942,9.694320255280218,-188.12593467398594,-10.38591370178042
111.7193614177377,2.139054349136302,8.216236036552942,9.694320255280218,-188.1233530141183,-10.38591370178042
62.1407486631418,1.9073874445863197,8.216236036552942,9.694320255280218,-188.12041257266858,-10.38591370178042
74.75164273439627,2.2129563112039534,8.216236036552942,9.694320255280218,-188.11786203168415,-10.38591370178042
109.86709907943637,2.15169309880379,8.216236036552942,9.694320255280218,-188.1150707486597,-10.38591370178042
113.40938033239406,2.1295969827937427,8.216236036552942,9.694320255280218,-188.11362398513813,-10.38591370178042
96.61664161657741,2.3540718395926348,8.216236036552942,9.694320255280218,-188.11355081041796,-10.38591370178042
106.47307740755062,2.1722806573667697,8.216236036552942,9.694320255280218,-188.11118911825824,-10.38591370178042
70.83384846524194,2.0278702027406297,8.216236036552942,9.694320255280218,-188.11031567283203,-10.38591370178042
80.59851602482493,2.1328524749062865,8.216236036552942,9.694320255280218,-188.1047162640745,-10.38591370178042
88.8388540223333,2.348933989860484,8.216236036552942,9.694320255280218,-188.09971062278774,-10.38591370178042
74.47294088193753,2.208253918855675,8.216236036552942,9.694320255280218,-188.0987943871764,-10.38591370178042
101.05561927125304,2.332872058516486,8.216236036552942,9.694320255280218,-188.09795868018696,-10.38591370178042
101.19239402473873,2.331871327710388,8.216236036552942,9.694320255280218,-188.09459889447828,-10.38591370178042
88.73895710688393,2.348435055218161,8.216236036552942,9.694320255280218,-188.09458991759416,-10.38591370178042
62.854521207547776,1.9717256439521833,8.216236036552942,9.694320255280218,-188.0900358547416,-10.38591370178042
63.03202472033576,1.9208585859952336,8.216236036552942,9.694320255280218,-188.08480227695708,-10.38591370178042
96.25309000317286,2.2008817668382505,8.216236036552942,9.694320255280218,-188.0813408122052,-10.38591370178042
95.48846831552686,2.355898042750866,8.216236036552942,9.694320255280218,-188.0800326649822,-10.38591370178042
86.68336481453491,2.338005993985732,8.216236036552942,9.694320255280218,-188.074021282676,-10.38591370178042
65.64848519072919,1.9580667527263813,8.216236036552942,9.694320255280218,-188.0725771607488,-10.38591370178042
103.04200577158716,2.317029262540146,8.216236036552942,9.694320255280218,-188.06703480095607,-10.38591370178042
66.6842130455971,2.0625928264043125,8.216236036552942,9.694320255280218,-188.06634916874654,-10.38591370178042
63.550175807343884,1.9287674117202585,8.216236036552942,9.694320255280218,-188.06525079583812,-10.38591370178042
65.2354976636439,1.9525139274995098,8.216236036552942,9.694320255280218,-188.0630895044265,-10.38591370178042
74.21513471245376,2.070052356892546,8.216236036552942,9.694320255280218,-188.06221732150277,-10.38591370178042
74.567602559389,2.2087555742653677,8.216236036552942,9.694320255280218,-188.05501210928466,-10.38591370178042
72.66673552097757,2.0520055718751564,8.216236036552942,9.694320255280218,-188.05433620891202,-10.38591370178042
61.139446310970776,1.9150218102907104,8.216236036552942,9.694320255280218,-188.0537096995956,-10.38591370178042
104.71113805937382,2.1825698490574723,8.216236036552942,9.694320255280218,-188.04811970359103,-10.38591370178042
65.79800789492845,1.960984666987443,8.216236036552942,9.694320255280218,-188.04704699221392,-10.38591370178042
66.27668743298443,1.9677740335575038,8.216236036552942,9.694320255280218,-188.0455210178941,-10.38591370178042
109.61143339327688,2.155803978541769,8.216236036552942,9.694320255280218,-188.042203135841,-10.38591370178042
98.24274419498867,2.3467134514452397,8.216236036552942,9.694320255280218,-188.0331523679659,-10.38591370178042
106.75528713503388,2.1729166565709903,8.216236036552942,9.694320255280218,-188.03226663514366,-10.38591370178042
61.26980944723066,1.9080902028581335,8.216236036552942,9.694320255280218,-188.0320155482215,-10.38591370178042
113.96281177740812,2.139854007428383,8.216236036552942,9.694320255280218,-188.03140733989773,-10.38591370178042
77.80090234978414,2.1088023902401574,8.216236036552942,9.694320255280218,-188.03077252653284,-10.38591370178042
69.12268879897834,2.0073786422115063,8.216236036552942,9.694320255280218,-188.0292323724398,-10.38591370178042
113.9727524131485,2.1424754781459825,8.216236036552942,9.694320255280218,-188.02885900213414,-10.38591370178042
68.59306344849306,2.0002873451233825,8.216236036552942,9.694320255280218,-188.027978101715,-10.38591370178042
81.60513952576194,2.1426545488073003,8.216236036552942,9.694320255280218,-188.0244643559721,-10.38591370178042
81.03533372840343,2.2914645277266885,8.216236036552942,9.694320255280218,-188.01964888197597,-10.38591370178042
96.55173063506386,2.202141426788515,8.216236036552942,9.694320255280218,-188.01961524344827,-10.38591370178042
108.91263856089438,2.160904570309995,8.216236036552942,9.694320255280218,-188.01900549694338,-10.38591370178042
100.32185071456756,2.3356797468632635,8.216236036552942,9.694320255280218,-188.01655655096573,-10.38591370178042
113.84535923572615,2.146839235342725,8.216236036552942,9.694320255280218,-188.0121892901158,-10.38591370178042
85.97617597891964,2.3325019288163986,8.216236036552942,9.694320255280218,-188.0120099215441,-10.38591370178042
87.94348769014498,2.18275319982655,8.216236036552942,9.694320255280218,-188.01173368202498,-10.38591370178042
63.321121118331725,1.9280754216932507,8.216236036552942,9.694320255280218,-188.01089100263454,-10.38591370178042
111.14497773990381,2.2120498854329895,8.216236036552942,9.694320255280218,-188.01013891599374,-10.38591370178042
103.14974358117452,2.1898770718539,8.216236036552942,9.694320255280218,-188.00867924052596,-10.38591370178042
113.50643001267203,2.13832645065807,8.216236036552942,9.694320255280218,-188.00838857099043,-10.38591370178042
111.2636177067754,2.2097539592244573,8.216236036552942,9.694320255280218,-188.0066958102073,-10.38591370178042
76.38162091105687,2.0949601944621463,8.216236036552942,9.694320255280218,-188.0056500608233,-10.38591370178042
76.3690740312036,2.234220435129373,8.216236036552942,9.694320255280218,-188.0047851379558,-10.38591370178042
111.24808480504139,2.147229156477067,8.216236036552942,9.694320255280218,-188.00199737506196,-10.38591370178042
66.71332714026461,1.9753143399792776,8.216236036552942,9.694320255280218,-187.9980080905372,-10.38591370178042
93.7919610194809,2.3559014938016105,8.216236036552942,9.694320255280218,-187.99717053592903,-10.38591370178042
111.78159531708887,2.144578399764555,8.216236036552942,9.694320255280218,-187.99408281384783,-10.38591370178042
73.13423710469193,2.184406496298422,8.216236036552942,9.694320255280218,-187.9938679836927,-10.38591370178042
97.14688128981466,2.2025863176107663,8.216236036552942,9.694320255280218,-187.9909981404216,-10.38591370178042
63.491411252542285,1.9316369373521667,8.216236036552942,9.694320255280218,-187.98242554599818,-10.38591370178042
102.60809137735616,2.1924424875350184,8.216236036552942,9.694320255280218,-187.98085936537913,-10.38591370178042
113.24913131484979,2.140847664815496,8.216236036552942,9.694320255280218,-187.98041990383481,-10.38591370178042
83.92668395307577,2.1606152606261446,8.216236036552942,9.694320255280218,-187.97653671441117,-10.38591370178042
113.3146072822287,2.1419456403175445,8.216236036552942,9.694320255280218,-187.97354896772697,-10.38591370178042
85.75222161697985,2.172102591957511,8.216236036552942,9.694320255280218,-187.97343691548272,-10.38591370178042
87.77303821770032,2.182851504490557,8.216236036552942,9.694320255280218,-187.96604163018498,-10.38591370178042
79.04410395812889,2.2681343210932425,8.216236036552942,9.694320255280218,-187.96487979323314,-10.38591370178042
73.06494780279064,2.058840640677502,8.216236036552942,9.694320255280218,-187.96288623063978,-10.38591370178042
67.04924680016869,1.98112338527649,8.216236036552942,9.694320255280218,-187.95948485887158,-10.38591370178042
95.71036568640372,2.2032868367131044,8.216236036552942,9.694320255280218,-187.95887232290661,-10.38591370178042
107.84300402869437,2.1692012873564295,8.216236036552942,9.694320255280218,-187.95561326867264,-10.38591370178042
100.60851122076589,2.332461909715761,8.216236036552942,9.694320255280218,-187.9552384038124,-10.38591370178042
95.00376131277591,2.202990863575465,8.216236036552942,9.694320255280218,-187.95349406968273,-10.38591370178042
62.31580665024892,1.9203151931525468,8.216236036552942,9.694320255280218,-187.9519848424723,-10.38591370178042
86.16847615532394,2.1749096187678276,8.216236036552942,9.694320255280218,-187.9507523363426,-10.38591370178042
101.86693909864223,2.3235827425328637,8.216236036552942,9.694320255280218,-187.9493311733833,-10.38591370178042
92.69389561850201,2.1998321262047256,8.216236036552942,9.694320255280218,-187.94893982616577,-10.38591370178042
68.10360451058936,1.9960852409040228,8.216236036552942,9.694320255280218,-187.9396341321377,-10.38591370178042
66.11711099544674,2.0456279785402387,8.216236036552942,9.694320255280218,-187.93125385698218,-10.38591370178042
113.14561943449536,2.161299384432567,8.216236036552942,9.694320255280218,-187.9301933126005,-10.38591370178042
64.05774580674934,1.995833939354796,8.216236036552942,9.694320255280218,-187.92996412829288,-10.38591370178042
110.93639147697107,2.212037140275143,8.216236036552942,9.694320255280218,-187.92827366916333,-10.38591370178042
90.44280847405406,2.1943726101691823,8.216236036552942,9.694320255280218,-187.92275565926926,-10.38591370178042
78.8431280487975,2.264808714496155,8.216236036552942,9.694320255280218,-187.92242795026783,-10.38591370178042
85.62104032281546,2.328308765533407,8.216236036552942,9.694320255280218,-187.91928226469636,-10.38591370178042
62.17365056501335,1.9234518307197135,8.216236036552942,9.694320255280218,-187.91882621722758,-10.38591370178042
70.50070589320849,2.135977793353689,8.216236036552942,9.694320255280218,-187.91789083112317,-10.38591370178042
92.88402411153278,2.2008507550904,8.216236036552942,9.694320255280218,-187.91751276890312,-10.38591370178042
99.9279560373025,2.2009725130292566,8.216236036552942,9.694320255280218,-187.9170997048426,-10.38591370178042
67.67957584989149,2.079534701425473,8.216236036552942,9.694320255280218,-187.91620330155018,-10.38591370178042
108.51776245978296,2.166740838420651,8.216236036552942,9.694320255280218,-187.9145850580009,-10.38591370178042
67.54177578025622,1.9892168623028823,8.216236036552942,9.694320255280218,-187.91431965126384,-10.38591370178042
63.65807198864343,1.984456583395641,8.216236036552942,9.694320255280218,-187.91282937749403,-10.38591370178042
62.110634268848116,1.925114545649265,8.216236036552942,9.694320255280218,-187.91258712938765,-10.38591370178042
96.95163483544077,2.2043328142052587,8.216236036552942,9.694320255280218,-187.91238409086696,-10.38591370178042
79.83363814651977,2.1301472948820503,8.216236036552942,9.694320255280218,-187.9102310879193,-10.38591370178042
109.4493233543634,2.161588665245901,8.216236036552942,9.694320255280218,-187.90977275498562,-10.38591370178042
72.14275538286388,2.049091636333614,8.216236036552942,9.694320255280218,-187.9052977265359,-10.38591370178042
102.63103388438375,2.3163386300885946,8.216236036552942,9.694320255280218,-187.90133522052588,-10.38591370178042
106.21072744890098,2.1795789233002267,8.216236036552942,9.694320255280218,-187.89769347278948,-10.38591370178042
91.72996683601349,2.3525663962224,8.216236036552942,9.694320255280218,-187.8958991603905,-10.38591370178042
89.19696049290744,2.346126364117424,8.216236036552942,9.694320255280218,-187.89576820928994,-10.38591370178042
111.68257394556719,2.195809798327204,8.216236036552942,9.694320255280218,-187.89549249905832,-10.38591370178042
63.08354355023648,1.967240994505289,8.216236036552942,9.694320255280218,-187.89528001467417,-10.38591370178042
110.3352079801946,2.2210981151339553,8.216236036552942,9.694320255280218,-187.8938574559547,-10.38591370178042
91.53072803594998,2.1982025374685747,8.216236036552942,9.694320255280218,-187.89370972626216,-10.38591370178042
62.557852927625426,1.927890448188819,8.216236036552942,9.694320255280218,-187.89034286464437,-10.38591370178042
88.98276022695408,2.3451796708017554,8.216236036552942,9.694320255280218,-187.8884892979624,-10.38591370178042
108.88520082339494,2.2441439679095225,8.216236036552942,9.694320255280218,-187.88603797724653,-10.38591370178042
76.27241320153,2.0964426082548044,8.216236036552942,9.694320255280218,-187.88299058782832,-10.38591370178042
76.22004200446494,2.0959269828726406,8.216236036552942,9.694320255280218,-187.88152149709222,-10.38591370178042
65.70970369041459,1.9654406633611217,8.216236036552942,9.694320255280218,-187.8807031440503,-10.38591370178042
67.62242954306139,1.9913829238824974,8.216236036552942,9.694320255280218,-187.87899669033314,-10.38591370178042
111.35536722764728,2.201425676188933,8.216236036552942,9.694320255280218,-187.8782200794257,-10.38591370178042
103.43791143933674,2.1921556604700214,8.216236036552942,9.694320255280218,-187.87554026873764,-10.38591370178042
111.6205707697642,2.152083065444373,8.216236036552942,9.694320255280218,-187.8750058176574,-10.38591370178042
74.78282364140095,2.2079514221874206,8.216236036552942,9.694320255280218,-187.8739151975947,-10.38591370178042
72.63664785345175,2.055829542520243,8.216236036552942,9.694320255280218,-187.87328315703985,-10.38591370178042
92.46055078991505,2.200900712808817,8.216236036552942,9.694320255280218,-187.87254835341662,-10.38591370178042
76.53363682060555,2.099444732580608,8.216236036552942,9.694320255280218,-187.86975103061457,-10.38591370178042
76.76760226929362,2.236757720054726,8.216236036552942,9.694320255280218,-187.86894478738003,-10.38591370178042
106.75165560187166,2.1777764327792823,8.216236036552942,9.694320255280218,-187.8677776570939,-10.38591370178042
98.66626545820176,2.2040748787409115,8.216236036552942,9.694320255280218,-187.86645563935383,-10.38591370178042
66.06619234700705,1.9708229732170253,8.216236036552942,9.694320255280218,-187.8649487184185,-10.38591370178042
97.88379131349278,2.2049063906467126,8.216236036552942,9.694320255280218,-187.86370975156703,-10.38591370178042
106.60636132435627,2.17871867263365,8.216236036552942,9.694320255280218,-187.8609441903766,-10.38591370178042
62.713536558661474,1.9519245525406745,8.216236036552942,9.694320255280218,-187.85832546343406,-10.38591370178042
96.53599651087733,2.205612747827061,8.216236036552942,9.694320255280218,-187.856433259795,-10.38591370178042
71.3624327015385,2.150233531540266,8.216236036552942,9.694320255280218,-187.85482060892227,-10.38591370178042
111.4087239915391,2.1987654319439116,8.216236036552942,9.694320255280218,-187.85248870405033,-10.38591370178042
108.6224522999023,2.1683779535231764,8.216236036552942,9.694320255280218,-187.8523403412378,-10.38591370178042
104.78760968200463,2.1874288745509176,8.216236036552942,9.694320255280218,-187.8519648312784,-10.38591370178042
85.17513065036961,2.32386587429491,8.216236036552942,9.694320255280218,-187.85168855421617,-10.38591370178042
99.2722061709761,2.337722603555136,8.216236036552942,9.694320255280218,-187.85167733406558,-10.38591370178042
95.15792828114672,2.3513643024514437,8.216236036552942,9.694320255280218,-187.844858261841,-10.38591370178042
79.68008152314891,2.27298601844889,8.216236036552942,9.694320255280218,-187.8445995992838,-10.38591370178042
101.67223520971483,2.3223340298155364,8.216236036552942,9.694320255280218,-187.84138207640197,-10.38591370178042
109.6413784692165,2.163329532048337,8.216236036552942,9.694320255280218,-187.84033225100762,-10.38591370178042
112.2977532808476,2.176294087765328,8.216236036552942,9.694320255280218,-187.83872889567317,-10.38591370178042
72.48355207604847,2.169629764716575,8.216236036552942,9.694320255280218,-187.83822898653818,-10.38591370178042
108.56074356688978,2.1693714228988767,8.216236036552942,9.694320255280218,-187.8345634914914,-10.38591370178042
62.6092734326066,1.940864989995589,8.216236036552942,9.694320255280218,-187.83355073780763,-10.38591370178042
107.91717666339248,2.256212233052409,8.216236036552942,9.694320255280218,-187.8321595402809,-10.38591370178042
67.76309239461392,1.9947439999437648,8.216236036552942,9.694320255280218,-187.831590146786,-10.38591370178042
64.83454490449245,2.0110390944156364,8.216236036552942,9.694320255280218,-187.8311462238971,-10.38591370178042
78.23721285347796,2.2553130576323213,8.216236036552942,9.694320255280218,-187.83111126447062,-10.38591370178042
104.69495956985325,2.2952044208999354,8.216236036552942,9.694320255280218,-187.83106002276665,-10.38591370178042
62.69158358148035,1.9463514858375675,8.216236036552942,9.694320255280218,-187.83090472575918,-10.38591370178042
66.08907421439528,2.0410824559111234,8.216236036552942,9.694320255280218,-187.82394903171658,-10.38591370178042
111.3534086124217,2.1980032863713603,8.216236036552942,9.694320255280218,-187.8234430409486,-10.38591370178042
73.12929708575692,2.1802034472781315,8.216236036552942,9.694320255280218,-187.82280352061957,-10.38591370178042
112.04045167974843,2.181310408892813,8.216236036552942,9.694320255280218,-187.81855545705812,-10.38591370178042
85.94657252014885,2.1764447153423987,8.216236036552942,9.694320255280218,-187.81224652265294,-10.38591370178042
111.21302447020764,2.2001031198011987,8.216236036552942,9.694320255280218,-187.81081557681028,-10.38591370178042
92.51182692145142,2.202298888905929,8.216236036552942,9.694320255280218,-187.81077592913888,-10.38591370178042
85.89773141748552,2.1762121004766044,8.216236036552942,9.694320255280218,-187.81003562567588,-10.38591370178042
109.21461766229841,2.2359852883062104,8.216236036552942,9.694320255280218,-187.8091181526428,-10.38591370178042
107.6534109546548,2.259040180466002,8.216236036552942,9.694320255280218,-187.80907591488082,-10.38591370178042
62.81295828854718,1.9409104309826688,8.216236036552942,9.694320255280218,-187.80890177549603,-10.38591370178042
68.11670590687707,2.0001600460187063,8.216236036552942,9.694320255280218,-187.8086891463558,-10.38591370178042
62.80611441586384,1.946341399135477,8.216236036552942,9.694320255280218,-187.80826704709932,-10.38591370178042
63.040124792832685,1.9393362637903238,8.216236036552942,9.694320255280218,-187.80818866828324,-10.38591370178042
107.32038864928779,2.2634546861428504,8.216236036552942,9.694320255280218,-187.80664990797206,-10.38591370178042
103.06552555464013,2.1954627236612794,8.216236036552942,9.694320255280218,-187.7995396652577,-10.38591370178042
101.48948520235132,2.200235879122559,8.216236036552942,9.694320255280218,-187.79930818911706,-10.38591370178042
94.39447057460745,2.2057479995542195,8.216236036552942,9.694320255280218,-187.79528470865256,-10.38591370178042
106.93108979970596,2.2681443294821406,8.216236036552942,9.694320255280218,-187.7947391726395,-10.38591370178042
109.34079240278857,2.2331982878739183,8.216236036552942,9.694320255280218,-187.79160804752556,-10.38591370178042
75.10231347639512,2.2108575845047653,8.216236036552942,9.694320255280218,-187.79078831531453,-10.38591370178042
80.06604370611821,2.2761244173513404,8.216236036552942,9.694320255280218,-187.7887412194524,-10.38591370178042
110.73319413974451,2.1607778149999746,8.216236036552942,9.694320255280218,-187.7874694430377,-10.38591370178042
97.47907500081173,2.344086819739246,8.216236036552942,9.694320255280218,-187.78689443109946,-10.38591370178042
64.98361663060821,1.959949976352803,8.216236036552942,9.694320255280218,-187.78586106499316,-10.38591370178042
99.9190747312702,2.332507790648066,8.216236036552942,9.694320255280218,-187.78395316831677,-10.38591370178042
91.43826017809718,2.2002392997437283,8.216236036552942,9.694320255280218,-187.78307248660258,-10.38591370178042
78.0943627882292,2.252407655692153,8.216236036552942,9.694320255280218,-187.78256012012073,-10.38591370178042
96.39981458278146,2.347346001710264,8.216236036552942,9.694320255280218,-187.78187624254474,-10.38591370178042
70.13433401149902,2.027242743962958,8.216236036552942,9.694320255280218,-187.7799721408428,-10.38591370178042
104.27376161569089,2.2979968820423124,8.216236036552942,9.694320255280218,-187.77903752417777,-10.38591370178042
92.64503854363772,2.3509665222476173,8.216236036552942,9.694320255280218,-187.77731164565816,-10.38591370178042
109.49578716547873,2.166856865686725,8.216236036552942,9.694320255280218,-187.77717189328337,-10.38591370178042
91.70849602643023,2.2011052225842604,8.216236036552942,9.694320255280218,-187.77635338990586,-10.38591370178042
109.1190199624872,2.23597955888674,8.216236036552942,9.694320255280218,-187.77359127423372,-10.38591370178042
104.25142470619757,2.2980070574542424,8.216236036552942,9.694320255280218,-187.77168923301738,-10.38591370178042
110.39784294110453,2.2132600420212043,8.216236036552942,9.694320255280218,-187.76196943836746,-10.38591370178042
108.4506583554863,2.1727375784999197,8.216236036552942,9.694320255280218,-187.76193436687498,-10.38591370178042
81.58207877214,2.1478241392661914,8.216236036552942,9.694320255280218,-187.7619132976819,-10.38591370178042
79.90889996715312,2.273647370658466,8.216236036552942,9.694320255280218,-187.75672003529078,-10.38591370178042
96.89723763984391,2.345319811214864,8.216236036552942,9.694320255280218,-187.75626784283833,-10.38591370178042
92.39327859593556,2.2032066142668754,8.216236036552942,9.694320255280218,-187.7555816057172,-10.38591370178042
65.14529869378451,1.9634243944057914,8.216236036552942,9.694320255280218,-187.7553429866048,-10.38591370178042
108.28742622777281,2.2479550311375647,8.216236036552942,9.694320255280218,-187.75429832410106,-10.38591370178042
79.78372987416888,2.2721677289093236,8.216236036552942,9.694320255280218,-187.754079357786,-10.38591370178042
107.47217569081516,2.2594689352493873,8.216236036552942,9.694320255280218,-187.75227209647235,-10.38591370178042
111.89260653930573,2.165571692763649,8.216236036552942,9.694320255280218,-187.75062884568536,-10.38591370178042
77.44018953081607,2.1112712730370475,8.216236036552942,9.694320255280218,-187.74876780520924,-10.38591370178042
85.48131660714499,2.323729478226838,8.216236036552942,9.694320255280218,-187.74716756612955,-10.38591370178042
109.03071796175664,2.1705048233749125,8.216236036552942,9.694320255280218,-187.74640174997447,-10.38591370178042
89.96028129456998,2.1963787540857993,8.216236036552942,9.694320255280218,-187.7449349040104,-10.38591370178042
103.02355755221932,2.3087951226076626,8.216236036552942,9.694320255280218,-187.74472578487,-10.38591370178042
74.9287850091787,2.2070800503124843,8.216236036552942,9.694320255280218,-187.74391882039416,-10.38591370178042
67.01843175726277,2.059238211467715,8.216236036552942,9.694320255280218,-187.74184205375295,-10.38591370178042
63.31883024495816,1.9503987979653914,8.216236036552942,9.694320255280218,-187.74084637434933,-10.38591370178042
96.43763019049085,2.2081770840883337,8.216236036552942,9.694320255280218,-187.74084291762966,-10.38591370178042
64.81896483197553,1.9603190793308727,8.216236036552942,9.694320255280218,-187.740341120839,-10.38591370178042
63.29714450942774,1.9550499298687924,8.216236036552942,9.694320255280218,-187.73908318270497,-10.38591370178042
69.59712589547907,2.113485015278826,8.216236036552942,9.694320255280218,-187.73745787338714,-10.38591370178042
109.72039321490165,2.22414966867656,8.216236036552942,9.694320255280218,-187.73576535199533,-10.38591370178042
65.74796854528867,2.029270309295555,8.216236036552942,9.694320255280218,-187.7352038286901,-10.38591370178042
80.33269746077323,2.138160275622951,8.216236036552942,9.694320255280218,-187.7347607885628,-10.38591370178042
111.5370366375694,2.164673935286544,8.216236036552942,9.694320255280218,-187.73169524655748,-10.38591370178042
66.64193864627117,1.9834593060063526,8.216236036552942,9.694320255280218,-187.7308195410232,-10.38591370178042
63.751015538155485,1.9741445040022114,8.216236036552942,9.694320255280218,-187.73019987324454,-10.38591370178042
108.53815809681831,2.243111537200008,8.216236036552942,9.694320255280218,-187.72828290567023,-10.38591370178042
67.2331353319708,2.0634912483716903,8.216236036552942,9.694320255280218,-187.72698386287544,-10.38591370178042
64.80457794784468,2.0048405403755254,8.216236036552942,9.694320255280218,-187.72658561593298,-10.38591370178042
111.58595446201683,2.1660766834993552,8.216236036552942,9.694320255280218,-187.72507915678312,-10.38591370178042
108.71130820084498,2.240222398682718,8.216236036552942,9.694320255280218,-187.72337688736604,-10.38591370178042
89.17755556987152,2.1938918020180154,8.216236036552942,9.694320255280218,-187.72313599193575,-10.38591370178042
63.639568472709094,1.9518589351605442,8.216236036552942,9.694320255280218,-187.72105240794363,-10.38591370178042
64.16200290627434,1.9547965827071465,8.216236036552942,9.694320255280218,-187.72064407708768,-10.38591370178042
103.39157208677337,2.1964884161025395,8.216236036552942,9.694320255280218,-187.7204807439282,-10.38591370178042
79.43813517368612,2.1306822872585798,8.216236036552942,9.694320255280218,-187.7201804743405,-10.38591370178042
87.75750285156161,2.336261442752587,8.216236036552942,9.694320255280218,-187.71854216737464,-10.38591370178042
64.88708382472703,1.9625076098368908,8.216236036552942,9.694320255280218,-187.7153581487674,-10.38591370178042
110.87568438807344,2.200154138773243,8.216236036552942,9.694320255280218,-187.71307049789547,-10.38591370178042
83.01217407823097,2.3038261643031888,8.216236036552942,9.694320255280218,-187.71262728644982,-10.38591370178042
65.47085760618798,2.021328733162619,8.216236036552942,9.694320255280218,-187.71248699307702,-10.38591370178042
110.74760034422492,2.1658377306352605,8.216236036552942,9.694320255280218,-187.71144158062364,-10.38591370178042
111.39122257914758,2.167537862778019,8.216236036552942,9.694320255280218,-187.70485495358673,-10.38591370178042
111.53197627595641,2.16969656116261,8.216236036552942,9.694320255280218,-187.70373545796872,-10.38591370178042
64.70167240877169,2.000491455828083,8.216236036552942,9.694320255280218,-187.7014140025312,-10.38591370178042
64.03052442029684,1.9804324887770264,8.216236036552942,9.694320255280218,-187.70064069366936,-10.38591370178042
67.25984601537367,1.9925986065347416,8.216236036552942,9.694320255280218,-187.7005409065817,-10.38591370178042
101.73764173941672,2.20217645289587,8.216236036552942,9.694320255280218,-187.69800167284455,-10.38591370178042
102.79722053989617,2.1991026728634324,8.216236036552942,9.694320255280218,-187.6972918928862,-10.38591370178042
111.424711073828,2.169241137449248,8.216236036552942,9.694320255280218,-187.6972031186105,-10.38591370178042
94.53341791877185,2.2080562907377868,8.216236036552942,9.694320255280218,-187.69702286928404,-10.38591370178042
97.7546093964218,2.2089522556856878,8.216236036552942,9.694320255280218,-187.69109896707303,-10.38591370178042
95.89377781198874,2.2092129141956747,8.216236036552942,9.694320255280218,-187.69005101560072,-10.38591370178042
104.9434633400867,2.2882283224641924,8.216236036552942,9.694320255280218,-187.6875537197002,-10.38591370178042
63.68482598363788,1.9624359531290736,8.216236036552942,9.694320255280218,-187.68623916888373,-10.38591370178042
74.25234097474211,2.0791552153508093,8.216236036552942,9.694320255280218,-187.6843184744101,-10.38591370178042
63.77675625707968,1.968231730299138,8.216236036552942,9.694320255280218,-187.68395727308442,-10.38591370178042
109.88783237309666,2.218228082356177,8.216236036552942,9.694320255280218,-187.68360623251021,-10.38591370178042
70.6168625167649,2.0360812713269922,8.216236036552942,9.694320255280218,-187.68242336151604,-10.38591370178042
105.42656130766059,2.1898188160179046,8.216236036552942,9.694320255280218,-187.68066287629904,-10.38591370178042
108.7441753471976,2.2377540007459515,8.216236036552942,9.694320255280218,-187.68033751944787,-10.38591370178042
76.52073334452864,2.2288626253471477,8.216236036552942,9.694320255280218,-187.67798655646874,-10.38591370178042
73.79651986129561,2.0742747756137874,8.216236036552942,9.694320255280218,-187.67377458482804,-10.38591370178042
67.89273496112125,2.076015458235389,8.216236036552942,9.694320255280218,-187.6728425006048,-10.38591370178042
77.57351854420992,2.2430613522874125,8.216236036552942,9.694320255280218,-187.6713099205939,-10.38591370178042
81.33222687960951,2.1478507708007015,8.216236036552942,9.694320255280218,-187.66835224904253,-10.38591370178042
98.98116069577503,2.334691906369443,8.216236036552942,9.694320255280218,-187.6676887678302,-10.38591370178042
101.33345153451346,2.320246598861047,8.216236036552942,9.694320255280218,-187.6675393955213,-10.38591370178042
91.43645937164928,2.2027095303230055,8.216236036552942,9.694320255280218,-187.66725877172794,-10.38591370178042
102.19798791012559,2.2017918854388085,8.216236036552942,9.694320255280218,-187.6649491790183,-10.38591370178042
76.1130912144109,2.0997513520700863,8.216236036552942,9.694320255280218,-187.66451990475403,-10.38591370178042
80.99906462335574,2.1452507199930864,8.216236036552942,9.694320255280218,-187.66413292216544,-10.38591370178042
93.52952943438281,2.2074230542348516,8.216236036552942,9.694320255280218,-187.6634400801463,-10.38591370178042
107.64190293515287,2.2535903381261306,8.216236036552942,9.694320255280218,-187.66161023551075,-10.38591370178042
70.95216880733658,2.137325186876353,8.216236036552942,9.694320255280218,-187.66119878568443,-10.38591370178042
72.68754645133158,2.0618048538982947,8.216236036552942,9.694320255280218,-187.65972650425508,-10.38591370178042
95.83120475812976,2.345848775329472,8.216236036552942,9.694320255280218,-187.659482519309,-10.38591370178042
106.78046745895017,2.185109453829199,8.216236036552942,9.694320255280218,-187.6461871556032,-10.38591370178042
84.86801542953978,2.1735278784866523,8.216236036552942,9.694320255280218,-187.64529220084236,-10.38591370178042
111.1098617621422,2.1758757221159186,8.216236036552942,9.694320255280218,-187.6445113530679,-10.38591370178042
69.95802679792065,2.0290518620683855,8.216236036552942,9.694320255280218,-187.64194631535983,-10.38591370178042
78.96511399718193,2.1281642703436034,8.216236036552942,9.694320255280218,-187.6416915744707,-10.38591370178042
97.53092284399634,2.3403572513321222,8.216236036552942,9.694320255280218,-187.64012075503314,-10.38591370178042
66.82349038699479,2.050521493015566,8.216236036552942,9.694320255280218,-187.63629015669622,-10.38591370178042
72.14172009554707,2.0559842120213148,8.216236036552942,9.694320255280218,-187.63571339790076,-10.38591370178042
96.59580950028325,2.210613660612637,8.216236036552942,9.694320255280218,-187.63541709171267,-10.38591370178042
96.03889353538675,2.344791922617773,8.216236036552942,9.694320255280218,-187.63518371928043,-10.38591370178042
64.88718109686992,2.0008102471954032,8.216236036552942,9.694320255280218,-187.63202124294418,-10.38591370178042
110.59428323190849,2.19908264078461,8.216236036552942,9.694320255280218,-187.63055182771046,-10.38591370178042
93.74700343558996,2.3477574988997674,8.216236036552942,9.694320255280218,-187.62857833063168,-10.38591370178042
98.74888959068635,2.334783653857187,8.216236036552942,9.694320255280218,-187.62617614523785,-10.38591370178042
78.39000793830274,2.123205935593461,8.216236036552942,9.694320255280218,-187.62577908335595,-10.38591370178042
67.12367647219148,2.0570145192870797,8.216236036552942,9.694320255280218,-187.62571380269802,-10.38591370178042
70.47358299109585,2.1271593777184847,8.216236036552942,9.694320255280218,-187.62512488822364,-10.38591370178042
64.58094722319449,1.9664259334056737,8.216236036552942,9.694320255280218,-187.6248961619953,-10.38591370178042
77.35469063758143,2.238997025809468,8.216236036552942,9.694320255280218,-187.62342538328897,-10.38591370178042
75.19995099105708,2.208100904389738,8.216236036552942,9.694320255280218,-187.619417583795,-10.38591370178042
88.30615182799177,2.1924454057921423,8.216236036552942,9.694320255280218,-187.6193471497236,-10.38591370178042
77.50268564631196,2.1149249519499307,8.216236036552942,9.694320255280218,-187.61622095230197,-10.38591370178042
88.03563061923045,2.3352945855321536,8.216236036552942,9.694320255280218,-187.61608803552366,-10.38591370178042
109.62228852113718,2.175101230860321,8.216236036552942,9.694320255280218,-187.6144360770005,-10.38591370178042
64.63777405784292,1.9679562883940918,8.216236036552942,9.694320255280218,-187.61317759190715,-10.38591370178042
98.73274328297434,2.3345238323305892,8.216236036552942,9.694320255280218,-187.61299991029867,-10.38591370178042
89.39720997893636,2.3406697326492463,8.216236036552942,9.694320255280218,-187.61270552296241,-10.38591370178042
110.25107822571015,2.174409193603708,8.216236036552942,9.694320255280218,-187.61261657670025,-10.38591370178042
110.19782717845044,2.1745051664138373,8.216236036552942,9.694320255280218,-187.6113838279074,-10.38591370178042
106.12906172602273,2.1892039118060183,8.216236036552942,9.694320255280218,-187.61122847440686,-10.38591370178042
109.4353170214918,2.22202567214957,8.216236036552942,9.694320255280218,-187.60826762033702,-10.38591370178042
93.80131431407342,2.2091073150296694,8.216236036552942,9.694320255280218,-187.6076620493174,-10.38591370178042
109.23368186297246,2.1767714181785607,8.216236036552942,9.694320255280218,-187.60543847531815,-10.38591370178042
95.52378764677228,2.3451704448697797,8.216236036552942,9.694320255280218,-187.60482145439113,-10.38591370178042
70.31060156987235,2.123322816989017,8.216236036552942,9.694320255280218,-187.60313262519844,-10.38591370178042
71.16276329558197,2.0452681649709206,8.216236036552942,9.694320255280218,-187.59761271367125,-10.38591370178042
74.42971031366585,2.0833140549384694,8.216236036552942,9.694320255280218,-187.5974918364647,-10.38591370178042
87.75218801218863,2.3335032397984463,8.216236036552942,9.694320255280218,-187.59582255312517,-10.38591370178042
83.9150037196016,2.168460554860019,8.216236036552942,9.694320255280218,-187.5948739243827,-10.38591370178042
72.61738539488904,2.062777638706251,8.216236036552942,9.694320255280218,-187.59302713483495,-10.38591370178042
105.06166083341635,2.194169631594278,8.216236036552942,9.694320255280218,-187.59285650345052,-10.38591370178042
94.52398758950217,2.2104222972784413,8.216236036552942,9.694320255280218,-187.59217004967675,-10.38591370178042
64.69665721576779,1.9706422034956432,8.216236036552942,9.694320255280218,-187.59193034379976,-10.38591370178042
106.56906537424409,2.18817879122102,8.216236036552942,9.694320255280218,-187.58889648346877,-10.38591370178042
85.53635220018255,2.3205631273299616,8.216236036552942,9.694320255280218,-187.58790205674077,-10.38591370178042
76.00801024417446,2.2192551470622135,8.216236036552942,9.694320255280218,-187.58609434331484,-10.38591370178042
64.43484630489714,1.9753427265010544,8.216236036552942,9.694320255280218,-187.58585257960723,-10.38591370178042
109.36181078909327,2.177642856389511,8.216236036552942,9.694320255280218,-187.58552667427315,-10.38591370178042
110.52575424245403,2.1791626776550572,8.216236036552942,9.694320255280218,-187.58354810848522,-10.38591370178042
107.15165796095269,2.186075186710468,8.216236036552942,9.694320255280218,-187.58038028782354,-10.38591370178042
76.28229816344216,2.2230374136651676,8.216236036552942,9.694320255280218,-187.5792408282086,-10.38591370178042
100.70052705730828,2.2078100418952857,8.216236036552942,9.694320255280218,-187.57811159334838,-10.38591370178042
108.46446559897096,2.181008024663612,8.216236036552942,9.694320255280218,-187.57653679695204,-10.38591370178042
110.27051824900008,2.2010108342859525,8.216236036552942,9.694320255280218,-187.5741010409659,-10.38591370178042
93.18874899681663,2.2088802173528848,8.216236036552942,9.694320255280218,-187.57222698904195,-10.38591370178042
104.68612656339425,2.2872198085440942,8.216236036552942,9.694320255280218,-187.57142087376565,-10.38591370178042
93.92714086843785,2.346191073422901,8.216236036552942,9.694320255280218,-187.56566570030498,-10.38591370178042
82.82824103336061,2.298861164424295,8.216236036552942,9.694320255280218,-187.56516882581386,-10.38591370178042
75.25244242403726,2.0930977798771124,8.216236036552942,9.694320255280218,-187.56498867032383,-10.38591370178042
76.98797610683066,2.1110897223296234,8.216236036552942,9.694320255280218,-187.56379506182648,-10.38591370178042
109.34181483685799,2.2207819511690303,8.216236036552942,9.694320255280218,-187.56292546322132,-10.38591370178042
78.42177544944614,2.1250584388109814,8.216236036552942,9.694320255280218,-187.55909376070457,-10.38591370178042
64.65138228184658,1.978478282343545,8.216236036552942,9.694320255280218,-187.55819743570353,-10.38591370178042
86.37272657164492,2.325154133145986,8.216236036552942,9.694320255280218,-187.5567234626416,-10.38591370178042
109.89500887874566,2.208195278452365,8.216236036552942,9.694320255280218,-187.55283029069943,-10.38591370178042
107.05149016809912,2.257366510737981,8.216236036552942,9.694320255280218,-187.5527180974715,-10.38591370178042
107.34182886711244,2.2532034316019605,8.216236036552942,9.694320255280218,-187.55183540070618,-10.38591370178042
107.54736607301473,2.249943533263604,8.216236036552942,9.694320255280218,-187.54633649698556,-10.38591370178042
106.55230187382875,2.190120314208798,8.216236036552942,9.694320255280218,-187.54113559311367,-10.38591370178042
73.20036296229826,2.0709931247882594,8.216236036552942,9.694320255280218,-187.53993167264395,-10.38591370178042
105.53205993297792,2.2764779865831315,8.216236036552942,9.694320255280218,-187.539771324851,-10.38591370178042
71.32764677383106,2.140607525139771,8.216236036552942,9.694320255280218,-187.53806640318655,-10.38591370178042
84.29945529376346,2.1722951833647954,8.216236036552942,9.694320255280218,-187.5364936600193,-10.38591370178042
110.10542079384625,2.200429737826127,8.216236036552942,9.694320255280218,-187.53616886474802,-10.38591370178042
98.74052721440671,2.2119730920788783,8.216236036552942,9.694320255280218,-187.5349686947806,-10.38591370178042
109.96010800862115,2.20434232149762,8.216236036552942,9.694320255280218,-187.5336187046782,-10.38591370178042
96.87680888331033,2.2130628746644874,8.216236036552942,9.694320255280218,-187.5332285378875,-10.38591370178042
65.3596812509551,1.9801213745897428,8.216236036552942,9.694320255280218,-187.5332215671616,-10.38591370178042
86.03427317529041,2.1829021894623253,8.216236036552942,9.694320255280218,-187.53288764459566,-10.38591370178042
65.42004236062343,2.0082198305498906,8.216236036552942,9.694320255280218,-187.5325288441898,-10.38591370178042
100.21693331576881,2.324098268004448,8.216236036552942,9.694320255280218,-187.5322337368515,-10.38591370178042
110.26815063979764,2.191872700183268,8.216236036552942,9.694320255280218,-187.53137985254574,-10.38591370178042
87.5987474578455,2.3312026623819833,8.216236036552942,9.694320255280218,-187.52814035873672,-10.38591370178042
109.26978768213661,2.1819933732499237,8.216236036552942,9.694320255280218,-187.52620545027264,-10.38591370178042
72.12904637029887,2.0589694392481164,8.216236036552942,9.694320255280218,-187.52490107394974,-10.38591370178042
105.4683289228408,2.194982452492951,8.216236036552942,9.694320255280218,-187.52464812851048,-10.38591370178042
93.38764546894828,2.2104146011592007,8.216236036552942,9.694320255280218,-187.52130740754308,-10.38591370178042
95.86003438621469,2.3424014364546792,8.216236036552942,9.694320255280218,-187.5209612590682,-10.38591370178042
70.69390695592904,2.0419603425679327,8.216236036552942,9.694320255280218,-187.5197401653399,-10.38591370178042
72.6167549507206,2.064844690575555,8.216236036552942,9.694320255280218,-187.51905857672062,-10.38591370178042
65.48154739668563,2.0087754129127973,8.216236036552942,9.694320255280218,-187.51849762425476,-10.38591370178042
109.12941992577939,2.1828189651407683,8.216236036552942,9.694320255280218,-187.5173852538268,-10.38591370178042
65.11012549197335,1.995338482746945,8.216236036552942,9.694320255280218,-187.5157591646509,-10.38591370178042
101.09235862780265,2.2087521339629035,8.216236036552942,9.694320255280218,-187.51384047963978,-10.38591370178042
84.23590160729908,2.309355906846008,8.216236036552942,9.694320255280218,-187.51002440384644,-10.38591370178042
77.2581456647173,2.2348133881535546,8.216236036552942,9.694320255280218,-187.50755848339375,-10.38591370178042
90.66097878128458,2.3418261095840336,8.216236036552942,9.694320255280218,-187.50574728824841,-10.38591370178042
105.06317421568154,2.2807063750762353,8.216236036552942,9.694320255280218,-187.50566981039222,-10.38591370178042
67.58468871927694,2.0622580260745593,8.216236036552942,9.694320255280218,-187.50486317530445,-10.38591370178042
77.96718096306672,2.2441446164059045,8.216236036552942,9.694320255280218,-187.50479899276635,-10.38591370178042
94.65090936658572,2.2126842325127853,8.216236036552942,9.694320255280218,-187.50187577107826,-10.38591370178042
68.83437095165394,2.0898028833961604,8.216236036552942,9.694320255280218,-187.50180679337188,-10.38591370178042
77.87193526706538,2.242810219522795,8.216236036552942,9.694320255280218,-187.50100809615077,-10.38591370178042
70.32695240920789,2.0381553274185507,8.216236036552942,9.694320255280218,-187.49996669736288,-10.38591370178042
85.30299192165621,2.179400675045045,8.216236036552942,9.694320255280218,-187.49951338062291,-10.38591370178042
106.85416861629265,2.190722201963254,8.216236036552942,9.694320255280218,-187.49901322327688,-10.38591370178042
99.17038131890997,2.2124277617867563,8.216236036552942,9.694320255280218,-187.49891964767997,-10.38591370178042
76.04794374699804,2.2175560838924895,8.216236036552942,9.694320255280218,-187.4979141099487,-10.38591370178042
105.41035892120787,2.2763225580790447,8.216236036552942,9.694320255280218,-187.49696502814726,-10.38591370178042
100.91152425426118,2.2096139947264106,8.216236036552942,9.694320255280218,-187.4968332758274,-10.38591370178042
68.57287721539578,2.0839710101389386,8.216236036552942,9.694320255280218,-187.496419359708,-10.38591370178042
95.2267926459127,2.213379174137671,8.216236036552942,9.694320255280218,-187.4957914588415,-10.38591370178042
65.31334265163929,1.9997593631038768,8.216236036552942,9.694320255280218,-187.49305537385405,-10.38591370178042
104.30338085431848,2.2884766558834855,8.216236036552942,9.694320255280218,-187.4886147461132,-10.38591370178042
108.64497088637428,2.2287651149103738,8.216236036552942,9.694320255280218,-187.48804066123216,-10.38591370178042
109.49615249233578,2.2109277828913463,8.216236036552942,9.694320255280218,-187.4879777656382,-10.38591370178042
107.76638824446935,2.188106789641992,8.216236036552942,9.694320255280218,-187.48652956610442,-10.38591370178042
66.85763300365582,1.9973285384961628,8.216236036552942,9.694320255280218,-187.48626029196075,-10.38591370178042
65.3510713696625,1.9864243643311426,8.216236036552942,9.694320255280218,-187.48439232559446,-10.38591370178042
91.72949349418349,2.207617930267091,8.216236036552942,9.694320255280218,-187.48396352867852,-10.38591370178042
109.25212963200863,2.185699364700781,8.216236036552942,9.694320255280218,-187.4826470449934,-10.38591370178042
75.65484303605606,2.211358186613822,8.216236036552942,9.694320255280218,-187.48254403275052,-10.38591370178042
75.86271692513495,2.101663580466493,8.216236036552942,9.694320255280218,-187.48201216978782,-10.38591370178042
96.6148810653769,2.339410994956637,8.216236036552942,9.694320255280218,-187.4811961368937,-10.38591370178042
105.60539377623445,2.2732992299759474,8.216236036552942,9.694320255280218,-187.47975483677286,-10.38591370178042
103.8752012476103,2.292595361091017,8.216236036552942,9.694320255280218,-187.47929530702305,-10.38591370178042
103.59277520183292,2.2953746415519447,8.216236036552942,9.694320255280218,-187.4781108957896,-10.38591370178042
86.30082168429648,2.1856374470764734,8.216236036552942,9.694320255280218,-187.4771239315096,-10.38591370178042
108.87634995587668,2.2231608720679077,8.216236036552942,9.694320255280218,-187.4721921398168,-10.38591370178042
72.51259381687014,2.160020593181983,8.216236036552942,9.694320255280218,-187.47180337417592,-10.38591370178042
90.2779738164937,2.3400306369709085,8.216236036552942,9.694320255280218,-187.4701715984453,-10.38591370178042
95.97844225433717,2.214486635581963,8.216236036552942,9.694320255280218,-187.4693221463782,-10.38591370178042
109.24896748815759,2.1870994670506576,8.216236036552942,9.694320255280218,-187.46852330189034,-10.38591370178042
72.40695233308902,2.0639350015357962,8.216236036552942,9.694320255280218,-187.46688368966784,-10.38591370178042
70.53734221619656,2.0418086934195685,8.216236036552942,9.694320255280218,-187.4668745595117,-10.38591370178042
66.10216144683703,1.991339664306949,8.216236036552942,9.694320255280218,-187.46646655089987,-10.38591370178042
82.80248103128487,2.296296133345024,8.216236036552942,9.694320255280218,-187.46605073912332,-10.38591370178042
81.88345826122372,2.287670700188542,8.216236036552942,9.694320255280218,-187.46537106220939,-10.38591370178042
105.86017133710833,2.1958560123572113,8.216236036552942,9.694320255280218,-187.46397568267375,-10.38591370178042
87.66453785820221,2.330022999069598,8.216236036552942,9.694320255280218,-187.463882499104,-10.38591370178042
109.06165695646934,2.21853476846303,8.216236036552942,9.694320255280218,-187.46348056434817,-10.38591370178042
65.78054565740634,1.9896095213227483,8.216236036552942,9.694320255280218,-187.463409542095,-10.38591370178042
73.15498123272677,2.170903453066302,8.216236036552942,9.694320255280218,-187.46334460315506,-10.38591370178042
76.1794204569727,2.2184810204436047,8.216236036552942,9.694320255280218,-187.46081607876906,-10.38591370178042
105.34188430412635,2.197873381851707,8.216236036552942,9.694320255280218,-187.45980455139585,-10.38591370178042
65.4739711157221,1.990943362650171,8.216236036552942,9.694320255280218,-187.4591034506312,-10.38591370178042
78.13494479442276,2.124789296272482,8.216236036552942,9.694320255280218,-187.45879085007894,-10.38591370178042
67.83267625420886,2.009791994439823,8.216236036552942,9.694320255280218,-187.45766006386572,-10.38591370178042
106.3529912313455,2.2627908291187993,8.216236036552942,9.694320255280218,-187.45754092139566,-10.38591370178042
71.00374886365016,2.0477282426165573,8.216236036552942,9.694320255280218,-187.45677625460658,-10.38591370178042
104.39307397642526,2.201261069761017,8.216236036552942,9.694320255280218,-187.45663116075298,-10.38591370178042
74.3091618427839,2.189806716319751,8.216236036552942,9.694320255280218,-187.4562295435821,-10.38591370178042
106.67836085278304,2.193297897980642,8.216236036552942,9.694320255280218,-187.45563034840313,-10.38591370178042
68.09531462947184,2.071549270734721,8.216236036552942,9.694320255280218,-187.4536279806771,-10.38591370178042
83.62255090950568,2.16967764270845,8.216236036552942,9.694320255280218,-187.4529417836805,-10.38591370178042
73.39890500895565,2.1746603834103695,8.216236036552942,9.694320255280218,-187.45052882998922,-10.38591370178042
94.69853144551188,2.342647911580883,8.216236036552942,9.694320255280218,-187.44929233658704,-10.38591370178042
95.42631414944171,2.341493585195167,8.216236036552942,9.694320255280218,-187.44920425468703,-10.38591370178042
85.67957507980057,2.3182537671462597,8.216236036552942,9.694320255280218,-187.44767369424656,-10.38591370178042
67.76229627226255,2.0636180304782954,8.216236036552942,9.694320255280218,-187.44764612253226,-10.38591370178042
109.57258776079298,2.2012003304596988,8.216236036552942,9.694320255280218,-187.44728302239298,-10.38591370178042
95.74947268557507,2.340728879167557,8.216236036552942,9.694320255280218,-187.44532702629883,-10.38591370178042
101.1233917377787,2.3154203279879084,8.216236036552942,9.694320255280218,-187.44513793620888,-10.38591370178042
109.24796565448187,2.2117803529715587,8.216236036552942,9.694320255280218,-187.44284000189032,-10.38591370178042
102.85714509646122,2.3010077638220565,8.216236036552942,9.694320255280218,-187.4381932139561,-10.38591370178042
92.88400906962592,2.211440654987072,8.216236036552942,9.694320255280218,-187.43698349267495,-10.38591370178042
102.35816167245609,2.2080624731626415,8.216236036552942,9.694320255280218,-187.43494709611173,-10.38591370178042
103.50156670377393,2.2947810653489853,8.216236036552942,9.694320255280218,-187.43434215613703,-10.38591370178042
107.99106077236148,2.1904962875816665,8.216236036552942,9.694320255280218,-187.43429360424022,-10.38591370178042
86.8469806847218,2.189539054243909,8.216236036552942,9.694320255280218,-187.43421802725283,-10.38591370178042
106.44901203914611,2.260428238411862,8.216236036552942,9.694320255280218,-187.43406745550956,-10.38591370178042
106.08971056105263,2.1963228465259306,8.216236036552942,9.694320255280218,-187.43338405234965,-10.38591370178042
109.35404725325604,2.1926914048200103,8.216236036552942,9.694320255280218,-187.43292339469073,-10.38591370178042
76.76188433910117,2.2260168899750994,8.216236036552942,9.694320255280218,-187.43232794289358,-10.38591370178042
108.42504952228643,2.2286509822851315,8.216236036552942,9.694320255280218,-187.4292603192664,-10.38591370178042
76.15291865310733,2.106037802262506,8.216236036552942,9.694320255280218,-187.42916883370782,-10.38591370178042
97.04486222627243,2.2157252571262944,8.216236036552942,9.694320255280218,-187.42697088000713,-10.38591370178042
80.48377524955438,2.272179759674401,8.216236036552942,9.694320255280218,-187.42355786128863,-10.38591370178042
93.59010345937271,2.213092422179585,8.216236036552942,9.694320255280218,-187.4232897016518,-10.38591370178042
66.53029596185507,1.9984380432789521,8.216236036552942,9.694320255280218,-187.42120973730619,-10.38591370178042
108.1818570867703,2.1911051564749187,8.216236036552942,9.694320255280218,-187.4200995020008,-10.38591370178042
67.78063730025374,2.011117594829443,8.216236036552942,9.694320255280218,-187.41890760293649,-10.38591370178042
86.76237201136107,2.3241659682692273,8.216236036552942,9.694320255280218,-187.41781455251953,-10.38591370178042
70.20122374883067,2.1148178235592923,8.216236036552942,9.694320255280218,-187.41750093030194,-10.38591370178042
89.19012635343643,2.3353379648969934,8.216236036552942,9.694320255280218,-187.415741980329,-10.38591370178042
107.0577643341931,2.1940200199314717,8.216236036552942,9.694320255280218,-187.41535826402887,-10.38591370178042
68.78884828346109,2.022892635534191,8.216236036552942,9.694320255280218,-187.4145585366278,-10.38591370178042
95.41629238771553,2.2155437952345807,8.216236036552942,9.694320255280218,-187.41379201067795,-10.38591370178042
99.6252702074793,2.214212235005789,8.216236036552942,9.694320255280218,-187.41185700022692,-10.38591370178042
107.28372687870798,2.247091232006156,8.216236036552942,9.694320255280218,-187.41142431602518,-10.38591370178042
99.95264731281117,2.2137587239429024,8.216236036552942,9.694320255280218,-187.4111781791647,-10.38591370178042
95.40058541230252,2.340557749090692,8.216236036552942,9.694320255280218,-187.41092147968766,-10.38591370178042
104.73004519190154,2.2019089983096194,8.216236036552942,9.694320255280218,-187.40859302758668,-10.38591370178042
89.70052078120274,2.336868898491147,8.216236036552942,9.694320255280218,-187.40816472391575,-10.38591370178042
95.02676324521154,2.21541054449348,8.216236036552942,9.694320255280218,-187.40598293565535,-10.38591370178042
71.56273116211106,2.140662423149223,8.216236036552942,9.694320255280218,-187.4046026770391,-10.38591370178042
103.34961059058861,2.295226995825459,8.216236036552942,9.694320255280218,-187.40439426226845,-10.38591370178042
75.24206223493987,2.097237219967539,8.216236036552942,9.694320255280218,-187.40368807980724,-10.38591370178042
74.91746690833159,2.197936607451581,8.216236036552942,9.694320255280218,-187.40363217866985,-10.38591370178042
65.88702222049028,2.0041782756582904,8.216236036552942,9.694320255280218,-187.40001429923166,-10.38591370178042
107.78444378894392,2.1931174842227534,8.216236036552942,9.694320255280218,-187.39973752378458,-10.38591370178042
72.41706341683536,2.0661638973148655,8.216236036552942,9.694320255280218,-187.39789150597073,-10.38591370178042
108.56781209684702,2.222974327440042,8.216236036552942,9.694320255280218,-187.396977330811,-10.38591370178042
102.72616421420392,2.300817530958085,8.216236036552942,9.694320255280218,-187.39686761652789,-10.38591370178042
103.12471604390188,2.2072630769111186,8.216236036552942,9.694320255280218,-187.39571454528638,-10.38591370178042
97.36756861494516,2.2165090863987587,8.216236036552942,9.694320255280218,-187.39479350679255,-10.38591370178042
68.93215269734839,2.0873074905144904,8.216236036552942,9.694320255280218,-187.39151622736395,-10.38591370178042
98.8125562341493,2.3280987162432467,8.216236036552942,9.694320255280218,-187.389874408661,-10.38591370178042
70.29734686314968,2.0416741706051624,8.216236036552942,9.694320255280218,-187.38982279100432,-10.38591370178042
101.63695774772955,2.2112474990864683,8.216236036552942,9.694320255280218,-187.38877635253814,-10.38591370178042
73.4166489603247,2.0778368676084824,8.216236036552942,9.694320255280218,-187.38680635917365,-10.38591370178042
67.62489860940497,2.011194327101421,8.216236036552942,9.694320255280218,-187.38660008208853,-10.38591370178042
94.36058997406994,2.341424655460102,8.216236036552942,9.694320255280218,-187.38643043777572,-10.38591370178042
85.78102614609003,2.3174134317141295,8.216236036552942,9.694320255280218,-187.3851267317451,-10.38591370178042
108.97192279121624,2.210710441020126,8.216236036552942,9.694320255280218,-187.3849985359912,-10.38591370178042
101.9604986332021,2.210675710467484,8.216236036552942,9.694320255280218,-187.38334902621526,-10.38591370178042
67.07217091384395,2.0427890517045597,8.216236036552942,9.694320255280218,-187.3824263154697,-10.38591370178042
75.69079676999631,2.102548589621776,8.216236036552942,9.694320255280218,-187.38150010730763,-10.38591370178042
102.86970949723282,2.2085365082507025,8.216236036552942,9.694320255280218,-187.37867966200395,-10.38591370178042
93.34244857559607,2.3417199705102547,8.216236036552942,9.694320255280218,-187.3771714748938,-10.38591370178042
76.12254666221011,2.107154435025663,8.216236036552942,9.694320255280218,-187.3756589420974,-10.38591370178042
106.40541617233305,2.198046402889986,8.216236036552942,9.694320255280218,-187.3739023158502,-10.38591370178042
108.21458850984531,2.2282393627090755,8.216236036552942,9.694320255280218,-187.37364948447325,-10.38591370178042
109.00093824619533,2.2021777500294064,8.216236036552942,9.694320255280218,-187.37282255968356,-10.38591370178042
69.25383510005824,2.030111733950207,8.216236036552942,9.694320255280218,-187.37277203306084,-10.38591370178042
101.17823812774247,2.3127431964657887,8.216236036552942,9.694320255280218,-187.37137526378243,-10.38591370178042
103.05101752711458,2.296922495355375,8.216236036552942,9.694320255280218,-187.37100365973566,-10.38591370178042
81.1539123532393,2.1533241330402575,8.216236036552942,9.694320255280218,-187.36912133065923,-10.38591370178042
85.36265348341499,2.314177307240044,8.216236036552942,9.694320255280218,-187.36687767109828,-10.38591370178042
104.06319018232912,2.2865845654281145,8.216236036552942,9.694320255280218,-187.3666896330765,-10.38591370178042
69.03231528196405,2.0883605837565966,8.216236036552942,9.694320255280218,-187.36641597400475,-10.38591370178042
80.16110610822167,2.2671175687280822,8.216236036552942,9.694320255280218,-187.36450517441065,-10.38591370178042
91.13910833992384,2.208788165879241,8.216236036552942,9.694320255280218,-187.36391338281874,-10.38591370178042
66.2325340540493,2.0049952688396075,8.216236036552942,9.694320255280218,-187.3637101788326,-10.38591370178042
76.2723729754718,2.10902084850008,8.216236036552942,9.694320255280218,-187.3630477925471,-10.38591370178042
73.89636689447359,2.083882742726118,8.216236036552942,9.694320255280218,-187.36249140379684,-10.38591370178042
82.22100549914462,2.1618101112116648,8.216236036552942,9.694320255280218,-187.3605386525847,-10.38591370178042
102.50702207148375,2.210100514967536,8.216236036552942,9.694320255280218,-187.36009861442963,-10.38591370178042
72.88967819356847,2.1630800621804838,8.216236036552942,9.694320255280218,-187.35815876250697,-10.38591370178042
79.87594618245002,2.1429871403128544,8.216236036552942,9.694320255280218,-187.35786692289454,-10.38591370178042
86.95259374252699,2.19195949108439,8.216236036552942,9.694320255280218,-187.35407056782188,-10.38591370178042
105.91703293558186,2.200464891675324,8.216236036552942,9.694320255280218,-187.35357553606858,-10.38591370178042
86.75110591685899,2.3225072343592643,8.216236036552942,9.694320255280218,-187.35211516712695,-10.38591370178042
107.3799227020448,2.241926708675166,8.216236036552942,9.694320255280218,-187.3518637292261,-10.38591370178042
67.39318614529381,2.0486913796658683,8.216236036552942,9.694320255280218,-187.3472062049098,-10.38591370178042
78.72268651123548,2.1330517370378175,8.216236036552942,9.694320255280218,-187.3469442490285,-10.38591370178042
68.33572253188478,2.0717490571069845,8.216236036552942,9.694320255280218,-187.34677405271248,-10.38591370178042
105.12826645529441,2.2735722097519613,8.216236036552942,9.694320255280218,-187.34537659176604,-10.38591370178042
66.38270514496678,2.0162893241131883,8.216236036552942,9.694320255280218,-187.3450573740762,-10.38591370178042
108.08875099839808,2.1971796868155167,8.216236036552942,9.694320255280218,-187.34501460297756,-10.38591370178042
95.93149424884534,2.217635205526747,8.216236036552942,9.694320255280218,-187.3446249566276,-10.38591370178042
98.8039829144043,2.3268278995104623,8.216236036552942,9.694320255280218,-187.34419820333696,-10.38591370178042
105.88560859993639,2.2010401967645805,8.216236036552942,9.694320255280218,-187.3433350337725,-10.38591370178042
81.06046498173819,2.153240417756521,8.216236036552942,9.694320255280218,-187.34198306104352,-10.38591370178042
104.55799454804388,2.205248042144504,8.216236036552942,9.694320255280218,-187.3369101565468,-10.38591370178042
101.58863498386427,2.213017401540398,8.216236036552942,9.694320255280218,-187.33609750007528,-10.38591370178042
98.16702604385985,2.2177695712903898,8.216236036552942,9.694320255280218,-187.3358039404561,-10.38591370178042
69.07007229953092,2.029685480906906,8.216236036552942,9.694320255280218,-187.335191799599,-10.38591370178042
108.42102875821075,2.2189796389373697,8.216236036552942,9.694320255280218,-187.33366626873783,-10.38591370178042
76.5599222165155,2.220447927907955,8.216236036552942,9.694320255280218,-187.3329921134799,-10.38591370178042
101.22015081129535,2.213906055368156,8.216236036552942,9.694320255280218,-187.33189272575413,-10.38591370178042
107.25087265336236,2.2426226063110875,8.216236036552942,9.694320255280218,-187.32971903087036,-10.38591370178042
72.05311976746417,2.0642706420318717,8.216236036552942,9.694320255280218,-187.32798428792321,-10.38591370178042
101.99477428593191,2.212455939614131,8.216236036552942,9.694320255280218,-187.32600306798267,-10.38591370178042
99.62551567223748,2.3217085911808084,8.216236036552942,9.694320255280218,-187.3249682230704,-10.38591370178042
69.27088814909992,2.0916176264232007,8.216236036552942,9.694320255280218,-187.32442767883896,-10.38591370178042
66.65855218250177,2.0240606987164966,8.216236036552942,9.694320255280218,-187.32345190486555,-10.38591370178042
67.78739162388104,2.0167585764028644,8.216236036552942,9.694320255280218,-187.32271286997278,-10.38591370178042
80.4454969597486,2.148694161369363,8.216236036552942,9.694320255280218,-187.32242785112183,-10.38591370178042
87.59980212868216,2.326248709073269,8.216236036552942,9.694320255280218,-187.32127662691718,-10.38591370178042
66.53185447191687,2.013543545881589,8.216236036552942,9.694320255280218,-187.32040958076016,-10.38591370178042
90.37269017260093,2.2074371485779665,8.216236036552942,9.694320255280218,-187.31864648261026,-10.38591370178042
95.58889210076825,2.337704033536099,8.216236036552942,9.694320255280218,-187.31746642652865,-10.38591370178042
74.33990387244528,2.1861939291969748,8.216236036552942,9.694320255280218,-187.3170293878347,-10.38591370178042
68.8453843582081,2.0280928050215863,8.216236036552942,9.694320255280218,-187.31644543253316,-10.38591370178042
86.8365966340661,2.1922695045739857,8.216236036552942,9.694320255280218,-187.31592492850004,-10.38591370178042
67.45240505950967,2.047810457021896,8.216236036552942,9.694320255280218,-187.31478483080588,-10.38591370178042
66.65747239056978,2.0217945433359716,8.216236036552942,9.694320255280218,-187.31344497524475,-10.38591370178042
87.38820002469426,2.1951477838378253,8.216236036552942,9.694320255280218,-187.31259370779452,-10.38591370178042
97.49024213541443,2.2187090078693927,8.216236036552942,9.694320255280218,-187.31216766291436,-10.38591370178042
75.82770001041267,2.2091206285737144,8.216236036552942,9.694320255280218,-187.3101058552282,-10.38591370178042
102.71726236389303,2.211320082210733,8.216236036552942,9.694320255280218,-187.3091991303411,-10.38591370178042
87.14885320192009,2.3235829742128686,8.216236036552942,9.694320255280218,-187.3072281497574,-10.38591370178042
108.42218057953913,2.2063906284879806,8.216236036552942,9.694320255280218,-187.3056333531272,-10.38591370178042
77.04902507152451,2.1183574447950946,8.216236036552942,9.694320255280218,-187.30430763421552,-10.38591370178042
103.21915609824566,2.2102278291329753,8.216236036552942,9.694320255280218,-187.30427059703192,-10.38591370178042
91.11940381107712,2.337802223773153,8.216236036552942,9.694320255280218,-187.30239723833128,-10.38591370178042
95.71049197401666,2.218631404407617,8.216236036552942,9.694320255280218,-187.3018538538656,-10.38591370178042
95.17715999553945,2.3380762769387786,8.216236036552942,9.694320255280218,-187.30165057072475,-10.38591370178042
80.00954294971625,2.2637692126954505,8.216236036552942,9.694320255280218,-187.30147980143502,-10.38591370178042
96.37713372514744,2.3352835083680077,8.216236036552942,9.694320255280218,-187.3009074510661,-10.38591370178042
67.84154037716365,2.0569295938986016,8.216236036552942,9.694320255280218,-187.30018781166112,-10.38591370178042
94.58923805011199,2.3389111288083058,8.216236036552942,9.694320255280218,-187.30011464236816,-10.38591370178042
83.51540744750598,2.2983861726582546,8.216236036552942,9.694320255280218,-187.2989575385106,-10.38591370178042
106.6994654945181,2.2494817914222693,8.216236036552942,9.694320255280218,-187.2968416756191,-10.38591370178042
101.9435726811281,2.2135456279959698,8.216236036552942,9.694320255280218,-187.29681116792207,-10.38591370178042
94.99719758373182,2.218196864195093,8.216236036552942,9.694320255280218,-187.29580025480476,-10.38591370178042
99.74633998805226,2.217431584373429,8.216236036552942,9.694320255280218,-187.2956493278673,-10.38591370178042
107.28485924877938,2.239461944323395,8.216236036552942,9.694320255280218,-187.29424038562718,-10.38591370178042
108.01896105741093,2.2029366735412736,8.216236036552942,9.694320255280218,-187.29182133949752,-10.38591370178042
108.16206466117413,2.204306428495528,8.216236036552942,9.694320255280218,-187.29168616198754,-10.38591370178042
106.76168122838399,2.248088355607024,8.216236036552942,9.694320255280218,-187.29051581050894,-10.38591370178042
98.35653911844994,2.2189493125735567,8.216236036552942,9.694320255280218,-187.28987823052762,-10.38591370178042
108.15331448619587,2.219363154519087,8.216236036552942,9.694320255280218,-187.28895536267785,-10.38591370178042
108.27240494725541,2.2093563677621972,8.216236036552942,9.694320255280218,-187.28556704592296,-10.38591370178042
106.76606486581827,2.202192036393427,8.216236036552942,9.694320255280218,-187.28536734028438,-10.38591370178042
82.03935802090254,2.2846791680293705,8.216236036552942,9.694320255280218,-187.28484526985528,-10.38591370178042
85.24718479594743,2.311297683578985,8.216236036552942,9.694320255280218,-187.28311205163484,-10.38591370178042
83.79567976073187,2.30029694757377,8.216236036552942,9.694320255280218,-187.28257988133691,-10.38591370178042
83.95820622564119,2.301566811046726,8.216236036552942,9.694320255280218,-187.2806472770882,-10.38591370178042
92.64825557697117,2.3390457863356318,8.216236036552942,9.694320255280218,-187.27948093057006,-10.38591370178042
69.05484938236548,2.08452952867529,8.216236036552942,9.694320255280218,-187.27761739250948,-10.38591370178042
69.9586431147406,2.04235321442124,8.216236036552942,9.694320255280218,-187.27626921276374,-10.38591370178042
82.73621042736117,2.2909767505037877,8.216236036552942,9.694320255280218,-187.2757703769225,-10.38591370178042
69.53382819760984,2.0376889722589624,8.216236036552942,9.694320255280218,-187.27495591794036,-10.38591370178042
92.34609568845194,2.3386716138139576,8.216236036552942,9.694320255280218,-187.27269759947117,-10.38591370178042
75.04463487869091,2.1960448952146976,8.216236036552942,9.694320255280218,-187.27248750265306,-10.38591370178042
106.81957671557142,2.203098188033863,8.216236036552942,9.694320255280218,-187.27093432929274,-10.38591370178042
72.99862819004963,2.1620626000115095,8.216236036552942,9.694320255280218,-187.2698247254812,-10.38591370178042
104.5438246811627,2.277063997903511,8.216236036552942,9.694320255280218,-187.2656955499812,-10.38591370178042
82.93931896570375,2.2925030917099036,8.216236036552942,9.694320255280218,-187.26409717152737,-10.38591370178042
107.17068046700236,2.203675402501986,8.216236036552942,9.694320255280218,-187.2619763990087,-10.38591370178042
67.01555370817556,2.02279295656011,8.216236036552942,9.694320255280218,-187.26160302366625,-10.38591370178042
69.68475484712059,2.0400142804615484,8.216236036552942,9.694320255280218,-187.26095820014996,-10.38591370178042
89.33817810806727,2.20513199723851,8.216236036552942,9.694320255280218,-187.25797185706867,-10.38591370178042
70.94404868751147,2.123376314084993,8.216236036552942,9.694320255280218,-187.25772333919792,-10.38591370178042
67.42138479945211,2.041203139406335,8.216236036552942,9.694320255280218,-187.25625136646437,-10.38591370178042
68.10963316564587,2.0246509285947383,8.216236036552942,9.694320255280218,-187.2515700142079,-10.38591370178042
77.72989994872493,2.1263972161185762,8.216236036552942,9.694320255280218,-187.25013788416797,-10.38591370178042
83.50681705090204,2.1737581912400117,8.216236036552942,9.694320255280218,-187.25009931239333,-10.38591370178042
97.41227767428124,2.220468998435763,8.216236036552942,9.694320255280218,-187.2498663506474,-10.38591370178042
103.26669259909026,2.290262830096438,8.216236036552942,9.694320255280218,-187.2487556777144,-10.38591370178042
70.30950979597363,2.1101474268357947,8.216236036552942,9.694320255280218,-187.24826117153805,-10.38591370178042
98.74612465455613,2.324243075800311,8.216236036552942,9.694320255280218,-187.2476065111747,-10.38591370178042
79.84390297700388,2.2604163845854544,8.216236036552942,9.694320255280218,-187.24695577518798,-10.38591370178042
107.00295647901042,2.2406965237999685,8.216236036552942,9.694320255280218,-187.2457833888043,-10.38591370178042
103.75725290028797,2.2849390566402974,8.216236036552942,9.694320255280218,-187.24336675404646,-10.38591370178042
107.67017395529327,2.2255726665215576,8.216236036552942,9.694320255280218,-187.24115448177844,-10.38591370178042
79.50032252706922,2.142764511282749,8.216236036552942,9.694320255280218,-187.24019751727576,-10.38591370178042
85.88418459099552,2.314449417533993,8.216236036552942,9.694320255280218,-187.23966800879467,-10.38591370178042
99.07224942927174,2.219881667023145,8.216236036552942,9.694320255280218,-187.23922846120416,-10.38591370178042
67.58908025505532,2.044385045892227,8.216236036552942,9.694320255280218,-187.2385486236855,-10.38591370178042
98.8134591476478,2.323600459567743,8.216236036552942,9.694320255280218,-187.23811493750253,-10.38591370178042
101.93523845904768,2.21559905292969,8.216236036552942,9.694320255280218,-187.23786008757966,-10.38591370178042
102.65979513150943,2.2956864396032017,8.216236036552942,9.694320255280218,-187.23653782892572,-10.38591370178042
81.22793048069266,2.2752665843181177,8.216236036552942,9.694320255280218,-187.2357631366101,-10.38591370178042
93.43467986633097,2.2175370397185503,8.216236036552942,9.694320255280218,-187.23559891449162,-10.38591370178042
67.39980679122206,2.037328621149541,8.216236036552942,9.694320255280218,-187.2353597245792,-10.38591370178042
107.2950341576885,2.2336775584398794,8.216236036552942,9.694320255280218,-187.232914739133,-10.38591370178042
96.51384938011233,2.332959195925895,8.216236036552942,9.694320255280218,-187.23290819444034,-10.38591370178042
68.45664323928368,2.0290860997072,8.216236036552942,9.694320255280218,-187.23192012564314,-10.38591370178042
72.78881178069403,2.156987172583655,8.216236036552942,9.694320255280218,-187.23065768293347,-10.38591370178042
69.06532185920736,2.035115761611195,8.216236036552942,9.694320255280218,-187.22888475220458,-10.38591370178042
107.4781741069194,2.2285969685014635,8.216236036552942,9.694320255280218,-187.22690186242224,-10.38591370178042
106.93136141565981,2.2066392926979432,8.216236036552942,9.694320255280218,-187.2252125261427,-10.38591370178042
68.61881159661186,2.031023462905978,8.216236036552942,9.694320255280218,-187.22509954771968,-10.38591370178042
90.23780063087858,2.2093084750950283,8.216236036552942,9.694320255280218,-187.22451239963465,-10.38591370178042
90.87905525712054,2.3352925456834015,8.216236036552942,9.694320255280218,-187.22374835248337,-10.38591370178042
89.87200837003624,2.2080246492140816,8.216236036552942,9.694320255280218,-187.22352379234513,-10.38591370178042
107.71109987450967,2.213470923907593,8.216236036552942,9.694320255280218,-187.22174702977625,-10.38591370178042
74.43832253854222,2.1847776464000077,8.216236036552942,9.694320255280218,-187.22172491289263,-10.38591370178042
91.98661089818624,2.3369701545167203,8.216236036552942,9.694320255280218,-187.22093208579872,-10.38591370178042
68.66848499814218,2.0721302327698936,8.216236036552942,9.694320255280218,-187.22076162853946,-10.38591370178042
92.30263600893522,2.3372538949432453,8.216236036552942,9.694320255280218,-187.2203403315443,-10.38591370178042
70.54260035965787,2.1135966809629707,8.216236036552942,9.694320255280218,-187.21819062242983,-10.38591370178042
103.57256700274182,2.2857041805512495,8.216236036552942,9.694320255280218,-187.21474238628812,-10.38591370178042
75.50451105215689,2.105466285158485,8.216236036552942,9.694320255280218,-187.21326298168182,-10.38591370178042
80.69375499523663,2.2689880983809445,8.216236036552942,9.694320255280218,-187.2127304135778,-10.38591370178042
84.61560737335739,2.3048732738555344,8.216236036552942,9.694320255280218,-187.21059292315212,-10.38591370178042
84.08932324308107,2.3007891503563656,8.216236036552942,9.694320255280218,-187.2098509526854,-10.38591370178042
82.57961662742667,2.1682512838270043,8.216236036552942,9.694320255280218,-187.20851131953245,-10.38591370178042
103.7957287552072,2.2830265724027896,8.216236036552942,9.694320255280218,-187.20845509542661,-10.38591370178042
70.15622446473994,2.0476661845813453,8.216236036552942,9.694320255280218,-187.20808768461626,-10.38591370178042
78.65618219761845,2.2450253721164017,8.216236036552942,9.694320255280218,-187.20764049693523,-10.38591370178042
70.6126522686226,2.0527351073651516,8.216236036552942,9.694320255280218,-187.2058226204581,-10.38591370178042
70.1878145633995,2.1055808253971975,8.216236036552942,9.694320255280218,-187.20483132371405,-10.38591370178042
101.03545995258183,2.218427158651977,8.216236036552942,9.694320255280218,-187.20456564892447,-10.38591370178042
100.97636773303279,2.3087087581742622,8.216236036552942,9.694320255280218,-187.20413423173713,-10.38591370178042
89.58472063137641,2.207455002388656,8.216236036552942,9.694320255280218,-187.203494674691,-10.38591370178042
104.79692982582363,2.210617926485753,8.216236036552942,9.694320255280218,-187.2024755875012,-10.38591370178042
105.99589795146608,2.2085481048245015,8.216236036552942,9.694320255280218,-187.20233918861342,-10.38591370178042
69.19261461886938,2.038055023696458,8.216236036552942,9.694320255280218,-187.2004658602965,-10.38591370178042
67.8291079512846,2.0283183163400054,8.216236036552942,9.694320255280218,-187.19803640523935,-10.38591370178042
76.12029224421066,2.1121841024315273,8.216236036552942,9.694320255280218,-187.197838924765,-10.38591370178042
103.7623148703245,2.213179450771065,8.216236036552942,9.694320255280218,-187.1967337481793,-10.38591370178042
94.82263785491888,2.2207048464119055,8.216236036552942,9.694320255280218,-187.19488846181017,-10.38591370178042
85.30910014194929,2.1867121272945838,8.216236036552942,9.694320255280218,-187.19479713104218,-10.38591370178042
92.69246683145403,2.2170937398202,8.216236036552942,9.694320255280218,-187.19476435492808,-10.38591370178042
67.87689583794277,2.04778064510063,8.216236036552942,9.694320255280218,-187.1929334290512,-10.38591370178042
86.10264216803459,2.191377953641563,8.216236036552942,9.694320255280218,-187.19151014300044,-10.38591370178042
83.64998962156076,2.29667408158447,8.216236036552942,9.694320255280218,-187.1893100871657,-10.38591370178042
88.09184267567807,2.325182135079359,8.216236036552942,9.694320255280218,-187.18829251452544,-10.38591370178042
81.3496912274232,2.2752398690893045,8.216236036552942,9.694320255280218,-187.1880281115914,-10.38591370178042
105.99101370874195,2.2534268687406467,8.216236036552942,9.694320255280218,-187.18722775531634,-10.38591370178042
97.6513942494342,2.2222552228176085,8.216236036552942,9.694320255280218,-187.1868272398858,-10.38591370178042
107.37545415764598,2.223025135238828,8.216236036552942,9.694320255280218,-187.18490531605278,-10.38591370178042
82.5816917976302,2.2871514540191953,8.216236036552942,9.694320255280218,-187.18395547627557,-10.38591370178042
98.76952828564548,2.322133575832865,8.216236036552942,9.694320255280218,-187.18392582453262,-10.38591370178042
83.40369966487062,2.1748185048238753,8.216236036552942,9.694320255280218,-187.18044723126005,-10.38591370178042
82.56953378274385,2.2869225338971404,8.216236036552942,9.694320255280218,-187.1796088515403,-10.38591370178042
95.41489798989842,2.221755148082252,8.216236036552942,9.694320255280218,-187.17867549331373,-10.38591370178042
103.68752930414428,2.2143288306216817,8.216236036552942,9.694320255280218,-187.17428523350526,-10.38591370178042
98.7445255765662,2.222144185056621,8.216236036552942,9.694320255280218,-187.1742038562729,-10.38591370178042
67.80328151224926,2.0408162903381992,8.216236036552942,9.694320255280218,-187.17383339559464,-10.38591370178042
106.18896194571573,2.249146092449948,8.216236036552942,9.694320255280218,-187.17267964403493,-10.38591370178042
102.8719570822326,2.291058367442517,8.216236036552942,9.694320255280218,-187.17142766696065,-10.38591370178042
106.1120972814588,2.2503299575257785,8.216236036552942,9.694320255280218,-187.17135487153462,-10.38591370178042
82.89560048409999,2.2896278625690627,8.216236036552942,9.694320255280218,-187.1697430515201,-10.38591370178042
101.9116863470383,2.299874495623044,8.216236036552942,9.694320255280218,-187.16955012840762,-10.38591370178042
106.74569377913788,2.238098666752208,8.216236036552942,9.694320255280218,-187.1664671009392,-10.38591370178042
90.72217793272941,2.3334269450008662,8.216236036552942,9.694320255280218,-187.16610387415392,-10.38591370178042
83.81097673262664,2.297358028969711,8.216236036552942,9.694320255280218,-187.16502631460884,-10.38591370178042
75.77685489047873,2.109752709568923,8.216236036552942,9.694320255280218,-187.16405431218848,-10.38591370178042
67.94112619148723,2.0340949254227922,8.216236036552942,9.694320255280218,-187.1639149166401,-10.38591370178042
72.23201010686894,2.1443178065418635,8.216236036552942,9.694320255280218,-187.1636281655476,-10.38591370178042
91.93283471308202,2.3353615825359384,8.216236036552942,9.694320255280218,-187.16336620759776,-10.38591370178042
71.83681090531745,2.06794933277115,8.216236036552942,9.694320255280218,-187.16305760891217,-10.38591370178042
107.1126509432673,2.2278048005881175,8.216236036552942,9.694320255280218,-187.16278164074143,-10.38591370178042
68.40180632971598,2.0603312901296107,8.216236036552942,9.694320255280218,-187.16220630261444,-10.38591370178042
84.50023475458501,2.1825763841871435,8.216236036552942,9.694320255280218,-187.16145191103936,-10.38591370178042
76.3768062050779,2.11584104493123,8.216236036552942,9.694320255280218,-187.16133137478167,-10.38591370178042
100.39951675328435,2.2209660708926435,8.216236036552942,9.694320255280218,-187.1582865653423,-10.38591370178042
78.9046727596593,2.246711535850892,8.216236036552942,9.694320255280218,-187.15820183430841,-10.38591370178042
76.3599365545289,2.1157915805057854,8.216236036552942,9.694320255280218,-187.15745827044938,-10.38591370178042
75.9135462491229,2.2056705161853074,8.216236036552942,9.694320255280218,-187.15442258437383,-10.38591370178042
71.99581877741532,2.0700336376942374,8.216236036552942,9.694320255280218,-187.1543320312976,-10.38591370178042
94.48001306619481,2.2214227413936953,8.216236036552942,9.694320255280218,-187.15313562763964,-10.38591370178042
91.1493184264582,2.2141262372314827,8.216236036552942,9.694320255280218,-187.1528548224637,-10.38591370178042
76.19647381046543,2.114330982523583,8.216236036552942,9.694320255280218,-187.15214144703057,-10.38591370178042
91.72873692820495,2.3347996775214455,8.216236036552942,9.694320255280218,-187.15180345676765,-10.38591370178042
96.38274830100164,2.3309585360894403,8.216236036552942,9.694320255280218,-187.15120706675134,-10.38591370178042
94.11069096867728,2.2209506043618035,8.216236036552942,9.694320255280218,-187.15086733136764,-10.38591370178042
107.0953614281724,2.2213961919251233,8.216236036552942,9.694320255280218,-187.14877903526605,-10.38591370178042
69.06502869078949,2.040469630982855,8.216236036552942,9.694320255280218,-187.14676589183912,-10.38591370178042
83.18981932563845,2.2916002778785582,8.216236036552942,9.694320255280218,-187.146334508016,-10.38591370178042
69.46985648343941,2.0864019742724054,8.216236036552942,9.694320255280218,-187.1463167600047,-10.38591370178042
102.68160630983124,2.291829305742425,8.216236036552942,9.694320255280218,-187.14524299909056,-10.38591370178042
79.70539479733831,2.2559741238909794,8.216236036552942,9.694320255280218,-187.14499187540613,-10.38591370178042
72.39444279471427,2.0747777506746985,8.216236036552942,9.694320255280218,-187.143746447117,-10.38591370178042
83.62370428780666,2.1772955196668704,8.216236036552942,9.694320255280218,-187.14301699919187,-10.38591370178042
94.34117390394067,2.221544703850512,8.216236036552942,9.694320255280218,-187.14176601271964,-10.38591370178042
69.29380251507484,2.0428596410183104,8.216236036552942,9.694320255280218,-187.1406329206137,-10.38591370178042
72.83235306854107,2.1544232335740503,8.216236036552942,9.694320255280218,-187.1406074728541,-10.38591370178042
74.42927203745901,2.0966421231869816,8.216236036552942,9.694320255280218,-187.1401135392032,-10.38591370178042
103.48930247295196,2.2162785153183506,8.216236036552942,9.694320255280218,-187.13980563395134,-10.38591370178042
102.55555600072302,2.2927872900147293,8.216236036552942,9.694320255280218,-187.13907410745009,-10.38591370178042
103.66242946930254,2.2160514319419917,8.216236036552942,9.694320255280218,-187.1374695391441,-10.38591370178042
76.41274540959279,2.212516437933317,8.216236036552942,9.694320255280218,-187.13741933207262,-10.38591370178042
102.32078856956734,2.218622583817023,8.216236036552942,9.694320255280218,-187.13729867627035,-10.38591370178042
102.62908273183896,2.2180781531558154,8.216236036552942,9.694320255280218,-187.13654710646253,-10.38591370178042
68.41507357119121,2.0576214683707263,8.216236036552942,9.694320255280218,-187.1358952755241,-10.38591370178042
68.92677474779232,2.072220266596972,8.216236036552942,9.694320255280218,-187.1357002944039,-10.38591370178042
69.30125903173575,2.0816347794909547,8.216236036552942,9.694320255280218,-187.13548519455168,-10.38591370178042
106.3555135090673,2.2426970714418673,8.216236036552942,9.694320255280218,-187.13456554745932,-10.38591370178042
68.40588256224208,2.0378314027802986,8.216236036552942,9.694320255280218,-187.1344248586822,-10.38591370178042
106.49078458676262,2.2398205942122047,8.216236036552942,9.694320255280218,-187.1340359268256,-10.38591370178042
68.28176671926018,2.03811904255096,8.216236036552942,9.694320255280218,-187.13347288167787,-10.38591370178042
106.77402343133181,2.2170154371476087,8.216236036552942,9.694320255280218,-187.13301661511798,-10.38591370178042
88.12031190453206,2.2031933495033087,8.216236036552942,9.694320255280218,-187.13007261828963,-10.38591370178042
105.55274937216451,2.213877334295688,8.216236036552942,9.694320255280218,-187.12839734924486,-10.38591370178042
106.28215394910887,2.243427543358422,8.216236036552942,9.694320255280218,-187.1275851471244,-10.38591370178042
91.99048343402637,2.3344219310045418,8.216236036552942,9.694320255280218,-187.12688790422732,-10.38591370178042
98.11851760666254,2.2239494987566673,8.216236036552942,9.694320255280218,-187.1268638779582,-10.38591370178042
106.73124415731453,2.232057867678705,8.216236036552942,9.694320255280218,-187.12376879631782,-10.38591370178042
87.2066819136558,2.1989992671994543,8.216236036552942,9.694320255280218,-187.12271763580642,-10.38591370178042
95.91748167779787,2.2237609757168713,8.216236036552942,9.694320255280218,-187.12198106183232,-10.38591370178042
93.66994822024374,2.2210169569474942,8.216236036552942,9.694320255280218,-187.12197877681768,-10.38591370178042
71.53834541620878,2.129216970065073,8.216236036552942,9.694320255280218,-187.12079509710873,-10.38591370178042
68.52816000856868,2.0591914187492506,8.216236036552942,9.694320255280218,-187.12064863996017,-10.38591370178042
81.49428920760917,2.274825710890809,8.216236036552942,9.694320255280218,-187.11932606848373,-10.38591370178042
74.87039788712475,2.188263063852091,8.216236036552942,9.694320255280218,-187.11738518171103,-10.38591370178042
70.05084176644985,2.051380579174065,8.216236036552942,9.694320255280218,-187.11728460807092,-10.38591370178042
100.71640681502195,2.2219968677081,8.216236036552942,9.694320255280218,-187.11672664530377,-10.38591370178042
104.24363234593798,2.2160904596831585,8.216236036552942,9.694320255280218,-187.11580816866132,-10.38591370178042
68.866029642351,2.041789777055598,8.216236036552942,9.694320255280218,-187.1150640507251,-10.38591370178042
84.41561724790165,2.1832569032386147,8.216236036552942,9.694320255280218,-187.1146798650858,-10.38591370178042
102.11698660400121,2.2199151728490705,8.216236036552942,9.694320255280218,-187.11417170677598,-10.38591370178042
98.57835830101472,2.2241775173631737,8.216236036552942,9.694320255280218,-187.1132353857715,-10.38591370178042
68.4662281652738,2.0557409629101784,8.216236036552942,9.694320255280218,-187.11263893083222,-10.38591370178042
88.9032402831416,2.326515984257256,8.216236036552942,9.694320255280218,-187.11195950434657,-10.38591370178042
83.58772392988595,2.2940582172761026,8.216236036552942,9.694320255280218,-187.1115009423881,-10.38591370178042
72.51946706323635,2.0776153859202395,8.216236036552942,9.694320255280218,-187.10631923305093,-10.38591370178042
70.37113969129402,2.0551842875030673,8.216236036552942,9.694320255280218,-187.10575289332013,-10.38591370178042
94.58459430607711,2.222907594520265,8.216236036552942,9.694320255280218,-187.10525026720993,-10.38591370178042
99.76519243022413,2.2235272651280553,8.216236036552942,9.694320255280218,-187.10521277533414,-10.38591370178042
73.42362971790655,2.1635746609127438,8.216236036552942,9.694320255280218,-187.10521022257706,-10.38591370178042
106.16898882707514,2.2432801396247584,8.216236036552942,9.694320255280218,-187.10515240645108,-10.38591370178042
73.96337057922491,2.1728614585111927,8.216236036552942,9.694320255280218,-187.10482305462492,-10.38591370178042
84.75353682933212,2.185684353424776,8.216236036552942,9.694320255280218,-187.10353997833005,-10.38591370178042
68.59077494389348,2.042697673968391,8.216236036552942,9.694320255280218,-187.10226703225732,-10.38591370178042
98.6985444695401,2.319845391376532,8.216236036552942,9.694320255280218,-187.10226206518107,-10.38591370178042
103.52141860765109,2.2811318584729747,8.216236036552942,9.694320255280218,-187.10190271932984,-10.38591370178042
103.13236473617827,2.2186863398146244,8.216236036552942,9.694320255280218,-187.10134697032112,-10.38591370178042
106.63052896851067,2.222359711905611,8.216236036552942,9.694320255280218,-187.10127703202994,-10.38591370178042
79.12751236253212,2.1433788182712448,8.216236036552942,9.694320255280218,-187.09988212610654,-10.38591370178042
101.56491508878916,2.3000915424928223,8.216236036552942,9.694320255280218,-187.09899706145214,-10.38591370178042
106.6055330304281,2.22946312440169,8.216236036552942,9.694320255280218,-187.09738377243048,-10.38591370178042
74.35943779351875,2.179212599645794,8.216236036552942,9.694320255280218,-187.09689353807616,-10.38591370178042
68.48596883364564,2.045416440464763,8.216236036552942,9.694320255280218,-187.09526125620687,-10.38591370178042
81.41393427886796,2.273323426472402,8.216236036552942,9.694320255280218,-187.09515830964463,-10.38591370178042
83.15983724506252,2.289932656429798,8.216236036552942,9.694320255280218,-187.09503862741113,-10.38591370178042
83.73772857433516,2.179336303579234,8.216236036552942,9.694320255280218,-187.09498753420118,-10.38591370178042
74.67463878421567,2.184316358676341,8.216236036552942,9.694320255280218,-187.09487505407478,-10.38591370178042
69.0787780571342,2.072396073579398,8.216236036552942,9.694320255280218,-187.09343995177932,-10.38591370178042
74.98276676462385,2.1039764678540678,8.216236036552942,9.694320255280218,-187.09287950235264,-10.38591370178042
88.573656194067,2.2062277937966286,8.216236036552942,9.694320255280218,-187.09152743914677,-10.38591370178042
70.64040610267025,2.109318055317047,8.216236036552942,9.694320255280218,-187.09108168853248,-10.38591370178042
94.455487270121,2.223155016517339,8.216236036552942,9.694320255280218,-187.0903804445827,-10.38591370178042
102.76558696660825,2.2198865608717995,8.216236036552942,9.694320255280218,-187.0886313675412,-10.38591370178042
78.07684050493295,2.1343095074608556,8.216236036552942,9.694320255280218,-187.08710836288265,-10.38591370178042
106.32725786743342,2.2370290999490834,8.216236036552942,9.694320255280218,-187.08687034044306,-10.38591370178042
100.43730651000848,2.223447496503894,8.216236036552942,9.694320255280218,-187.08651917190545,-10.38591370178042
74.30812446378512,2.0972651861686984,8.216236036552942,9.694320255280218,-187.0858192639977,-10.38591370178042
95.76364896036247,2.2247444846063615,8.216236036552942,9.694320255280218,-187.08474614577602,-10.38591370178042
70.70138274833877,2.110269973983364,8.216236036552942,9.694320255280218,-187.08470199784338,-10.38591370178042
106.05323668361706,2.2185983369833053,8.216236036552942,9.694320255280218,-187.08439425055528,-10.38591370178042
95.2372897209793,2.224297421137635,8.216236036552942,9.694320255280218,-187.08378533009582,-10.38591370178042
71.28972358386729,2.0656753847252816,8.216236036552942,9.694320255280218,-187.08326617146477,-10.38591370178042
85.49437983283543,2.1907350239109604,8.216236036552942,9.694320255280218,-187.08211079498278,-10.38591370178042
75.75590535189198,2.200903495849616,8.216236036552942,9.694320255280218,-187.08172335017142,-10.38591370178042
76.86476388818066,2.217247767089546,8.216236036552942,9.694320255280218,-187.08143139076114,-10.38591370178042
106.07970275833353,2.2421936586562765,8.216236036552942,9.694320255280218,-187.08040895664038,-10.38591370178042
100.37256308781402,2.308667849837178,8.216236036552942,9.694320255280218,-187.08016335556843,-10.38591370178042
68.64708979417598,2.047712984280878,8.216236036552942,9.694320255280218,-187.07834420013432,-10.38591370178042
87.97739749820443,2.20396118594104,8.216236036552942,9.694320255280218,-187.0759162546492,-10.38591370178042
106.05819985540928,2.2420649449143326,8.216236036552942,9.694320255280218,-187.07577625488832,-10.38591370178042
93.75514357687223,2.2224930999233266,8.216236036552942,9.694320255280218,-187.07471305245437,-10.38591370178042
95.55696423684408,2.2249236129927112,8.216236036552942,9.694320255280218,-187.07292025209802,-10.38591370178042
89.44287997079077,2.3273584617672043,8.216236036552942,9.694320255280218,-187.07278174191802,-10.38591370178042
83.60828404216427,2.2931405030209504,8.216236036552942,9.694320255280218,-187.0720787323158,-10.38591370178042
105.30070153550835,2.2180929652426897,8.216236036552942,9.694320255280218,-187.07162804906523,-10.38591370178042
98.85185233517004,2.317948192832901,8.216236036552942,9.694320255280218,-187.07084011320228,-10.38591370178042
104.61789101978593,2.2658711964594005,8.216236036552942,9.694320255280218,-187.07060399655313,-10.38591370178042
97.1021198037224,2.3260354881271894,8.216236036552942,9.694320255280218,-187.07034988667826,-10.38591370178042
83.11072356808289,2.1757313932018434,8.216236036552942,9.694320255280218,-187.06922942520515,-10.38591370178042
95.92451161014505,2.2253306082576643,8.216236036552942,9.694320255280218,-187.06913179558566,-10.38591370178042
103.32882051120924,2.2816257728646576,8.216236036552942,9.694320255280218,-187.06861006922742,-10.38591370178042
82.13743161561194,2.2797690256905696,8.216236036552942,9.694320255280218,-187.06840247262662,-10.38591370178042
104.70837887632415,2.2184073277371397,8.216236036552942,9.694320255280218,-187.06720726707027,-10.38591370178042
68.72401018629849,2.0507461487244854,8.216236036552942,9.694320255280218,-187.0659868940627,-10.38591370178042
73.69415153626157,2.1667139244973015,8.216236036552942,9.694320255280218,-187.0643427134809,-10.38591370178042
76.68466275341315,2.121875089950194,8.216236036552942,9.694320255280218,-187.06426212199094,-10.38591370178042
70.52402589163765,2.059138553339139,8.216236036552942,9.694320255280218,-187.06315234830356,-10.38591370178042
84.01821912229069,2.2961965702224063,8.216236036552942,9.694320255280218,-187.06095989875098,-10.38591370178042
99.26822376423813,2.3151407558093524,8.216236036552942,9.694320255280218,-187.05902443322236,-10.38591370178042
74.49195527963515,2.1001307428899025,8.216236036552942,9.694320255280218,-187.05892121268346,-10.38591370178042
80.90167043098683,2.266901702767612,8.216236036552942,9.694320255280218,-187.05872969973413,-10.38591370178042
106.24380209973917,2.2256925995126124,8.216236036552942,9.694320255280218,-187.05871731668068,-10.38591370178042
83.42544437041198,2.291215657513831,8.216236036552942,9.694320255280218,-187.05864225150603,-10.38591370178042
69.4183506730056,2.0782052370894917,8.216236036552942,9.694320255280218,-187.05847119116333,-10.38591370178042
70.71107104794089,2.0613679859146146,8.216236036552942,9.694320255280218,-187.0556033119187,-10.38591370178042
68.81707432192077,2.0535122098341105,8.216236036552942,9.694320255280218,-187.05435675095234,-10.38591370178042
106.13561542342062,2.224473594871739,8.216236036552942,9.694320255280218,-187.0536367105548,-10.38591370178042
87.54364690943045,2.202567217136192,8.216236036552942,9.694320255280218,-187.05097512975323,-10.38591370178042
94.0569716552876,2.3323372360259924,8.216236036552942,9.694320255280218,-187.04727343179223,-10.38591370178042
78.38153436497271,2.1382985734841213,8.216236036552942,9.694320255280218,-187.0468776611207,-10.38591370178042
104.99434710377774,2.220001772822201,8.216236036552942,9.694320255280218,-187.04484719055645,-10.38591370178042
98.58368345352429,2.3184760869586114,8.216236036552942,9.694320255280218,-187.0441803028531,-10.38591370178042
69.56679027466497,2.080655854255099,8.216236036552942,9.694320255280218,-187.04269245389486,-10.38591370178042
106.11405281904152,2.2329858202030977,8.216236036552942,9.694320255280218,-187.04240477140982,-10.38591370178042
75.10916160032369,2.1070781557736638,8.216236036552942,9.694320255280218,-187.04047380480566,-10.38591370178042
102.35048227085764,2.2903973447335915,8.216236036552942,9.694320255280218,-187.0392470909159,-10.38591370178042
102.96993783270463,2.284013069840441,8.216236036552942,9.694320255280218,-187.03816303698434,-10.38591370178042
98.3578085966893,2.319412454113774,8.216236036552942,9.694320255280218,-187.0374500531731,-10.38591370178042
97.84723177308801,2.321849414733606,8.216236036552942,9.694320255280218,-187.03700210147116,-10.38591370178042
75.15879346887453,2.107731511689636,8.216236036552942,9.694320255280218,-187.03614857809615,-10.38591370178042
100.799871477895,2.224950039833601,8.216236036552942,9.694320255280218,-187.03528499324025,-10.38591370178042
97.25639215054458,2.324269802896481,8.216236036552942,9.694320255280218,-187.03433519816164,-10.38591370178042
102.26418543933386,2.290987519504398,8.216236036552942,9.694320255280218,-187.03386553363345,-10.38591370178042
97.68382922361,2.2270174413718706,8.216236036552942,9.694320255280218,-187.03371360751433,-10.38591370178042
96.8847136453138,2.3256256785218596,8.216236036552942,9.694320255280218,-187.03295948594894,-10.38591370178042
69.84006953386415,2.086906740686814,8.216236036552942,9.694320255280218,-187.03290440041297,-10.38591370178042
97.71837740618084,2.227054990445936,8.216236036552942,9.694320255280218,-187.03251738019011,-10.38591370178042
73.46907562979527,2.090619332821447,8.216236036552942,9.694320255280218,-187.03141389534122,-10.38591370178042
92.62346888914696,2.332148527504472,8.216236036552942,9.694320255280218,-187.0304517712128,-10.38591370178042
89.63292876285843,2.3267467385417575,8.216236036552942,9.694320255280218,-187.02908723131586,-10.38591370178042
96.72938195115447,2.2270082183862883,8.216236036552942,9.694320255280218,-187.02898346371904,-10.38591370178042
96.25996924859356,2.327522177463706,8.216236036552942,9.694320255280218,-187.02818036573734,-10.38591370178042
103.86710285272305,2.273075428153504,8.216236036552942,9.694320255280218,-187.02776951894197,-10.38591370178042
82.6932280639843,2.1739400164338463,8.216236036552942,9.694320255280218,-187.02689381486152,-10.38591370178042
104.01175660101342,2.2711809969895995,8.216236036552942,9.694320255280218,-187.02680405923647,-10.38591370178042
99.24211949132527,2.314106944298942,8.216236036552942,9.694320255280218,-187.02590331587496,-10.38591370178042
94.85839145464847,2.2255786946176386,8.216236036552942,9.694320255280218,-187.0258477499677,-10.38591370178042
97.12893650859706,2.227232684785946,8.216236036552942,9.694320255280218,-187.0256573339465,-10.38591370178042
105.74062239718204,2.2248806579074767,8.216236036552942,9.694320255280218,-187.02464442676776,-10.38591370178042
91.65077746174867,2.2191055620760665,8.216236036552942,9.694320255280218,-187.02379014620936,-10.38591370178042
79.47342716799373,2.1486286314329845,8.216236036552942,9.694320255280218,-187.0232369632414,-10.38591370178042
78.24233361580042,2.2341610895876016,8.216236036552942,9.694320255280218,-187.02188586078339,-10.38591370178042
99.52238280684413,2.226698239538621,8.216236036552942,9.694320255280218,-187.02140773408254,-10.38591370178042
69.59711754942848,2.0553425883579166,8.216236036552942,9.694320255280218,-187.02111777511567,-10.38591370178042
105.69531227000276,2.2250327772112684,8.216236036552942,9.694320255280218,-187.02103515135042,-10.38591370178042
79.59393656888102,2.149739262960921,8.216236036552942,9.694320255280218,-187.02056371293557,-10.38591370178042
85.00661449911814,2.302454977347651,8.216236036552942,9.694320255280218,-187.01592930403115,-10.38591370178042
86.23588638492367,2.310616268197535,8.216236036552942,9.694320255280218,-187.01515347385222,-10.38591370178042
100.629781912523,2.304248351541233,8.216236036552942,9.694320255280218,-187.01494465891295,-10.38591370178042
104.33929460256812,2.266003726447721,8.216236036552942,9.694320255280218,-187.01477427157639,-10.38591370178042
86.68705909207475,2.199294338944668,8.216236036552942,9.694320255280218,-187.01150742264872,-10.38591370178042
85.19643669326105,2.3036590417026304,8.216236036552942,9.694320255280218,-187.01081016640345,-10.38591370178042
105.76126708045834,2.2382910869627892,8.216236036552942,9.694320255280218,-187.01065261856942,-10.38591370178042
74.01415553529752,2.170107044702803,8.216236036552942,9.694320255280218,-187.01046204625686,-10.38591370178042
69.93493395798643,2.0872765858688496,8.216236036552942,9.694320255280218,-187.0101992797898,-10.38591370178042
86.25582972557655,2.197022998618536,8.216236036552942,9.694320255280218,-187.00959768075023,-10.38591370178042
79.99841682911249,2.255365727962797,8.216236036552942,9.694320255280218,-187.0089311171396,-10.38591370178042
93.43508751318402,2.223810188573509,8.216236036552942,9.694320255280218,-187.0084083696949,-10.38591370178042
79.60722733038645,2.250750242703319,8.216236036552942,9.694320255280218,-187.0077940818859,-10.38591370178042
76.52731248971993,2.2098849533009,8.216236036552942,9.694320255280218,-187.00659987500015,-10.38591370178042
82.61806764753693,2.282508213046526,8.216236036552942,9.694320255280218,-187.0056409602063,-10.38591370178042
102.22992038057038,2.289979999434692,8.216236036552942,9.694320255280218,-187.00519529476617,-10.38591370178042
81.21629475972445,2.2686568692628697,8.216236036552942,9.694320255280218,-187.00512525651456,-10.38591370178042
69.56614666654174,2.076160911282429,8.216236036552942,9.694320255280218,-187.00487375400692,-10.38591370178042
100.68410001420423,2.3034232384092377,8.216236036552942,9.694320255280218,-187.00486733084506,-10.38591370178042
105.62508571472726,2.2272559099451,8.216236036552942,9.694320255280218,-187.00475652154202,-10.38591370178042
105.7734104307561,2.2313984399381894,8.216236036552942,9.694320255280218,-187.0047090634569,-10.38591370178042
74.63734378561212,2.1036479854887773,8.216236036552942,9.694320255280218,-187.00380257054414,-10.38591370178042
103.67092719405784,2.2230374996741773,8.216236036552942,9.694320255280218,-187.00352555462726,-10.38591370178042
70.36804635088177,2.0974130269803624,8.216236036552942,9.694320255280218,-187.0022158453297,-10.38591370178042
69.5806977916501,2.0578221498415132,8.216236036552942,9.694320255280218,-187.00172534241364,-10.38591370178042
76.56276085941538,2.1228098949878245,8.216236036552942,9.694320255280218,-186.99995555543106,-10.38591370178042
102.54051282526382,2.224348150566783,8.216236036552942,9.694320255280218,-186.9999465427932,-10.38591370178042
102.90628662971238,2.223951753366819,8.216236036552942,9.694320255280218,-186.9996760172919,-10.38591370178042
69.80739933354867,2.05863573992724,8.216236036552942,9.694320255280218,-186.99967300085203,-10.38591370178042
77.1518817117716,2.218615776502048,8.216236036552942,9.694320255280218,-186.99933419650074,-10.38591370178042
105.6960990496,2.2322623493862324,8.216236036552942,9.694320255280218,-186.9962161811068,-10.38591370178042
90.79442679864415,2.3288172268010783,8.216236036552942,9.694320255280218,-186.99554395129704,-10.38591370178042
78.01515955087147,2.136579474960314,8.216236036552942,9.694320255280218,-186.9951777246684,-10.38591370178042
77.23415838549788,2.1293909272171163,8.216236036552942,9.694320255280218,-186.99394091056476,-10.38591370178042
94.22095792133287,2.3305229254159627,8.216236036552942,9.694320255280218,-186.9927241833644,-10.38591370178042
69.54077458087535,2.059466598720661,8.216236036552942,9.694320255280218,-186.9925682553008,-10.38591370178042
76.78322845663203,2.2130542702715275,8.216236036552942,9.694320255280218,-186.99047076904816,-10.38591370178042
85.37316881686073,2.304304658597516,8.216236036552942,9.694320255280218,-186.99039666349782,-10.38591370178042
84.49200798619279,2.297873465425269,8.216236036552942,9.694320255280218,-186.98920555836943,-10.38591370178042
75.30292241951608,2.1108711107072224,8.216236036552942,9.694320255280218,-186.98890966928934,-10.38591370178042
94.0293517462923,2.225489240276943,8.216236036552942,9.694320255280218,-186.98819027132666,-10.38591370178042
98.45206550693395,2.228466597321926,8.216236036552942,9.694320255280218,-186.98722471803902,-10.38591370178042
73.09034851764315,2.1526721212399735,8.216236036552942,9.694320255280218,-186.98621642632875,-10.38591370178042
103.61980423069953,2.2735649108292932,8.216236036552942,9.694320255280218,-186.98501674809467,-10.38591370178042
70.85092417138044,2.1073775775904693,8.216236036552942,9.694320255280218,-186.98484073798622,-10.38591370178042
69.46494263357839,2.0637036392307095,8.216236036552942,9.694320255280218,-186.98420010783755,-10.38591370178042
71.22914593614645,2.0705189828145762,8.216236036552942,9.694320255280218,-186.98395613761983,-10.38591370178042
88.81501032843518,2.2101953467185638,8.216236036552942,9.694320255280218,-186.98391479302137,-10.38591370178042
70.52100305661398,2.099631962098101,8.216236036552942,9.694320255280218,-186.98390524135414,-10.38591370178042
103.86460020338293,2.2703286326880487,8.216236036552942,9.694320255280218,-186.983598844148,-10.38591370178042
69.91315314813258,2.060970529334341,8.216236036552942,9.694320255280218,-186.98309644767141,-10.38591370178042
72.76127286670253,2.146400713849985,8.216236036552942,9.694320255280218,-186.98299081695353,-10.38591370178042
100.63424246486179,2.3028776590212487,8.216236036552942,9.694320255280218,-186.98231907938182,-10.38591370178042
78.70612615354862,2.143197310892276,8.216236036552942,9.694320255280218,-186.98215829477704,-10.38591370178042
71.99868585183863,2.1315471560214263,8.216236036552942,9.694320255280218,-186.9819919635458,-10.38591370178042
100.31379842742197,2.3052435860474674,8.216236036552942,9.694320255280218,-186.9811353142829,-10.38591370178042
105.31304927897393,2.228068779344383,8.216236036552942,9.694320255280218,-186.98049763148055,-10.38591370178042
79.0596831685117,2.2432340451635753,8.216236036552942,9.694320255280218,-186.97996662069286,-10.38591370178042
100.63061670496637,2.2273601794827442,8.216236036552942,9.694320255280218,-186.97955562684254,-10.38591370178042
91.52910274575521,2.3295492745302653,8.216236036552942,9.694320255280218,-186.97667861299044,-10.38591370178042
98.534264904528,2.22886023176936,8.216236036552942,9.694320255280218,-186.97544895890766,-10.38591370178042
100.95466112320838,2.300022722301435,8.216236036552942,9.694320255280218,-186.97500711507922,-10.38591370178042
69.56070102448093,2.0652650144353117,8.216236036552942,9.694320255280218,-186.97395200136972,-10.38591370178042
73.34032846453063,2.1566225011081315,8.216236036552942,9.694320255280218,-186.97264430463727,-10.38591370178042
105.47926189197294,2.2354873056140576,8.216236036552942,9.694320255280218,-186.97252439712724,-10.38591370178042
99.88817305059283,2.228293426464788,8.216236036552942,9.694320255280218,-186.97177804738433,-10.38591370178042
70.75553419173718,2.067293201444329,8.216236036552942,9.694320255280218,-186.97150101617072,-10.38591370178042
96.68509509879416,2.228903419589784,8.216236036552942,9.694320255280218,-186.96965332105634,-10.38591370178042
97.24899583289432,2.322077823208616,8.216236036552942,9.694320255280218,-186.9684869454709,-10.38591370178042
103.75671770975714,2.270731470931011,8.216236036552942,9.694320255280218,-186.96842381363146,-10.38591370178042
88.898281636727,2.211005548685364,8.216236036552942,9.694320255280218,-186.96760133199308,-10.38591370178042
69.80342142635816,2.077728086684516,8.216236036552942,9.694320255280218,-186.96593092660748,-10.38591370178042
87.0799844514913,2.202605419900763,8.216236036552942,9.694320255280218,-186.96571184785117,-10.38591370178042
103.97712457615052,2.2674328754954587,8.216236036552942,9.694320255280218,-186.96396227182953,-10.38591370178042
69.94528726868248,2.063637802821816,8.216236036552942,9.694320255280218,-186.96356790096232,-10.38591370178042
69.70468684298996,2.0729328931164446,8.216236036552942,9.694320255280218,-186.96355954051876,-10.38591370178042
73.80372616389437,2.1644863921242887,8.216236036552942,9.694320255280218,-186.96330571947124,-10.38591370178042
79.10601169398754,2.2432426303553683,8.216236036552942,9.694320255280218,-186.96232369797104,-10.38591370178042
89.9012573281061,2.325617715479467,8.216236036552942,9.694320255280218,-186.96193605248794,-10.38591370178042
82.32205228850492,2.1731226889709063,8.216236036552942,9.694320255280218,-186.96128840256827,-10.38591370178042
84.59313165149776,2.188597766151659,8.216236036552942,9.694320255280218,-186.9606502681387,-10.38591370178042
71.45088408585296,2.118984183258803,8.216236036552942,9.694320255280218,-186.96063296525773,-10.38591370178042
95.20095800467332,2.3279839865774363,8.216236036552942,9.694320255280218,-186.96011758726618,-10.38591370178042
82.99256719986062,2.177976348708256,8.216236036552942,9.694320255280218,-186.95973358392575,-10.38591370178042
91.48313441342023,2.22049821818311,8.216236036552942,9.694320255280218,-186.958259496865,-10.38591370178042
77.5436698829811,2.222620381812604,8.216236036552942,9.694320255280218,-186.95635355457637,-10.38591370178042
71.3049818713861,2.1155301087673735,8.216236036552942,9.694320255280218,-186.9560784672247,-10.38591370178042
103.32490662522972,2.27534909904233,8.216236036552942,9.694320255280218,-186.95516528474022,-10.38591370178042
103.95822080930873,2.22627028084716,8.216236036552942,9.694320255280218,-186.95420710629864,-10.38591370178042
104.14958107318247,2.226709616129412,8.216236036552942,9.694320255280218,-186.95082690673203,-10.38591370178042
76.29651856237409,2.121961769852902,8.216236036552942,9.694320255280218,-186.95058767801018,-10.38591370178042
104.55129537530334,2.257380226762834,8.216236036552942,9.694320255280218,-186.95016477883738,-10.38591370178042
72.47041354077102,2.084215159465302,8.216236036552942,9.694320255280218,-186.94982718995098,-10.38591370178042
77.37244164722573,2.220019533065255,8.216236036552942,9.694320255280218,-186.94980198121527,-10.38591370178042
85.32037023464578,2.3027613787453447,8.216236036552942,9.694320255280218,-186.94973350355605,-10.38591370178042
105.25133002907407,2.2387740230727644,8.216236036552942,9.694320255280218,-186.94944334759717,-10.38591370178042
102.74738254216234,2.2816877837758938,8.216236036552942,9.694320255280218,-186.94869800005773,-10.38591370178042
97.14277559467132,2.321814203273135,8.216236036552942,9.694320255280218,-186.9486564385165,-10.38591370178042
94.87776001832282,2.227979635483422,8.216236036552942,9.694320255280218,-186.948351627041,-10.38591370178042
87.84081853645715,2.2068364866962185,8.216236036552942,9.694320255280218,-186.94812210257743,-10.38591370178042
86.26758294762233,2.3088762418848034,8.216236036552942,9.694320255280218,-186.94786447193408,-10.38591370178042
97.19369759362269,2.229831002651949,8.216236036552942,9.694320255280218,-186.94773929896402,-10.38591370178042
104.53940409999875,2.2572079944852277,8.216236036552942,9.694320255280218,-186.94647628142135,-10.38591370178042
89.83357688895533,2.3249606120133137,8.216236036552942,9.694320255280218,-186.94631220850346,-10.38591370178042
78.73968128769928,2.2381159442107474,8.216236036552942,9.694320255280218,-186.94591792334583,-10.38591370178042
103.85844954996782,2.226884191263167,8.216236036552942,9.694320255280218,-186.94511198380994,-10.38591370178042
76.0658796683985,2.2007266766757994,8.216236036552942,9.694320255280218,-186.94317791312875,-10.38591370178042
70.48747644777447,2.0951195567028265,8.216236036552942,9.694320255280218,-186.94294243466413,-10.38591370178042
104.99789995991641,2.231471245310317,8.216236036552942,9.694320255280218,-186.9422958536056,-10.38591370178042
98.23325187659064,2.2301102133740898,8.216236036552942,9.694320255280218,-186.94227996428498,-10.38591370178042
87.66920945136373,2.316395673367481,8.216236036552942,9.694320255280218,-186.94225907517514,-10.38591370178042
102.64873601885814,2.2823989067445183,8.216236036552942,9.694320255280218,-186.94204425092576,-10.38591370178042
101.84713478863996,2.290570771028456,8.216236036552942,9.694320255280218,-186.9412989275041,-10.38591370178042
78.46102281907318,2.2343846622549535,8.216236036552942,9.694320255280218,-186.94128549241103,-10.38591370178042
76.36632167331163,2.205175669873242,8.216236036552942,9.694320255280218,-186.9409791918877,-10.38591370178042
70.20361747736588,2.0672737958127527,8.216236036552942,9.694320255280218,-186.93997781144526,-10.38591370178042
104.32117011790154,2.260195767719509,8.216236036552942,9.694320255280218,-186.93913355615433,-10.38591370178042
105.15036258416676,2.2378235165345473,8.216236036552942,9.694320255280218,-186.93825868461977,-10.38591370178042
98.2756155537329,2.230284630071239,8.216236036552942,9.694320255280218,-186.9373272602133,-10.38591370178042
96.25852865120001,2.324528956871305,8.216236036552942,9.694320255280218,-186.93716988598567,-10.38591370178042
99.71161683114357,2.2298072672972467,8.216236036552942,9.694320255280218,-186.93630070566286,-10.38591370178042
71.88184249041207,2.079410649252793,8.216236036552942,9.694320255280218,-186.9358266205315,-10.38591370178042
77.95747741221034,2.137990292127256,8.216236036552942,9.694320255280218,-186.93572360195054,-10.38591370178042
70.98105673790072,2.0718140569368018,8.216236036552942,9.694320255280218,-186.9355008249022,-10.38591370178042
98.3766139358519,2.31565225424589,8.216236036552942,9.694320255280218,-186.9353676098797,-10.38591370178042
102.53063113194442,2.2277342012609296,8.216236036552942,9.694320255280218,-186.9349574305283,-10.38591370178042
69.92998831137628,2.0715324482378747,8.216236036552942,9.694320255280218,-186.9346115840101,-10.38591370178042
70.08867173252943,2.0819162406973106,8.216236036552942,9.694320255280218,-186.933999506674,-10.38591370178042
77.36278737028115,2.1326102373613622,8.216236036552942,9.694320255280218,-186.93370259096713,-10.38591370178042
96.42842908881266,2.3238499815563927,8.216236036552942,9.694320255280218,-186.93304794468764,-10.38591370178042
85.70161554624603,2.196063728935613,8.216236036552942,9.694320255280218,-186.93277186210977,-10.38591370178042
90.84043951474965,2.219256136229859,8.216236036552942,9.694320255280218,-186.93259839499592,-10.38591370178042
103.1021716406638,2.227624202180266,8.216236036552942,9.694320255280218,-186.93247257157813,-10.38591370178042
70.53862736725962,2.069367511455809,8.216236036552942,9.694320255280218,-186.9317296399354,-10.38591370178042
82.18734517401066,2.276187006059274,8.216236036552942,9.694320255280218,-186.93047324758095,-10.38591370178042
87.47134766016657,2.2055811414870448,8.216236036552942,9.694320255280218,-186.9297857294506,-10.38591370178042
104.2610319181212,2.228793625625528,8.216236036552942,9.694320255280218,-186.929613861387,-10.38591370178042
105.01897177737777,2.2427392599942806,8.216236036552942,9.694320255280218,-186.9292107597042,-10.38591370178042
72.24559544222276,2.1335986506756797,8.216236036552942,9.694320255280218,-186.9291788966496,-10.38591370178042
103.78471536331746,2.267449228935021,8.216236036552942,9.694320255280218,-186.92839315095372,-10.38591370178042
91.75068192415486,2.222150942736164,8.216236036552942,9.694320255280218,-186.92822059483794,-10.38591370178042
97.66490507015833,2.2306181943057055,8.216236036552942,9.694320255280218,-186.92793129639168,-10.38591370178042
101.56270499631529,2.29253978222215,8.216236036552942,9.694320255280218,-186.92701721185892,-10.38591370178042
74.73307113119839,2.1788332123418854,8.216236036552942,9.694320255280218,-186.92623702613483,-10.38591370178042
87.37837733451971,2.2052648614285317,8.216236036552942,9.694320255280218,-186.92484763693986,-10.38591370178042
83.11135890179519,2.1798363574354482,8.216236036552942,9.694320255280218,-186.92444338937804,-10.38591370178042
70.66243998887965,2.0977353199625526,8.216236036552942,9.694320255280218,-186.92376733128552,-10.38591370178042
70.40642379816293,2.0906060931332604,8.216236036552942,9.694320255280218,-186.92349511693786,-10.38591370178042
74.6089877582566,2.1067021404349475,8.216236036552942,9.694320255280218,-186.91938410249122,-10.38591370178042
93.30688650586067,2.226233962121924,8.216236036552942,9.694320255280218,-186.91898105478646,-10.38591370178042
76.59310660527981,2.207707823041247,8.216236036552942,9.694320255280218,-186.91826472183791,-10.38591370178042
99.18744000129787,2.310331251599962,8.216236036552942,9.694320255280218,-186.91799365967708,-10.38591370178042
103.49573485578115,2.228906311763865,8.216236036552942,9.694320255280218,-186.9145165126751,-10.38591370178042
95.68924792402713,2.230024795486031,8.216236036552942,9.694320255280218,-186.91363536659816,-10.38591370178042
73.49128446097319,2.096040025735107,8.216236036552942,9.694320255280218,-186.91212700528192,-10.38591370178042
70.61172999976338,2.071908060504981,8.216236036552942,9.694320255280218,-186.9119518133367,-10.38591370178042
104.85070319926294,2.2366425528637137,8.216236036552942,9.694320255280218,-186.91186904035285,-10.38591370178042
104.4267505929039,2.231523262178129,8.216236036552942,9.694320255280218,-186.9108031335588,-10.38591370178042
104.85346004997592,2.242956518452047,8.216236036552942,9.694320255280218,-186.91013953070996,-10.38591370178042
104.27769418447377,2.257914399239908,8.216236036552942,9.694320255280218,-186.90979488656743,-10.38591370178042
93.11735801843977,2.328548071220652,8.216236036552942,9.694320255280218,-186.90921183599104,-10.38591370178042
104.16912091957144,2.259733610506416,8.216236036552942,9.694320255280218,-186.9088418201258,-10.38591370178042
97.23640934286901,2.231194821128554,8.216236036552942,9.694320255280218,-186.90881620649975,-10.38591370178042
86.84908942825561,2.203060438968919,8.216236036552942,9.694320255280218,-186.90813126078515,-10.38591370178042
89.36165120363923,2.214624057874687,8.216236036552942,9.694320255280218,-186.90771018497264,-10.38591370178042
74.66002096449158,2.107689943740695,8.216236036552942,9.694320255280218,-186.90770640825468,-10.38591370178042
103.98253620999316,2.2301635911689743,8.216236036552942,9.694320255280218,-186.90768994333328,-10.38591370178042
95.86950840772103,2.3246472241301603,8.216236036552942,9.694320255280218,-186.90744693542018,-10.38591370178042
103.77655854839102,2.2297828547143723,8.216236036552942,9.694320255280218,-186.90732338743373,-10.38591370178042
95.93892554161512,2.324383803526402,8.216236036552942,9.694320255280218,-186.90536553260245,-10.38591370178042
104.70255119940623,2.23535859223756,8.216236036552942,9.694320255280218,-186.9043661284838,-10.38591370178042
104.71346979522674,2.235729009669967,8.216236036552942,9.694320255280218,-186.90375299961394,-10.38591370178042
81.29049917142927,2.2661986655160007,8.216236036552942,9.694320255280218,-186.8997911236535,-10.38591370178042
92.72195688702742,2.2255289021110514,8.216236036552942,9.694320255280218,-186.89968696648694,-10.38591370178042
96.10729740418242,2.2308874335177933,8.216236036552942,9.694320255280218,-186.89904089559067,-10.38591370178042
80.76330090922895,2.1630952869417115,8.216236036552942,9.694320255280218,-186.89866571332627,-10.38591370178042
74.961268985957,2.1814658548056514,8.216236036552942,9.694320255280218,-186.89865691072364,-10.38591370178042
91.0707415694483,2.3264368059483473,8.216236036552942,9.694320255280218,-186.8980022724727,-10.38591370178042
102.64301223774955,2.229900773390156,8.216236036552942,9.694320255280218,-186.89690405692838,-10.38591370178042
74.03519497361133,2.165594914443048,8.216236036552942,9.694320255280218,-186.89683776969557,-10.38591370178042
103.39947602434056,2.2702821283382804,8.216236036552942,9.694320255280218,-186.89576221406827,-10.38591370178042
77.90624108825521,2.2254612467404655,8.216236036552942,9.694320255280218,-186.8954367679035,-10.38591370178042
96.11768768582809,2.2310316251065814,8.216236036552942,9.694320255280218,-186.89504037879883,-10.38591370178042
103.29819752115625,2.2302515534345986,8.216236036552942,9.694320255280218,-186.89429911967727,-10.38591370178042
79.44776946737677,2.152447998390855,8.216236036552942,9.694320255280218,-186.89357137530874,-10.38591370178042
100.98756602170457,2.2308909714923715,8.216236036552942,9.694320255280218,-186.89282813868266,-10.38591370178042
103.01942083560556,2.2749474746554057,8.216236036552942,9.694320255280218,-186.89168682697823,-10.38591370178042
100.77787409584808,2.2976910339986603,8.216236036552942,9.694320255280218,-186.89114639734737,-10.38591370178042
84.1375462044053,2.1877202966093705,8.216236036552942,9.694320255280218,-186.890818873991,-10.38591370178042
99.44532119521251,2.2317957577287757,8.216236036552942,9.694320255280218,-186.89025863542503,-10.38591370178042
104.47858830086646,2.250832371431457,8.216236036552942,9.694320255280218,-186.890158917131,-10.38591370178042
92.44583423465936,2.3277851356392034,8.216236036552942,9.694320255280218,-186.88979009609142,-10.38591370178042
101.2922605013054,2.293159983617244,8.216236036552942,9.694320255280218,-186.88973593272132,-10.38591370178042
83.96072378696023,2.2907295422401717,8.216236036552942,9.694320255280218,-186.8897187337293,-10.38591370178042
96.96357275615034,2.3203775090725998,8.216236036552942,9.694320255280218,-186.88851050908175,-10.38591370178042
104.61290530954005,2.2382846565214294,8.216236036552942,9.694320255280218,-186.88798099942957,-10.38591370178042
79.72179754862573,2.1549556428391696,8.216236036552942,9.694320255280218,-186.887372404082,-10.38591370178042
78.37325222273859,2.143410579877113,8.216236036552942,9.694320255280218,-186.88535624888755,-10.38591370178042
104.02565532219309,2.2596062256941423,8.216236036552942,9.694320255280218,-186.88458139509433,-10.38591370178042
103.53692235143006,2.2313412450066608,8.216236036552942,9.694320255280218,-186.88414265011366,-10.38591370178042
87.58420090636466,2.2074782540144042,8.216236036552942,9.694320255280218,-186.88339762430482,-10.38591370178042
71.3210497411798,2.0787101806255777,8.216236036552942,9.694320255280218,-186.8817673602481,-10.38591370178042
77.40274182340264,2.134806055097286,8.216236036552942,9.694320255280218,-186.88140927864242,-10.38591370178042
85.65314437222557,2.1972822388359674,8.216236036552942,9.694320255280218,-186.88130210138428,-10.38591370178042
102.08986731930432,2.231033342877481,8.216236036552942,9.694320255280218,-186.87969023637828,-10.38591370178042
101.40828505789358,2.231446783787689,8.216236036552942,9.694320255280218,-186.87693681927163,-10.38591370178042
92.57768296500011,2.2259023005934466,8.216236036552942,9.694320255280218,-186.87638173352366,-10.38591370178042
87.02780030103362,2.2049180036745213,8.216236036552942,9.694320255280218,-186.8761587956328,-10.38591370178042
92.72285396172147,2.2263026655387534,8.216236036552942,9.694320255280218,-186.87478055572024,-10.38591370178042
73.73060098136192,2.159064305076484,8.216236036552942,9.694320255280218,-186.8741779321224,-10.38591370178042
81.58668429626695,2.2684407936040714,8.216236036552942,9.694320255280218,-186.8738816604301,-10.38591370178042
102.0233056988856,2.2314612273322183,8.216236036552942,9.694320255280218,-186.87250202602826,-10.38591370178042
91.65421615347448,2.2235665999560865,8.216236036552942,9.694320255280218,-186.87219379262055,-10.38591370178042
88.16482733856313,2.3165756222153533,8.216236036552942,9.694320255280218,-186.87130880755828,-10.38591370178042
71.15052249572364,2.0787705432795036,8.216236036552942,9.694320255280218,-186.87108337374744,-10.38591370178042
101.61752443097521,2.231695832071111,8.216236036552942,9.694320255280218,-186.87051610528516,-10.38591370178042
87.86371031986243,2.2092372633042885,8.216236036552942,9.694320255280218,-186.8691232381077,-10.38591370178042
81.90778650601568,2.172839193955852,8.216236036552942,9.694320255280218,-186.86897865559908,-10.38591370178042
104.24277357150083,2.2365547718532497,8.216236036552942,9.694320255280218,-186.867902217962,-10.38591370178042
92.2712665153115,2.225468942569165,8.216236036552942,9.694320255280218,-186.86545152592097,-10.38591370178042
82.14808445951742,2.1747395319492853,8.216236036552942,9.694320255280218,-186.8650587593607,-10.38591370178042
103.40909164652992,2.232877031239042,8.216236036552942,9.694320255280218,-186.86354662251338,-10.38591370178042
96.18074137078573,2.232180051599542,8.216236036552942,9.694320255280218,-186.86320754998948,-10.38591370178042
104.35360486033238,2.2398485874762315,8.216236036552942,9.694320255280218,-186.86272887173203,-10.38591370178042
80.03808134120848,2.1584018976843424,8.216236036552942,9.694320255280218,-186.86201839731248,-10.38591370178042
99.87805569623704,2.3033009065903087,8.216236036552942,9.694320255280218,-186.86127343105355,-10.38591370178042
101.71206863784805,2.2875829289146594,8.216236036552942,9.694320255280218,-186.85995794945978,-10.38591370178042
88.16371744944718,2.21091756994295,8.216236036552942,9.694320255280218,-186.85950506553792,-10.38591370178042
101.11922960083665,2.2931615662194815,8.216236036552942,9.694320255280218,-186.85913558865033,-10.38591370178042
72.34624237480179,2.131213800540422,8.216236036552942,9.694320255280218,-186.8568520670621,-10.38591370178042
101.38742877029686,2.232532899908449,8.216236036552942,9.694320255280218,-186.85631201303374,-10.38591370178042
70.69496830882278,2.0843329418994188,8.216236036552942,9.694320255280218,-186.8555823995371,-10.38591370178042
82.11760417619641,2.2731164558288697,8.216236036552942,9.694320255280218,-186.85405494211707,-10.38591370178042
90.71077359475024,2.3243633436126743,8.216236036552942,9.694320255280218,-186.85395485681065,-10.38591370178042
70.76654007462325,2.081929418464739,8.216236036552942,9.694320255280218,-186.85390706809392,-10.38591370178042
95.1650023996576,2.2314407979761484,8.216236036552942,9.694320255280218,-186.85353570791008,-10.38591370178042
82.56263454829578,2.277339938944266,8.216236036552942,9.694320255280218,-186.85285243171745,-10.38591370178042
78.05985959079713,2.1417975524866506,8.216236036552942,9.694320255280218,-186.85170860999798,-10.38591370178042
104.13577429089318,2.2384383098606406,8.216236036552942,9.694320255280218,-186.8516770020578,-10.38591370178042
91.37524946136838,2.325475991255473,8.216236036552942,9.694320255280218,-186.85117830274405,-10.38591370178042
104.131275058683,2.2522369942071805,8.216236036552942,9.694320255280218,-186.850800837658,-10.38591370178042
85.14207302573784,2.2985285131158975,8.216236036552942,9.694320255280218,-186.8506920503725,-10.38591370178042
76.64026184611838,2.2058301989557236,8.216236036552942,9.694320255280218,-186.85047460114623,-10.38591370178042
101.60121832911459,2.2881121412761303,8.216236036552942,9.694320255280218,-186.849816436479,-10.38591370178042
92.31470207165998,2.3264210460549464,8.216236036552942,9.694320255280218,-186.84945955128669,-10.38591370178042
101.36383640458924,2.290386251231695,8.216236036552942,9.694320255280218,-186.8493898226538,-10.38591370178042
72.06131176388656,2.086685496080122,8.216236036552942,9.694320255280218,-186.8491998620905,-10.38591370178042
97.71471707039818,2.315644156474775,8.216236036552942,9.694320255280218,-186.84837367944243,-10.38591370178042
77.02612725818037,2.1325770560628285,8.216236036552942,9.694320255280218,-186.8478864070638,-10.38591370178042
77.5460121869579,2.218747002567383,8.216236036552942,9.694320255280218,-186.84691667588598,-10.38591370178042
103.36754262174004,2.2665584902458136,8.216236036552942,9.694320255280218,-186.8466796215099,-10.38591370178042
77.77510222749615,2.2218809791156815,8.216236036552942,9.694320255280218,-186.84581915085073,-10.38591370178042
103.83000016448554,2.258426962118648,8.216236036552942,9.694320255280218,-186.84562644706446,-10.38591370178042
71.16056900164251,2.081910533567708,8.216236036552942,9.694320255280218,-186.84537465825548,-10.38591370178042
100.66286666889357,2.2334354899757756,8.216236036552942,9.694320255280218,-186.84324216662864,-10.38591370178042
70.8353331590327,2.0883159778801144,8.216236036552942,9.694320255280218,-186.8420906579935,-10.38591370178042
102.3127747144877,2.28005893514883,8.216236036552942,9.694320255280218,-186.8420408173757,-10.38591370178042
83.55163920161971,2.185329180407521,8.216236036552942,9.694320255280218,-186.84199336366905,-10.38591370178042
97.02475583271169,2.2335313114273703,8.216236036552942,9.694320255280218,-186.84155608359788,-10.38591370178042
77.29775525948234,2.214972341774171,8.216236036552942,9.694320255280218,-186.83962645209098,-10.38591370178042
84.07932984525335,2.290078499451411,8.216236036552942,9.694320255280218,-186.8378224102094,-10.38591370178042
82.57289792627515,2.276945799320842,8.216236036552942,9.694320255280218,-186.83752637347536,-10.38591370178042
76.45222330224253,2.1276969724892894,8.216236036552942,9.694320255280218,-186.83673903792936,-10.38591370178042
97.74112679880857,2.2340597091383216,8.216236036552942,9.694320255280218,-186.8353306623167,-10.38591370178042
99.39366190598567,2.234171423893926,8.216236036552942,9.694320255280218,-186.8344344008833,-10.38591370178042
100.5517336879306,2.233914948086536,8.216236036552942,9.694320255280218,-186.8341587006662,-10.38591370178042
91.19873586732064,2.324624984910045,8.216236036552942,9.694320255280218,-186.8332241327445,-10.38591370178042
77.78725492356865,2.1400397170399543,8.216236036552942,9.694320255280218,-186.83293070887814,-10.38591370178042
75.24663661092389,2.116542658313861,8.216236036552942,9.694320255280218,-186.8326759899178,-10.38591370178042
102.93917211287025,2.2346588740124957,8.216236036552942,9.694320255280218,-186.83226942888598,-10.38591370178042
99.78650035250925,2.302638714618382,8.216236036552942,9.694320255280218,-186.83219309126227,-10.38591370178042
77.17008111410146,2.2128606988260913,8.216236036552942,9.694320255280218,-186.83216815621932,-10.38591370178042
77.71271777869495,2.2204638584394587,8.216236036552942,9.694320255280218,-186.83088567952538,-10.38591370178042
77.4607754195885,2.216909014249765,8.216236036552942,9.694320255280218,-186.8298931832628,-10.38591370178042
87.77162515698058,2.209984144328075,8.216236036552942,9.694320255280218,-186.8296856724116,-10.38591370178042
103.77540422393041,2.25712004564798,8.216236036552942,9.694320255280218,-186.82928972372915,-10.38591370178042
89.937278834016,2.219212654424112,8.216236036552942,9.694320255280218,-186.82879217158745,-10.38591370178042
84.27499450071774,2.291337728032346,8.216236036552942,9.694320255280218,-186.82837092240473,-10.38591370178042
103.92280610827565,2.2531132615894336,8.216236036552942,9.694320255280218,-186.828116362323,-10.38591370178042
83.96865626033333,2.288872000364833,8.216236036552942,9.694320255280218,-186.8279967499099,-10.38591370178042
72.914847331361,2.0952008269508298,8.216236036552942,9.694320255280218,-186.82782475456227,-10.38591370178042
71.36511187118018,2.0850677264252226,8.216236036552942,9.694320255280218,-186.82509219159348,-10.38591370178042
83.44728887686132,2.1851589793912325,8.216236036552942,9.694320255280218,-186.82477401173801,-10.38591370178042
71.70056047060524,2.08654035792496,8.216236036552942,9.694320255280218,-186.82302846538215,-10.38591370178042
76.27887508570787,2.1992689766951514,8.216236036552942,9.694320255280218,-186.822877464165,-10.38591370178042
101.6162504621369,2.234435492455958,8.216236036552942,9.694320255280218,-186.82192451369,-10.38591370178042
96.91644303567723,2.234227759823142,8.216236036552942,9.694320255280218,-186.8211658284249,-10.38591370178042
80.07206940666265,2.1600375216514323,8.216236036552942,9.694320255280218,-186.821094694852,-10.38591370178042
103.63086901937429,2.258849529237807,8.216236036552942,9.694320255280218,-186.82035868300983,-10.38591370178042
103.04825298364584,2.236062636254303,8.216236036552942,9.694320255280218,-186.8190286597095,-10.38591370178042
103.21828780682384,2.2366779080182653,8.216236036552942,9.694320255280218,-186.81816614678073,-10.38591370178042
95.98032165074916,2.233614011718828,8.216236036552942,9.694320255280218,-186.81758312745015,-10.38591370178042
72.5272635797728,2.0926676009622867,8.216236036552942,9.694320255280218,-186.81736469421568,-10.38591370178042
82.38423171763027,2.177982178154707,8.216236036552942,9.694320255280218,-186.81663524521056,-10.38591370178042
88.57225472196062,2.2140671722835776,8.216236036552942,9.694320255280218,-186.81593454482027,-10.38591370178042
100.85975360218971,2.2348092014452448,8.216236036552942,9.694320255280218,-186.81549395053366,-10.38591370178042
101.64195738677628,2.234914642655781,8.216236036552942,9.694320255280218,-186.81402214281005,-10.38591370178042
97.11512029341884,2.3169589700827657,8.216236036552942,9.694320255280218,-186.81361780959,-10.38591370178042
103.87126838086179,2.250386369107943,8.216236036552942,9.694320255280218,-186.81353259933178,-10.38591370178042
103.6581129511404,2.256951751254036,8.216236036552942,9.694320255280218,-186.8125903839801,-10.38591370178042
72.99486644913209,2.141573266330184,8.216236036552942,9.694320255280218,-186.81199189145335,-10.38591370178042
84.46727295763006,2.192242654957738,8.216236036552942,9.694320255280218,-186.8112365451072,-10.38591370178042
103.87976715745819,2.2467537759371794,8.216236036552942,9.694320255280218,-186.81096311546523,-10.38591370178042
103.79104129116328,2.2429704539933653,8.216236036552942,9.694320255280218,-186.809604111585,-10.38591370178042
96.23514250736356,2.234198333872797,8.216236036552942,9.694320255280218,-186.80808320102315,-10.38591370178042
71.21501692843682,2.090288731237635,8.216236036552942,9.694320255280218,-186.80609530887932,-10.38591370178042
76.48904832943283,2.2017648098911735,8.216236036552942,9.694320255280218,-186.80587792831267,-10.38591370178042
102.88326491343138,2.236879964799982,8.216236036552942,9.694320255280218,-186.8055544709041,-10.38591370178042
91.08632677544922,2.3235351713426553,8.216236036552942,9.694320255280218,-186.80538092006242,-10.38591370178042
90.77337475903457,2.322909976760812,8.216236036552942,9.694320255280218,-186.8043391744428,-10.38591370178042
71.35436124557486,2.1010691863229454,8.216236036552942,9.694320255280218,-186.80354610064506,-10.38591370178042
103.01471436726055,2.2677244774206713,8.216236036552942,9.694320255280218,-186.80334681088303,-10.38591370178042
73.65875358056581,2.1538814644002855,8.216236036552942,9.694320255280218,-186.80183685284024,-10.38591370178042
72.16921233286534,2.123061665307773,8.216236036552942,9.694320255280218,-186.80124976647502,-10.38591370178042
78.59405125832005,2.2311932900331612,8.216236036552942,9.694320255280218,-186.80102012955734,-10.38591370178042
100.43401466311659,2.2960280102839903,8.216236036552942,9.694320255280218,-186.79996381279213,-10.38591370178042
96.73392884236992,2.234910987681033,8.216236036552942,9.694320255280218,-186.79977345168652,-10.38591370178042
100.82318268883068,2.2356779637090654,8.216236036552942,9.694320255280218,-186.79933377808715,-10.38591370178042
82.92446396837367,2.1823754978930197,8.216236036552942,9.694320255280218,-186.79914385939054,-10.38591370178042
100.26401115776014,2.2357235836357034,8.216236036552942,9.694320255280218,-186.7987587824244,-10.38591370178042
76.64847983944432,2.1310410488825653,8.216236036552942,9.694320255280218,-186.79840962985654,-10.38591370178042
93.05337944551816,2.3249133568822202,8.216236036552942,9.694320255280218,-186.79805309097793,-10.38591370178042
72.17017599776152,2.122676218722532,8.216236036552942,9.694320255280218,-186.7967751677331,-10.38591370178042
103.69167003313578,2.2448622138659573,8.216236036552942,9.694320255280218,-186.7967146234568,-10.38591370178042
102.430366497031,2.2367105604121065,8.216236036552942,9.694320255280218,-186.7967101843258,-10.38591370178042
73.00609081461178,2.140774481171249,8.216236036552942,9.694320255280218,-186.7964592501089,-10.38591370178042
90.50147327625419,2.322041792270568,8.216236036552942,9.694320255280218,-186.79565978636842,-10.38591370178042
103.6736769750674,2.244830218678871,8.216236036552942,9.694320255280218,-186.79533376159296,-10.38591370178042
78.66838217288704,2.149231273865368,8.216236036552942,9.694320255280218,-186.79312558526493,-10.38591370178042
76.56409057498414,2.202339661681563,8.216236036552942,9.694320255280218,-186.79245774332853,-10.38591370178042
82.50136772861073,2.2747602728683347,8.216236036552942,9.694320255280218,-186.79124942027406,-10.38591370178042
80.10376024226564,2.249456471465251,8.216236036552942,9.694320255280218,-186.79099038344512,-10.38591370178042
82.63235816435808,2.1806021506625797,8.216236036552942,9.694320255280218,-186.79034798946083,-10.38591370178042
103.55837207428911,2.2547755157881113,8.216236036552942,9.694320255280218,-186.790197929631,-10.38591370178042
71.61866009898331,2.1073628287838773,8.216236036552942,9.694320255280218,-186.7897192512856,-10.38591370178042
73.88729636169661,2.106036752609427,8.216236036552942,9.694320255280218,-186.78965612631976,-10.38591370178042
83.05070492397599,2.27974785178678,8.216236036552942,9.694320255280218,-186.7888391946941,-10.38591370178042
72.00600990347868,2.0916433965555683,8.216236036552942,9.694320255280218,-186.78882907887478,-10.38591370178042
103.6316399015954,2.2465103995348272,8.216236036552942,9.694320255280218,-186.78862399566134,-10.38591370178042
72.00453635813298,2.091664056168028,8.216236036552942,9.694320255280218,-186.78857330112749,-10.38591370178042
88.90209792830227,2.316993481204804,8.216236036552942,9.694320255280218,-186.78850535967896,-10.38591370178042
102.04953141828217,2.2368684596911805,8.216236036552942,9.694320255280218,-186.78811927961934,-10.38591370178042
72.86776057456069,2.097499260147899,8.216236036552942,9.694320255280218,-186.7874612102368,-10.38591370178042
75.39266684903986,2.183594962801635,8.216236036552942,9.694320255280218,-186.78616107803583,-10.38591370178042
87.6331019037856,2.2106685304719775,8.216236036552942,9.694320255280218,-186.7858311007175,-10.38591370178042
91.3483896676792,2.225376478384277,8.216236036552942,9.694320255280218,-186.7855928006527,-10.38591370178042
92.83126824195546,2.324473632360693,8.216236036552942,9.694320255280218,-186.785086406049,-10.38591370178042
102.32958691936338,2.2375292832482927,8.216236036552942,9.694320255280218,-186.78443628775926,-10.38591370178042
101.56878143181994,2.284469361859067,8.216236036552942,9.694320255280218,-186.78431980190524,-10.38591370178042
103.40151439441928,2.2578060584740456,8.216236036552942,9.694320255280218,-186.7840302289235,-10.38591370178042
73.82743172955665,2.1058349014019484,8.216236036552942,9.694320255280218,-186.78382257007573,-10.38591370178042
78.98059748067277,2.1522433875000218,8.216236036552942,9.694320255280218,-186.78372244699656,-10.38591370178042
91.45373726702016,2.2257591163783843,8.216236036552942,9.694320255280218,-186.7837159671983,-10.38591370178042
71.85968462660702,2.1134435307191666,8.216236036552942,9.694320255280218,-186.78339901188357,-10.38591370178042
71.53959052402033,2.0923585306865107,8.216236036552942,9.694320255280218,-186.78265453230694,-10.38591370178042
100.7053802583552,2.292745426642398,8.216236036552942,9.694320255280218,-186.78248356783376,-10.38591370178042
90.47235299931646,2.2226005445705965,8.216236036552942,9.694320255280218,-186.78235877609012,-10.38591370178042
71.9083103586493,2.09206448584564,8.216236036552942,9.694320255280218,-186.7818793096937,-10.38591370178042
103.31066629838182,2.242257859106431,8.216236036552942,9.694320255280218,-186.7802062796594,-10.38591370178042
86.19963785870492,2.303314229419385,8.216236036552942,9.694320255280218,-186.77984008011867,-10.38591370178042
73.5697729763677,2.150801666669807,8.216236036552942,9.694320255280218,-186.7787208055156,-10.38591370178042
73.59670647474411,2.1513001560449396,8.216236036552942,9.694320255280218,-186.77837381079053,-10.38591370178042
99.81872418714225,2.236751694982047,8.216236036552942,9.694320255280218,-186.77811464931017,-10.38591370178042
78.3108252239977,2.1467209864688783,8.216236036552942,9.694320255280218,-186.7772907974085,-10.38591370178042
97.40892804049687,2.314201089483575,8.216236036552942,9.694320255280218,-186.77668019381844,-10.38591370178042
97.5431146279782,2.313570134841328,8.216236036552942,9.694320255280218,-186.77649268631404,-10.38591370178042
89.37642686455183,2.2186938153299565,8.216236036552942,9.694320255280218,-186.775844556348,-10.38591370178042
73.34709283764408,2.102250940598296,8.216236036552942,9.694320255280218,-186.7747949439048,-10.38591370178042
100.18748849907993,2.2967337760394457,8.216236036552942,9.694320255280218,-186.77472435456303,-10.38591370178042
103.252888772862,2.2426776168303206,8.216236036552942,9.694320255280218,-186.77443996449102,-10.38591370178042
91.65123690580228,2.3233468022157098,8.216236036552942,9.694320255280218,-186.77443793978108,-10.38591370178042
71.73227878842367,2.0930560342316227,8.216236036552942,9.694320255280218,-186.77437633526137,-10.38591370178042
96.14386083311591,2.2353817051997567,8.216236036552942,9.694320255280218,-186.773886897572,-10.38591370178042
71.7080995019331,2.0934788887992966,8.216236036552942,9.694320255280218,-186.77265927900305,-10.38591370178042
84.82121918126231,2.1956780779243843,8.216236036552942,9.694320255280218,-186.7718982557984,-10.38591370178042
88.8232964423414,2.2165346558637538,8.216236036552942,9.694320255280218,-186.77163632720013,-10.38591370178042
98.77653621693831,2.2369675777709404,8.216236036552942,9.694320255280218,-186.77088723985008,-10.38591370178042
93.96379754025834,2.2324173112976666,8.216236036552942,9.694320255280218,-186.7692351478928,-10.38591370178042
71.59742556676983,2.1011476146671697,8.216236036552942,9.694320255280218,-186.76899281254015,-10.38591370178042
99.8335125894861,2.2991853646312137,8.216236036552942,9.694320255280218,-186.76819639096996,-10.38591370178042
83.5710947446888,2.283596074244656,8.216236036552942,9.694320255280218,-186.76745755875146,-10.38591370178042
96.83363124126971,2.23623171485724,8.216236036552942,9.694320255280218,-186.76739573277032,-10.38591370178042
99.1339936973558,2.3040803413615265,8.216236036552942,9.694320255280218,-186.76599789857647,-10.38591370178042
71.6340056687689,2.1018433242044807,8.216236036552942,9.694320255280218,-186.76574972862008,-10.38591370178042
89.82670019813341,2.2208015150366975,8.216236036552942,9.694320255280218,-186.76493064780976,-10.38591370178042
101.78368187330625,2.238378028451791,8.216236036552942,9.694320255280218,-186.76322484491303,-10.38591370178042
103.03752398857843,2.2427212554461278,8.216236036552942,9.694320255280218,-186.76190507695765,-10.38591370178042
101.10843887619228,2.2877273475047986,8.216236036552942,9.694320255280218,-186.76161276344217,-10.38591370178042
84.60135213160481,2.2917109549810704,8.216236036552942,9.694320255280218,-186.7615732663453,-10.38591370178042
75.92763670831403,2.126049997852391,8.216236036552942,9.694320255280218,-186.760917505749,-10.38591370178042
89.25154163481848,2.2186678647349964,8.216236036552942,9.694320255280218,-186.76078292547052,-10.38591370178042
92.47166431345063,2.3235298506767776,8.216236036552942,9.694320255280218,-186.760213562342,-10.38591370178042
97.48092200816126,2.313153503767296,8.216236036552942,9.694320255280218,-186.7594752983238,-10.38591370178042
98.3502963982267,2.3086047335859803,8.216236036552942,9.694320255280218,-186.7588394859257,-10.38591370178042
101.20930534941968,2.2865283457836085,8.216236036552942,9.694320255280218,-186.75866332483218,-10.38591370178042
90.52148978264088,2.320854038905182,8.216236036552942,9.694320255280218,-186.7581545080529,-10.38591370178042
78.58420666037553,2.1498196410689445,8.216236036552942,9.694320255280218,-186.75768422220239,-10.38591370178042
92.66041555245924,2.2299560099781814,8.216236036552942,9.694320255280218,-186.75752880419566,-10.38591370178042
96.61781680589141,2.236488961157349,8.216236036552942,9.694320255280218,-186.75641582436373,-10.38591370178042
79.87874912056449,2.2455561937759967,8.216236036552942,9.694320255280218,-186.75607002667226,-10.38591370178042
98.42250327053938,2.237549444146751,8.216236036552942,9.694320255280218,-186.75570831827585,-10.38591370178042
75.43662357776907,2.1828421035356627,8.216236036552942,9.694320255280218,-186.7551715961569,-10.38591370178042
75.13953810581329,2.1777811462151817,8.216236036552942,9.694320255280218,-186.7535631189531,-10.38591370178042
72.75186774236934,2.0993306067076674,8.216236036552942,9.694320255280218,-186.75343005620357,-10.38591370178042
101.63654967598644,2.2815311107874408,8.216236036552942,9.694320255280218,-186.7525638845462,-10.38591370178042
103.00768762749229,2.244040535146439,8.216236036552942,9.694320255280218,-186.75233577907068,-10.38591370178042
80.47624813226871,2.2523465279682853,8.216236036552942,9.694320255280218,-186.75190786557638,-10.38591370178042
98.61087303724543,2.3067330656200653,8.216236036552942,9.694320255280218,-186.75143819105602,-10.38591370178042
96.13866366166708,2.3181360955869366,8.216236036552942,9.694320255280218,-186.75118509598093,-10.38591370178042
82.94035713078662,2.2774849588314368,8.216236036552942,9.694320255280218,-186.75093897812775,-10.38591370178042
72.98292918590238,2.136827262143086,8.216236036552942,9.694320255280218,-186.74943905661297,-10.38591370178042
86.44151755392605,2.2057337050698322,8.216236036552942,9.694320255280218,-186.7491688091249,-10.38591370178042
93.07547680184125,2.3231997787015075,8.216236036552942,9.694320255280218,-186.7485606542801,-10.38591370178042
79.73115476508816,2.2434949876615065,8.216236036552942,9.694320255280218,-186.74804881324778,-10.38591370178042
77.67268326593154,2.216656693953823,8.216236036552942,9.694320255280218,-186.74793462172596,-10.38591370178042
102.96487543148567,2.2612732963521296,8.216236036552942,9.694320255280218,-186.74728243295124,-10.38591370178042
89.76976551336519,2.2211670753846704,8.216236036552942,9.694320255280218,-186.7468373737547,-10.38591370178042
89.8004555892425,2.22128678112054,8.216236036552942,9.694320255280218,-186.74677089520063,-10.38591370178042
92.66090607524913,2.230333505114487,8.216236036552942,9.694320255280218,-186.74643770600287,-10.38591370178042
99.97405457202993,2.2384364112142237,8.216236036552942,9.694320255280218,-186.7456851748554,-10.38591370178042
72.39215167858075,2.0981729329782155,8.216236036552942,9.694320255280218,-186.74531081577027,-10.38591370178042
89.67575911213625,2.318184052617923,8.216236036552942,9.694320255280218,-186.74486625960557,-10.38591370178042
96.94632802649393,2.237225776208163,8.216236036552942,9.694320255280218,-186.74459045959523,-10.38591370178042
72.07447194474231,2.0977196509727207,8.216236036552942,9.694320255280218,-186.74449394680806,-10.38591370178042
75.40928638639586,2.1221549708502323,8.216236036552942,9.694320255280218,-186.74372423863628,-10.38591370178042
102.20041852049427,2.2737763933627093,8.216236036552942,9.694320255280218,-186.7435158044119,-10.38591370178042
72.00326839095219,2.098184041638305,8.216236036552942,9.694320255280218,-186.74332824891863,-10.38591370178042
74.20839013391125,2.1115216636828507,8.216236036552942,9.694320255280218,-186.74321688433736,-10.38591370178042
100.14891154371159,2.2952966684102876,8.216236036552942,9.694320255280218,-186.74234490094412,-10.38591370178042
71.88565359911962,2.100316813825529,8.216236036552942,9.694320255280218,-186.74180057689952,-10.38591370178042
92.13405254872737,2.322696472469417,8.216236036552942,9.694320255280218,-186.74165340290003,-10.38591370178042
72.28605928718899,2.1195142248965766,8.216236036552942,9.694320255280218,-186.74151595272085,-10.38591370178042
76.18771951273406,2.129299000111743,8.216236036552942,9.694320255280218,-186.74119937363926,-10.38591370178042
89.81372536064191,2.3184515769994505,8.216236036552942,9.694320255280218,-186.74065013203492,-10.38591370178042
81.5721061295356,2.2638115288834513,8.216236036552942,9.694320255280218,-186.7401398918237,-10.38591370178042
72.0858826297014,2.0986812193505244,8.216236036552942,9.694320255280218,-186.73914055812276,-10.38591370178042
97.48886413674117,2.3122170772593336,8.216236036552942,9.694320255280218,-186.73831885739168,-10.38591370178042
80.50900043401656,2.1664092151736014,8.216236036552942,9.694320255280218,-186.73821588170557,-10.38591370178042
78.24211250326124,2.147628379896517,8.216236036552942,9.694320255280218,-186.7380782336333,-10.38591370178042
94.77776005038088,2.2349594102620074,8.216236036552942,9.694320255280218,-186.73773530686893,-10.38591370178042
82.4390688899917,2.1810005591341337,8.216236036552942,9.694320255280218,-186.7365607457499,-10.38591370178042
100.07151442296319,2.295593090371227,8.216236036552942,9.694320255280218,-186.73617213874095,-10.38591370178042
72.36955226931877,2.121053771244277,8.216236036552942,9.694320255280218,-186.73617093518666,-10.38591370178042
71.93765170252863,2.1058887836844065,8.216236036552942,9.694320255280218,-186.73606757089217,-10.38591370178042
89.75752122471904,2.3181310237597046,8.216236036552942,9.694320255280218,-186.7359690668752,-10.38591370178042
94.55365073836245,2.321413274882758,8.216236036552942,9.694320255280218,-186.7358986851927,-10.38591370178042
102.99238007444761,2.257851730371854,8.216236036552942,9.694320255280218,-186.7355240371316,-10.38591370178042
95.41393243309797,2.235985676969179,8.216236036552942,9.694320255280218,-186.73522093993333,-10.38591370178042
75.11366229159127,2.176393031657028,8.216236036552942,9.694320255280218,-186.73517946259622,-10.38591370178042
99.9347365194728,2.2389954837691306,8.216236036552942,9.694320255280218,-186.73501355648384,-10.38591370178042
73.09038740792663,2.1379606047760404,8.216236036552942,9.694320255280218,-186.7349995738704,-10.38591370178042
72.06784048524355,2.1113549439421035,8.216236036552942,9.694320255280218,-186.73359634338138,-10.38591370178042
101.35310951201741,2.2400080890689367,8.216236036552942,9.694320255280218,-186.73349629821308,-10.38591370178042
74.6891403657992,2.1688628838822552,8.216236036552942,9.694320255280218,-186.73296445669519,-10.38591370178042
72.00665854473479,2.101056709848578,8.216236036552942,9.694320255280218,-186.7328043375082,-10.38591370178042
93.46726467916787,2.322493583437023,8.216236036552942,9.694320255280218,-186.73276855467236,-10.38591370178042
90.43980416358384,2.2241677158560265,8.216236036552942,9.694320255280218,-186.73057771110965,-10.38591370178042
102.72940635107395,2.2634895364955554,8.216236036552942,9.694320255280218,-186.730393156068,-10.38591370178042
96.77286852948335,2.2376760296750433,8.216236036552942,9.694320255280218,-186.72999760323262,-10.38591370178042
86.45964242401625,2.2064830929758017,8.216236036552942,9.694320255280218,-186.72890460485522,-10.38591370178042
100.24351573257923,2.2394867214931224,8.216236036552942,9.694320255280218,-186.72845859708417,-10.38591370178042
95.77827356913727,2.3183442500175317,8.216236036552942,9.694320255280218,-186.72828067197366,-10.38591370178042
72.4652676723349,2.1005219876405192,8.216236036552942,9.694320255280218,-186.7280877642185,-10.38591370178042
101.0633510096521,2.240094363218688,8.216236036552942,9.694320255280218,-186.72772188634085,-10.38591370178042
92.20114801996493,2.2297767673038464,8.216236036552942,9.694320255280218,-186.7275371966776,-10.38591370178042
72.30055749618042,2.1178428340821824,8.216236036552942,9.694320255280218,-186.7274113826108,-10.38591370178042
101.33039657886417,2.2404735809117255,8.216236036552942,9.694320255280218,-186.7266348440596,-10.38591370178042
72.76492606998939,2.1019914838768017,8.216236036552942,9.694320255280218,-186.72598630163816,-10.38591370178042
76.66198639522035,2.2009277533128113,8.216236036552942,9.694320255280218,-186.72584552050057,-10.38591370178042
77.73096353359718,2.2165596116878135,8.216236036552942,9.694320255280218,-186.72575550602394,-10.38591370178042
73.28118111261384,2.1412533227899075,8.216236036552942,9.694320255280218,-186.72536917900166,-10.38591370178042
72.0450379404899,2.103694557454233,8.216236036552942,9.694320255280218,-186.72531172036372,-10.38591370178042
88.10359372165708,2.3116543799295783,8.216236036552942,9.694320255280218,-186.72529459918061,-10.38591370178042
102.5421362915364,2.266363662779767,8.216236036552942,9.694320255280218,-186.72516802115035,-10.38591370178042
99.69210186307602,2.2979945781599156,8.216236036552942,9.694320255280218,-186.72481766114345,-10.38591370178042
98.50887302698345,2.306061503580281,8.216236036552942,9.694320255280218,-186.7238762811867,-10.38591370178042
101.02820475175878,2.2403325417343893,8.216236036552942,9.694320255280218,-186.72368106456756,-10.38591370178042
98.15853618569398,2.2388742965758865,8.216236036552942,9.694320255280218,-186.72364864440587,-10.38591370178042
72.21779940449342,2.101320396837693,8.216236036552942,9.694320255280218,-186.72349595615947,-10.38591370178042
102.09045899900376,2.2732772446051115,8.216236036552942,9.694320255280218,-186.72257544892992,-10.38591370178042
73.01425563538196,2.135132534898389,8.216236036552942,9.694320255280218,-186.7217963133905,-10.38591370178042
102.19351698863639,2.2716876431116475,8.216236036552942,9.694320255280218,-186.7217558840496,-10.38591370178042
99.54242203621187,2.239559228493448,8.216236036552942,9.694320255280218,-186.72163198631264,-10.38591370178042
74.03397881826245,2.11140292714866,8.216236036552942,9.694320255280218,-186.72124963387594,-10.38591370178042
102.84430181439946,2.258105374186215,8.216236036552942,9.694320255280218,-186.71993469802962,-10.38591370178042
102.57064599645025,2.264927474886079,8.216236036552942,9.694320255280218,-186.7191991293005,-10.38591370178042
87.2449455688731,2.307285939409141,8.216236036552942,9.694320255280218,-186.71904443830147,-10.38591370178042
75.89664256583714,2.18856022774996,8.216236036552942,9.694320255280218,-186.7181304291263,-10.38591370178042
77.61204712159046,2.2145405403798577,8.216236036552942,9.694320255280218,-186.71770269552738,-10.38591370178042
75.93338954235799,2.189120707702287,8.216236036552942,9.694320255280218,-186.71745655348795,-10.38591370178042
93.34328188187116,2.322003167462256,8.216236036552942,9.694320255280218,-186.7174469561658,-10.38591370178042
90.65939787625038,2.225386025245257,8.216236036552942,9.694320255280218,-186.71695255888744,-10.38591370178042
88.5699059118828,2.2172265743063093,8.216236036552942,9.694320255280218,-186.71598920491834,-10.38591370178042
74.96200087523901,2.119624482206035,8.216236036552942,9.694320255280218,-186.71581651878168,-10.38591370178042
78.46207178262638,2.226094201050799,8.216236036552942,9.694320255280218,-186.71415780784568,-10.38591370178042
77.27798021451709,2.2095518061698414,8.216236036552942,9.694320255280218,-186.71346007351863,-10.38591370178042
78.75938550100106,2.1530203493207267,8.216236036552942,9.694320255280218,-186.71313866907178,-10.38591370178042
96.19035406830805,2.2378135762404696,8.216236036552942,9.694320255280218,-186.7124540259551,-10.38591370178042
101.97943920721873,2.2431259350497896,8.216236036552942,9.694320255280218,-186.71207650582997,-10.38591370178042
92.18349171978261,2.2302858023772103,8.216236036552942,9.694320255280218,-186.7113323752501,-10.38591370178042
73.64743085896124,2.147749145716091,8.216236036552942,9.694320255280218,-186.71117203542113,-10.38591370178042
102.53555188079055,2.264136305928673,8.216236036552942,9.694320255280218,-186.71011139202645,-10.38591370178042
86.21951423099742,2.3011224063976385,8.216236036552942,9.694320255280218,-186.7094963428517,-10.38591370178042
85.64184843089379,2.2974052309063353,8.216236036552942,9.694320255280218,-186.7093019249965,-10.38591370178042
102.19454828172333,2.2443449663616235,8.216236036552942,9.694320255280218,-186.70923220466545,-10.38591370178042
102.47362638054727,2.246254013265542,8.216236036552942,9.694320255280218,-186.708933946229,-10.38591370178042
72.26763797902836,2.105134795962769,8.216236036552942,9.694320255280218,-186.70797450068818,-10.38591370178042
74.71573539886806,2.1179957451672067,8.216236036552942,9.694320255280218,-186.70701319927775,-10.38591370178042
82.60757164950807,2.183204473684782,8.216236036552942,9.694320255280218,-186.70696419536688,-10.38591370178042
95.58833035589043,2.237341255349648,8.216236036552942,9.694320255280218,-186.70595497461935,-10.38591370178042
73.01847375643356,2.1054142821246415,8.216236036552942,9.694320255280218,-186.7053584878599,-10.38591370178042
74.00081496726968,2.1122119829265245,8.216236036552942,9.694320255280218,-186.70506988551574,-10.38591370178042
72.4512695867463,2.118322976877934,8.216236036552942,9.694320255280218,-186.70404801364194,-10.38591370178042
97.30724964649978,2.3115598287020447,8.216236036552942,9.694320255280218,-186.70362183677847,-10.38591370178042
84.15372257125678,2.28623781575763,8.216236036552942,9.694320255280218,-186.70285554017158,-10.38591370178042
80.27467740926743,2.2482236718190194,8.216236036552942,9.694320255280218,-186.7026724677445,-10.38591370178042
100.2573574977417,2.241031019226881,8.216236036552942,9.694320255280218,-186.70244823572122,-10.38591370178042
84.8429001907791,2.1980717662391953,8.216236036552942,9.694320255280218,-186.70239061052357,-10.38591370178042
74.24495433419695,2.158816191573095,8.216236036552942,9.694320255280218,-186.70170406630047,-10.38591370178042
93.85353794181395,2.23461309883119,8.216236036552942,9.694320255280218,-186.70148390553615,-10.38591370178042
73.53607293027595,2.1090694912259664,8.216236036552942,9.694320255280218,-186.70054382961482,-10.38591370178042
99.02116341975886,2.240419751237212,8.216236036552942,9.694320255280218,-186.70034512641155,-10.38591370178042
96.53987278567155,2.3146354970091494,8.216236036552942,9.694320255280218,-186.6998129721741,-10.38591370178042
85.62628516573568,2.202853074862361,8.216236036552942,9.694320255280218,-186.698183206736,-10.38591370178042
92.40221789661707,2.2313353507777975,8.216236036552942,9.694320255280218,-186.698182112246,-10.38591370178042
74.16305116726846,2.1569893554919446,8.216236036552942,9.694320255280218,-186.6978032172776,-10.38591370178042
83.11036093973391,2.2771136098765794,8.216236036552942,9.694320255280218,-186.69562709777873,-10.38591370178042
72.4266804891838,2.1150295786153777,8.216236036552942,9.694320255280218,-186.6949164890515,-10.38591370178042
97.99049823231043,2.3076706366777557,8.216236036552942,9.694320255280218,-186.6944976827734,-10.38591370178042
98.92804600694815,2.2406858422201026,8.216236036552942,9.694320255280218,-186.69414332511616,-10.38591370178042
102.55007149618699,2.2597883433382435,8.216236036552942,9.694320255280218,-186.69315113868487,-10.38591370178042
90.63911106503075,2.3188653825388315,8.216236036552942,9.694320255280218,-186.692294316257,-10.38591370178042
102.34207308150133,2.2479783089541456,8.216236036552942,9.694320255280218,-186.6913974707043,-10.38591370178042
97.71211154535334,2.3089984306636353,8.216236036552942,9.694320255280218,-186.69103034141776,-10.38591370178042
101.28119393986744,2.2807637268519727,8.216236036552942,9.694320255280218,-186.6902106601277,-10.38591370178042
90.75074768993352,2.226635907165047,8.216236036552942,9.694320255280218,-186.6892654127237,-10.38591370178042
94.77237013136161,2.319236959219211,8.216236036552942,9.694320255280218,-186.68904739411073,-10.38591370178042
72.80297320643764,2.106735904841031,8.216236036552942,9.694320255280218,-186.68788594714786,-10.38591370178042
87.62197147647784,2.3081293502375075,8.216236036552942,9.694320255280218,-186.6875061268241,-10.38591370178042
98.65850317785619,2.303275088392411,8.216236036552942,9.694320255280218,-186.6861911114847,-10.38591370178042
84.40412088315836,2.2876447417040424,8.216236036552942,9.694320255280218,-186.68618341270516,-10.38591370178042
102.50051507140677,2.2520634469396867,8.216236036552942,9.694320255280218,-186.68617868208355,-10.38591370178042
78.52997836174482,2.152199056886545,8.216236036552942,9.694320255280218,-186.68520953591647,-10.38591370178042
96.42044859744448,2.3144586024055656,8.216236036552942,9.694320255280218,-186.6851027195475,-10.38591370178042
101.99005657440811,2.2461996923016585,8.216236036552942,9.694320255280218,-186.68507899093575,-10.38591370178042
74.05208721974799,2.15383049446811,8.216236036552942,9.694320255280218,-186.68374098119503,-10.38591370178042
76.95214487130858,2.1386942309635515,8.216236036552942,9.694320255280218,-186.68373911964517,-10.38591370178042
79.67824227451582,2.1617815510554976,8.216236036552942,9.694320255280218,-186.68330544002563,-10.38591370178042
74.0436976042179,2.1141138104884476,8.216236036552942,9.694320255280218,-186.6828739564933,-10.38591370178042
76.67951409087142,2.13637032969649,8.216236036552942,9.694320255280218,-186.68256530173568,-10.38591370178042
78.86722437266626,2.155171856289911,8.216236036552942,9.694320255280218,-186.68168291024404,-10.38591370178042
84.63106106079319,2.1974824479158883,8.216236036552942,9.694320255280218,-186.68123037825004,-10.38591370178042
81.68377777723286,2.2628416050916087,8.216236036552942,9.694320255280218,-186.68104366956248,-10.38591370178042
99.36846888609521,2.2980224874884385,8.216236036552942,9.694320255280218,-186.68052613248042,-10.38591370178042
74.99741154026444,2.171291867001244,8.216236036552942,9.694320255280218,-186.68021105090634,-10.38591370178042
73.86231235697096,2.14974206394956,8.216236036552942,9.694320255280218,-186.68019273619365,-10.38591370178042
102.15479187441447,2.2669199277677023,8.216236036552942,9.694320255280218,-186.6801507262459,-10.38591370178042
72.66566585317321,2.120399882198413,8.216236036552942,9.694320255280218,-186.67986827457415,-10.38591370178042
100.29542283533246,2.290242192986284,8.216236036552942,9.694320255280218,-186.6798188206644,-10.38591370178042
86.83346522739029,2.3037085057510467,8.216236036552942,9.694320255280218,-186.67927836185797,-10.38591370178042
96.3616675357228,2.314376644918667,8.216236036552942,9.694320255280218,-186.67812859566453,-10.38591370178042
72.77792533871369,2.1237500077871516,8.216236036552942,9.694320255280218,-186.67801273311622,-10.38591370178042
76.84803793407329,2.2015329806225736,8.216236036552942,9.694320255280218,-186.67780946394726,-10.38591370178042
78.35433503766512,2.1510277259445587,8.216236036552942,9.694320255280218,-186.67761107278707,-10.38591370178042
81.8171264071542,2.1785477941178613,8.216236036552942,9.694320255280218,-186.67748011921466,-10.38591370178042
78.96859729173194,2.1561855577187856,8.216236036552942,9.694320255280218,-186.67745542778758,-10.38591370178042
89.21641491004276,2.221319007441622,8.216236036552942,9.694320255280218,-186.6758460310457,-10.38591370178042
101.1839289145974,2.2806849718303823,8.216236036552942,9.694320255280218,-186.67569564437684,-10.38591370178042
75.75851923365121,2.184099698745584,8.216236036552942,9.694320255280218,-186.6753632485621,-10.38591370178042
95.81668643797313,2.3160584257502563,8.216236036552942,9.694320255280218,-186.67467704571894,-10.38591370178042
102.4118566107072,2.2564216188134765,8.216236036552942,9.694320255280218,-186.674274755215,-10.38591370178042
79.03100461189037,2.1568405804410276,8.216236036552942,9.694320255280218,-186.67403342156052,-10.38591370178042
90.9354332680569,2.31879855834309,8.216236036552942,9.694320255280218,-186.67391005033397,-10.38591370178042
86.77520750211306,2.3031832249875066,8.216236036552942,9.694320255280218,-186.67355511053702,-10.38591370178042
81.73599632367747,2.2630635752915538,8.216236036552942,9.694320255280218,-186.6724984391529,-10.38591370178042
81.28993949040077,2.174808779351281,8.216236036552942,9.694320255280218,-186.67240965882135,-10.38591370178042
87.76749112212434,2.308266860747139,8.216236036552942,9.694320255280218,-186.67108448237363,-10.38591370178042
72.75243875908984,2.121387771729914,8.216236036552942,9.694320255280218,-186.6709836584738,-10.38591370178042
91.38735831401955,2.229379011418331,8.216236036552942,9.694320255280218,-186.67020098965438,-10.38591370178042
72.66458805461824,2.1116980815141204,8.216236036552942,9.694320255280218,-186.67010250756428,-10.38591370178042
78.21200303720686,2.150222757871603,8.216236036552942,9.694320255280218,-186.66809545150994,-10.38591370178042
81.41948126402362,2.2595865443170453,8.216236036552942,9.694320255280218,-186.66760335693868,-10.38591370178042
78.88780357863327,2.155916782532614,8.216236036552942,9.694320255280218,-186.66751227865552,-10.38591370178042
80.9536135161465,2.17243764370933,8.216236036552942,9.694320255280218,-186.667437343248,-10.38591370178042
73.18820498806464,2.1334623804957147,8.216236036552942,9.694320255280218,-186.66738051667133,-10.38591370178042
82.48602082696576,2.270307953553015,8.216236036552942,9.694320255280218,-186.66724842388524,-10.38591370178042
80.13309591060202,2.1660612451838404,8.216236036552942,9.694320255280218,-186.6668971942093,-10.38591370178042
90.83398861801254,2.227695796115384,8.216236036552942,9.694320255280218,-186.66677032840576,-10.38591370178042
85.49482578803539,2.294944866009857,8.216236036552942,9.694320255280218,-186.66654373677562,-10.38591370178042
102.2425993735982,2.252474356342148,8.216236036552942,9.694320255280218,-186.6658827112236,-10.38591370178042
79.86472951503167,2.241954846773126,8.216236036552942,9.694320255280218,-186.66583484832705,-10.38591370178042
90.65877654220229,2.2271321853784514,8.216236036552942,9.694320255280218,-186.66572681582667,-10.38591370178042
83.58350373829082,2.280179335577273,8.216236036552942,9.694320255280218,-186.6649858135511,-10.38591370178042
102.23300383624102,2.2615096628254037,8.216236036552942,9.694320255280218,-186.66474242122027,-10.38591370178042
80.03302132078962,2.1653541672182826,8.216236036552942,9.694320255280218,-186.66460269547247,-10.38591370178042
87.31527680767009,2.3057980379619494,8.216236036552942,9.694320255280218,-186.66459568585998,-10.38591370178042
94.22630162579262,2.3191871459572724,8.216236036552942,9.694320255280218,-186.6644779673378,-10.38591370178042
75.49118131924814,2.178984207930071,8.216236036552942,9.694320255280218,-186.66442458422355,-10.38591370178042
96.62184391791185,2.312748817766689,8.216236036552942,9.694320255280218,-186.66354190676572,-10.38591370178042
102.13561093935363,2.2511268413702226,8.216236036552942,9.694320255280218,-186.66333560306197,-10.38591370178042
100.57287838160552,2.2863527966818964,8.216236036552942,9.694320255280218,-186.66265082078337,-10.38591370178042
92.45377986006747,2.232767392592848,8.216236036552942,9.694320255280218,-186.66190678867292,-10.38591370178042
82.06504515588648,2.2659850318354557,8.216236036552942,9.694320255280218,-186.66150754640717,-10.38591370178042
76.9704432000614,2.202557466358428,8.216236036552942,9.694320255280218,-186.6604322807017,-10.38591370178042
102.14646749019545,2.2521591580625113,8.216236036552942,9.694320255280218,-186.66010213085252,-10.38591370178042
77.18724989836292,2.1418403671242316,8.216236036552942,9.694320255280218,-186.65967943390015,-10.38591370178042
98.38786484928377,2.30361446661729,8.216236036552942,9.694320255280218,-186.6594542908929,-10.38591370178042
72.91790408476055,2.1116873617615965,8.216236036552942,9.694320255280218,-186.65908314151326,-10.38591370178042
85.7480659481531,2.296380259684412,8.216236036552942,9.694320255280218,-186.6589691985184,-10.38591370178042
90.77166517515732,2.227775309373058,8.216236036552942,9.694320255280218,-186.6584357890519,-10.38591370178042
84.58836668644099,2.198002811603885,8.216236036552942,9.694320255280218,-186.65832111293147,-10.38591370178042
83.25471656192235,2.189371239570562,8.216236036552942,9.694320255280218,-186.65817717652286,-10.38591370178042
101.28266985283625,2.277790825224969,8.216236036552942,9.694320255280218,-186.65747394178095,-10.38591370178042
91.96734407542493,2.2315822348070355,8.216236036552942,9.694320255280218,-186.65731275036663,-10.38591370178042
74.29056396675122,2.117882500781434,8.216236036552942,9.694320255280218,-186.65673449312013,-10.38591370178042
78.0215676068285,2.217642441511643,8.216236036552942,9.694320255280218,-186.65643821753926,-10.38591370178042
83.3501596575026,2.190076509725273,8.216236036552942,9.694320255280218,-186.65640451553043,-10.38591370178042
83.3485455715567,2.1900932987556843,8.216236036552942,9.694320255280218,-186.65562163753398,-10.38591370178042
73.66938248963463,2.143443496165986,8.216236036552942,9.694320255280218,-186.65518617753057,-10.38591370178042
96.5809940291686,2.2406448552755194,8.216236036552942,9.694320255280218,-186.6550643089829,-10.38591370178042
73.49561762061259,2.1130853938621783,8.216236036552942,9.694320255280218,-186.65473882804352,-10.38591370178042
76.52396369539167,2.195343470990636,8.216236036552942,9.694320255280218,-186.65376868617182,-10.38591370178042
78.77871785783742,2.155609432467074,8.216236036552942,9.694320255280218,-186.65300573879642,-10.38591370178042
74.11300659921686,2.1526378687455576,8.216236036552942,9.694320255280218,-186.65256027462945,-10.38591370178042
87.0262331685813,2.30382389689872,8.216236036552942,9.694320255280218,-186.65192377208737,-10.38591370178042
102.1301794308475,2.255024496507829,8.216236036552942,9.694320255280218,-186.65149771902566,-10.38591370178042
83.59666739633275,2.1919114084937377,8.216236036552942,9.694320255280218,-186.6509377894389,-10.38591370178042
101.54726785772453,2.2480834677612194,8.216236036552942,9.694320255280218,-186.65005130165687,-10.38591370178042
78.1216661617604,2.2186342058126343,8.216236036552942,9.694320255280218,-186.6474592966234,-10.38591370178042
81.24967116946017,2.1754344388472617,8.216236036552942,9.694320255280218,-186.6473506613224,-10.38591370178042
96.03286985050342,2.3141605176746083,8.216236036552942,9.694320255280218,-186.64639708933004,-10.38591370178042
85.13225175895553,2.291685968464435,8.216236036552942,9.694320255280218,-186.64600502640997,-10.38591370178042
93.64281297633433,2.2362487244436977,8.216236036552942,9.694320255280218,-186.64579465557247,-10.38591370178042
73.98637076461638,2.1167321204944614,8.216236036552942,9.694320255280218,-186.64521969305454,-10.38591370178042
101.37468060795325,2.2751681197871534,8.216236036552942,9.694320255280218,-186.6445849368699,-10.38591370178042
93.63339994193984,2.2362866089989097,8.216236036552942,9.694320255280218,-186.64426267251298,-10.38591370178042
75.40041619437586,2.127448753380378,8.216236036552942,9.694320255280218,-186.644203192773,-10.38591370178042
76.48417985125477,2.1942220729542896,8.216236036552942,9.694320255280218,-186.64418118525927,-10.38591370178042
92.79494498178443,2.234309452340213,8.216236036552942,9.694320255280218,-186.64410509184634,-10.38591370178042
91.73569801863431,2.231384836407628,8.216236036552942,9.694320255280218,-186.64388641910546,-10.38591370178042
96.79097632368084,2.2413748562554474,8.216236036552942,9.694320255280218,-186.64387768680947,-10.38591370178042
72.93887577474352,2.1171425132992283,8.216236036552942,9.694320255280218,-186.64355434819632,-10.38591370178042
90.92579659877103,2.317651492251784,8.216236036552942,9.694320255280218,-186.64253330276776,-10.38591370178042
74.98614831910508,2.1686382756442555,8.216236036552942,9.694320255280218,-186.64134426980067,-10.38591370178042
96.9102124759879,2.241669123340074,8.216236036552942,9.694320255280218,-186.64026497060354,-10.38591370178042
78.59529297399773,2.154633939423178,8.216236036552942,9.694320255280218,-186.6400586161435,-10.38591370178042
99.03355213500765,2.2436841646128443,8.216236036552942,9.694320255280218,-186.64005528567282,-10.38591370178042
77.3205052785559,2.206789820530048,8.216236036552942,9.694320255280218,-186.63954660403996,-10.38591370178042
95.51492057345396,2.2399371588366677,8.216236036552942,9.694320255280218,-186.63910886733157,-10.38591370178042
101.70402904457532,2.268886455399553,8.216236036552942,9.694320255280218,-186.63866070892328,-10.38591370178042
94.79586327877051,2.238812087936793,8.216236036552942,9.694320255280218,-186.6381515071976,-10.38591370178042
73.46778693861074,2.1366429398721323,8.216236036552942,9.694320255280218,-186.6372834098585,-10.38591370178042
83.78268046146069,2.2808677021954225,8.216236036552942,9.694320255280218,-186.63719742180845,-10.38591370178042
77.329848133454,2.2068068727045898,8.216236036552942,9.694320255280218,-186.63703265531697,-10.38591370178042
91.49138012468906,2.23095636662957,8.216236036552942,9.694320255280218,-186.6350989572877,-10.38591370178042
77.21511440474225,2.1432449052404934,8.216236036552942,9.694320255280218,-186.63502624517108,-10.38591370178042
101.53176275685414,2.2500092371281397,8.216236036552942,9.694320255280218,-186.63481760223834,-10.38591370178042
78.7093477308726,2.155807268705985,8.216236036552942,9.694320255280218,-186.634735095614,-10.38591370178042
101.46044281270656,2.2726309082386678,8.216236036552942,9.694320255280218,-186.6346711858043,-10.38591370178042
101.92145237523985,2.260894255539853,8.216236036552942,9.694320255280218,-186.63262617812563,-10.38591370178042
73.34879065852475,2.1156429987851197,8.216236036552942,9.694320255280218,-186.63255419663952,-10.38591370178042
83.40833653829823,2.277460761149044,8.216236036552942,9.694320255280218,-186.6318173664033,-10.38591370178042
101.81332791074824,2.253757850898495,8.216236036552942,9.694320255280218,-186.63168911997417,-10.38591370178042
98.18091165920075,2.2433515607569063,8.216236036552942,9.694320255280218,-186.63156180442732,-10.38591370178042
93.84902111081469,2.2373274161067513,8.216236036552942,9.694320255280218,-186.62936789208618,-10.38591370178042
93.15476408652884,2.235796802708265,8.216236036552942,9.694320255280218,-186.62824910238862,-10.38591370178042
99.56159465387806,2.2449941527756607,8.216236036552942,9.694320255280218,-186.62798143372308,-10.38591370178042
99.85155801235315,2.290786738679614,8.216236036552942,9.694320255280218,-186.6279323775309,-10.38591370178042
73.50718250090743,2.116465482282706,8.216236036552942,9.694320255280218,-186.62789677216352,-10.38591370178042
96.54589817820312,2.311420342652056,8.216236036552942,9.694320255280218,-186.62739195307566,-10.38591370178042
96.15065777394395,2.3128985966557423,8.216236036552942,9.694320255280218,-186.62705166000546,-10.38591370178042
100.56654551035544,2.2468515325415837,8.216236036552942,9.694320255280218,-186.62668872848292,-10.38591370178042
86.40191214080672,2.2096183757695798,8.216236036552942,9.694320255280218,-186.62639336496574,-10.38591370178042
75.3576470608737,2.1282077784916993,8.216236036552942,9.694320255280218,-186.6262771830672,-10.38591370178042
73.34903845677208,2.1168831057450603,8.216236036552942,9.694320255280218,-186.62571913744495,-10.38591370178042
74.66954628616296,2.1230665413922765,8.216236036552942,9.694320255280218,-186.62448823886038,-10.38591370178042
85.72529125983293,2.2950015456770103,8.216236036552942,9.694320255280218,-186.62434545728235,-10.38591370178042
79.45364181647022,2.1623646406952304,8.216236036552942,9.694320255280218,-186.62331815413768,-10.38591370178042
87.5495326100489,2.3054987570824466,8.216236036552942,9.694320255280218,-186.622491844388,-10.38591370178042
86.500229426899,2.2102958605081398,8.216236036552942,9.694320255280218,-186.62212276052114,-10.38591370178042
100.59736483522278,2.2473261607538007,8.216236036552942,9.694320255280218,-186.62210699186073,-10.38591370178042
100.8304750477263,2.248051005617725,8.216236036552942,9.694320255280218,-186.62195101443578,-10.38591370178042
73.28380537678807,2.118465663295794,8.216236036552942,9.694320255280218,-186.62084001655919,-10.38591370178042
97.55769676106367,2.2433010433179135,8.216236036552942,9.694320255280218,-186.62040163706493,-10.38591370178042
82.06712193515081,2.182490547106468,8.216236036552942,9.694320255280218,-186.61955178452394,-10.38591370178042
80.33798220947546,2.1695321486441657,8.216236036552942,9.694320255280218,-186.61940783000657,-10.38591370178042
74.20400193951164,2.151559657838149,8.216236036552942,9.694320255280218,-186.61860542376795,-10.38591370178042
76.5239766066681,2.193491977258333,8.216236036552942,9.694320255280218,-186.61857009582346,-10.38591370178042
99.87053798056043,2.246090379702366,8.216236036552942,9.694320255280218,-186.61838987413705,-10.38591370178042
85.04307488043867,2.290040327679435,8.216236036552942,9.694320255280218,-186.61809093679912,-10.38591370178042
81.07726350384773,2.253993592200203,8.216236036552942,9.694320255280218,-186.61792976059883,-10.38591370178042
81.49256455528982,2.258456773481086,8.216236036552942,9.694320255280218,-186.61790653221166,-10.38591370178042
96.30791259991602,2.2419938791247915,8.216236036552942,9.694320255280218,-186.61720834036643,-10.38591370178042
99.86426736325225,2.246167001140364,8.216236036552942,9.694320255280218,-186.61716686572825,-10.38591370178042
73.25528449895396,2.120918117494071,8.216236036552942,9.694320255280218,-186.61662449172042,-10.38591370178042
78.34308492768805,2.1535994648320838,8.216236036552942,9.694320255280218,-186.61596812172039,-10.38591370178042
75.73153139820593,2.1802295103614426,8.216236036552942,9.694320255280218,-186.61589447828956,-10.38591370178042
73.33176638128992,2.119411729870535,8.216236036552942,9.694320255280218,-186.61581437691908,-10.38591370178042
86.6932987703479,2.300659263093152,8.216236036552942,9.694320255280218,-186.61520933644732,-10.38591370178042
76.25230418714075,2.1889016867382765,8.216236036552942,9.694320255280218,-186.61489588183736,-10.38591370178042
101.25691850469158,2.2510478473686675,8.216236036552942,9.694320255280218,-186.61381347810098,-10.38591370178042
73.41835304347023,2.1311339291436298,8.216236036552942,9.694320255280218,-186.61362685617308,-10.38591370178042
98.72502733523982,2.298849881284511,8.216236036552942,9.694320255280218,-186.61334787737547,-10.38591370178042
73.91704541233209,2.144617440979758,8.216236036552942,9.694320255280218,-186.61324018745722,-10.38591370178042
101.6323772581427,2.255619819601634,8.216236036552942,9.694320255280218,-186.6131239185333,-10.38591370178042
95.55412819027943,2.241099995709945,8.216236036552942,9.694320255280218,-186.61311965813988,-10.38591370178042
74.43882816499676,2.155885876204323,8.216236036552942,9.694320255280218,-186.612235985648,-10.38591370178042
100.29137685206253,2.2474138433308752,8.216236036552942,9.694320255280218,-186.61192195839848,-10.38591370178042
100.94252038567234,2.2775419604385974,8.216236036552942,9.694320255280218,-186.61188878164975,-10.38591370178042
90.4940385755183,2.3156499288881633,8.216236036552942,9.694320255280218,-186.6115923174047,-10.38591370178042
78.62757794721628,2.2238231567077946,8.216236036552942,9.694320255280218,-186.60927911554856,-10.38591370178042
93.5807477967793,2.317706134340611,8.216236036552942,9.694320255280218,-186.6089439243452,-10.38591370178042
78.662411606483,2.224222918096885,8.216236036552942,9.694320255280218,-186.60778408871587,-10.38591370178042
100.51163420184015,2.248382442844729,8.216236036552942,9.694320255280218,-186.60753085618722,-10.38591370178042
96.87659551436545,2.3090720010030594,8.216236036552942,9.694320255280218,-186.60739159652059,-10.38591370178042
77.11741331099667,2.1438075812015995,8.216236036552942,9.694320255280218,-186.607062026439,-10.38591370178042
100.19267781208252,2.2476331407327166,8.216236036552942,9.694320255280218,-186.60639804979834,-10.38591370178042
95.0448121059931,2.3152346835770743,8.216236036552942,9.694320255280218,-186.60572993675584,-10.38591370178042
78.03907076070767,2.2155501690996857,8.216236036552942,9.694320255280218,-186.60560649211948,-10.38591370178042
95.63195683881845,2.2415506003228245,8.216236036552942,9.694320255280218,-186.6055109001855,-10.38591370178042
101.50047239269337,2.255245756597475,8.216236036552942,9.694320255280218,-186.60534886009037,-10.38591370178042
74.17264463133132,2.1217232062069655,8.216236036552942,9.694320255280218,-186.60418720125742,-10.38591370178042
86.38963311001828,2.2103597146027596,8.216236036552942,9.694320255280218,-186.6034958836206,-10.38591370178042
75.58576035631285,2.131605509969731,8.216236036552942,9.694320255280218,-186.60145156938646,-10.38591370178042
74.20099084970747,2.1497615836790516,8.216236036552942,9.694320255280218,-186.6012095026777,-10.38591370178042
93.5642533092658,2.317384410244671,8.216236036552942,9.694320255280218,-186.60064910753246,-10.38591370178042
101.12465407844724,2.273241708182894,8.216236036552942,9.694320255280218,-186.59961008234686,-10.38591370178042
100.39256517941162,2.248753592094644,8.216236036552942,9.694320255280218,-186.59950298653573,-10.38591370178042
80.6044434501435,2.1723922459618734,8.216236036552942,9.694320255280218,-186.59947503554312,-10.38591370178042
91.69119933214355,2.23290816218703,8.216236036552942,9.694320255280218,-186.598912116078,-10.38591370178042
73.63217085337382,2.134480239964361,8.216236036552942,9.694320255280218,-186.59691909290265,-10.38591370178042
74.30799073946378,2.151647642456169,8.216236036552942,9.694320255280218,-186.59667608350108,-10.38591370178042
95.12125679955196,2.241118587540086,8.216236036552942,9.694320255280218,-186.59625932619292,-10.38591370178042
89.77143978118069,2.2263393607731246,8.216236036552942,9.694320255280218,-186.59613658017904,-10.38591370178042
98.89703300208282,2.2965454730224195,8.216236036552942,9.694320255280218,-186.59599465370403,-10.38591370178042
82.01182853227184,2.2629424314064295,8.216236036552942,9.694320255280218,-186.5956493195502,-10.38591370178042
96.7257070871015,2.243600351732155,8.216236036552942,9.694320255280218,-186.5943546996448,-10.38591370178042
98.74566234470922,2.297535596575557,8.216236036552942,9.694320255280218,-186.59396485829066,-10.38591370178042
99.92428694857203,2.2875776296827866,8.216236036552942,9.694320255280218,-186.59390933031642,-10.38591370178042
74.28788664039513,2.150913137106599,8.216236036552942,9.694320255280218,-186.5938790160028,-10.38591370178042
74.6344947420608,2.158228731101545,8.216236036552942,9.694320255280218,-186.59346976804864,-10.38591370178042
97.56493278635183,2.3049413934054286,8.216236036552942,9.694320255280218,-186.59314450102215,-10.38591370178042
80.32292606121064,2.170524436370073,8.216236036552942,9.694320255280218,-186.5920784578222,-10.38591370178042
74.88956206182776,2.163187490063976,8.216236036552942,9.694320255280218,-186.5918908392241,-10.38591370178042
101.43972602437442,2.2594326955832287,8.216236036552942,9.694320255280218,-186.59099943274416,-10.38591370178042
74.1577910786701,2.12312829107978,8.216236036552942,9.694320255280218,-186.5909364839335,-10.38591370178042
101.27964841755426,2.268462939206472,8.216236036552942,9.694320255280218,-186.59029493880877,-10.38591370178042
98.34355122576225,2.2458279632100187,8.216236036552942,9.694320255280218,-186.58961491217573,-10.38591370178042
73.63024542678467,2.1324203051878357,8.216236036552942,9.694320255280218,-186.58960966495044,-10.38591370178042
99.10801634248499,2.2944993165950365,8.216236036552942,9.694320255280218,-186.58958754369957,-10.38591370178042
97.83050987826769,2.2452381039351934,8.216236036552942,9.694320255280218,-186.58895569889899,-10.38591370178042
96.78834753308611,2.30855243618889,8.216236036552942,9.694320255280218,-186.58876812371787,-10.38591370178042
75.44175712890934,2.1314216654018736,8.216236036552942,9.694320255280218,-186.58780730687016,-10.38591370178042
74.00449460262215,2.1233623436302054,8.216236036552942,9.694320255280218,-186.58581775551593,-10.38591370178042
93.96322652837976,2.3163415526032054,8.216236036552942,9.694320255280218,-186.58548456931914,-10.38591370178042
98.04939998350045,2.245710303887691,8.216236036552942,9.694320255280218,-186.5852519896307,-10.38591370178042
100.15726353244939,2.2844310986681933,8.216236036552942,9.694320255280218,-186.58520582820287,-10.38591370178042
80.63407498225477,2.2477011458525453,8.216236036552942,9.694320255280218,-186.5851365271911,-10.38591370178042
100.24110643067885,2.2834918518350094,8.216236036552942,9.694320255280218,-186.58508218836013,-10.38591370178042
85.92036248871575,2.2948304020896444,8.216236036552942,9.694320255280218,-186.5846975050224,-10.38591370178042
87.7083397569962,2.2177871526604918,8.216236036552942,9.694320255280218,-186.5840876104095,-10.38591370178042
96.44143624496206,2.243712373083966,8.216236036552942,9.694320255280218,-186.58401812097958,-10.38591370178042
80.32880342057283,2.170923060939458,8.216236036552942,9.694320255280218,-186.58355151080292,-10.38591370178042
85.32799309236498,2.205116560583207,8.216236036552942,9.694320255280218,-186.58332417913064,-10.38591370178042
73.77430658996268,2.1357025913143417,8.216236036552942,9.694320255280218,-186.58186270684178,-10.38591370178042
75.08440406885136,2.1661511304247227,8.216236036552942,9.694320255280218,-186.58184810451604,-10.38591370178042
94.01943878580212,2.23960717812939,8.216236036552942,9.694320255280218,-186.58166145617437,-10.38591370178042
80.81212454847423,2.1747091245709953,8.216236036552942,9.694320255280218,-186.58138541524684,-10.38591370178042
89.96879495778673,2.3132318013879285,8.216236036552942,9.694320255280218,-186.58119328203196,-10.38591370178042
86.59514017802663,2.2988423791661745,8.216236036552942,9.694320255280218,-186.58104988997025,-10.38591370178042
91.81553287642896,2.234003742734771,8.216236036552942,9.694320255280218,-186.58001522970238,-10.38591370178042
98.25329474753809,2.246294090197921,8.216236036552942,9.694320255280218,-186.57959396355068,-10.38591370178042
96.04555740905083,2.311063310014262,8.216236036552942,9.694320255280218,-186.57911212436585,-10.38591370178042
97.83514034696056,2.3026032962771836,8.216236036552942,9.694320255280218,-186.57839210112084,-10.38591370178042
80.23531610570177,2.242765955320891,8.216236036552942,9.694320255280218,-186.5781707065099,-10.38591370178042
86.22792937262815,2.2965021704790587,8.216236036552942,9.694320255280218,-186.57740875012993,-10.38591370178042
99.99862566913673,2.249610134089579,8.216236036552942,9.694320255280218,-186.57697249945136,-10.38591370178042
75.42517936508084,2.1320862365737554,8.216236036552942,9.694320255280218,-186.5768134067302,-10.38591370178042
77.50201732406494,2.2062592822860267,8.216236036552942,9.694320255280218,-186.57538636092676,-10.38591370178042
82.3362943049522,2.186093484584049,8.216236036552942,9.694320255280218,-186.57536643544162,-10.38591370178042
91.0484820364607,2.3153341435642716,8.216236036552942,9.694320255280218,-186.57516044503612,-10.38591370178042
76.9250737921122,2.1973974517747195,8.216236036552942,9.694320255280218,-186.5745529583654,-10.38591370178042
82.42982517910258,2.1868426871989755,8.216236036552942,9.694320255280218,-186.5729866619991,-10.38591370178042
99.3252133550905,2.291439891818129,8.216236036552942,9.694320255280218,-186.57170162685654,-10.38591370178042
81.81036790831116,2.182489229970699,8.216236036552942,9.694320255280218,-186.57162472190294,-10.38591370178042
84.2291514769544,2.1988731883929233,8.216236036552942,9.694320255280218,-186.57159487565778,-10.38591370178042
74.7961759601601,2.1593471815867815,8.216236036552942,9.694320255280218,-186.56957747179703,-10.38591370178042
99.06624204435704,2.248168558375795,8.216236036552942,9.694320255280218,-186.5691691130212,-10.38591370178042
83.2131994637074,2.2733365819244113,8.216236036552942,9.694320255280218,-186.56862657315753,-10.38591370178042
85.12662560401904,2.288800265999967,8.216236036552942,9.694320255280218,-186.56837283423798,-10.38591370178042
77.71654988301006,2.209059841395188,8.216236036552942,9.694320255280218,-186.56831738531986,-10.38591370178042
82.28606287634958,2.186031334491915,8.216236036552942,9.694320255280218,-186.56789796264638,-10.38591370178042
91.60685123725254,2.2338512097950485,8.216236036552942,9.694320255280218,-186.56732526341017,-10.38591370178042
97.38611297034194,2.3044986013889,8.216236036552942,9.694320255280218,-186.56692610741314,-10.38591370178042
84.99131512235572,2.2877187686442397,8.216236036552942,9.694320255280218,-186.56576068452512,-10.38591370178042
80.24079785850839,2.1710154857179447,8.216236036552942,9.694320255280218,-186.56525051480426,-10.38591370178042
75.65668574417184,2.134638406770179,8.216236036552942,9.694320255280218,-186.5649006330317,-10.38591370178042
75.89145524043538,2.179689346312415,8.216236036552942,9.694320255280218,-186.56485861405818,-10.38591370178042
86.4976592913772,2.2976639645859365,8.216236036552942,9.694320255280218,-186.56484221631007,-10.38591370178042
92.96260167183497,2.3162403914694494,8.216236036552942,9.694320255280218,-186.56458937788997,-10.38591370178042
96.85166099185984,2.245256878822076,8.216236036552942,9.694320255280218,-186.5643077684095,-10.38591370178042
74.01549337309949,2.1395190185671424,8.216236036552942,9.694320255280218,-186.5638167283359,-10.38591370178042
76.54027924256279,2.1906039753718005,8.216236036552942,9.694320255280218,-186.5637828820642,-10.38591370178042
74.04687852729198,2.140390594728885,8.216236036552942,9.694320255280218,-186.56315209558258,-10.38591370178042
79.89445632601235,2.2379450775857634,8.216236036552942,9.694320255280218,-186.56172722838954,-10.38591370178042
90.71613678293923,2.3142062724150207,8.216236036552942,9.694320255280218,-186.561463408671,-10.38591370178042
94.03591296857729,2.315214955728635,8.216236036552942,9.694320255280218,-186.56125840061338,-10.38591370178042
93.9888387075198,2.3152748313712834,8.216236036552942,9.694320255280218,-186.56115842868942,-10.38591370178042
91.23437794353374,2.3150629500399162,8.216236036552942,9.694320255280218,-186.56086023878913,-10.38591370178042
87.9954378804663,2.220074436917386,8.216236036552942,9.694320255280218,-186.55885136159367,-10.38591370178042
94.97626358347061,2.242502355544758,8.216236036552942,9.694320255280218,-186.55870293053675,-10.38591370178042
93.2130528117546,2.2387360320211656,8.216236036552942,9.694320255280218,-186.5575305640392,-10.38591370178042
94.25660907318252,2.3146292954840533,8.216236036552942,9.694320255280218,-186.55546958175395,-10.38591370178042
86.42709662509137,2.296887371804047,8.216236036552942,9.694320255280218,-186.55541426905376,-10.38591370178042
81.27467168365648,2.253575588328445,8.216236036552942,9.694320255280218,-186.55497385411599,-10.38591370178042
98.97207053205864,2.2932039705866742,8.216236036552942,9.694320255280218,-186.5548651647159,-10.38591370178042
98.18602742505246,2.298992045823738,8.216236036552942,9.694320255280218,-186.55450530785367,-10.38591370178042
75.06727892139098,2.163445823884871,8.216236036552942,9.694320255280218,-186.55424559861055,-10.38591370178042
83.54891599633196,2.1951590735094015,8.216236036552942,9.694320255280218,-186.5541901834628,-10.38591370178042
92.25948395932926,2.3157492575496263,8.216236036552942,9.694320255280218,-186.55395888665745,-10.38591370178042
100.87151744947988,2.258387601611844,8.216236036552942,9.694320255280218,-186.55270730793146,-10.38591370178042
76.94977923224876,2.196521568385535,8.216236036552942,9.694320255280218,-186.55259844908062,-10.38591370178042
74.35600404560735,2.1289487354324734,8.216236036552942,9.694320255280218,-186.55169272544117,-10.38591370178042
86.70169321601192,2.213908435061228,8.216236036552942,9.694320255280218,-186.55161220719916,-10.38591370178042
85.67858346712903,2.20834888262452,8.216236036552942,9.694320255280218,-186.55057451145845,-10.38591370178042
74.84684989480336,2.158443448711026,8.216236036552942,9.694320255280218,-186.54996409022297,-10.38591370178042
95.74576110611169,2.3106971908975424,8.216236036552942,9.694320255280218,-186.54983538883485,-10.38591370178042
96.82113685903334,2.3064069374427163,8.216236036552942,9.694320255280218,-186.54976557373868,-10.38591370178042
82.27041395788783,2.263634178216037,8.216236036552942,9.694320255280218,-186.54843775676494,-10.38591370178042
98.06411650013705,2.2993283310736246,8.216236036552942,9.694320255280218,-186.5469432596249,-10.38591370178042
77.80705803174116,2.1525755005641685,8.216236036552942,9.694320255280218,-186.54683856328842,-10.38591370178042
97.21115239112558,2.3042943671476905,8.216236036552942,9.694320255280218,-186.5463749838789,-10.38591370178042
74.52547502507245,2.1300481196056467,8.216236036552942,9.694320255280218,-186.54588346253442,-10.38591370178042
100.88722508565424,2.2619792008110835,8.216236036552942,9.694320255280218,-186.54547630777418,-10.38591370178042
77.13081620414789,2.14728491479579,8.216236036552942,9.694320255280218,-186.5448213458131,-10.38591370178042
94.3909459194737,2.3138928556107885,8.216236036552942,9.694320255280218,-186.54407978802985,-10.38591370178042
95.93968710848205,2.3097311501029196,8.216236036552942,9.694320255280218,-186.5437737983416,-10.38591370178042
98.76368758725101,2.249433664062906,8.216236036552942,9.694320255280218,-186.54297272350692,-10.38591370178042
83.0417122724551,2.1922636166176233,8.216236036552942,9.694320255280218,-186.5419244150697,-10.38591370178042
83.93367616997624,2.2785186019446826,8.216236036552942,9.694320255280218,-186.54182829217677,-10.38591370178042
92.7839538563465,2.3153277623373896,8.216236036552942,9.694320255280218,-186.5417925131001,-10.38591370178042
90.03140142523083,2.2294001260220284,8.216236036552942,9.694320255280218,-186.5409980866419,-10.38591370178042
85.42179037107864,2.289763630530743,8.216236036552942,9.694320255280218,-186.53907202520236,-10.38591370178042
98.76928033215363,2.2497631556944384,8.216236036552942,9.694320255280218,-186.53847385225302,-10.38591370178042
92.64335048782768,2.238074886692857,8.216236036552942,9.694320255280218,-186.5374054211846,-10.38591370178042
96.17203633121072,2.2456038795698277,8.216236036552942,9.694320255280218,-186.53695550816425,-10.38591370178042
94.20300894917669,2.31384815393767,8.216236036552942,9.694320255280218,-186.535896355955,-10.38591370178042
74.50706997448151,2.131631477072304,8.216236036552942,9.694320255280218,-186.53560173286542,-10.38591370178042
89.16713316114716,2.3090257881014367,8.216236036552942,9.694320255280218,-186.5352325272953,-10.38591370178042
82.31136779977838,2.1875403604660306,8.216236036552942,9.694320255280218,-186.53454134856648,-10.38591370178042
100.75818242894157,2.263712438110005,8.216236036552942,9.694320255280218,-186.5341797177584,-10.38591370178042
99.30468674844127,2.288668167676832,8.216236036552942,9.694320255280218,-186.53410816002082,-10.38591370178042
79.60876545815701,2.1675123408617196,8.216236036552942,9.694320255280218,-186.53379405793785,-10.38591370178042
84.03445955449048,2.2790238622891223,8.216236036552942,9.694320255280218,-186.53351335830712,-10.38591370178042
87.45840316686466,2.218444691963839,8.216236036552942,9.694320255280218,-186.53334775782136,-10.38591370178042
75.29221121150856,2.134789731786853,8.216236036552942,9.694320255280218,-186.53325359135752,-10.38591370178042
100.22135999924363,2.255286067326935,8.216236036552942,9.694320255280218,-186.53274447515287,-10.38591370178042
92.72066202214808,2.2384937511251337,8.216236036552942,9.694320255280218,-186.5323602967965,-10.38591370178042
74.48520417790692,2.147179196168807,8.216236036552942,9.694320255280218,-186.5317223836112,-10.38591370178042
94.86150106770843,2.243520520432739,8.216236036552942,9.694320255280218,-186.5313492136792,-10.38591370178042
95.30193488928558,2.2443794473029044,8.216236036552942,9.694320255280218,-186.5309922801861,-10.38591370178042
79.16184633965585,2.2271465505459247,8.216236036552942,9.694320255280218,-186.52910643021033,-10.38591370178042
78.9145785394948,2.1623303981160404,8.216236036552942,9.694320255280218,-186.52840074824977,-10.38591370178042
100.65677117738414,2.267434329513904,8.216236036552942,9.694320255280218,-186.52820825815718,-10.38591370178042
91.24829660872666,2.2342333614538745,8.216236036552942,9.694320255280218,-186.52816854608562,-10.38591370178042
100.57567291904901,2.2702262987701403,8.216236036552942,9.694320255280218,-186.52782697303934,-10.38591370178042
96.12625705634284,2.2460074237988863,8.216236036552942,9.694320255280218,-186.52744179320356,-10.38591370178042
86.67115588544493,2.297246250567511,8.216236036552942,9.694320255280218,-186.52736586395125,-10.38591370178042
100.25083959592011,2.276688275824,8.216236036552942,9.694320255280218,-186.52733908875388,-10.38591370178042
90.6512016156001,2.2322445511769615,8.216236036552942,9.694320255280218,-186.5265938278875,-10.38591370178042
74.92139752471518,2.1574127080272376,8.216236036552942,9.694320255280218,-186.5265925294328,-10.38591370178042
90.8746369231872,2.2330334997859325,8.216236036552942,9.694320255280218,-186.5264968445719,-10.38591370178042
77.10218787742977,2.1973605017017377,8.216236036552942,9.694320255280218,-186.52643636770364,-10.38591370178042
91.21242884540749,2.3136349144629946,8.216236036552942,9.694320255280218,-186.52596439789932,-10.38591370178042
80.16297808746116,2.172170743626552,8.216236036552942,9.694320255280218,-186.52534307999014,-10.38591370178042
99.1711090725467,2.2891609593363853,8.216236036552942,9.694320255280218,-186.5250717008433,-10.38591370178042
100.62294406428371,2.2627144552840264,8.216236036552942,9.694320255280218,-186.52481602490832,-10.38591370178042
98.3915550947761,2.2500078011213986,8.216236036552942,9.694320255280218,-186.52429732634226,-10.38591370178042
80.73117276560977,2.1765336903904426,8.216236036552942,9.694320255280218,-186.52382413940413,-10.38591370178042
80.0236406358012,2.2377961191525344,8.216236036552942,9.694320255280218,-186.52376424688356,-10.38591370178042
92.49073609395707,2.238256657639255,8.216236036552942,9.694320255280218,-186.52274616624868,-10.38591370178042
89.11816677398488,2.3083282017524738,8.216236036552942,9.694320255280218,-186.52172959971628,-10.38591370178042
79.47508272712724,2.2308253000383758,8.216236036552942,9.694320255280218,-186.52128593804392,-10.38591370178042
91.26791079652617,2.313517092659211,8.216236036552942,9.694320255280218,-186.52116730073212,-10.38591370178042
100.5921453755591,2.2660763366042147,8.216236036552942,9.694320255280218,-186.52114234450048,-10.38591370178042
86.9952533937805,2.298783766720149,8.216236036552942,9.694320255280218,-186.52009719451075,-10.38591370178042
78.60040522510151,2.1603258051599283,8.216236036552942,9.694320255280218,-186.5190465001475,-10.38591370178042
79.01903946068491,2.224743196266388,8.216236036552942,9.694320255280218,-186.51870125722726,-10.38591370178042
85.66639901412765,2.2906199073378986,8.216236036552942,9.694320255280218,-186.5182742553507,-10.38591370178042
86.85451150633034,2.2979063571695804,8.216236036552942,9.694320255280218,-186.5175742930049,-10.38591370178042
75.90898751943372,2.140022221370998,8.216236036552942,9.694320255280218,-186.5173577072615,-10.38591370178042
99.98903191130937,2.27913445124058,8.216236036552942,9.694320255280218,-186.51704747433584,-10.38591370178042
95.62091991053519,2.245642186402037,8.216236036552942,9.694320255280218,-186.51700759398182,-10.38591370178042
80.56750151295769,2.175613918284043,8.216236036552942,9.694320255280218,-186.5168833376998,-10.38591370178042
92.59747435744003,2.2388007529214207,8.216236036552942,9.694320255280218,-186.5168750474453,-10.38591370178042
77.30375688649855,2.1999285090429908,8.216236036552942,9.694320255280218,-186.51665582613006,-10.38591370178042
100.48293193557228,2.268678565029674,8.216236036552942,9.694320255280218,-186.51537437435192,-10.38591370178042
84.13929420449942,2.279151769714531,8.216236036552942,9.694320255280218,-186.51525738776974,-10.38591370178042
90.82415998762501,2.3125322687162395,8.216236036552942,9.694320255280218,-186.51435182803638,-10.38591370178042
98.56839711661857,2.2934868649495854,8.216236036552942,9.694320255280218,-186.51423571252448,-10.38591370178042
80.04491965214072,2.2375997043968283,8.216236036552942,9.694320255280218,-186.51401047171728,-10.38591370178042
74.49236048882399,2.141894136667858,8.216236036552942,9.694320255280218,-186.51378964480097,-10.38591370178042
100.48535915547457,2.2636202734057917,8.216236036552942,9.694320255280218,-186.51350794450778,-10.38591370178042
85.4706690373294,2.2890841233842423,8.216236036552942,9.694320255280218,-186.51312455853048,-10.38591370178042
100.40655778760502,2.2704730682870604,8.216236036552942,9.694320255280218,-186.51305491325115,-10.38591370178042
77.49091233394357,2.1520074617964724,8.216236036552942,9.694320255280218,-186.51224458092662,-10.38591370178042
99.6895426706215,2.282395838233114,8.216236036552942,9.694320255280218,-186.51175722966389,-10.38591370178042
88.64142070038487,2.3061560685347615,8.216236036552942,9.694320255280218,-186.51122589028162,-10.38591370178042
100.3487226432087,2.2715443141126883,8.216236036552942,9.694320255280218,-186.51122148463747,-10.38591370178042
85.78039482421444,2.210458122969513,8.216236036552942,9.694320255280218,-186.51037858022394,-10.38591370178042
95.0306373000495,2.2448460171914206,8.216236036552942,9.694320255280218,-186.51022520379567,-10.38591370178042
75.90095317206024,2.1756805753912403,8.216236036552942,9.694320255280218,-186.5098339095804,-10.38591370178042
75.00932383202168,2.157250619400614,8.216236036552942,9.694320255280218,-186.50980445092435,-10.38591370178042
96.66819714318841,2.247884195078484,8.216236036552942,9.694320255280218,-186.50935201208296,-10.38591370178042
90.60629578217998,2.2327710575666657,8.216236036552942,9.694320255280218,-186.50927331452945,-10.38591370178042
86.7934057051492,2.215995296138871,8.216236036552942,9.694320255280218,-186.50923595414605,-10.38591370178042
97.3040963038542,2.301630941590375,8.216236036552942,9.694320255280218,-186.50909393505586,-10.38591370178042
100.29828092745454,2.272218543156683,8.216236036552942,9.694320255280218,-186.50899765486648,-10.38591370178042
94.15949950017986,2.312671201914341,8.216236036552942,9.694320255280218,-186.50850671809692,-10.38591370178042
97.4192952298054,2.300930230899283,8.216236036552942,9.694320255280218,-186.50842062014902,-10.38591370178042
83.82406260999588,2.1987428157631683,8.216236036552942,9.694320255280218,-186.50838627655887,-10.38591370178042
100.30899024384794,2.271648904786389,8.216236036552942,9.694320255280218,-186.5079250312371,-10.38591370178042
91.52518549043452,2.235956180692881,8.216236036552942,9.694320255280218,-186.50788334948453,-10.38591370178042
89.04024621964174,2.3074899547457335,8.216236036552942,9.694320255280218,-186.5074656819707,-10.38591370178042
89.80952703404586,2.3099168246096724,8.216236036552942,9.694320255280218,-186.507376136906,-10.38591370178042
77.43816004729167,2.151916689833925,8.216236036552942,9.694320255280218,-186.5069469796587,-10.38591370178042
86.93676745153792,2.216841417380479,8.216236036552942,9.694320255280218,-186.50656212121484,-10.38591370178042
76.37004342266194,2.144069619190134,8.216236036552942,9.694320255280218,-186.50580629349847,-10.38591370178042
78.15914635578912,2.212070224885707,8.216236036552942,9.694320255280218,-186.50466756523912,-10.38591370178042
84.32121714205422,2.2020411965825417,8.216236036552942,9.694320255280218,-186.50442570159734,-10.38591370178042
94.46184918235143,2.2439489614195764,8.216236036552942,9.694320255280218,-186.50418542312886,-10.38591370178042
87.51446571060002,2.219843431058905,8.216236036552942,9.694320255280218,-186.50404285903073,-10.38591370178042
93.5111092978756,2.313301842185453,8.216236036552942,9.694320255280218,-186.50399196877356,-10.38591370178042
93.51815623416387,2.2418004129022364,8.216236036552942,9.694320255280218,-186.50335599400535,-10.38591370178042
85.62110347389319,2.2098513005797145,8.216236036552942,9.694320255280218,-186.5028072208549,-10.38591370178042
82.3304017678219,2.1889855720638707,8.216236036552942,9.694320255280218,-186.50278049048342,-10.38591370178042
74.88193366964033,2.152848835120764,8.216236036552942,9.694320255280218,-186.5026005494453,-10.38591370178042
86.52177266099015,2.29538310145837,8.216236036552942,9.694320255280218,-186.50218049696983,-10.38591370178042
94.27489993337066,2.3121669848527233,8.216236036552942,9.694320255280218,-186.50193217627623,-10.38591370178042
76.20887858783121,2.180635121986498,8.216236036552942,9.694320255280218,-186.50152938348822,-10.38591370178042
96.98953157078824,2.2489186778822017,8.216236036552942,9.694320255280218,-186.5010404307884,-10.38591370178042
91.58414294173497,2.236438787110089,8.216236036552942,9.694320255280218,-186.50075695650656,-10.38591370178042
78.69780046121504,2.1620695810085095,8.216236036552942,9.694320255280218,-186.50011139997738,-10.38591370178042
92.66999862211958,2.3135270366186518,8.216236036552942,9.694320255280218,-186.49949540363355,-10.38591370178042
77.18140575188178,2.1506136536814893,8.216236036552942,9.694320255280218,-186.49659882209147,-10.38591370178042
84.56222430716778,2.2817237064607525,8.216236036552942,9.694320255280218,-186.49571361327588,-10.38591370178042
98.66276215794014,2.291219255100799,8.216236036552942,9.694320255280218,-186.49524490727651,-10.38591370178042
83.55620239069754,2.2733769602379255,8.216236036552942,9.694320255280218,-186.4944227093427,-10.38591370178042
83.94848519602297,2.2001076483058313,8.216236036552942,9.694320255280218,-186.49424241333395,-10.38591370178042
95.42217203618662,2.308969826291303,8.216236036552942,9.694320255280218,-186.49412482735997,-10.38591370178042
96.8287899242712,2.3031705847654393,8.216236036552942,9.694320255280218,-186.49248745877753,-10.38591370178042
88.44476445545885,2.224683132301948,8.216236036552942,9.694320255280218,-186.4923160291324,-10.38591370178042
82.43281102452801,2.262874880222384,8.216236036552942,9.694320255280218,-186.49229301274187,-10.38591370178042
91.21660898234713,2.2356433977872,8.216236036552942,9.694320255280218,-186.4908213241996,-10.38591370178042
74.81280252393387,2.1409321067865505,8.216236036552942,9.694320255280218,-186.4906143937353,-10.38591370178042
88.65809206207342,2.3053954246771724,8.216236036552942,9.694320255280218,-186.4906071763215,-10.38591370178042
84.3868815673493,2.280128452688672,8.216236036552942,9.694320255280218,-186.49038293214664,-10.38591370178042
100.08846680487056,2.2721403700495557,8.216236036552942,9.694320255280218,-186.4896090060678,-10.38591370178042
75.13954595735085,2.157404692798991,8.216236036552942,9.694320255280218,-186.48959904610922,-10.38591370178042
84.41867781713538,2.2803370870659307,8.216236036552942,9.694320255280218,-186.48933528124644,-10.38591370178042
77.38238494077592,2.152584962358688,8.216236036552942,9.694320255280218,-186.4893254532464,-10.38591370178042
74.80300179426386,2.1454204242491386,8.216236036552942,9.694320255280218,-186.48860760532878,-10.38591370178042
84.40451983256169,2.2032108068537184,8.216236036552942,9.694320255280218,-186.48815901410177,-10.38591370178042
75.41762128957456,2.140276043241741,8.216236036552942,9.694320255280218,-186.48772441555872,-10.38591370178042
78.58068656705682,2.2171215310608687,8.216236036552942,9.694320255280218,-186.48762229107854,-10.38591370178042
75.21777986556833,2.1589373269456757,8.216236036552942,9.694320255280218,-186.4869161091576,-10.38591370178042
83.12954433665615,2.2692474530214355,8.216236036552942,9.694320255280218,-186.4868872626149,-10.38591370178042
79.77610477269448,2.232951115542434,8.216236036552942,9.694320255280218,-186.48677499243425,-10.38591370178042
90.44711659831852,2.3106277329831357,8.216236036552942,9.694320255280218,-186.48626571514927,-10.38591370178042
79.52763587348772,2.2297617770331044,8.216236036552942,9.694320255280218,-186.48622270732233,-10.38591370178042
75.36489866974246,2.140334331988228,8.216236036552942,9.694320255280218,-186.48599986057081,-10.38591370178042
99.81650207944182,2.259372047419859,8.216236036552942,9.694320255280218,-186.48561147420574,-10.38591370178042
93.75636964058305,2.2432191870953346,8.216236036552942,9.694320255280218,-186.4848608450127,-10.38591370178042
94.66652340785707,2.3105124511875914,8.216236036552942,9.694320255280218,-186.48408685601544,-10.38591370178042
85.03927086877394,2.2848353426136327,8.216236036552942,9.694320255280218,-186.4838412200954,-10.38591370178042
92.92191025624817,2.3127695871923777,8.216236036552942,9.694320255280218,-186.4836488476124,-10.38591370178042
78.40875901780693,2.1607429466274652,8.216236036552942,9.694320255280218,-186.483422662427,-10.38591370178042
85.87890498876632,2.290619968615246,8.216236036552942,9.694320255280218,-186.48316934549933,-10.38591370178042
87.51266099874569,2.3000025715127634,8.216236036552942,9.694320255280218,-186.48281883418673,-10.38591370178042
93.212839503508,2.2419400760125683,8.216236036552942,9.694320255280218,-186.48277792777048,-10.38591370178042
76.18130761015834,2.144688693742637,8.216236036552942,9.694320255280218,-186.48255926066915,-10.38591370178042
99.61614967611035,2.258260857697934,8.216236036552942,9.694320255280218,-186.48210526239018,-10.38591370178042
74.89242471194824,2.1441900884153284,8.216236036552942,9.694320255280218,-186.48129232573712,-10.38591370178042
93.18618186932855,2.312518114057852,8.216236036552942,9.694320255280218,-186.48103527729245,-10.38591370178042
76.65311666768262,2.1868498554940174,8.216236036552942,9.694320255280218,-186.48090150788687,-10.38591370178042
93.44691694419629,2.312255605326129,8.216236036552942,9.694320255280218,-186.47979102027165,-10.38591370178042
95.8053348085492,2.3068668708655764,8.216236036552942,9.694320255280218,-186.47910255030126,-10.38591370178042
90.0974036095939,2.2321095009797034,8.216236036552942,9.694320255280218,-186.47892889504644,-10.38591370178042
93.50721078125595,2.3121524373721485,8.216236036552942,9.694320255280218,-186.4788197587468,-10.38591370178042
97.52459488999008,2.2983670562552305,8.216236036552942,9.694320255280218,-186.47859940665532,-10.38591370178042
76.02389884256063,2.1441500981298987,8.216236036552942,9.694320255280218,-186.47827394317486,-10.38591370178042
87.97926767657614,2.3020114911392966,8.216236036552942,9.694320255280218,-186.47765620275715,-10.38591370178042
90.99838641013523,2.235452269532516,8.216236036552942,9.694320255280218,-186.47750723052735,-10.38591370178042
82.82635584075241,2.193492628813445,8.216236036552942,9.694320255280218,-186.476520299639,-10.38591370178042
76.2207210966685,2.1454863511676763,8.216236036552942,9.694320255280218,-186.47623806003148,-10.38591370178042
85.57878338322892,2.288312405937887,8.216236036552942,9.694320255280218,-186.47568977850412,-10.38591370178042
77.1879289269421,2.1953657057707545,8.216236036552942,9.694320255280218,-186.4747972190463,-10.38591370178042
93.71069737247473,2.3117301506947,8.216236036552942,9.694320255280218,-186.4746447693113,-10.38591370178042
99.92739787018087,2.271715274461215,8.216236036552942,9.694320255280218,-186.4743494911131,-10.38591370178042
98.87502981737222,2.2873297573737545,8.216236036552942,9.694320255280218,-186.47376308807085,-10.38591370178042
80.49013388358749,2.2410125604190227,8.216236036552942,9.694320255280218,-186.47341789662977,-10.38591370178042
96.28438392723967,2.2491999733993993,8.216236036552942,9.694320255280218,-186.4732879773477,-10.38591370178042
92.96456628427427,2.241710095007207,8.216236036552942,9.694320255280218,-186.47311080378608,-10.38591370178042
75.21650467343032,2.1562889548166027,8.216236036552942,9.694320255280218,-186.47235947851016,-10.38591370178042
99.24257678198934,2.2573312019912066,8.216236036552942,9.694320255280218,-186.47144083792614,-10.38591370178042
86.676753398553,2.216879471648298,8.216236036552942,9.694320255280218,-186.47133518870584,-10.38591370178042
77.33702730076041,2.153497867615812,8.216236036552942,9.694320255280218,-186.4703470751412,-10.38591370178042
75.88429172913162,2.1442562636242,8.216236036552942,9.694320255280218,-186.47005191706475,-10.38591370178042
83.59277541387327,2.1988663508488315,8.216236036552942,9.694320255280218,-186.46912224478396,-10.38591370178042
99.91496052945806,2.266287321516117,8.216236036552942,9.694320255280218,-186.4690798909684,-10.38591370178042
78.6707770306865,2.163654653741162,8.216236036552942,9.694320255280218,-186.46713000149262,-10.38591370178042
84.22476664505783,2.277841102983956,8.216236036552942,9.694320255280218,-186.46678176222042,-10.38591370178042
78.68271399529948,2.163773868116891,8.216236036552942,9.694320255280218,-186.46661849424243,-10.38591370178042
75.80454741142812,2.1695193562631943,8.216236036552942,9.694320255280218,-186.46658456750677,-10.38591370178042
75.14928724215969,2.1446054897393196,8.216236036552942,9.694320255280218,-186.46649961991824,-10.38591370178042
75.1528012276975,2.144718222789365,8.216236036552942,9.694320255280218,-186.4660553820667,-10.38591370178042
76.52926775050577,2.1834612653419896,8.216236036552942,9.694320255280218,-186.4659781374486,-10.38591370178042
94.86405167834013,2.3090980679653086,8.216236036552942,9.694320255280218,-186.46555589835404,-10.38591370178042
96.96429609429568,2.251031605746576,8.216236036552942,9.694320255280218,-186.4654706353701,-10.38591370178042
77.18974621597594,2.1528381638440948,8.216236036552942,9.694320255280218,-186.4646728890601,-10.38591370178042
99.15455658551423,2.2831718983075575,8.216236036552942,9.694320255280218,-186.46378414717316,-10.38591370178042
91.92435022138876,2.239113738658318,8.216236036552942,9.694320255280218,-186.4630948540507,-10.38591370178042
78.92225685751367,2.165828799155207,8.216236036552942,9.694320255280218,-186.46226793682746,-10.38591370178042
75.1496558678634,2.1491548564934533,8.216236036552942,9.694320255280218,-186.46139603762467,-10.38591370178042
85.69177309254592,2.211961845130176,8.216236036552942,9.694320255280218,-186.4601430509869,-10.38591370178042
89.43999406707717,2.30686449841113,8.216236036552942,9.694320255280218,-186.45979412108773,-10.38591370178042
99.71828258744841,2.27231458741511,8.216236036552942,9.694320255280218,-186.45821074313398,-10.38591370178042
92.97921016774937,2.242435910850233,8.216236036552942,9.694320255280218,-186.45799827666536,-10.38591370178042
92.16066359858904,2.3115838242531197,8.216236036552942,9.694320255280218,-186.45761810780462,-10.38591370178042
99.6903090912148,2.2644645953015328,8.216236036552942,9.694320255280218,-186.45703730376144,-10.38591370178042
91.80818917805014,2.311347343853228,8.216236036552942,9.694320255280218,-186.45684563031648,-10.38591370178042
98.86525000623722,2.2855912535740828,8.216236036552942,9.694320255280218,-186.45620871996496,-10.38591370178042
97.98887655410529,2.2934574445227014,8.216236036552942,9.694320255280218,-186.45567737151018,-10.38591370178042
89.1009125677908,2.2290402523058077,8.216236036552942,9.694320255280218,-186.45560797556286,-10.38591370178042
87.39868786126274,2.2212247604682034,8.216236036552942,9.694320255280218,-186.45505028629736,-10.38591370178042
86.9578652408905,2.2959447134183364,8.216236036552942,9.694320255280218,-186.45484030790394,-10.38591370178042
96.1465172116596,2.2500249482170886,8.216236036552942,9.694320255280218,-186.45414583829853,-10.38591370178042
78.88720617326597,2.166042673877314,8.216236036552942,9.694320255280218,-186.4537222525063,-10.38591370178042
89.46200245257906,2.2306360421942344,8.216236036552942,9.694320255280218,-186.45352234429348,-10.38591370178042
78.07912404420452,2.207847694735392,8.216236036552942,9.694320255280218,-186.4534912359045,-10.38591370178042
89.69975603073138,2.2316035670308025,8.216236036552942,9.694320255280218,-186.4534572242548,-10.38591370178042
94.97677001590978,2.3081186637862032,8.216236036552942,9.694320255280218,-186.45259533238047,-10.38591370178042
76.9525906663429,2.1521689939076225,8.216236036552942,9.694320255280218,-186.45194502973487,-10.38591370178042
86.28168951288059,2.2155718004796228,8.216236036552942,9.694320255280218,-186.45168453547186,-10.38591370178042
76.81882248668065,2.151387319287778,8.216236036552942,9.694320255280218,-186.45086188780553,-10.38591370178042
80.29074875595701,2.237427029336203,8.216236036552942,9.694320255280218,-186.44939896884688,-10.38591370178042
75.64014428113849,2.1462915562943436,8.216236036552942,9.694320255280218,-186.44937024503795,-10.38591370178042
99.55589540436654,2.2643895382605166,8.216236036552942,9.694320255280218,-186.44867181457454,-10.38591370178042
98.71382097768551,2.2863493658188077,8.216236036552942,9.694320255280218,-186.44847905118831,-10.38591370178042
81.3991763872176,2.2501536415394696,8.216236036552942,9.694320255280218,-186.44819696318515,-10.38591370178042
83.95054678853218,2.274762467838812,8.216236036552942,9.694320255280218,-186.44780013005754,-10.38591370178042
99.12492228558035,2.2598779991221107,8.216236036552942,9.694320255280218,-186.44676528305735,-10.38591370178042
99.10111440217085,2.2814097883577205,8.216236036552942,9.694320255280218,-186.4455904680638,-10.38591370178042
83.0773505944215,2.266959221268209,8.216236036552942,9.694320255280218,-186.44548013050292,-10.38591370178042
84.15884342622148,2.276346989235634,8.216236036552942,9.694320255280218,-186.44452632175398,-10.38591370178042
92.51892644318603,2.2417498417621147,8.216236036552942,9.694320255280218,-186.44438258674091,-10.38591370178042
95.10426810327769,2.248336998905387,8.216236036552942,9.694320255280218,-186.44428610274582,-10.38591370178042
91.22963340065145,2.237667438808842,8.216236036552942,9.694320255280218,-186.44425287586498,-10.38591370178042
86.69184956895522,2.2939851854691398,8.216236036552942,9.694320255280218,-186.44385927473678,-10.38591370178042
76.1178906801061,2.1482671820981523,8.216236036552942,9.694320255280218,-186.44357643555063,-10.38591370178042
99.42446196929399,2.275575422412274,8.216236036552942,9.694320255280218,-186.443502472649,-10.38591370178042
93.02005777608171,2.3108637249293054,8.216236036552942,9.694320255280218,-186.44347603861524,-10.38591370178042
98.60782982527019,2.286879117019325,8.216236036552942,9.694320255280218,-186.4432634709536,-10.38591370178042
77.35484071373101,2.1958093538835186,8.216236036552942,9.694320255280218,-186.44322510700786,-10.38591370178042
77.87250853183087,2.2040357175277876,8.216236036552942,9.694320255280218,-186.4432101257969,-10.38591370178042
91.69834468583063,2.239278994692512,8.216236036552942,9.694320255280218,-186.443029396862,-10.38591370178042
97.12959159830179,2.298340374031909,8.216236036552942,9.694320255280218,-186.44294371040112,-10.38591370178042
83.69781043568365,2.2006848067574794,8.216236036552942,9.694320255280218,-186.44235967631425,-10.38591370178042
82.04199554754248,2.189638595231571,8.216236036552942,9.694320255280218,-186.4423085681201,-10.38591370178042
76.19050565397043,2.1487272189597206,8.216236036552942,9.694320255280218,-186.44222573621772,-10.38591370178042
77.19139707419994,2.192997326734627,8.216236036552942,9.694320255280218,-186.44192687029727,-10.38591370178042
91.20951005509122,2.2377105578693772,8.216236036552942,9.694320255280218,-186.44169647108623,-10.38591370178042
93.45937030753171,2.2445017361229276,8.216236036552942,9.694320255280218,-186.44153131303972,-10.38591370178042
75.42801998999226,2.1504747081996527,8.216236036552942,9.694320255280218,-186.44127363237433,-10.38591370178042
76.78523692767152,2.1520153780795823,8.216236036552942,9.694320255280218,-186.44103227449094,-10.38591370178042
93.74627596053024,2.3100444051434295,8.216236036552942,9.694320255280218,-186.44083544049738,-10.38591370178042
90.10774451628015,2.233747374285116,8.216236036552942,9.694320255280218,-186.44067579773758,-10.38591370178042
75.76813953281432,2.1650681956954827,8.216236036552942,9.694320255280218,-186.4406362729985,-10.38591370178042
99.53225430807262,2.2703648740212543,8.216236036552942,9.694320255280218,-186.44030866515803,-10.38591370178042
85.05030411640846,2.283082254166686,8.216236036552942,9.694320255280218,-186.44023163605016,-10.38591370178042
78.6234024415194,2.1648753243502767,8.216236036552942,9.694320255280218,-186.4400503265111,-10.38591370178042
90.09310829609893,2.2337802257285233,8.216236036552942,9.694320255280218,-186.43858608267468,-10.38591370178042
96.06472469122197,2.3034674885938955,8.216236036552942,9.694320255280218,-186.43793543409112,-10.38591370178042
97.8000648229111,2.2934407882202805,8.216236036552942,9.694320255280218,-186.43790629172014,-10.38591370178042
90.86976700967527,2.309348155947731,8.216236036552942,9.694320255280218,-186.43765099595876,-10.38591370178042
91.25579189177732,2.309911451242513,8.216236036552942,9.694320255280218,-186.43740197872046,-10.38591370178042
78.96076663116548,2.1675388073589374,8.216236036552942,9.694320255280218,-186.43718264415298,-10.38591370178042
83.42677657125387,2.199196836384047,8.216236036552942,9.694320255280218,-186.43647906194684,-10.38591370178042
80.24712153616652,2.236194096392765,8.216236036552942,9.694320255280218,-186.4358461459326,-10.38591370178042
99.12270205853325,2.2617838004759676,8.216236036552942,9.694320255280218,-186.4348211554433,-10.38591370178042
83.43875787752977,2.2697595508497983,8.216236036552942,9.694320255280218,-186.4347659796818,-10.38591370178042
85.40946586045222,2.2114216652433782,8.216236036552942,9.694320255280218,-186.4344631831313,-10.38591370178042
77.4927481309903,2.1571500926551437,8.216236036552942,9.694320255280218,-186.4343243105848,-10.38591370178042
77.9553289517767,2.204698714820779,8.216236036552942,9.694320255280218,-186.43421939531882,-10.38591370178042
87.34014792982858,2.2970918018871345,8.216236036552942,9.694320255280218,-186.4337926374966,-10.38591370178042
88.43665755654892,2.302128842393614,8.216236036552942,9.694320255280218,-186.4333397754239,-10.38591370178042
75.81210625745183,2.1648616954817754,8.216236036552942,9.694320255280218,-186.433228385818,-10.38591370178042
87.389036869534,2.2220940123911816,8.216236036552942,9.694320255280218,-186.43288513989788,-10.38591370178042
80.15376317392803,2.234884410352933,8.216236036552942,9.694320255280218,-186.4327877338663,-10.38591370178042
94.38845158808294,2.2473314523083587,8.216236036552942,9.694320255280218,-186.431787408912,-10.38591370178042
75.56653896080417,2.1558726747504267,8.216236036552942,9.694320255280218,-186.43148816060543,-10.38591370178042
81.43619505398523,2.2497407873164548,8.216236036552942,9.694320255280218,-186.43128685412555,-10.38591370178042
98.66693428021524,2.2591280722149634,8.216236036552942,9.694320255280218,-186.43083029391966,-10.38591370178042
83.25908890561817,2.19836076587319,8.216236036552942,9.694320255280218,-186.4307238484557,-10.38591370178042
89.48778852104152,2.231724340700083,8.216236036552942,9.694320255280218,-186.43022761895782,-10.38591370178042
98.91374382822194,2.281673076752142,8.216236036552942,9.694320255280218,-186.43018835584698,-10.38591370178042
99.14274725949295,2.2630537320666946,8.216236036552942,9.694320255280218,-186.42934564690495,-10.38591370178042
75.68054121517815,2.15077551843045,8.216236036552942,9.694320255280218,-186.42880701892562,-10.38591370178042
86.34579903352072,2.216910691840809,8.216236036552942,9.694320255280218,-186.42786726281884,-10.38591370178042
85.21195046721384,2.210566588216693,8.216236036552942,9.694320255280218,-186.4277032388662,-10.38591370178042
91.11839144667256,2.238037990087591,8.216236036552942,9.694320255280218,-186.42716498320368,-10.38591370178042
97.66461955316298,2.2935095193014092,8.216236036552942,9.694320255280218,-186.4265201863866,-10.38591370178042
86.37444422436417,2.2913457556402363,8.216236036552942,9.694320255280218,-186.4260132496504,-10.38591370178042
93.73829849935478,2.2460212496171152,8.216236036552942,9.694320255280218,-186.42545449084923,-10.38591370178042
76.48958370713984,2.1787770532897355,8.216236036552942,9.694320255280218,-186.42516809259448,-10.38591370178042
99.31309730101482,2.2682099124698567,8.216236036552942,9.694320255280218,-186.42486013615118,-10.38591370178042
83.38161028726567,2.1994406898454315,8.216236036552942,9.694320255280218,-186.42439040947608,-10.38591370178042
78.20733421124899,2.1628549955374865,8.216236036552942,9.694320255280218,-186.4242320281699,-10.38591370178042
96.73244115493898,2.253253932113992,8.216236036552942,9.694320255280218,-186.42375416517615,-10.38591370178042
96.58868495151418,2.2529299900757707,8.216236036552942,9.694320255280218,-186.42338008099384,-10.38591370178042
84.28978826635012,2.2052330807041187,8.216236036552942,9.694320255280218,-186.4232474629337,-10.38591370178042
79.206115949925,2.222006301256087,8.216236036552942,9.694320255280218,-186.42214171171133,-10.38591370178042
95.6139137062723,2.250738871837484,8.216236036552942,9.694320255280218,-186.42204395825536,-10.38591370178042
98.49375555540155,2.2592642802569287,8.216236036552942,9.694320255280218,-186.4219503196498,-10.38591370178042
98.93984819537886,2.279921588537519,8.216236036552942,9.694320255280218,-186.42184185897065,-10.38591370178042
76.83876864278642,2.154097368526081,8.216236036552942,9.694320255280218,-186.42172899658237,-10.38591370178042
75.68517283264495,2.155646395116648,8.216236036552942,9.694320255280218,-186.4214923458636,-10.38591370178042
86.89284931049778,2.2200686513350973,8.216236036552942,9.694320255280218,-186.4213671956534,-10.38591370178042
93.40955241854998,2.245376034104609,8.216236036552942,9.694320255280218,-186.42087351010943,-10.38591370178042
95.14728427437252,2.3058275080027926,8.216236036552942,9.694320255280218,-186.42015722763546,-10.38591370178042
91.22547120847518,2.3090811512370664,8.216236036552942,9.694320255280218,-186.41998372756316,-10.38591370178042
97.57550062439081,2.255852711476379,8.216236036552942,9.694320255280218,-186.41970736745677,-10.38591370178042
98.78224761528985,2.2818217613041156,8.216236036552942,9.694320255280218,-186.4194052061383,-10.38591370178042
75.82069091886513,2.1524439484962556,8.216236036552942,9.694320255280218,-186.41896051230245,-10.38591370178042
91.23064698479789,2.3090205509593176,8.216236036552942,9.694320255280218,-186.41851867979173,-10.38591370178042
80.38305687947883,2.2369193375300824,8.216236036552942,9.694320255280218,-186.41823577652687,-10.38591370178042
76.95731123318136,2.155149969720071,8.216236036552942,9.694320255280218,-186.4176212185318,-10.38591370178042
98.21952658118609,2.258476638855086,8.216236036552942,9.694320255280218,-186.41708525725898,-10.38591370178042
90.78493462409989,2.237319078747987,8.216236036552942,9.694320255280218,-186.41677176649813,-10.38591370178042
88.19321235625353,2.2266391911215493,8.216236036552942,9.694320255280218,-186.41668253942981,-10.38591370178042
98.9658427231347,2.2636664886003075,8.216236036552942,9.694320255280218,-186.41658093412207,-10.38591370178042
99.159077459569,2.273523605553194,8.216236036552942,9.694320255280218,-186.41588511578414,-10.38591370178042
98.7249031810839,2.2819039893128803,8.216236036552942,9.694320255280218,-186.41488263070204,-10.38591370178042
83.69259545814657,2.2018792397802684,8.216236036552942,9.694320255280218,-186.414539192665,-10.38591370178042
98.00506621126385,2.289617934770604,8.216236036552942,9.694320255280218,-186.41419249175456,-10.38591370178042
83.53344255744089,2.269657245636637,8.216236036552942,9.694320255280218,-186.41402592809155,-10.38591370178042
82.0870986087109,2.2558048440527756,8.216236036552942,9.694320255280218,-186.4137750727072,-10.38591370178042
79.9808366452502,2.1763523501215616,8.216236036552942,9.694320255280218,-186.41364550193168,-10.38591370178042
87.5594632106248,2.2237662849200888,8.216236036552942,9.694320255280218,-186.4132359474293,-10.38591370178042
79.23767413107124,2.221881223882164,8.216236036552942,9.694320255280218,-186.4128734818506,-10.38591370178042
91.1338088041492,2.3086306397314615,8.216236036552942,9.694320255280218,-186.41286869062978,-10.38591370178042
89.67420625521444,2.3055232847419234,8.216236036552942,9.694320255280218,-186.41270128046375,-10.38591370178042
93.5167323636586,2.308900438998961,8.216236036552942,9.694320255280218,-186.41241093197235,-10.38591370178042
75.93890499561545,2.1535143177767253,8.216236036552942,9.694320255280218,-186.4118323813332,-10.38591370178042
83.74173636759836,2.2023357431679074,8.216236036552942,9.694320255280218,-186.4113294640107,-10.38591370178042
95.4067380326014,2.3043483903709756,8.216236036552942,9.694320255280218,-186.40974446705766,-10.38591370178042
95.30378661240972,2.2507333568811276,8.216236036552942,9.694320255280218,-186.4097375590544,-10.38591370178042
81.8308693267123,2.1897366787254953,8.216236036552942,9.694320255280218,-186.40931993038598,-10.38591370178042
77.80451929097464,2.161142777302743,8.216236036552942,9.694320255280218,-186.4091768012626,-10.38591370178042
87.72289574800988,2.2247499547653433,8.216236036552942,9.694320255280218,-186.40883418065513,-10.38591370178042
79.27790210052378,2.2221772126957404,8.216236036552942,9.694320255280218,-186.408722032784,-10.38591370178042
77.1357600825714,2.1891513847877633,8.216236036552942,9.694320255280218,-186.4081290643344,-10.38591370178042
81.92542137180989,2.1905004007327733,8.216236036552942,9.694320255280218,-186.40703813804262,-10.38591370178042
80.6486419410339,2.239503027280847,8.216236036552942,9.694320255280218,-186.40684604955666,-10.38591370178042
95.75219653164713,2.3028490555975623,8.216236036552942,9.694320255280218,-186.40678619209007,-10.38591370178042
77.63323314461536,2.197537613690315,8.216236036552942,9.694320255280218,-186.40668880926577,-10.38591370178042
94.44166151037096,2.248813998590734,8.216236036552942,9.694320255280218,-186.40634624528013,-10.38591370178042
79.62526692542986,2.22663083819198,8.216236036552942,9.694320255280218,-186.4055530740704,-10.38591370178042
75.97250940496707,2.1557859738742877,8.216236036552942,9.694320255280218,-186.40427083879186,-10.38591370178042
97.46419950689268,2.2568094983521974,8.216236036552942,9.694320255280218,-186.40424679198952,-10.38591370178042
78.11511084128483,2.163622305769721,8.216236036552942,9.694320255280218,-186.4039697164437,-10.38591370178042
84.13453314033944,2.274328611371388,8.216236036552942,9.694320255280218,-186.4038304609591,-10.38591370178042
80.36296504829788,2.1796835557637735,8.216236036552942,9.694320255280218,-186.40315530990566,-10.38591370178042
98.89783618713686,2.2660501269719475,8.216236036552942,9.694320255280218,-186.40309134180512,-10.38591370178042
91.73988495323557,2.308811485611514,8.216236036552942,9.694320255280218,-186.40301252521155,-10.38591370178042
98.59370506236577,2.281690970765979,8.216236036552942,9.694320255280218,-186.40221464109297,-10.38591370178042
94.63816386730211,2.249580078929739,8.216236036552942,9.694320255280218,-186.4014096001934,-10.38591370178042
76.56357876427886,2.1773434686777335,8.216236036552942,9.694320255280218,-186.4010333374845,-10.38591370178042
81.34837429026896,2.2472266612603136,8.216236036552942,9.694320255280218,-186.40055279764005,-10.38591370178042
88.65957878632676,2.3015548750368424,8.216236036552942,9.694320255280218,-186.40002511509272,-10.38591370178042
76.04683235426698,2.156457706179694,8.216236036552942,9.694320255280218,-186.3995722485857,-10.38591370178042
96.73573470199501,2.25502259384632,8.216236036552942,9.694320255280218,-186.3990794581557,-10.38591370178042
92.18915685003007,2.242894559130434,8.216236036552942,9.694320255280218,-186.39860119087248,-10.38591370178042
88.15309594192122,2.2993418459167003,8.216236036552942,9.694320255280218,-186.39695058663182,-10.38591370178042
76.2983342796097,2.155634851487534,8.216236036552942,9.694320255280218,-186.39633020345377,-10.38591370178042
77.45396632242404,2.1936328166315775,8.216236036552942,9.694320255280218,-186.3962400921343,-10.38591370178042
97.46928060596747,2.2577122453526783,8.216236036552942,9.694320255280218,-186.39431675121912,-10.38591370178042
97.23422550872128,2.293889644427793,8.216236036552942,9.694320255280218,-186.39416906366614,-10.38591370178042
97.78534255848778,2.289473414785263,8.216236036552942,9.694320255280218,-186.39361671786642,-10.38591370178042
95.49434512149215,2.303024571280133,8.216236036552942,9.694320255280218,-186.3934675620237,-10.38591370178042
96.01328088574923,2.2535085467212923,8.216236036552942,9.694320255280218,-186.39329833985303,-10.38591370178042
86.16484948625079,2.28860087826817,8.216236036552942,9.694320255280218,-186.39307518727963,-10.38591370178042
81.6458404169383,2.2500616809523564,8.216236036552942,9.694320255280218,-186.39217365427967,-10.38591370178042
97.83297897460785,2.28881223504105,8.216236036552942,9.694320255280218,-186.39145042188431,-10.38591370178042
76.9008630916548,2.182961277143704,8.216236036552942,9.694320255280218,-186.39089829813378,-10.38591370178042
95.27855676163736,2.2518029849979087,8.216236036552942,9.694320255280218,-186.3908203702861,-10.38591370178042
76.23665481126646,2.1573630358467852,8.216236036552942,9.694320255280218,-186.39032226151411,-10.38591370178042
93.60348537551926,2.2475165130504564,8.216236036552942,9.694320255280218,-186.3893423926831,-10.38591370178042
76.20180615260087,2.158399567823679,8.216236036552942,9.694320255280218,-186.38863652760006,-10.38591370178042
98.05202903408251,2.2862843305857012,8.216236036552942,9.694320255280218,-186.3882718959051,-10.38591370178042
96.48655724406917,2.298064835301858,8.216236036552942,9.694320255280218,-186.387867308686,-10.38591370178042
91.56461067221571,2.3079301579391966,8.216236036552942,9.694320255280218,-186.3876722652315,-10.38591370178042
77.86857316243989,2.1998338336778005,8.216236036552942,9.694320255280218,-186.3876432775063,-10.38591370178042
76.37703956698914,2.1573601846998685,8.216236036552942,9.694320255280218,-186.38729852672824,-10.38591370178042
97.77806340267567,2.2597526595336888,8.216236036552942,9.694320255280218,-186.38647929534184,-10.38591370178042
78.75522818874803,2.2133869048654162,8.216236036552942,9.694320255280218,-186.38642539550418,-10.38591370178042
97.30322993549044,2.2926857431701393,8.216236036552942,9.694320255280218,-186.38625011236175,-10.38591370178042
83.6763384426363,2.203079319634483,8.216236036552942,9.694320255280218,-186.38609631630467,-10.38591370178042
98.73308611737573,2.2692382119898724,8.216236036552942,9.694320255280218,-186.38503982185333,-10.38591370178042
88.23380987242105,2.2991392126109105,8.216236036552942,9.694320255280218,-186.38473002891095,-10.38591370178042
82.42635977783652,2.1950535368000033,8.216236036552942,9.694320255280218,-186.38354217985707,-10.38591370178042
92.55710402546121,2.3080744390399275,8.216236036552942,9.694320255280218,-186.38340781401956,-10.38591370178042
86.11409696281008,2.287822682298142,8.216236036552942,9.694320255280218,-186.38295381207547,-10.38591370178042
89.56800168875388,2.3038423858421595,8.216236036552942,9.694320255280218,-186.38247472801766,-10.38591370178042
77.14202990801934,2.186555174260917,8.216236036552942,9.694320255280218,-186.38159823976488,-10.38591370178042
82.91933293826064,2.262473633249911,8.216236036552942,9.694320255280218,-186.38143350841133,-10.38591370178042
77.97025428839572,2.1644148529787373,8.216236036552942,9.694320255280218,-186.38136120956585,-10.38591370178042
83.28457083176173,2.2658718312777637,8.216236036552942,9.694320255280218,-186.3812470585526,-10.38591370178042
94.36764223883013,2.2500762186057557,8.216236036552942,9.694320255280218,-186.38026040479346,-10.38591370178042
84.18914894351688,2.206552300960496,8.216236036552942,9.694320255280218,-186.38021666023218,-10.38591370178042
98.51759867172933,2.278408116932283,8.216236036552942,9.694320255280218,-186.37984169780836,-10.38591370178042
80.93516291095654,2.185039975220562,8.216236036552942,9.694320255280218,-186.37921599893613,-10.38591370178042
98.30388703037416,2.2641652267570436,8.216236036552942,9.694320255280218,-186.37852722491206,-10.38591370178042
94.84528598475974,2.251443143542545,8.216236036552942,9.694320255280218,-186.37837284748892,-10.38591370178042
77.09208082667529,2.1599417922482047,8.216236036552942,9.694320255280218,-186.3782460298356,-10.38591370178042
98.65594267639287,2.2731256270720053,8.216236036552942,9.694320255280218,-186.37814183918937,-10.38591370178042
76.47908380530845,2.1709880933544383,8.216236036552942,9.694320255280218,-186.37672067963825,-10.38591370178042
91.61088238247348,2.242086055429624,8.216236036552942,9.694320255280218,-186.37630668460943,-10.38591370178042
98.49425493833022,2.2669577045875684,8.216236036552942,9.694320255280218,-186.3762860810892,-10.38591370178042
98.06928895717758,2.2628194759962383,8.216236036552942,9.694320255280218,-186.37514064337583,-10.38591370178042
88.48121888588545,2.2997187782056017,8.216236036552942,9.694320255280218,-186.37500164879285,-10.38591370178042
91.4278703817698,2.3071788787372043,8.216236036552942,9.694320255280218,-186.37496007455135,-10.38591370178042
80.97810564028052,2.241629902988805,8.216236036552942,9.694320255280218,-186.37473254568917,-10.38591370178042
97.58803573281803,2.260153234963198,8.216236036552942,9.694320255280218,-186.37463719568314,-10.38591370178042
98.23535690296006,2.264257226687036,8.216236036552942,9.694320255280218,-186.3744708283962,-10.38591370178042
79.6821759702334,2.1765170561171487,8.216236036552942,9.694320255280218,-186.3742340434224,-10.38591370178042
95.78307561522416,2.3005401542351933,8.216236036552942,9.694320255280218,-186.37375053426723,-10.38591370178042
92.77562428185041,2.30749949397007,8.216236036552942,9.694320255280218,-186.3736356294216,-10.38591370178042
98.47714862371016,2.2772850834512184,8.216236036552942,9.694320255280218,-186.37287809530434,-10.38591370178042
80.39585461735446,2.2345137262756083,8.216236036552942,9.694320255280218,-186.37243426802647,-10.38591370178042
94.04047254480332,2.3059105558606063,8.216236036552942,9.694320255280218,-186.3722541663841,-10.38591370178042
88.4772088888674,2.2299090034032076,8.216236036552942,9.694320255280218,-186.37204712580612,-10.38591370178042
85.91775903151488,2.2860431325550366,8.216236036552942,9.694320255280218,-186.37171409599614,-10.38591370178042
97.24806996810203,2.2590091439626008,8.216236036552942,9.694320255280218,-186.37157043089522,-10.38591370178042
79.18493632319024,2.218516293771316,8.216236036552942,9.694320255280218,-186.37156639317405,-10.38591370178042
76.67848762948674,2.1601466613353324,8.216236036552942,9.694320255280218,-186.3709380596143,-10.38591370178042
98.05978057544762,2.263426896728859,8.216236036552942,9.694320255280218,-186.37064618766118,-10.38591370178042
97.71159932081801,2.26123986279849,8.216236036552942,9.694320255280218,-186.37050904475072,-10.38591370178042
96.81143340400747,2.2575245809998563,8.216236036552942,9.694320255280218,-186.3704310030511,-10.38591370178042
88.50079824108349,2.2300985348995823,8.216236036552942,9.694320255280218,-186.37023186455343,-10.38591370178042
78.93233969104818,2.171634302870288,8.216236036552942,9.694320255280218,-186.3695758178043,-10.38591370178042
84.18533325216265,2.2731410053700216,8.216236036552942,9.694320255280218,-186.36955868853784,-10.38591370178042
94.21772997048137,2.305382125454358,8.216236036552942,9.694320255280218,-186.36949038829027,-10.38591370178042
76.44620800766468,2.163308574148175,8.216236036552942,9.694320255280218,-186.36858596677516,-10.38591370178042
81.31396494408546,2.1882523049895894,8.216236036552942,9.694320255280218,-186.3685142923699,-10.38591370178042
76.74242690946475,2.1605762616175923,8.216236036552942,9.694320255280218,-186.3684019332699,-10.38591370178042
87.54177135393033,2.295193278990183,8.216236036552942,9.694320255280218,-186.36808504497955,-10.38591370178042
97.77112201742567,2.2865475320184316,8.216236036552942,9.694320255280218,-186.3670916131107,-10.38591370178042
86.26278931301083,2.219139668158846,8.216236036552942,9.694320255280218,-186.366873913166,-10.38591370178042
96.91810625235502,2.2582081874295596,8.216236036552942,9.694320255280218,-186.36682162965553,-10.38591370178042
76.65264406253063,2.173508148155719,8.216236036552942,9.694320255280218,-186.36666107595062,-10.38591370178042
77.69019955163115,2.1949434403565675,8.216236036552942,9.694320255280218,-186.36659789568142,-10.38591370178042
97.91827548483558,2.2631800164497378,8.216236036552942,9.694320255280218,-186.3653865778116,-10.38591370178042
89.84819291833962,2.303802045534212,8.216236036552942,9.694320255280218,-186.36496921258157,-10.38591370178042
78.50198477499548,2.2080099006584533,8.216236036552942,9.694320255280218,-186.36475492804652,-10.38591370178042
98.09176126106605,2.2822019748831224,8.216236036552942,9.694320255280218,-186.36399131767936,-10.38591370178042
77.39088591937836,2.1628748107342233,8.216236036552942,9.694320255280218,-186.36391683345806,-10.38591370178042
77.32318931113126,2.1625950712565327,8.216236036552942,9.694320255280218,-186.3638309667176,-10.38591370178042
96.91462319038445,2.2934414746459737,8.216236036552942,9.694320255280218,-186.36375923525108,-10.38591370178042
81.21589655437658,2.1878543426318515,8.216236036552942,9.694320255280218,-186.36340430579867,-10.38591370178042
81.2248392121926,2.2438163186236295,8.216236036552942,9.694320255280218,-186.3629161860278,-10.38591370178042
96.40319746925029,2.296602804824616,8.216236036552942,9.694320255280218,-186.36288110215648,-10.38591370178042
76.95501120532434,2.161636739605896,8.216236036552942,9.694320255280218,-186.3628227291622,-10.38591370178042
78.8146295894317,2.1713499666589087,8.216236036552942,9.694320255280218,-186.36252217641146,-10.38591370178042
90.77551634507853,2.3056323907990333,8.216236036552942,9.694320255280218,-186.3613735417655,-10.38591370178042
91.39853243221141,2.2421020981692408,8.216236036552942,9.694320255280218,-186.36109099437488,-10.38591370178042
89.62113337863683,2.2354072053921783,8.216236036552942,9.694320255280218,-186.36014617397643,-10.38591370178042
97.79337849067367,2.2853190622715402,8.216236036552942,9.694320255280218,-186.359824551628,-10.38591370178042
98.38872738048926,2.2722682783241908,8.216236036552942,9.694320255280218,-186.35972170294204,-10.38591370178042
98.05453268463411,2.2652521316103247,8.216236036552942,9.694320255280218,-186.35966507562992,-10.38591370178042
87.05826763519175,2.292289687403837,8.216236036552942,9.694320255280218,-186.35947378869295,-10.38591370178042
98.21838817271619,2.2673217383484285,8.216236036552942,9.694320255280218,-186.35921830424937,-10.38591370178042
96.98029207846159,2.259173631883897,8.216236036552942,9.694320255280218,-186.35883285833626,-10.38591370178042
86.02755751781878,2.21824664769575,8.216236036552942,9.694320255280218,-186.3584915681245,-10.38591370178042
78.16096571650966,2.2020854002558394,8.216236036552942,9.694320255280218,-186.358221441838,-10.38591370178042
97.15126248161133,2.25995957817004,8.216236036552942,9.694320255280218,-186.35792492606151,-10.38591370178042
93.25404158741853,2.2482123994264924,8.216236036552942,9.694320255280218,-186.35778849680096,-10.38591370178042
78.39453640233688,2.2057041877198884,8.216236036552942,9.694320255280218,-186.35686083264955,-10.38591370178042
98.33551757681597,2.271723096750108,8.216236036552942,9.694320255280218,-186.35652190548655,-10.38591370178042
79.95004587259623,2.227872553299619,8.216236036552942,9.694320255280218,-186.3563494441807,-10.38591370178042
92.74629828712409,2.306591981007074,8.216236036552942,9.694320255280218,-186.35629170776028,-10.38591370178042
76.64159302180869,2.165023245226422,8.216236036552942,9.694320255280218,-186.3561664422102,-10.38591370178042
84.2863833972274,2.2733169270765075,8.216236036552942,9.694320255280218,-186.35604979757994,-10.38591370178042
93.97930279255615,2.2504564991992737,8.216236036552942,9.694320255280218,-186.3551460786252,-10.38591370178042
81.5653109068624,2.2472042393230396,8.216236036552942,9.694320255280218,-186.35508916338648,-10.38591370178042
94.64376978689745,2.252321828521019,8.216236036552942,9.694320255280218,-186.35504849356428,-10.38591370178042
81.89746593424432,2.192974755812102,8.216236036552942,9.694320255280218,-186.35468022919088,-10.38591370178042
86.69501789715935,2.290004077816505,8.216236036552942,9.694320255280218,-186.35408170430514,-10.38591370178042
78.09582952962026,2.16753728255388,8.216236036552942,9.694320255280218,-186.35396702792391,-10.38591370178042
89.16662057705405,2.233839660313137,8.216236036552942,9.694320255280218,-186.35284171679896,-10.38591370178042
81.50467157545157,2.1904378675224763,8.216236036552942,9.694320255280218,-186.3523849858664,-10.38591370178042
83.03392547033195,2.2620750174418447,8.216236036552942,9.694320255280218,-186.35184999414906,-10.38591370178042
95.17630798665905,2.301493980162803,8.216236036552942,9.694320255280218,-186.35183156341532,-10.38591370178042
93.88848362089938,2.304991206707939,8.216236036552942,9.694320255280218,-186.35140310900036,-10.38591370178042
97.26513237177274,2.289456403307639,8.216236036552942,9.694320255280218,-186.351196731586,-10.38591370178042
80.3121130962434,2.2321801428308845,8.216236036552942,9.694320255280218,-186.3510489421996,-10.38591370178042
90.05057205515722,2.2375753089917794,8.216236036552942,9.694320255280218,-186.3510171949512,-10.38591370178042
84.17390814198026,2.207879851121234,8.216236036552942,9.694320255280218,-186.35028134428862,-10.38591370178042
95.7354607824752,2.255761244412952,8.216236036552942,9.694320255280218,-186.3499960188532,-10.38591370178042
84.95772795950985,2.2126166802011085,8.216236036552942,9.694320255280218,-186.34930638099868,-10.38591370178042
85.24004026898096,2.2802884496068856,8.216236036552942,9.694320255280218,-186.3485346204299,-10.38591370178042
98.13585531739552,2.2691862269075926,8.216236036552942,9.694320255280218,-186.34851901986508,-10.38591370178042
93.04515041079243,2.248108299900366,8.216236036552942,9.694320255280218,-186.34825499418997,-10.38591370178042
93.19436906632497,2.2485821855825634,8.216236036552942,9.694320255280218,-186.3478409201822,-10.38591370178042
97.89319240752874,2.2820013165067223,8.216236036552942,9.694320255280218,-186.34757009288367,-10.38591370178042
92.75185444749802,2.306109286156925,8.216236036552942,9.694320255280218,-186.34745468654748,-10.38591370178042
97.63527136036434,2.263822470841774,8.216236036552942,9.694320255280218,-186.34739166745064,-10.38591370178042
96.62140410050789,2.2939352865888054,8.216236036552942,9.694320255280218,-186.34732876087674,-10.38591370178042
94.86369087035149,2.2534306666548645,8.216236036552942,9.694320255280218,-186.34728858155358,-10.38591370178042
80.85637980500509,2.238618176088437,8.216236036552942,9.694320255280218,-186.34723716458404,-10.38591370178042
84.8436550843866,2.277283023296647,8.216236036552942,9.694320255280218,-186.34719473156562,-10.38591370178042
77.58457087535584,2.190941799888094,8.216236036552942,9.694320255280218,-186.3471452389694,-10.38591370178042
76.75707955868552,2.1682322357531376,8.216236036552942,9.694320255280218,-186.34692529480475,-10.38591370178042
85.94049490425961,2.2849948491971332,8.216236036552942,9.694320255280218,-186.34630785404997,-10.38591370178042
86.074795968234,2.285860447570059,8.216236036552942,9.694320255280218,-186.34627151201468,-10.38591370178042
85.52026201364289,2.2160094462245183,8.216236036552942,9.694320255280218,-186.34598993576506,-10.38591370178042
90.93921676429522,2.2412443067598105,8.216236036552942,9.694320255280218,-186.34527065874966,-10.38591370178042
90.87497727715713,2.2410249750871856,8.216236036552942,9.694320255280218,-186.34493369432622,-10.38591370178042
89.30076540540357,2.3012351029193923,8.216236036552942,9.694320255280218,-186.3446595255567,-10.38591370178042
84.25802812645057,2.272478817657884,8.216236036552942,9.694320255280218,-186.34375027121092,-10.38591370178042
80.49016879970841,2.184017481974081,8.216236036552942,9.694320255280218,-186.34341018097365,-10.38591370178042
79.8413421477312,2.2255614754415944,8.216236036552942,9.694320255280218,-186.3429158503131,-10.38591370178042
91.85402901269823,2.3058693289259224,8.216236036552942,9.694320255280218,-186.34285352094165,-10.38591370178042
78.9855273998814,2.173944099551761,8.216236036552942,9.694320255280218,-186.34280930677778,-10.38591370178042
83.53309256331414,2.266188435720778,8.216236036552942,9.694320255280218,-186.34240752224144,-10.38591370178042
78.6880538543344,2.172142856475787,8.216236036552942,9.694320255280218,-186.3417698466289,-10.38591370178042
77.5155026757591,2.166195753913456,8.216236036552942,9.694320255280218,-186.34071291319265,-10.38591370178042
97.32661103776042,2.2627709052369767,8.216236036552942,9.694320255280218,-186.34067308908678,-10.38591370178042
93.13592881438909,2.3054410593630195,8.216236036552942,9.694320255280218,-186.34062879495562,-10.38591370178042
79.74972348960212,2.179169043733552,8.216236036552942,9.694320255280218,-186.34045588176645,-10.38591370178042
98.07685802586315,2.2756141820531326,8.216236036552942,9.694320255280218,-186.34045255933574,-10.38591370178042
84.9726287995153,2.2779149945449575,8.216236036552942,9.694320255280218,-186.3401950594504,-10.38591370178042
81.65965182485523,2.192162773933461,8.216236036552942,9.694320255280218,-186.34017511160715,-10.38591370178042
97.86557929729702,2.267227466789322,8.216236036552942,9.694320255280218,-186.34015652706884,-10.38591370178042
78.19016387027457,2.2008994563265247,8.216236036552942,9.694320255280218,-186.34008720051028,-10.38591370178042
79.52774031330141,2.1777273675287034,8.216236036552942,9.694320255280218,-186.33978413937564,-10.38591370178042
94.77877375999846,2.2536838701424102,8.216236036552942,9.694320255280218,-186.33967812824955,-10.38591370178042
77.6044850856201,2.1666574212105303,8.216236036552942,9.694320255280218,-186.3395173672076,-10.38591370178042
77.69982960697526,2.1921270476957773,8.216236036552942,9.694320255280218,-186.3389546819985,-10.38591370178042
86.41042068025159,2.287594261553295,8.216236036552942,9.694320255280218,-186.33885881472975,-10.38591370178042
79.88669839871808,2.225873486221545,8.216236036552942,9.694320255280218,-186.33859077875292,-10.38591370178042
77.65726943105389,2.1670943344203693,8.216236036552942,9.694320255280218,-186.3375916247754,-10.38591370178042
80.41390303875714,2.1838722671121786,8.216236036552942,9.694320255280218,-186.33735876868258,-10.38591370178042
91.8644185516959,2.2449141253321585,8.216236036552942,9.694320255280218,-186.33718084806682,-10.38591370178042
77.13843918011284,2.1663815988505064,8.216236036552942,9.694320255280218,-186.33707430019004,-10.38591370178042
91.51694654274225,2.243724919457989,8.216236036552942,9.694320255280218,-186.33707296397017,-10.38591370178042
78.87033202090457,2.173712091594453,8.216236036552942,9.694320255280218,-186.3364250221479,-10.38591370178042
96.21421957362479,2.2583810163120006,8.216236036552942,9.694320255280218,-186.3362500177205,-10.38591370178042
77.03813141557971,2.1671668765613816,8.216236036552942,9.694320255280218,-186.33600427143017,-10.38591370178042
78.65477892223137,2.1724288700780505,8.216236036552942,9.694320255280218,-186.33589919218127,-10.38591370178042
97.18339734175302,2.2883792727156163,8.216236036552942,9.694320255280218,-186.33582156470334,-10.38591370178042
94.15337490188715,2.2521172880717018,8.216236036552942,9.694320255280218,-186.3357692014808,-10.38591370178042
77.37504642748814,2.1851661477777213,8.216236036552942,9.694320255280218,-186.33576684370738,-10.38591370178042
79.01539974503521,2.1746826607888323,8.216236036552942,9.694320255280218,-186.33572440342712,-10.38591370178042
76.93556136384144,2.169416621344979,8.216236036552942,9.694320255280218,-186.33568241453426,-10.38591370178042
93.04494700365753,2.248806985632612,8.216236036552942,9.694320255280218,-186.33566627951436,-10.38591370178042
94.41462660364301,2.302820342372428,8.216236036552942,9.694320255280218,-186.33544851390684,-10.38591370178042
87.36905006413468,2.292778111235677,8.216236036552942,9.694320255280218,-186.33531574502524,-10.38591370178042
83.41438681529341,2.2039201494640253,8.216236036552942,9.694320255280218,-186.33493666569836,-10.38591370178042
79.90514004444296,2.22585762755169,8.216236036552942,9.694320255280218,-186.33474452533946,-10.38591370178042
76.96602770803919,2.1693372187737907,8.216236036552942,9.694320255280218,-186.33413847026824,-10.38591370178042
85.64152444245684,2.282390503295858,8.216236036552942,9.694320255280218,-186.3337596730285,-10.38591370178042
97.1346565489428,2.2625577201226292,8.216236036552942,9.694320255280218,-186.33368913910445,-10.38591370178042
97.02070599830691,2.2619721672242434,8.216236036552942,9.694320255280218,-186.33357506425855,-10.38591370178042
88.34730073715173,2.2311326974303682,8.216236036552942,9.694320255280218,-186.3330189416205,-10.38591370178042
88.59897967460073,2.2981911441102625,8.216236036552942,9.694320255280218,-186.3329520078771,-10.38591370178042
97.56342409589327,2.2655948252374714,8.216236036552942,9.694320255280218,-186.33271657936072,-10.38591370178042
90.12827772418115,2.302888296797448,8.216236036552942,9.694320255280218,-186.33211725183145,-10.38591370178042
90.38009332986844,2.3034350653041002,8.216236036552942,9.694320255280218,-186.33207099946992,-10.38591370178042
77.43985367961426,2.1859395114889963,8.216236036552942,9.694320255280218,-186.33184391857714,-10.38591370178042
94.43259291135449,2.30253011679099,8.216236036552942,9.694320255280218,-186.33171290128345,-10.38591370178042
95.45117276826373,2.256248174071601,8.216236036552942,9.694320255280218,-186.33162533324915,-10.38591370178042
80.65197463863875,2.235147936006342,8.216236036552942,9.694320255280218,-186.33091499619098,-10.38591370178042
97.69565848910885,2.2815450377555777,8.216236036552942,9.694320255280218,-186.33071124295168,-10.38591370178042
97.29974170227737,2.286554763448706,8.216236036552942,9.694320255280218,-186.33060548111948,-10.38591370178042
85.17528648883011,2.2789391919657476,8.216236036552942,9.694320255280218,-186.33057371673746,-10.38591370178042
86.1528161897632,2.2202459093415854,8.216236036552942,9.694320255280218,-186.33055736712492,-10.38591370178042
97.72121006210065,2.2809652869640047,8.216236036552942,9.694320255280218,-186.3300558756559,-10.38591370178042
80.48111049268488,2.2329258907975884,8.216236036552942,9.694320255280218,-186.32928454032543,-10.38591370178042
86.24936650012421,2.286131013117796,8.216236036552942,9.694320255280218,-186.32910887511235,-10.38591370178042
96.89711612808533,2.290036808598302,8.216236036552942,9.694320255280218,-186.3287335727892,-10.38591370178042
97.87070853118166,2.276812469775237,8.216236036552942,9.694320255280218,-186.32824559657152,-10.38591370178042
90.31254148671277,2.239742371058412,8.216236036552942,9.694320255280218,-186.32783074772078,-10.38591370178042
77.98404381369149,2.1697448357536615,8.216236036552942,9.694320255280218,-186.32656395255214,-10.38591370178042
96.9737965961463,2.2891095550369442,8.216236036552942,9.694320255280218,-186.3263519452584,-10.38591370178042
94.42148710256059,2.2535310863263334,8.216236036552942,9.694320255280218,-186.3259553746426,-10.38591370178042
82.73970777065814,2.2578473311237985,8.216236036552942,9.694320255280218,-186.32554948033615,-10.38591370178042
94.25879219631868,2.302564749647715,8.216236036552942,9.694320255280218,-186.3252430527752,-10.38591370178042
94.38260689823834,2.2534649032632785,8.216236036552942,9.694320255280218,-186.32518775985062,-10.38591370178042
97.4542011352975,2.283915988001212,8.216236036552942,9.694320255280218,-186.3251336605826,-10.38591370178042
81.28259391667675,2.2422046524636414,8.216236036552942,9.694320255280218,-186.32369676816506,-10.38591370178042
96.33696375975896,2.2600064810489613,8.216236036552942,9.694320255280218,-186.3232137523876,-10.38591370178042
81.20167507977459,2.2411991558656723,8.216236036552942,9.694320255280218,-186.3225583998283,-10.38591370178042
97.31707019628588,2.285146141746523,8.216236036552942,9.694320255280218,-186.32246387484824,-10.38591370178042
77.28256372546358,2.169411223786369,8.216236036552942,9.694320255280218,-186.32244600564962,-10.38591370178042
77.58607246532014,2.1690477512301953,8.216236036552942,9.694320255280218,-186.32234870809853,-10.38591370178042
93.81775152356082,2.2519516310726146,8.216236036552942,9.694320255280218,-186.32226633944444,-10.38591370178042
80.36804323009481,2.231028532198607,8.216236036552942,9.694320255280218,-186.3221032681774,-10.38591370178042
97.80728096382127,2.274939547927673,8.216236036552942,9.694320255280218,-186.32193833742755,-10.38591370178042
77.48524935911588,2.1691029976402234,8.216236036552942,9.694320255280218,-186.32160240187585,-10.38591370178042
85.97016652163833,2.2196862787029517,8.216236036552942,9.694320255280218,-186.321582837892,-10.38591370178042
78.67846753440246,2.207059884808743,8.216236036552942,9.694320255280218,-186.32102780637084,-10.38591370178042
77.21040642826142,2.170757563799313,8.216236036552942,9.694320255280218,-186.3207781450044,-10.38591370178042
79.78136396893294,2.1807638625787433,8.216236036552942,9.694320255280218,-186.32057289739262,-10.38591370178042
90.3163888109633,2.3026972789190125,8.216236036552942,9.694320255280218,-186.32021653736155,-10.38591370178042
97.11612845881082,2.286963492555003,8.216236036552942,9.694320255280218,-186.3200617271475,-10.38591370178042
82.7852562098132,2.2579943766000525,8.216236036552942,9.694320255280218,-186.3200562645547,-10.38591370178042
94.6767656597814,2.3009872885277076,8.216236036552942,9.694320255280218,-186.3194587019668,-10.38591370178042
77.575054048467,2.1868211565375617,8.216236036552942,9.694320255280218,-186.31942137041074,-10.38591370178042
77.52006386319685,2.1695169560752703,8.216236036552942,9.694320255280218,-186.31936847069124,-10.38591370178042
84.13662554418805,2.2702295723035775,8.216236036552942,9.694320255280218,-186.31929563480568,-10.38591370178042
79.06835999284664,2.1763576021314464,8.216236036552942,9.694320255280218,-186.31900916373058,-10.38591370178042
94.58041018448219,2.2546405541959302,8.216236036552942,9.694320255280218,-186.31653638134077,-10.38591370178042
89.21498862782379,2.2358219366081755,8.216236036552942,9.694320255280218,-186.31611382549602,-10.38591370178042
92.84813894990037,2.249319945144407,8.216236036552942,9.694320255280218,-186.31580582570186,-10.38591370178042
77.51931923984051,2.184808539630268,8.216236036552942,9.694320255280218,-186.31561750774623,-10.38591370178042
84.10191435577134,2.2091747429420536,8.216236036552942,9.694320255280218,-186.31558465389398,-10.38591370178042
80.42630819607889,2.231314208865868,8.216236036552942,9.694320255280218,-186.3153066891911,-10.38591370178042
78.52628717305808,2.2040479042903485,8.216236036552942,9.694320255280218,-186.31528362432573,-10.38591370178042
96.32031998854262,2.292817194182817,8.216236036552942,9.694320255280218,-186.31456005744502,-10.38591370178042
83.6532233635626,2.2065181405285443,8.216236036552942,9.694320255280218,-186.31365660789777,-10.38591370178042
94.72770882062727,2.2553259443688773,8.216236036552942,9.694320255280218,-186.31323277327633,-10.38591370178042
77.28361101736668,2.1738959201906596,8.216236036552942,9.694320255280218,-186.31301832149677,-10.38591370178042
96.08137257770692,2.2599532216546834,8.216236036552942,9.694320255280218,-186.312988022345,-10.38591370178042
96.19747700780455,2.26042011689195,8.216236036552942,9.694320255280218,-186.3129551073558,-10.38591370178042
90.99426812647056,2.2431023052931067,8.216236036552942,9.694320255280218,-186.31287357403318,-10.38591370178042
77.3920195149155,2.1801931881879426,8.216236036552942,9.694320255280218,-186.31162163586504,-10.38591370178042
97.39060718099933,2.2679926433278155,8.216236036552942,9.694320255280218,-186.31158005587844,-10.38591370178042
85.50967550762725,2.2176488982623255,8.216236036552942,9.694320255280218,-186.31108388959697,-10.38591370178042
85.03916404292724,2.2769486115991526,8.216236036552942,9.694320255280218,-186.3110382601641,-10.38591370178042
97.15034577651208,2.2851837476550116,8.216236036552942,9.694320255280218,-186.3107333356855,-10.38591370178042
97.02431015705321,2.286531614728446,8.216236036552942,9.694320255280218,-186.31048811369968,-10.38591370178042
92.30616390943278,2.247878285410735,8.216236036552942,9.694320255280218,-186.3099521550687,-10.38591370178042
81.87159453357962,2.1953392006588075,8.216236036552942,9.694320255280218,-186.309266162043,-10.38591370178042
97.56436631243741,2.272059885065758,8.216236036552942,9.694320255280218,-186.30870550404947,-10.38591370178042
77.87319859167916,2.191398052158533,8.216236036552942,9.694320255280218,-186.3085359820023,-10.38591370178042
78.54745302298423,2.2037077345695337,8.216236036552942,9.694320255280218,-186.30849621637304,-10.38591370178042
88.47314888063399,2.2964809101799517,8.216236036552942,9.694320255280218,-186.3084923048632,-10.38591370178042
87.52879426486433,2.228429589572741,8.216236036552942,9.694320255280218,-186.30842309617293,-10.38591370178042
97.2182722847229,2.28391013066566,8.216236036552942,9.694320255280218,-186.30823082684546,-10.38591370178042
77.47577243409617,2.1722899575672585,8.216236036552942,9.694320255280218,-186.30816283835532,-10.38591370178042
77.61545582621339,2.1855322670961215,8.216236036552942,9.694320255280218,-186.30790287935142,-10.38591370178042
96.55178993343135,2.262580693405269,8.216236036552942,9.694320255280218,-186.30752287427205,-10.38591370178042
88.33986050682851,2.2958754530771017,8.216236036552942,9.694320255280218,-186.3072161258303,-10.38591370178042
97.57314725194986,2.274970954963379,8.216236036552942,9.694320255280218,-186.30706921495008,-10.38591370178042
78.0307485416267,2.1942900472719202,8.216236036552942,9.694320255280218,-186.30686495986257,-10.38591370178042
84.56578847213896,2.2730725696177245,8.216236036552942,9.694320255280218,-186.3066269187301,-10.38591370178042
89.20288690244998,2.236252077063696,8.216236036552942,9.694320255280218,-186.3064833825012,-10.38591370178042
84.49498816770229,2.272494164447096,8.216236036552942,9.694320255280218,-186.30638204694043,-10.38591370178042
80.79951683144671,2.2353687927722774,8.216236036552942,9.694320255280218,-186.30629149184185,-10.38591370178042
95.33269081138313,2.2974865306211854,8.216236036552942,9.694320255280218,-186.30594726588845,-10.38591370178042
92.96644346734149,2.2503039336374115,8.216236036552942,9.694320255280218,-186.3055315827279,-10.38591370178042
96.14627606117512,2.260939233303148,8.216236036552942,9.694320255280218,-186.3054258288645,-10.38591370178042
86.2520334608291,2.2220180129566103,8.216236036552942,9.694320255280218,-186.30531242220434,-10.38591370178042
82.33504135700609,2.198600806104892,8.216236036552942,9.694320255280218,-186.30519588032195,-10.38591370178042
78.97095148780888,2.177029957452433,8.216236036552942,9.694320255280218,-186.3046879539356,-10.38591370178042
82.54640577410083,2.254739343990394,8.216236036552942,9.694320255280218,-186.30444859536223,-10.38591370178042
79.38897187967025,2.179549487028069,8.216236036552942,9.694320255280218,-186.30402342288122,-10.38591370178042
78.23014743233634,2.197665499499749,8.216236036552942,9.694320255280218,-186.3040068491228,-10.38591370178042
81.6670143987138,2.194317832762593,8.216236036552942,9.694320255280218,-186.30384097955746,-10.38591370178042
83.99385120844771,2.26819356712366,8.216236036552942,9.694320255280218,-186.30360576354067,-10.38591370178042
77.98330891151157,2.1728225774059524,8.216236036552942,9.694320255280218,-186.30296393053456,-10.38591370178042
93.07803161971937,2.2508190491944333,8.216236036552942,9.694320255280218,-186.3029536417481,-10.38591370178042
77.45895208430038,2.178728160354069,8.216236036552942,9.694320255280218,-186.3029488708155,-10.38591370178042
85.58310968865032,2.218522471990511,8.216236036552942,9.694320255280218,-186.3019179608349,-10.38591370178042
89.01860375508407,2.2981681947839263,8.216236036552942,9.694320255280218,-186.30190599852915,-10.38591370178042
79.1849222242139,2.213161951152159,8.216236036552942,9.694320255280218,-186.30175731039003,-10.38591370178042
84.14857842458458,2.2102082491499573,8.216236036552942,9.694320255280218,-186.3011766762605,-10.38591370178042
94.72174144897618,2.2561910120405173,8.216236036552942,9.694320255280218,-186.30091781389092,-10.38591370178042
97.46118954952595,2.276480501004343,8.216236036552942,9.694320255280218,-186.3008959681377,-10.38591370178042
77.77819198295109,2.173035575434767,8.216236036552942,9.694320255280218,-186.30061919621352,-10.38591370178042
97.33852783031284,2.2801082734883664,8.216236036552942,9.694320255280218,-186.30034780028046,-10.38591370178042
83.96866437533735,2.209196709350465,8.216236036552942,9.694320255280218,-186.299672236719,-10.38591370178042
96.64595528820499,2.2886325713369757,8.216236036552942,9.694320255280218,-186.29946117462714,-10.38591370178042
81.54611396564023,2.2437183157124565,8.216236036552942,9.694320255280218,-186.29932827665783,-10.38591370178042
80.31486391279061,2.1857738034444196,8.216236036552942,9.694320255280218,-186.29897191869452,-10.38591370178042
97.35886750625282,2.279066838772721,8.216236036552942,9.694320255280218,-186.2987766636022,-10.38591370178042
97.26660370077079,2.2808921768301786,8.216236036552942,9.694320255280218,-186.29813672924422,-10.38591370178042
78.2305947263602,2.1742640585458872,8.216236036552942,9.694320255280218,-186.29772419900962,-10.38591370178042
93.84540775530523,2.301701366578385,8.216236036552942,9.694320255280218,-186.29752650238558,-10.38591370178042
86.88601204948421,2.2882955838077663,8.216236036552942,9.694320255280218,-186.29714122346624,-10.38591370178042
78.61254710199434,2.2035798218175557,8.216236036552942,9.694320255280218,-186.29705855400715,-10.38591370178042
95.2109502428051,2.258149047408054,8.216236036552942,9.694320255280218,-186.2968476255574,-10.38591370178042
83.24820960053765,2.204900901859588,8.216236036552942,9.694320255280218,-186.2967618366271,-10.38591370178042
80.91563002163034,2.236097926578651,8.216236036552942,9.694320255280218,-186.29595979926802,-10.38591370178042
78.16618416397661,2.174362056707807,8.216236036552942,9.694320255280218,-186.29560656707932,-10.38591370178042
77.92003893195161,2.1902107587931994,8.216236036552942,9.694320255280218,-186.2955555607584,-10.38591370178042
95.57821680273793,2.2596063435899083,8.216236036552942,9.694320255280218,-186.2954049098157,-10.38591370178042
82.52784942996877,2.2540178215034246,8.216236036552942,9.694320255280218,-186.29525120181034,-10.38591370178042
84.46094340062032,2.212447309906395,8.216236036552942,9.694320255280218,-186.29420130920218,-10.38591370178042
78.43992753238322,2.2002434701364564,8.216236036552942,9.694320255280218,-186.29418224795154,-10.38591370178042
96.41170623032986,2.2634192180879182,8.216236036552942,9.694320255280218,-186.2940932846826,-10.38591370178042
95.10098344809674,2.2580189233099475,8.216236036552942,9.694320255280218,-186.29369697371797,-10.38591370178042
80.38507922577564,2.2292612280045176,8.216236036552942,9.694320255280218,-186.29349524027435,-10.38591370178042
97.10820998395843,2.268952760075365,8.216236036552942,9.694320255280218,-186.29268573478276,-10.38591370178042
81.84394481701268,2.246622473610941,8.216236036552942,9.694320255280218,-186.29259029359196,-10.38591370178042
94.83129305163388,2.2571831080359743,8.216236036552942,9.694320255280218,-186.29253752910577,-10.38591370178042
91.95816028306531,2.303123270630479,8.216236036552942,9.694320255280218,-186.29245690428576,-10.38591370178042
86.70194756240062,2.2869938118831215,8.216236036552942,9.694320255280218,-186.29220003206822,-10.38591370178042
78.42559976041608,2.1756987038354225,8.216236036552942,9.694320255280218,-186.29201402200607,-10.38591370178042
97.02849545890183,2.2832596248447317,8.216236036552942,9.694320255280218,-186.29193037487218,-10.38591370178042
93.643190140087,2.301710820392529,8.216236036552942,9.694320255280218,-186.2915516096579,-10.38591370178042
94.67440299314995,2.2989405095067355,8.216236036552942,9.694320255280218,-186.29114949830912,-10.38591370178042
90.33201159228103,2.2417168852886817,8.216236036552942,9.694320255280218,-186.29109306386135,-10.38591370178042
83.8587434946808,2.266328318441907,8.216236036552942,9.694320255280218,-186.29076587294554,-10.38591370178042
88.26556753045988,2.294701487486293,8.216236036552942,9.694320255280218,-186.29034939880876,-10.38591370178042
96.9609413867478,2.283796327520733,8.216236036552942,9.694320255280218,-186.29001381882173,-10.38591370178042
80.75813181893535,2.189273335521662,8.216236036552942,9.694320255280218,-186.2899012026616,-10.38591370178042
94.92905003733651,2.297877190873578,8.216236036552942,9.694320255280218,-186.28963071175994,-10.38591370178042
80.98784593425668,2.1907791006361634,8.216236036552942,9.694320255280218,-186.28962777446378,-10.38591370178042
91.8851793764992,2.3029008127045785,8.216236036552942,9.694320255280218,-186.28896406421936,-10.38591370178042
89.23050426679154,2.2372729276517873,8.216236036552942,9.694320255280218,-186.2888854821339,-10.38591370178042
78.7027239009552,2.2041446045003,8.216236036552942,9.694320255280218,-186.28841189554103,-10.38591370178042
80.73665186891921,2.189247713745175,8.216236036552942,9.694320255280218,-186.28826914120216,-10.38591370178042
97.09829986809653,2.2812544656599556,8.216236036552942,9.694320255280218,-186.28825147534496,-10.38591370178042
90.2613680108695,2.2416031378683954,8.216236036552942,9.694320255280218,-186.28797081841728,-10.38591370178042
97.23544783188112,2.273647439847352,8.216236036552942,9.694320255280218,-186.287311982618,-10.38591370178042
96.96024293186426,2.2831692535618373,8.216236036552942,9.694320255280218,-186.28695473562433,-10.38591370178042
77.77247199028807,2.176873326619912,8.216236036552942,9.694320255280218,-186.2867063021645,-10.38591370178042
95.03806748483575,2.258396802138705,8.216236036552942,9.694320255280218,-186.28629532262468,-10.38591370178042
93.10147653170189,2.251950771150703,8.216236036552942,9.694320255280218,-186.28589914804112,-10.38591370178042
94.31686345154,2.299670337275387,8.216236036552942,9.694320255280218,-186.2855612325655,-10.38591370178042
77.7380604406668,2.18164435428055,8.216236036552942,9.694320255280218,-186.28549039450155,-10.38591370178042
79.15907822916236,2.179884690066274,8.216236036552942,9.694320255280218,-186.2853862730766,-10.38591370178042
90.71797730159139,2.301576828545336,8.216236036552942,9.694320255280218,-186.28532267665173,-10.38591370178042
92.4566340158349,2.249826217193842,8.216236036552942,9.694320255280218,-186.28523026898517,-10.38591370178042
80.31227946538496,2.1868341168548824,8.216236036552942,9.694320255280218,-186.2842225409406,-10.38591370178042
80.36542323051918,2.1872297970126624,8.216236036552942,9.694320255280218,-186.28340540031752,-10.38591370178042
92.53131092469192,2.3024963203017847,8.216236036552942,9.694320255280218,-186.28322833895572,-10.38591370178042
95.3472819192943,2.259841771915248,8.216236036552942,9.694320255280218,-186.2827970193788,-10.38591370178042
82.83918008377339,2.2563980829662853,8.216236036552942,9.694320255280218,-186.28267642711032,-10.38591370178042
97.15818530318982,2.273892368322322,8.216236036552942,9.694320255280218,-186.28257311093424,-10.38591370178042
93.97318343529687,2.255048932800676,8.216236036552942,9.694320255280218,-186.2825676444874,-10.38591370178042
91.19248017227551,2.302055936510314,8.216236036552942,9.694320255280218,-186.2825515087527,-10.38591370178042
78.481916868049,2.199376464227484,8.216236036552942,9.694320255280218,-186.2815963733519,-10.38591370178042
79.03357390042478,2.2088562716166678,8.216236036552942,9.694320255280218,-186.2814019755847,-10.38591370178042
97.13048246342184,2.2772971395652064,8.216236036552942,9.694320255280218,-186.28107535502824,-10.38591370178042
97.12267221782126,2.2734809694487126,8.216236036552942,9.694320255280218,-186.28100867982067,-10.38591370178042
95.81019279317506,2.2619489514604965,8.216236036552942,9.694320255280218,-186.28084540662903,-10.38591370178042
97.13163165541417,2.2769492276509453,8.216236036552942,9.694320255280218,-186.28079977469304,-10.38591370178042
95.47785115164635,2.2605679204168325,8.216236036552942,9.694320255280218,-186.28049084014606,-10.38591370178042
86.25013797876912,2.2233000720668628,8.216236036552942,9.694320255280218,-186.27998777784003,-10.38591370178042
95.92099072325007,2.2625560486156644,8.216236036552942,9.694320255280218,-186.2799513338077,-10.38591370178042
88.71215671289819,2.295922326877246,8.216236036552942,9.694320255280218,-186.2799286146408,-10.38591370178042
92.88590757810333,2.302022863219676,8.216236036552942,9.694320255280218,-186.27978474077906,-10.38591370178042
77.93505392068938,2.17775435946281,8.216236036552942,9.694320255280218,-186.27951912639492,-10.38591370178042
96.88484098940731,2.2823845510803835,8.216236036552942,9.694320255280218,-186.27862691236993,-10.38591370178042
94.81430201256106,2.2974270362638833,8.216236036552942,9.694320255280218,-186.2784865857924,-10.38591370178042
94.44010667169685,2.256920281383344,8.216236036552942,9.694320255280218,-186.2784838427512,-10.38591370178042
93.67316290814661,2.2543494642074364,8.216236036552942,9.694320255280218,-186.27825717241046,-10.38591370178042
96.01111962354472,2.2632028188430127,8.216236036552942,9.694320255280218,-186.27810067337415,-10.38591370178042
90.21784341091409,2.241962380365692,8.216236036552942,9.694320255280218,-186.27809055516698,-10.38591370178042
95.63903133908234,2.2614889147301795,8.216236036552942,9.694320255280218,-186.27792398546367,-10.38591370178042
94.16707705100764,2.2995107327252384,8.216236036552942,9.694320255280218,-186.27756424007728,-10.38591370178042
96.85802365735621,2.282456456600002,8.216236036552942,9.694320255280218,-186.27718650065125,-10.38591370178042
78.84448070858396,2.2052504575906084,8.216236036552942,9.694320255280218,-186.2770817474555,-10.38591370178042
92.61257902662159,2.250892417022257,8.216236036552942,9.694320255280218,-186.27650892379236,-10.38591370178042
79.15841781466615,2.2103210985047212,8.216236036552942,9.694320255280218,-186.2762803824848,-10.38591370178042
96.36218891514164,2.26542859637091,8.216236036552942,9.694320255280218,-186.27626502597315,-10.38591370178042
97.03306122130674,2.2735332967123867,8.216236036552942,9.694320255280218,-186.27584054310245,-10.38591370178042
96.94300833877887,2.2801211357536175,8.216236036552942,9.694320255280218,-186.2747403779731,-10.38591370178042
78.12542222992094,2.1906590122240317,8.216236036552942,9.694320255280218,-186.27465153168686,-10.38591370178042
94.9383906001268,2.2965970168572625,8.216236036552942,9.694320255280218,-186.2745718159153,-10.38591370178042
88.18856944993472,2.293501471287229,8.216236036552942,9.694320255280218,-186.27375159423838,-10.38591370178042
82.01083814921375,2.198402523075444,8.216236036552942,9.694320255280218,-186.27374455704668,-10.38591370178042
79.70647290163484,2.184131160811532,8.216236036552942,9.694320255280218,-186.27244037647756,-10.38591370178042
96.99165592734906,2.2766667625886896,8.216236036552942,9.694320255280218,-186.27214205186613,-10.38591370178042
91.23951534249164,2.246253509517942,8.216236036552942,9.694320255280218,-186.27209806302503,-10.38591370178042
78.25199145549347,2.1784866787698576,8.216236036552942,9.694320255280218,-186.27192511410556,-10.38591370178042
95.38365953569792,2.2610619912836256,8.216236036552942,9.694320255280218,-186.2711622910618,-10.38591370178042
88.9274824369408,2.2369248401403894,8.216236036552942,9.694320255280218,-186.2702774191829,-10.38591370178042
85.87437403232856,2.2218283778719865,8.216236036552942,9.694320255280218,-186.26934008207664,-10.38591370178042
78.52338885967728,2.198293385259234,8.216236036552942,9.694320255280218,-186.26887846008356,-10.38591370178042
90.27883190437925,2.242736944141967,8.216236036552942,9.694320255280218,-186.2684649464765,-10.38591370178042
92.31657239850388,2.2503969600087714,8.216236036552942,9.694320255280218,-186.26794121988982,-10.38591370178042
96.27052450828837,2.287539154639873,8.216236036552942,9.694320255280218,-186.2671126962982,-10.38591370178042
92.53581299462579,2.2512269588354457,8.216236036552942,9.694320255280218,-186.2669403273105,-10.38591370178042
93.21671362077568,2.300705174952384,8.216236036552942,9.694320255280218,-186.26593071284304,-10.38591370178042
79.89815878973371,2.1858090238018804,8.216236036552942,9.694320255280218,-186.26591673593745,-10.38591370178042
87.40863953298768,2.2300166274935265,8.216236036552942,9.694320255280218,-186.26585741844474,-10.38591370178042
93.9503121230615,2.256193969773534,8.216236036552942,9.694320255280218,-186.2655650443832,-10.38591370178042
94.83914020499871,2.296216508339654,8.216236036552942,9.694320255280218,-186.2653265682437,-10.38591370178042
79.22610497457312,2.2102071507725043,8.216236036552942,9.694320255280218,-186.26504579198576,-10.38591370178042
96.84390788861076,2.2781974093745845,8.216236036552942,9.694320255280218,-186.26476463836434,-10.38591370178042
93.80193166322002,2.2994581691599905,8.216236036552942,9.694320255280218,-186.2641168072099,-10.38591370178042
84.25897066401048,2.2128904432022978,8.216236036552942,9.694320255280218,-186.2641002022821,-10.38591370178042
91.9156773820059,2.2492164214285992,8.216236036552942,9.694320255280218,-186.2639269408015,-10.38591370178042
78.44012089948856,2.1800310369297335,8.216236036552942,9.694320255280218,-186.26380755630143,-10.38591370178042
82.09504937611908,2.24749633478676,8.216236036552942,9.694320255280218,-186.26323037000103,-10.38591370178042
82.43541114501492,2.2510385068994623,8.216236036552942,9.694320255280218,-186.2620392785353,-10.38591370178042
78.9605729260827,2.1815745782291884,8.216236036552942,9.694320255280218,-186.26157576096332,-10.38591370178042
88.93745136198609,2.2956887039437675,8.216236036552942,9.694320255280218,-186.26065309631113,-10.38591370178042
83.67654377470924,2.2096146291213614,8.216236036552942,9.694320255280218,-186.2602572489403,-10.38591370178042
79.68197213587264,2.216652094526083,8.216236036552942,9.694320255280218,-186.25898553550957,-10.38591370178042
89.94484150641856,2.2985497991785735,8.216236036552942,9.694320255280218,-186.25892633670915,-10.38591370178042
92.75178221542927,2.252516049107413,8.216236036552942,9.694320255280218,-186.25865998492586,-10.38591370178042
80.34330568379369,2.2259268765793223,8.216236036552942,9.694320255280218,-186.2577448631785,-10.38591370178042
82.17621572573772,2.2005490185705128,8.216236036552942,9.694320255280218,-186.25661381072277,-10.38591370178042
78.753333063199,2.2007701005988736,8.216236036552942,9.694320255280218,-186.2561243174092,-10.38591370178042
86.0639028989114,2.223604488585906,8.216236036552942,9.694320255280218,-186.25552615067747,-10.38591370178042
83.30986109693598,2.2076674845389874,8.216236036552942,9.694320255280218,-186.2553902165039,-10.38591370178042
93.20937376727441,2.2999758173192077,8.216236036552942,9.694320255280218,-186.25526124984125,-10.38591370178042
96.13947437339738,2.2670508492252566,8.216236036552942,9.694320255280218,-186.2550065261097,-10.38591370178042
95.76465590618336,2.2900456649702647,8.216236036552942,9.694320255280218,-186.25494900459438,-10.38591370178042
78.86829172499839,2.2027764663010885,8.216236036552942,9.694320255280218,-186.2549435010665,-10.38591370178042
93.92326882520625,2.2569075717541836,8.216236036552942,9.694320255280218,-186.25479861696658,-10.38591370178042
81.87549456301221,2.1988039356884173,8.216236036552942,9.694320255280218,-186.25448909512903,-10.38591370178042
91.00771632851553,2.3001906352172767,8.216236036552942,9.694320255280218,-186.25420397407692,-10.38591370178042
85.1061791233313,2.274373999322819,8.216236036552942,9.694320255280218,-186.25402273797417,-10.38591370178042
79.37330529829957,2.211339932309002,8.216236036552942,9.694320255280218,-186.25392282182813,-10.38591370178042
83.8262162616318,2.2639306522721796,8.216236036552942,9.694320255280218,-186.2539119606183,-10.38591370178042
92.50989257705383,2.25200274015765,8.216236036552942,9.694320255280218,-186.2534570423432,-10.38591370178042
93.89164530135176,2.298363056906311,8.216236036552942,9.694320255280218,-186.25256613086108,-10.38591370178042
92.64760227289277,2.300449547032713,8.216236036552942,9.694320255280218,-186.2525493925324,-10.38591370178042
93.63269424928914,2.298984783693186,8.216236036552942,9.694320255280218,-186.2525386576985,-10.38591370178042
80.98109628511244,2.1933898613823146,8.216236036552942,9.694320255280218,-186.2524063069118,-10.38591370178042
90.70656647366977,2.2996670320222563,8.216236036552942,9.694320255280218,-186.252336723078,-10.38591370178042
95.34374529972266,2.262819912264419,8.216236036552942,9.694320255280218,-186.25202755315166,-10.38591370178042
95.52750515443572,2.291299371990931,8.216236036552942,9.694320255280218,-186.25183304791844,-10.38591370178042
78.5663415732792,2.1960253092902065,8.216236036552942,9.694320255280218,-186.25179487110344,-10.38591370178042
81.09819002072976,2.235179841926964,8.216236036552942,9.694320255280218,-186.2517200992498,-10.38591370178042
80.91508431886834,2.2328904436243846,8.216236036552942,9.694320255280218,-186.25160127088998,-10.38591370178042
93.08430169442396,2.254165899128594,8.216236036552942,9.694320255280218,-186.2515657625866,-10.38591370178042
84.21494778822537,2.2133485340518035,8.216236036552942,9.694320255280218,-186.25153461633957,-10.38591370178042
89.87725594991689,2.2420554883072725,8.216236036552942,9.694320255280218,-186.25132620238372,-10.38591370178042
92.25099737441317,2.2512407653225353,8.216236036552942,9.694320255280218,-186.25090031049413,-10.38591370178042
96.59813278303592,2.2745173129820415,8.216236036552942,9.694320255280218,-186.25035601587555,-10.38591370178042
91.90752665618022,2.250045466385629,8.216236036552942,9.694320255280218,-186.25005638319504,-10.38591370178042
83.94010373953884,2.264693963016981,8.216236036552942,9.694320255280218,-186.24992170178282,-10.38591370178042
78.55559774688639,2.182922940973512,8.216236036552942,9.694320255280218,-186.2497643017901,-10.38591370178042
95.15100741279483,2.262187301637965,8.216236036552942,9.694320255280218,-186.24955021262562,-10.38591370178042
83.93349077752838,2.21180874452466,8.216236036552942,9.694320255280218,-186.24924273085102,-10.38591370178042
81.30714983613022,2.195648884630245,8.216236036552942,9.694320255280218,-186.2490223643058,-10.38591370178042
85.40456129547388,2.2762692551520303,8.216236036552942,9.694320255280218,-186.2489764087035,-10.38591370178042
96.3373625593729,2.2701356708396077,8.216236036552942,9.694320255280218,-186.2484845464305,-10.38591370178042
91.58393415331363,2.300328813979746,8.216236036552942,9.694320255280218,-186.24840092666338,-10.38591370178042
82.42377972306875,2.2500181666564742,8.216236036552942,9.694320255280218,-186.24820190386183,-10.38591370178042
82.84190627862257,2.254296639985327,8.216236036552942,9.694320255280218,-186.24804195278227,-10.38591370178042
79.07629978102514,2.205571195300479,8.216236036552942,9.694320255280218,-186.2479702099174,-10.38591370178042
85.99756339651596,2.280221562025858,8.216236036552942,9.694320255280218,-186.24705853508172,-10.38591370178042
93.92884804446838,2.2978249700837807,8.216236036552942,9.694320255280218,-186.24699156709553,-10.38591370178042
78.51094072035792,2.1843428837566847,8.216236036552942,9.694320255280218,-186.24567537561055,-10.38591370178042
87.48661323683197,2.23152468591465,8.216236036552942,9.694320255280218,-186.24514014672133,-10.38591370178042
89.46942806383349,2.240693339548244,8.216236036552942,9.694320255280218,-186.24488389194025,-10.38591370178042
95.49313816688854,2.2644231535584822,8.216236036552942,9.694320255280218,-186.24456941940264,-10.38591370178042
95.9712525171747,2.286818121998195,8.216236036552942,9.694320255280218,-186.24440040396544,-10.38591370178042
86.90772364264822,2.2855839010683923,8.216236036552942,9.694320255280218,-186.24428825884954,-10.38591370178042
88.58291835081559,2.236805773615785,8.216236036552942,9.694320255280218,-186.24398521829485,-10.38591370178042
94.89918392803744,2.2938936886523322,8.216236036552942,9.694320255280218,-186.24321413089464,-10.38591370178042
85.39112120490061,2.220606777360217,8.216236036552942,9.694320255280218,-186.24299508993744,-10.38591370178042
82.91026454684389,2.205986070760517,8.216236036552942,9.694320255280218,-186.24296384206556,-10.38591370178042
80.12985375404818,2.221644683564193,8.216236036552942,9.694320255280218,-186.24291914899752,-10.38591370178042
95.20700922428546,2.2631996846099014,8.216236036552942,9.694320255280218,-186.24245638274203,-10.38591370178042
78.96221781897145,2.2025923116572983,8.216236036552942,9.694320255280218,-186.24238378460163,-10.38591370178042
81.4695111353608,2.2389415744095515,8.216236036552942,9.694320255280218,-186.24210597764684,-10.38591370178042
78.86826044965899,2.184354709188554,8.216236036552942,9.694320255280218,-186.24173781574805,-10.38591370178042
94.18974153299489,2.2589574309792226,8.216236036552942,9.694320255280218,-186.24158575814656,-10.38591370178042
91.11635330030377,2.299497279066813,8.216236036552942,9.694320255280218,-186.240845058344,-10.38591370178042
83.82544854088322,2.2116780318147136,8.216236036552942,9.694320255280218,-186.24063719102585,-10.38591370178042
94.01825185164535,2.258402954551727,8.216236036552942,9.694320255280218,-186.2403582373858,-10.38591370178042
88.82440129881262,2.238108440005149,8.216236036552942,9.694320255280218,-186.24033990442618,-10.38591370178042
90.31670933817723,2.244528078672758,8.216236036552942,9.694320255280218,-186.23987778406507,-10.38591370178042
83.50197470981351,2.2600261504068158,8.216236036552942,9.694320255280218,-186.23810676663754,-10.38591370178042
80.57097519568362,2.227252948091632,8.216236036552942,9.694320255280218,-186.23750606157205,-10.38591370178042
91.62635756054507,2.2498459613369306,8.216236036552942,9.694320255280218,-186.23670164307066,-10.38591370178042
79.10007996498189,2.2042168256275403,8.216236036552942,9.694320255280218,-186.23612073174817,-10.38591370178042
88.2558864380303,2.2916955361857845,8.216236036552942,9.694320255280218,-186.23598011650023,-10.38591370178042
78.68754334769908,2.1948374784872584,8.216236036552942,9.694320255280218,-186.2359778306823,-10.38591370178042
96.00576052664105,2.2693886811919413,8.216236036552942,9.694320255280218,-186.2356322474239,-10.38591370178042
94.34089652285573,2.2955411011519544,8.216236036552942,9.694320255280218,-186.23560658228632,-10.38591370178042
81.24441136886286,2.2357133970760685,8.216236036552942,9.694320255280218,-186.2353822796258,-10.38591370178042
83.33385056017255,2.209095829831327,8.216236036552942,9.694320255280218,-186.23461964924013,-10.38591370178042
89.92684810935911,2.297053160848023,8.216236036552942,9.694320255280218,-186.23399274477612,-10.38591370178042
96.22904140333608,2.27309938063226,8.216236036552942,9.694320255280218,-186.23329902792156,-10.38591370178042
96.27927820781692,2.2791456016908853,8.216236036552942,9.694320255280218,-186.23326849651932,-10.38591370178042
83.14449135174011,2.2080571619293323,8.216236036552942,9.694320255280218,-186.23294037592834,-10.38591370178042
79.37610497425928,2.186861869724467,8.216236036552942,9.694320255280218,-186.2328150258812,-10.38591370178042
96.16758915890904,2.2817498166176904,8.216236036552942,9.694320255280218,-186.2327725823714,-10.38591370178042
96.1971531478398,2.2726646845628125,8.216236036552942,9.694320255280218,-186.23276082591644,-10.38591370178042
96.28867662749332,2.2780279137982262,8.216236036552942,9.694320255280218,-186.23254203864346,-10.38591370178042
79.17080139881185,2.2049398807401843,8.216236036552942,9.694320255280218,-186.23231513367398,-10.38591370178042
84.95080772550794,2.218761074025565,8.216236036552942,9.694320255280218,-186.23198788965914,-10.38591370178042
95.80494693514653,2.2863046604637987,8.216236036552942,9.694320255280218,-186.23182400300686,-10.38591370178042
83.07989109286888,2.255582009499534,8.216236036552942,9.694320255280218,-186.23155190927702,-10.38591370178042
79.61229815855278,2.1879439613981475,8.216236036552942,9.694320255280218,-186.23116623720736,-10.38591370178042
94.3181528255118,2.2603838493771775,8.216236036552942,9.694320255280218,-186.2311562303202,-10.38591370178042
83.50197386832158,2.210347880615842,8.216236036552942,9.694320255280218,-186.2308304329289,-10.38591370178042
93.70295397449291,2.2580103321756155,8.216236036552942,9.694320255280218,-186.23045167987422,-10.38591370178042
87.63815448744712,2.288551248354665,8.216236036552942,9.694320255280218,-186.22962324385173,-10.38591370178042
79.01042014485667,2.201160688339101,8.216236036552942,9.694320255280218,-186.22944826963695,-10.38591370178042
83.76154489595906,2.2618382895840057,8.216236036552942,9.694320255280218,-186.22924693472078,-10.38591370178042
94.12942974397855,2.2598092244035826,8.216236036552942,9.694320255280218,-186.22897952806167,-10.38591370178042
81.52165106331117,2.238549178400774,8.216236036552942,9.694320255280218,-186.22881713604843,-10.38591370178042
79.52818010687308,2.2106419235468024,8.216236036552942,9.694320255280218,-186.22755405931133,-10.38591370178042
81.05580689518742,2.232717295672572,8.216236036552942,9.694320255280218,-186.22747393760744,-10.38591370178042
81.64068466856979,2.23983446059664,8.216236036552942,9.694320255280218,-186.2272419103141,-10.38591370178042
92.86597323989052,2.298412733109231,8.216236036552942,9.694320255280218,-186.2269051239318,-10.38591370178042
83.84318628974854,2.212631762631389,8.216236036552942,9.694320255280218,-186.2268710870876,-10.38591370178042
87.6692624471635,2.233455853621564,8.216236036552942,9.694320255280218,-186.22676100954646,-10.38591370178042
79.80740489596815,2.1893853268533547,8.216236036552942,9.694320255280218,-186.2259945332881,-10.38591370178042
80.42724023504358,2.1924526011606815,8.216236036552942,9.694320255280218,-186.22565510024702,-10.38591370178042
79.52088474772164,2.1883323201152507,8.216236036552942,9.694320255280218,-186.22563984610545,-10.38591370178042
92.83515706959848,2.2551281841343496,8.216236036552942,9.694320255280218,-186.22542367558452,-10.38591370178042
95.57213719090167,2.2873858316167315,8.216236036552942,9.694320255280218,-186.22528786623553,-10.38591370178042
78.92920700943466,2.1981383497721083,8.216236036552942,9.694320255280218,-186.22510551146053,-10.38591370178042
82.24833702392297,2.246479429973533,8.216236036552942,9.694320255280218,-186.22416854320966,-10.38591370178042
88.01497906597974,2.289957669185924,8.216236036552942,9.694320255280218,-186.22386862155292,-10.38591370178042
96.00865944094714,2.2724507881790146,8.216236036552942,9.694320255280218,-186.22383504441814,-10.38591370178042
90.1878831808491,2.2449716501253647,8.216236036552942,9.694320255280218,-186.22368560586423,-10.38591370178042
92.80683481045448,2.255153212514955,8.216236036552942,9.694320255280218,-186.22364353891237,-10.38591370178042
93.61957976990794,2.2966886915300364,8.216236036552942,9.694320255280218,-186.22308058785032,-10.38591370178042
82.91030824604476,2.2072985067155173,8.216236036552942,9.694320255280218,-186.222956638539,-10.38591370178042
78.85320089522855,2.194675395635329,8.216236036552942,9.694320255280218,-186.2227299520987,-10.38591370178042
92.63717608600969,2.254590669331918,8.216236036552942,9.694320255280218,-186.222620582987,-10.38591370178042
79.97078990657664,2.2170745145771207,8.216236036552942,9.694320255280218,-186.22173100938846,-10.38591370178042
79.88606763666795,2.1902313151746995,8.216236036552942,9.694320255280218,-186.2217300784346,-10.38591370178042
79.69305147014946,2.212588951949016,8.216236036552942,9.694320255280218,-186.22140522783013,-10.38591370178042
90.20586996402892,2.245186497011133,8.216236036552942,9.694320255280218,-186.2213938255364,-10.38591370178042
84.11519574947273,2.2644085229837287,8.216236036552942,9.694320255280218,-186.22062040289586,-10.38591370178042
78.86306177387667,2.1926983810107714,8.216236036552942,9.694320255280218,-186.22037805626772,-10.38591370178042
96.05515903959403,2.27865273927452,8.216236036552942,9.694320255280218,-186.22028349573853,-10.38591370178042
86.23851406973563,2.226564812733102,8.216236036552942,9.694320255280218,-186.2197551471509,-10.38591370178042
81.25203394517406,2.2345253394482967,8.216236036552942,9.694320255280218,-186.21964477250663,-10.38591370178042
88.41425942679899,2.2374467351185103,8.216236036552942,9.694320255280218,-186.21919254969941,-10.38591370178042
93.58910711472338,2.296405071743365,8.216236036552942,9.694320255280218,-186.21879735140533,-10.38591370178042
95.5283263824249,2.2683405624228783,8.216236036552942,9.694320255280218,-186.21868188541075,-10.38591370178042
84.2047255423927,2.2650278614097488,8.216236036552942,9.694320255280218,-186.21827908625858,-10.38591370178042
89.0403900622633,2.2935467077985834,8.216236036552942,9.694320255280218,-186.21751787315733,-10.38591370178042
90.57445295802154,2.246990777085287,8.216236036552942,9.694320255280218,-186.2167182815134,-10.38591370178042
83.65668593648348,2.2600633860477473,8.216236036552942,9.694320255280218,-186.216527904587,-10.38591370178042
94.28873358871307,2.2939176285868115,8.216236036552942,9.694320255280218,-186.21634477211236,-10.38591370178042
88.09867283091629,2.2898676178074453,8.216236036552942,9.694320255280218,-186.2161647421463,-10.38591370178042
79.04547188605895,2.198360079203084,8.216236036552942,9.694320255280218,-186.21595396253164,-10.38591370178042
79.0471152350754,2.190394493241314,8.216236036552942,9.694320255280218,-186.21573050061048,-10.38591370178042
79.34941995961357,2.2054727655523294,8.216236036552942,9.694320255280218,-186.2156598538039,-10.38591370178042
94.3607892992318,2.2935456173145496,8.216236036552942,9.694320255280218,-186.21559141434727,-10.38591370178042
84.75692278035093,2.2693998878354193,8.216236036552942,9.694320255280218,-186.21557267752854,-10.38591370178042
86.90278645151623,2.230285368642882,8.216236036552942,9.694320255280218,-186.21537789227182,-10.38591370178042
87.57646237156138,2.2336771613022677,8.216236036552942,9.694320255280218,-186.21513158229106,-10.38591370178042
84.94882479422328,2.270867596096025,8.216236036552942,9.694320255280218,-186.21505697014766,-10.38591370178042
79.63112236946172,2.190252493299525,8.216236036552942,9.694320255280218,-186.2146543030654,-10.38591370178042
86.83894814179611,2.2300135168165127,8.216236036552942,9.694320255280218,-186.21444084069725,-10.38591370178042
87.42911640618637,2.286622362677221,8.216236036552942,9.694320255280218,-186.21434961800676,-10.38591370178042
88.69426355936689,2.2921385677201442,8.216236036552942,9.694320255280218,-186.2142502011761,-10.38591370178042
89.1227197779575,2.293585570615406,8.216236036552942,9.694320255280218,-186.21373901816207,-10.38591370178042
80.48008363205477,2.1940276797260765,8.216236036552942,9.694320255280218,-186.21263873465082,-10.38591370178042
83.76967956172035,2.2131267517002016,8.216236036552942,9.694320255280218,-186.21235274654944,-10.38591370178042
95.87767769640443,2.2747134812384218,8.216236036552942,9.694320255280218,-186.212126699926,-10.38591370178042
82.65953998347797,2.2499634172697824,8.216236036552942,9.694320255280218,-186.21167928697125,-10.38591370178042
95.4727206990998,2.26921577466274,8.216236036552942,9.694320255280218,-186.21127945624136,-10.38591370178042
90.70066814781812,2.297088964429946,8.216236036552942,9.694320255280218,-186.21103122250923,-10.38591370178042
95.8573665920231,2.2749200831251812,8.216236036552942,9.694320255280218,-186.2107818211728,-10.38591370178042
94.04230438478172,2.2611573917092755,8.216236036552942,9.694320255280218,-186.21038517798078,-10.38591370178042
79.11452229875374,2.1919345899469818,8.216236036552942,9.694320255280218,-186.21025800268697,-10.38591370178042
95.44451803447869,2.2692226334318093,8.216236036552942,9.694320255280218,-186.2099308880285,-10.38591370178042
79.4446108860532,2.1907700286860887,8.216236036552942,9.694320255280218,-186.20971866478587,-10.38591370178042
90.66037486984821,2.2477889299465375,8.216236036552942,9.694320255280218,-186.20970256444298,-10.38591370178042
92.98598857503941,2.256909211573202,8.216236036552942,9.694320255280218,-186.2096657617376,-10.38591370178042
85.99729246228934,2.225878454735536,8.216236036552942,9.694320255280218,-186.20963432457543,-10.38591370178042
83.3946090631547,2.2111072955708977,8.216236036552942,9.694320255280218,-186.20942610319736,-10.38591370178042
85.40767861663089,2.222694978772296,8.216236036552942,9.694320255280218,-186.2091457226801,-10.38591370178042
85.10902753650295,2.2717071440024625,8.216236036552942,9.694320255280218,-186.20892987452478,-10.38591370178042
79.24488355431642,2.20136047977752,8.216236036552942,9.694320255280218,-186.2082507616739,-10.38591370178042
83.49986828030222,2.2118129628927647,8.216236036552942,9.694320255280218,-186.20818875034243,-10.38591370178042
79.77552588964289,2.2121168674393488,8.216236036552942,9.694320255280218,-186.20813509280657,-10.38591370178042
86.01685676967891,2.2780218867040674,8.216236036552942,9.694320255280218,-186.20753472595916,-10.38591370178042
93.10070778286097,2.2575908636790274,8.216236036552942,9.694320255280218,-186.20681495669623,-10.38591370178042
84.28742952367642,2.2649257291537737,8.216236036552942,9.694320255280218,-186.2057969594652,-10.38591370178042
95.74662708213921,2.279933030141791,8.216236036552942,9.694320255280218,-186.205467911723,-10.38591370178042
95.3053514153195,2.2863642515792293,8.216236036552942,9.694320255280218,-186.20519276759043,-10.38591370178042
95.76087314592823,2.2788076484388853,8.216236036552942,9.694320255280218,-186.20477623273547,-10.38591370178042
84.74850874842402,2.268624471943127,8.216236036552942,9.694320255280218,-186.20439797736526,-10.38591370178042
89.32853019801233,2.242496723921718,8.216236036552942,9.694320255280218,-186.2041410218173,-10.38591370178042
91.86211324628658,2.297355346613699,8.216236036552942,9.694320255280218,-186.20323848161055,-10.38591370178042
88.43272692571105,2.2904565887328943,8.216236036552942,9.694320255280218,-186.20307710119158,-10.38591370178042
88.1956037423711,2.289475379219496,8.216236036552942,9.694320255280218,-186.2028737475802,-10.38591370178042
87.56772455871632,2.2343764737402267,8.216236036552942,9.694320255280218,-186.20269214805938,-10.38591370178042
79.23823977002706,2.19874310253644,8.216236036552942,9.694320255280218,-186.20248993630224,-10.38591370178042
95.45220427509003,2.270899014512395,8.216236036552942,9.694320255280218,-186.2023880081749,-10.38591370178042
79.45915560974048,2.192423557457545,8.216236036552942,9.694320255280218,-186.20210344874556,-10.38591370178042
95.63894595690671,2.2737921581813936,8.216236036552942,9.694320255280218,-186.2020040377191,-10.38591370178042
85.28818173342879,2.2224785598588284,8.216236036552942,9.694320255280218,-186.20196231928313,-10.38591370178042
95.21575930548974,2.2865643681161885,8.216236036552942,9.694320255280218,-186.2017259157756,-10.38591370178042
90.85075574212526,2.2491362522502527,8.216236036552942,9.694320255280218,-186.20099831877525,-10.38591370178042
92.5752958133371,2.296775766089638,8.216236036552942,9.694320255280218,-186.2009747497569,-10.38591370178042
95.61935234636401,2.2738662942128087,8.216236036552942,9.694320255280218,-186.20087549995705,-10.38591370178042
91.42595668222822,2.2514594040900704,8.216236036552942,9.694320255280218,-186.20084822977768,-10.38591370178042
94.39446228880163,2.291767069870687,8.216236036552942,9.694320255280218,-186.20050692319134,-10.38591370178042
93.94232164793993,2.261682456488785,8.216236036552942,9.694320255280218,-186.2004758925246,-10.38591370178042
86.53452633023244,2.28079855265527,8.216236036552942,9.694320255280218,-186.19982502483123,-10.38591370178042
79.41459801771309,2.193277753007166,8.216236036552942,9.694320255280218,-186.19955189262268,-10.38591370178042
87.10133915855617,2.232244370733028,8.216236036552942,9.694320255280218,-186.1995227652809,-10.38591370178042
82.45010765859517,2.2062457461883156,8.216236036552942,9.694320255280218,-186.19934162593623,-10.38591370178042
84.51767328737435,2.2183224618669897,8.216236036552942,9.694320255280218,-186.1991472921193,-10.38591370178042
91.31497015977345,2.251180429680062,8.216236036552942,9.694320255280218,-186.19849085180533,-10.38591370178042
91.85295774489373,2.253335530271741,8.216236036552942,9.694320255280218,-186.19828219847477,-10.38591370178042
84.56984862340403,2.26677433134806,8.216236036552942,9.694320255280218,-186.19812444377695,-10.38591370178042
82.68412903336683,2.2492047790411647,8.216236036552942,9.694320255280218,-186.1979370242745,-10.38591370178042
88.90259218450527,2.2409765257676497,8.216236036552942,9.694320255280218,-186.19792447468527,-10.38591370178042
93.90665811037607,2.261827637853017,8.216236036552942,9.694320255280218,-186.19740747458647,-10.38591370178042
84.05012287362756,2.215762296967526,8.216236036552942,9.694320255280218,-186.19725071674395,-10.38591370178042
84.57583928260914,2.2667224591747868,8.216236036552942,9.694320255280218,-186.1965970940191,-10.38591370178042
88.06633112293011,2.237165257299708,8.216236036552942,9.694320255280218,-186.19658546252418,-10.38591370178042
93.62506647728061,2.29430195227485,8.216236036552942,9.694320255280218,-186.19647669858938,-10.38591370178042
92.48142883471553,2.29649710463805,8.216236036552942,9.694320255280218,-186.19620756101443,-10.38591370178042
83.92994030152862,2.2151462149156202,8.216236036552942,9.694320255280218,-186.19607638895332,-10.38591370178042
79.37048597352772,2.2002487389413687,8.216236036552942,9.694320255280218,-186.19595662405985,-10.38591370178042
83.54241770493847,2.2129025785357754,8.216236036552942,9.694320255280218,-186.19593324817174,-10.38591370178042
95.13870097665419,2.269255452500744,8.216236036552942,9.694320255280218,-186.19564664469786,-10.38591370178042
92.99169058410287,2.2581174426355943,8.216236036552942,9.694320255280218,-186.1952141754235,-10.38591370178042
93.1130506237819,2.258640497331811,8.216236036552942,9.694320255280218,-186.19492596880255,-10.38591370178042
81.82705098523789,2.2393904821272486,8.216236036552942,9.694320255280218,-186.19470344696938,-10.38591370178042
91.4811711765681,2.2966420659354583,8.216236036552942,9.694320255280218,-186.19419358321824,-10.38591370178042
85.64902361411174,2.2249522462083604,8.216236036552942,9.694320255280218,-186.19413486074342,-10.38591370178042
95.45798237290292,2.2737680552126136,8.216236036552942,9.694320255280218,-186.193259038823,-10.38591370178042
82.17032053055702,2.2050973863899657,8.216236036552942,9.694320255280218,-186.19325504619826,-10.38591370178042
81.99253642524144,2.2041033226851425,8.216236036552942,9.694320255280218,-186.19294537394632,-10.38591370178042
88.6223810212492,2.290546259699255,8.216236036552942,9.694320255280218,-186.19286278443266,-10.38591370178042
79.75685468975631,2.20910318136184,8.216236036552942,9.694320255280218,-186.19277732544512,-10.38591370178042
93.85622965462761,2.2620967750192307,8.216236036552942,9.694320255280218,-186.19247160462064,-10.38591370178042
94.84283287996007,2.2675256284227885,8.216236036552942,9.694320255280218,-186.19241869153538,-10.38591370178042
87.79452446768583,2.236130272397631,8.216236036552942,9.694320255280218,-186.19216099699221,-10.38591370178042
79.44469215338566,2.1963188573614474,8.216236036552942,9.694320255280218,-186.19169413107804,-10.38591370178042
79.51765758964427,2.2031952561495984,8.216236036552942,9.694320255280218,-186.1916022257597,-10.38591370178042
79.68230060195681,2.1946042075825147,8.216236036552942,9.694320255280218,-186.19145389012704,-10.38591370178042
88.06574752264555,2.237498419428775,8.216236036552942,9.694320255280218,-186.19116999681353,-10.38591370178042
79.83997009845035,2.2103794915673802,8.216236036552942,9.694320255280218,-186.19097209623106,-10.38591370178042
83.49305264294827,2.2129674601286524,8.216236036552942,9.694320255280218,-186.19092912364647,-10.38591370178042
90.73333702395635,2.295764265362237,8.216236036552942,9.694320255280218,-186.19068952461757,-10.38591370178042
94.84415824510712,2.2875322724885336,8.216236036552942,9.694320255280218,-186.1892270464945,-10.38591370178042
79.50176991575317,2.1968242024219933,8.216236036552942,9.694320255280218,-186.18895730277015,-10.38591370178042
79.51357681139554,2.196900854375528,8.216236036552942,9.694320255280218,-186.1884355619627,-10.38591370178042
82.81952402463924,2.249861987056562,8.216236036552942,9.694320255280218,-186.1880187524347,-10.38591370178042
95.37880585912315,2.27442867762565,8.216236036552942,9.694320255280218,-186.18800695314687,-10.38591370178042
91.84711880502627,2.254095159207992,8.216236036552942,9.694320255280218,-186.18772989278025,-10.38591370178042
95.266407791941,2.2827638307064717,8.216236036552942,9.694320255280218,-186.18760316949695,-10.38591370178042
95.00614974518106,2.269703776886189,8.216236036552942,9.694320255280218,-186.1872685060079,-10.38591370178042
95.42539878083656,2.2779606517309787,8.216236036552942,9.694320255280218,-186.18722010166783,-10.38591370178042
88.3674595087838,2.2392191869001294,8.216236036552942,9.694320255280218,-186.18654703680895,-10.38591370178042
82.97149949002208,2.251314598268749,8.216236036552942,9.694320255280218,-186.18654382421732,-10.38591370178042
95.10086113030798,2.2708072353040194,8.216236036552942,9.694320255280218,-186.18641822055685,-10.38591370178042
83.17539322727248,2.2533262885865355,8.216236036552942,9.694320255280218,-186.18599249322196,-10.38591370178042
93.5304512163093,2.2612746260294614,8.216236036552942,9.694320255280218,-186.18582200835212,-10.38591370178042
93.23235041025532,2.259989095536781,8.216236036552942,9.694320255280218,-186.18548881794527,-10.38591370178042
82.33305820826034,2.206690889126932,8.216236036552942,9.694320255280218,-186.18516421924804,-10.38591370178042
79.5891070960066,2.202502636287093,8.216236036552942,9.694320255280218,-186.18505355953783,-10.38591370178042
95.3418697552691,2.2800248061788864,8.216236036552942,9.694320255280218,-186.18489633039508,-10.38591370178042
80.55453146935648,2.2214249069161696,8.216236036552942,9.694320255280218,-186.18422246163615,-10.38591370178042
80.27766078138288,2.216989589840324,8.216236036552942,9.694320255280218,-186.18394760669884,-10.38591370178042
84.57732357877501,2.2196708835270016,8.216236036552942,9.694320255280218,-186.18393462504312,-10.38591370178042
80.82147771243307,2.2253070552829257,8.216236036552942,9.694320255280218,-186.18377096922947,-10.38591370178042
95.27433342256997,2.2810942574365356,8.216236036552942,9.694320255280218,-186.1835128356031,-10.38591370178042
80.17392934537997,2.1966608356326702,8.216236036552942,9.694320255280218,-186.1825897054966,-10.38591370178042
79.70090798884414,2.1975990843702107,8.216236036552942,9.694320255280218,-186.18151998234057,-10.38591370178042
80.14413355136827,2.2142597056271995,8.216236036552942,9.694320255280218,-186.18132966061881,-10.38591370178042
94.12945198900046,2.290719408261495,8.216236036552942,9.694320255280218,-186.18099024631482,-10.38591370178042
83.26984344944741,2.2124192090631,8.216236036552942,9.694320255280218,-186.18075382433148,-10.38591370178042
93.7733968680235,2.2921856721914082,8.216236036552942,9.694320255280218,-186.1805988691808,-10.38591370178042
83.09337572472369,2.2520627095590555,8.216236036552942,9.694320255280218,-186.18019395868268,-10.38591370178042
88.89179820533647,2.2906594158581726,8.216236036552942,9.694320255280218,-186.17973191442454,-10.38591370178042
79.67693796383028,2.200308756088859,8.216236036552942,9.694320255280218,-186.17876053648664,-10.38591370178042
79.83739642355268,2.197622526434884,8.216236036552942,9.694320255280218,-186.17863962418627,-10.38591370178042
81.79303361355811,2.2375285122150643,8.216236036552942,9.694320255280218,-186.17846842973248,-10.38591370178042
82.09542685793215,2.2059464076892397,8.216236036552942,9.694320255280218,-186.17819149786925,-10.38591370178042
93.43891872804106,2.2616831724024706,8.216236036552942,9.694320255280218,-186.17755646127094,-10.38591370178042
91.69638306970825,2.2543434615431437,8.216236036552942,9.694320255280218,-186.17646270190926,-10.38591370178042
80.13684860067612,2.197735673843951,8.216236036552942,9.694320255280218,-186.17635541927928,-10.38591370178042
80.36743313794842,2.198200373431064,8.216236036552942,9.694320255280218,-186.17594468254862,-10.38591370178042
86.79777318433312,2.2808109142125517,8.216236036552942,9.694320255280218,-186.17580362612827,-10.38591370178042
79.80353528645719,2.2051995312166213,8.216236036552942,9.694320255280218,-186.17558634734388,-10.38591370178042
82.12532044726659,2.2063439164411136,8.216236036552942,9.694320255280218,-186.1755651908345,-10.38591370178042
91.16890387221054,2.295102444734283,8.216236036552942,9.694320255280218,-186.1755094081304,-10.38591370178042
86.45807307971111,2.278756670877584,8.216236036552942,9.694320255280218,-186.17516831963513,-10.38591370178042
89.31408109090079,2.244311951537867,8.216236036552942,9.694320255280218,-186.174975270024,-10.38591370178042
79.75786901453924,2.201098503709204,8.216236036552942,9.694320255280218,-186.17484713749448,-10.38591370178042
79.87606567661949,2.198787466829515,8.216236036552942,9.694320255280218,-186.17452242668563,-10.38591370178042
79.81785406324201,2.199643468891807,8.216236036552942,9.694320255280218,-186.17413580070627,-10.38591370178042
95.13363293935076,2.2770247473968794,8.216236036552942,9.694320255280218,-186.17314655444875,-10.38591370178042
83.92569364937751,2.2167957704037775,8.216236036552942,9.694320255280218,-186.17231480404396,-10.38591370178042
83.31671913296638,2.2133316642036647,8.216236036552942,9.694320255280218,-186.17229606952498,-10.38591370178042
93.23825732067344,2.293018630362184,8.216236036552942,9.694320255280218,-186.17222608179003,-10.38591370178042
81.20021179130033,2.2292536823123754,8.216236036552942,9.694320255280218,-186.17206800635884,-10.38591370178042
84.64614195511943,2.2208806307346123,8.216236036552942,9.694320255280218,-186.17198154649117,-10.38591370178042
89.98671851244158,2.2931696097021756,8.216236036552942,9.694320255280218,-186.17186939453453,-10.38591370178042
94.24668448660941,2.266695711746891,8.216236036552942,9.694320255280218,-186.17144287932985,-10.38591370178042
81.1261917089127,2.2016303870461087,8.216236036552942,9.694320255280218,-186.17143472928902,-10.38591370178042
84.27243940033868,2.218823976543561,8.216236036552942,9.694320255280218,-186.17139849793497,-10.38591370178042
80.23681274740316,2.1988739774391064,8.216236036552942,9.694320255280218,-186.17099418938793,-10.38591370178042
95.09052685513116,2.27762053334186,8.216236036552942,9.694320255280218,-186.17095736435908,-10.38591370178042
79.85916556691099,2.2015175756239245,8.216236036552942,9.694320255280218,-186.1703382330402,-10.38591370178042
81.14392934320958,2.201936355866195,8.216236036552942,9.694320255280218,-186.16949923914413,-10.38591370178042
95.00559301503345,2.280233649367247,8.216236036552942,9.694320255280218,-186.1688984705823,-10.38591370178042
81.41857652617452,2.231828847758038,8.216236036552942,9.694320255280218,-186.16887673687555,-10.38591370178042
94.8505365352192,2.2831649057092704,8.216236036552942,9.694320255280218,-186.1688471642754,-10.38591370178042
81.1637038109229,2.2283777825911386,8.216236036552942,9.694320255280218,-186.1688426675762,-10.38591370178042
88.64693741313268,2.289033251628652,8.216236036552942,9.694320255280218,-186.16841602807463,-10.38591370178042
86.48466035859448,2.278463727203686,8.216236036552942,9.694320255280218,-186.1683480887009,-10.38591370178042
85.71446412908426,2.2734410275028836,8.216236036552942,9.694320255280218,-186.16834665024734,-10.38591370178042
87.8205173997845,2.28559417427482,8.216236036552942,9.694320255280218,-186.16816952122778,-10.38591370178042
82.56559246965358,2.2454849954381046,8.216236036552942,9.694320255280218,-186.16769194477303,-10.38591370178042
84.08309600508807,2.218066416455514,8.216236036552942,9.694320255280218,-186.16713825369177,-10.38591370178042
85.63603668387216,2.226652975734382,8.216236036552942,9.694320255280218,-186.16712520680753,-10.38591370178042
81.115440745378,2.2021177371515392,8.216236036552942,9.694320255280218,-186.16692961545883,-10.38591370178042
80.29258921076045,2.2141386228725963,8.216236036552942,9.694320255280218,-186.1664565263375,-10.38591370178042
88.09205426482148,2.28666441434936,8.216236036552942,9.694320255280218,-186.1661116918439,-10.38591370178042
85.09652498331835,2.223806823840235,8.216236036552942,9.694320255280218,-186.1658194263564,-10.38591370178042
91.16717951520009,2.252962817231108,8.216236036552942,9.694320255280218,-186.16578761727362,-10.38591370178042
88.32657756648052,2.2876117495760155,8.216236036552942,9.694320255280218,-186.16567046653054,-10.38591370178042
81.93284468431057,2.237961044438279,8.216236036552942,9.694320255280218,-186.16528974075877,-10.38591370178042
92.79767729380394,2.293348449180499,8.216236036552942,9.694320255280218,-186.16524006769285,-10.38591370178042
94.10484781878519,2.266760603528823,8.216236036552942,9.694320255280218,-186.16474076244407,-10.38591370178042
81.90059298471047,2.206161345790136,8.216236036552942,9.694320255280218,-186.16461964268618,-10.38591370178042
94.90370954637869,2.2750668693484783,8.216236036552942,9.694320255280218,-186.16448460836278,-10.38591370178042
80.15961788240209,2.200587935277511,8.216236036552942,9.694320255280218,-186.16431208181717,-10.38591370178042
84.70764975683635,2.2655211068117467,8.216236036552942,9.694320255280218,-186.16369757236615,-10.38591370178042
94.00844406878858,2.2663474785858284,8.216236036552942,9.694320255280218,-186.16339250637665,-10.38591370178042
94.37743740801548,2.2865213927247225,8.216236036552942,9.694320255280218,-186.16259422126623,-10.38591370178042
86.06394593724289,2.275400165917901,8.216236036552942,9.694320255280218,-186.16246909813273,-10.38591370178042
93.28016034988535,2.2918566730050287,8.216236036552942,9.694320255280218,-186.16231652026997,-10.38591370178042
93.74685819861462,2.264964259240557,8.216236036552942,9.694320255280218,-186.16225879575177,-10.38591370178042
94.17701827409509,2.287859150777436,8.216236036552942,9.694320255280218,-186.1622324782493,-10.38591370178042
93.19284237618952,2.292101016443752,8.216236036552942,9.694320255280218,-186.16219830696568,-10.38591370178042
93.06874394098386,2.2923956749315124,8.216236036552942,9.694320255280218,-186.1618087397109,-10.38591370178042
85.57882764528809,2.2267208081653536,8.216236036552942,9.694320255280218,-186.16165508972318,-10.38591370178042
89.60401330539457,2.29152740520297,8.216236036552942,9.694320255280218,-186.16134370739834,-10.38591370178042
85.45368465060201,2.226111883415342,8.216236036552942,9.694320255280218,-186.16069577985417,-10.38591370178042
84.21770066881756,2.219315692081011,8.216236036552942,9.694320255280218,-186.16048623596393,-10.38591370178042
82.97443667368636,2.2492346909413214,8.216236036552942,9.694320255280218,-186.16037174703507,-10.38591370178042
94.51498416375217,2.284854067992285,8.216236036552942,9.694320255280218,-186.16027016395682,-10.38591370178042
84.53295766907743,2.2638056564279623,8.216236036552942,9.694320255280218,-186.15996467293877,-10.38591370178042
93.6812691246036,2.2649072418281264,8.216236036552942,9.694320255280218,-186.15981291789714,-10.38591370178042
94.70269179769784,2.273144462984959,8.216236036552942,9.694320255280218,-186.15979378596558,-10.38591370178042
82.264766463701,2.241367615024231,8.216236036552942,9.694320255280218,-186.15976498285346,-10.38591370178042
93.65342260719886,2.2648755911885985,8.216236036552942,9.694320255280218,-186.15883418183924,-10.38591370178042
94.8205171084527,2.2788649035908435,8.216236036552942,9.694320255280218,-186.15874142034198,-10.38591370178042
83.82484645836901,2.217286533198063,8.216236036552942,9.694320255280218,-186.15827423903002,-10.38591370178042
82.92304321462615,2.248513512168529,8.216236036552942,9.694320255280218,-186.15825318262463,-10.38591370178042
93.71046330353965,2.289769134522217,8.216236036552942,9.694320255280218,-186.1582073621608,-10.38591370178042
94.5498579890683,2.2839851402845994,8.216236036552942,9.694320255280218,-186.15819851102148,-10.38591370178042
83.68364554096657,2.2165088081057718,8.216236036552942,9.694320255280218,-186.15811634642526,-10.38591370178042
83.55061245147247,2.215766878084821,8.216236036552942,9.694320255280218,-186.15808847775284,-10.38591370178042
81.06470731745635,2.2255923247791145,8.216236036552942,9.694320255280218,-186.1580674730806,-10.38591370178042
80.66518757485953,2.2192198086863186,8.216236036552942,9.694320255280218,-186.1577620888569,-10.38591370178042
92.76399973479069,2.2607003368745353,8.216236036552942,9.694320255280218,-186.1562720018766,-10.38591370178042
82.77198308126198,2.2116114911927838,8.216236036552942,9.694320255280218,-186.1561773994297,-10.38591370178042
86.15276709783379,2.275511322649564,8.216236036552942,9.694320255280218,-186.15574850918762,-10.38591370178042
81.18945372411716,2.203876895013167,8.216236036552942,9.694320255280218,-186.15547122126358,-10.38591370178042
80.3945545009541,2.213557663923183,8.216236036552942,9.694320255280218,-186.15540503453985,-10.38591370178042
87.24612481328924,2.2358286176023654,8.216236036552942,9.694320255280218,-186.15529756259866,-10.38591370178042
87.70470472645505,2.284170542324361,8.216236036552942,9.694320255280218,-186.15522944157476,-10.38591370178042
81.95389769689838,2.2371968245383584,8.216236036552942,9.694320255280218,-186.15521810234634,-10.38591370178042
94.31230237105108,2.2854688489423722,8.216236036552942,9.694320255280218,-186.15445344565296,-10.38591370178042
88.85728168162548,2.2436608185375633,8.216236036552942,9.694320255280218,-186.1541523703969,-10.38591370178042
88.52219935553961,2.242111188165339,8.216236036552942,9.694320255280218,-186.15396642580941,-10.38591370178042
90.78117550362592,2.2930941966856864,8.216236036552942,9.694320255280218,-186.1537100002431,-10.38591370178042
94.17247720876375,2.2864393478370175,8.216236036552942,9.694320255280218,-186.15370102887982,-10.38591370178042
93.74061435129803,2.289005636991675,8.216236036552942,9.694320255280218,-186.15360074500816,-10.38591370178042
90.56003139091521,2.2928091005937574,8.216236036552942,9.694320255280218,-186.15343790256395,-10.38591370178042
90.27187745374216,2.2500890143374335,8.216236036552942,9.694320255280218,-186.15306033773325,-10.38591370178042
92.50819132560478,2.2599147209351145,8.216236036552942,9.694320255280218,-186.15230028484825,-10.38591370178042
93.19532153271676,2.2909507305578813,8.216236036552942,9.694320255280218,-186.15192869712808,-10.38591370178042
80.67561970789993,2.2182286560721565,8.216236036552942,9.694320255280218,-186.15159662953613,-10.38591370178042
91.91038077182434,2.2931910234854485,8.216236036552942,9.694320255280218,-186.15149371179808,-10.38591370178042
81.08103994897442,2.204047697551502,8.216236036552942,9.694320255280218,-186.1514686832974,-10.38591370178042
80.86547927466637,2.2214683785796865,8.216236036552942,9.694320255280218,-186.15136640003087,-10.38591370178042
94.31629394003382,2.2847601515867098,8.216236036552942,9.694320255280218,-186.15136520861031,-10.38591370178042
82.45365083400914,2.210357182197882,8.216236036552942,9.694320255280218,-186.15123260356995,-10.38591370178042
84.97444192483778,2.266706172059969,8.216236036552942,9.694320255280218,-186.15077711247503,-10.38591370178042
80.29847205736152,2.206060852641812,8.216236036552942,9.694320255280218,-186.14987007263025,-10.38591370178042
86.05754347082429,2.2301012214999076,8.216236036552942,9.694320255280218,-186.1498234501951,-10.38591370178042
83.8562023711859,2.2570324896440894,8.216236036552942,9.694320255280218,-186.14958107878905,-10.38591370178042
91.81891730777464,2.257105564664627,8.216236036552942,9.694320255280218,-186.1493715745533,-10.38591370178042
81.73412952396664,2.233727515397362,8.216236036552942,9.694320255280218,-186.1489986134169,-10.38591370178042
85.84123556776207,2.2290224459076455,8.216236036552942,9.694320255280218,-186.14891447101016,-10.38591370178042
91.94823443571721,2.2577460823108026,8.216236036552942,9.694320255280218,-186.14859330652803,-10.38591370178042
93.82769427391779,2.2877366570944986,8.216236036552942,9.694320255280218,-186.1481386055538,-10.38591370178042
86.00114753932843,2.273967237507449,8.216236036552942,9.694320255280218,-186.14807469359178,-10.38591370178042
83.74500346878685,2.255774818962209,8.216236036552942,9.694320255280218,-186.14696110556312,-10.38591370178042
84.68490089764714,2.2229868099661445,8.216236036552942,9.694320255280218,-186.1460944521669,-10.38591370178042
93.41834913121185,2.265207451495499,8.216236036552942,9.694320255280218,-186.1459297104979,-10.38591370178042
94.05443977445297,2.2695606192644533,8.216236036552942,9.694320255280218,-186.14576811401741,-10.38591370178042
93.12424672920058,2.2904399820163945,8.216236036552942,9.694320255280218,-186.14567170048025,-10.38591370178042
93.32472540920286,2.2897198067076516,8.216236036552942,9.694320255280218,-186.14550802849908,-10.38591370178042
88.72320657437137,2.2436676278131387,8.216236036552942,9.694320255280218,-186.14529931218786,-10.38591370178042
92.01105772204126,2.2583492659708497,8.216236036552942,9.694320255280218,-186.14508143409554,-10.38591370178042
85.88721253616838,2.2729637600863697,8.216236036552942,9.694320255280218,-186.1448380776779,-10.38591370178042
80.80375449299994,2.2046309160757573,8.216236036552942,9.694320255280218,-186.14469681500557,-10.38591370178042
90.37885495306371,2.2512249065753025,8.216236036552942,9.694320255280218,-186.14437756407395,-10.38591370178042
87.84609295860768,2.2840098004237035,8.216236036552942,9.694320255280218,-186.14368419333283,-10.38591370178042
82.90626234480257,2.2134837045851583,8.216236036552942,9.694320255280218,-186.1435083501385,-10.38591370178042
88.06078053324795,2.2406563086987887,8.216236036552942,9.694320255280218,-186.1434589475643,-10.38591370178042
86.21287055410477,2.231385716300011,8.216236036552942,9.694320255280218,-186.14326303577715,-10.38591370178042
82.52025382951553,2.242694609943385,8.216236036552942,9.694320255280218,-186.14319645265826,-10.38591370178042
90.30433218698336,2.2510113524101314,8.216236036552942,9.694320255280218,-186.1429052481738,-10.38591370178042
86.36934930465819,2.2322480173954347,8.216236036552942,9.694320255280218,-186.14260405416724,-10.38591370178042
94.06747204698888,2.285037795827776,8.216236036552942,9.694320255280218,-186.14249205860227,-10.38591370178042
94.00811460812064,2.2853961956773077,8.216236036552942,9.694320255280218,-186.14185613156826,-10.38591370178042
94.38950398395208,2.280510052131177,8.216236036552942,9.694320255280218,-186.14153915264785,-10.38591370178042
87.88996408811943,2.284039924989443,8.216236036552942,9.694320255280218,-186.14135310499617,-10.38591370178042
90.0262247440624,2.2499017511099453,8.216236036552942,9.694320255280218,-186.14129773036436,-10.38591370178042
80.91855143234368,2.20547507836379,8.216236036552942,9.694320255280218,-186.14103434144633,-10.38591370178042
91.96926741121624,2.292156887550675,8.216236036552942,9.694320255280218,-186.14077756777326,-10.38591370178042
90.04140416721481,2.250024571698134,8.216236036552942,9.694320255280218,-186.14058699209963,-10.38591370178042
83.37803027128903,2.2163039493009364,8.216236036552942,9.694320255280218,-186.1403474983484,-10.38591370178042
80.91279907901553,2.2201459710500586,8.216236036552942,9.694320255280218,-186.14013673692233,-10.38591370178042
92.32392578269301,2.2916742491174347,8.216236036552942,9.694320255280218,-186.14010329334343,-10.38591370178042
86.84817016091175,2.278626592539837,8.216236036552942,9.694320255280218,-186.14007076562288,-10.38591370178042
81.76454928114222,2.2082161952559005,8.216236036552942,9.694320255280218,-186.1400420757322,-10.38591370178042
87.4464463058808,2.237902541335714,8.216236036552942,9.694320255280218,-186.13998292444623,-10.38591370178042
80.72848955255128,2.2164280397394407,8.216236036552942,9.694320255280218,-186.13979593574467,-10.38591370178042
93.17189955804601,2.2895315936083875,8.216236036552942,9.694320255280218,-186.1396495198197,-10.38591370178042
89.58457960624851,2.289864120806598,8.216236036552942,9.694320255280218,-186.13954214130567,-10.38591370178042
93.19316465581997,2.2893994266226088,8.216236036552942,9.694320255280218,-186.1392259967798,-10.38591370178042
84.68495146404231,2.2634766214227255,8.216236036552942,9.694320255280218,-186.13916780802563,-10.38591370178042
80.59575579833847,2.2121452920591906,8.216236036552942,9.694320255280218,-186.13811332134753,-10.38591370178042
94.29051895880775,2.2746086819503972,8.216236036552942,9.694320255280218,-186.13806010451535,-10.38591370178042
92.25946835494337,2.2601780540802565,8.216236036552942,9.694320255280218,-186.13802688629684,-10.38591370178042
87.76143204545087,2.239608010798065,8.216236036552942,9.694320255280218,-186.13784200269944,-10.38591370178042
92.51935828115069,2.261515471610238,8.216236036552942,9.694320255280218,-186.13718931882576,-10.38591370178042
82.66520944143093,2.2437199722225927,8.216236036552942,9.694320255280218,-186.1370208299076,-10.38591370178042
86.99515913679028,2.279203879624319,8.216236036552942,9.694320255280218,-186.13667864101896,-10.38591370178042
90.4977744214056,2.2913632075203196,8.216236036552942,9.694320255280218,-186.13637634565438,-10.38591370178042
86.71765277438391,2.234503087739199,8.216236036552942,9.694320255280218,-186.13626005804727,-10.38591370178042
81.27845373509464,2.20701420669333,8.216236036552942,9.694320255280218,-186.13625119536152,-10.38591370178042
94.02505551058809,2.283952089604142,8.216236036552942,9.694320255280218,-186.1361993776299,-10.38591370178042
83.99458861907654,2.2200953199988334,8.216236036552942,9.694320255280218,-186.13514245888476,-10.38591370178042
90.50153211132499,2.252519814673036,8.216236036552942,9.694320255280218,-186.13500490005512,-10.38591370178042
91.19890559106402,2.2556269434976457,8.216236036552942,9.694320255280218,-186.13499355775502,-10.38591370178042
89.99070915478684,2.2502395190167874,8.216236036552942,9.694320255280218,-186.13495044766216,-10.38591370178042
94.14798302838626,2.2734931138273,8.216236036552942,9.694320255280218,-186.13453858669794,-10.38591370178042
81.04484727151646,2.2213103098368947,8.216236036552942,9.694320255280218,-186.1344563862777,-10.38591370178042
81.83505256009973,2.2332734254179485,8.216236036552942,9.694320255280218,-186.13445182879394,-10.38591370178042
80.6768622395127,2.2124465629064503,8.216236036552942,9.694320255280218,-186.1340277164342,-10.38591370178042
81.97582624910726,2.2098815626569746,8.216236036552942,9.694320255280218,-186.13396754249945,-10.38591370178042
81.35439558640411,2.207652042028826,8.216236036552942,9.694320255280218,-186.13361445651677,-10.38591370178042
93.40465826810478,2.287698606517793,8.216236036552942,9.694320255280218,-186.1335206612092,-10.38591370178042
93.60275449527582,2.2865843796996757,8.216236036552942,9.694320255280218,-186.13326386375778,-10.38591370178042
91.59082859843944,2.257570874633643,8.216236036552942,9.694320255280218,-186.13303581189183,-10.38591370178042
86.31472847683057,2.274886377782437,8.216236036552942,9.694320255280218,-186.13292454140125,-10.38591370178042
94.09101479005292,2.282145451919746,8.216236036552942,9.694320255280218,-186.13277131446262,-10.38591370178042
82.10703076025037,2.2106212007901718,8.216236036552942,9.694320255280218,-186.13266314557848,-10.38591370178042
92.51180503032128,2.2620025326149147,8.216236036552942,9.694320255280218,-186.13241383210487,-10.38591370178042
94.1520888850044,2.2744873772316225,8.216236036552942,9.694320255280218,-186.13238908081146,-10.38591370178042
88.23015911568156,2.2422896411312934,8.216236036552942,9.694320255280218,-186.1322368768815,-10.38591370178042
90.6485665088817,2.2911964759641563,8.216236036552942,9.694320255280218,-186.1322287069533,-10.38591370178042
90.54337513795218,2.2910543676736665,8.216236036552942,9.694320255280218,-186.13198003117054,-10.38591370178042
89.83531470954394,2.2898460602946784,8.216236036552942,9.694320255280218,-186.1318694294459,-10.38591370178042
84.54911361293138,2.22338650033673,8.216236036552942,9.694320255280218,-186.13167954514492,-10.38591370178042
94.09599145915752,2.281609164230673,8.216236036552942,9.694320255280218,-186.13157101814207,-10.38591370178042
83.63537781670396,2.253389140652857,8.216236036552942,9.694320255280218,-186.1315461771079,-10.38591370178042
94.18034163244712,2.2765719033385494,8.216236036552942,9.694320255280218,-186.13071797490264,-10.38591370178042
93.41394662706105,2.2673828769871847,8.216236036552942,9.694320255280218,-186.13071658489665,-10.38591370178042
94.08463387971014,2.281291040094956,8.216236036552942,9.694320255280218,-186.1303643534522,-10.38591370178042
84.51074185677928,2.223322035940214,8.216236036552942,9.694320255280218,-186.12994343237628,-10.38591370178042
85.7721597888009,2.2300837325082625,8.216236036552942,9.694320255280218,-186.12968418536292,-10.38591370178042
80.98516633219369,2.2188460297322763,8.216236036552942,9.694320255280218,-186.12918428579835,-10.38591370178042
82.46415707865421,2.212768198977912,8.216236036552942,9.694320255280218,-186.12841740293044,-10.38591370178042
83.05326270412486,2.215717057512748,8.216236036552942,9.694320255280218,-186.1282427872306,-10.38591370178042
94.0308287956956,2.2811373511638777,8.216236036552942,9.694320255280218,-186.12785685085913,-10.38591370178042
82.71720090131709,2.243330961341286,8.216236036552942,9.694320255280218,-186.1276302176086,-10.38591370178042
80.84136594954005,2.2103883758636442,8.216236036552942,9.694320255280218,-186.127187712693,-10.38591370178042
87.09755136353479,2.237115572368296,8.216236036552942,9.694320255280218,-186.12701475403404,-10.38591370178042
85.75990053672996,2.230245748293214,8.216236036552942,9.694320255280218,-186.12675489421682,-10.38591370178042
90.67071994822079,2.290729881724431,8.216236036552942,9.694320255280218,-186.1265512394235,-10.38591370178042
93.83118445371818,2.2833756091262103,8.216236036552942,9.694320255280218,-186.12654969923065,-10.38591370178042
91.74401315618915,2.2908954679587765,8.216236036552942,9.694320255280218,-186.1261461757323,-10.38591370178042
80.85533203568338,2.213481994921338,8.216236036552942,9.694320255280218,-186.1259212750634,-10.38591370178042
91.5832673446655,2.258258030687486,8.216236036552942,9.694320255280218,-186.12547388368282,-10.38591370178042
90.24557130313772,2.2521655784017014,8.216236036552942,9.694320255280218,-186.12541774078446,-10.38591370178042
82.8974069277434,2.2450945222148135,8.216236036552942,9.694320255280218,-186.12515395099393,-10.38591370178042
93.43227829890698,2.2861357439943077,8.216236036552942,9.694320255280218,-186.12502914997486,-10.38591370178042
92.28577461606658,2.26171014926706,8.216236036552942,9.694320255280218,-186.12486221796357,-10.38591370178042
80.98724490854624,2.209895735795058,8.216236036552942,9.694320255280218,-186.12451671570298,-10.38591370178042
93.7468060002406,2.2836214181336203,8.216236036552942,9.694320255280218,-186.12430946622544,-10.38591370178042
88.37328222027634,2.243616353904855,8.216236036552942,9.694320255280218,-186.1237738651369,-10.38591370178042
84.17483641769498,2.2577694624701934,8.216236036552942,9.694320255280218,-186.12373786201525,-10.38591370178042
82.25056412570055,2.2123691305917816,8.216236036552942,9.694320255280218,-186.1235336100684,-10.38591370178042
86.73701899122874,2.2355748291402477,8.216236036552942,9.694320255280218,-186.12328404448542,-10.38591370178042
82.15185287475128,2.2119876479731033,8.216236036552942,9.694320255280218,-186.12322433033924,-10.38591370178042
93.3073972436075,2.267912698299341,8.216236036552942,9.694320255280218,-186.12302254051252,-10.38591370178042
83.77211561735953,2.2539213884968063,8.216236036552942,9.694320255280218,-186.12285287607162,-10.38591370178042
82.24951455400243,2.2124935830996293,8.216236036552942,9.694320255280218,-186.12250380613438,-10.38591370178042
93.40737882104737,2.268912369419567,8.216236036552942,9.694320255280218,-186.12166872917663,-10.38591370178042
92.67763939398691,2.2886642408925724,8.216236036552942,9.694320255280218,-186.12058084496135,-10.38591370178042
82.35440682420072,2.23818530553379,8.216236036552942,9.694320255280218,-186.1204214468204,-10.38591370178042
93.63046219378616,2.2714015340931866,8.216236036552942,9.694320255280218,-186.11964532127928,-10.38591370178042
92.5093529230959,2.288988648758874,8.216236036552942,9.694320255280218,-186.1195407815894,-10.38591370178042
90.85514778071916,2.255490435583752,8.216236036552942,9.694320255280218,-186.11915422188827,-10.38591370178042
93.02755160733014,2.266680729463914,8.216236036552942,9.694320255280218,-186.11880986366347,-10.38591370178042
84.74555419686965,2.2255241447042096,8.216236036552942,9.694320255280218,-186.11868190006575,-10.38591370178042
93.70135245013694,2.2824274055616485,8.216236036552942,9.694320255280218,-186.1185187262694,-10.38591370178042
91.69164620194832,2.259519292259739,8.216236036552942,9.694320255280218,-186.11805735679326,-10.38591370178042
92.04982496166544,2.261292448798926,8.216236036552942,9.694320255280218,-186.117981279425,-10.38591370178042
89.25106907494568,2.2482630979348954,8.216236036552942,9.694320255280218,-186.11737448920903,-10.38591370178042
87.16871420878576,2.2786748167479374,8.216236036552942,9.694320255280218,-186.1173624523737,-10.38591370178042
93.80480707238638,2.2755788791927927,8.216236036552942,9.694320255280218,-186.11622236675356,-10.38591370178042
92.89384780042967,2.2872655759789495,8.216236036552942,9.694320255280218,-186.11593974107257,-10.38591370178042
92.21685335519642,2.2624184427411507,8.216236036552942,9.694320255280218,-186.11567122819363,-10.38591370178042
84.59500538600184,2.2250956135525826,8.216236036552942,9.694320255280218,-186.1144260490658,-10.38591370178042
85.94485087611682,2.232212396944959,8.216236036552942,9.694320255280218,-186.11418403996055,-10.38591370178042
82.5535537304329,2.2148787381915724,8.216236036552942,9.694320255280218,-186.11400136090612,-10.38591370178042
91.4828840877117,2.2897928555565557,8.216236036552942,9.694320255280218,-186.1139372747992,-10.38591370178042
82.84773423307459,2.2432635710252953,8.216236036552942,9.694320255280218,-186.1136318695626,-10.38591370178042
85.9960203965802,2.271280745531172,8.216236036552942,9.694320255280218,-186.11360250615382,-10.38591370178042
86.82220554424781,2.276428263923947,8.216236036552942,9.694320255280218,-186.11331711809208,-10.38591370178042
81.54097687180737,2.2253351068673624,8.216236036552942,9.694320255280218,-186.11301862027574,-10.38591370178042
91.60497097449239,2.289622639361184,8.216236036552942,9.694320255280218,-186.11296341663015,-10.38591370178042
93.335649661653,2.2843237936445746,8.216236036552942,9.694320255280218,-186.11285482008736,-10.38591370178042
85.42916263600108,2.229639006438518,8.216236036552942,9.694320255280218,-186.11271969612088,-10.38591370178042
83.83162942365459,2.2212623608009068,8.216236036552942,9.694320255280218,-186.11262703652235,-10.38591370178042
93.43658509451747,2.2711697678020926,8.216236036552942,9.694320255280218,-186.11260203533274,-10.38591370178042
84.23942970510808,2.2234015904844284,8.216236036552942,9.694320255280218,-186.11245889433815,-10.38591370178042
84.85065076213822,2.226639727686475,8.216236036552942,9.694320255280218,-186.1121993402792,-10.38591370178042
87.29977085862853,2.239291152012683,8.216236036552942,9.694320255280218,-186.1120107719025,-10.38591370178042
82.04238701775361,2.2132361877375217,8.216236036552942,9.694320255280218,-186.11157824335342,-10.38591370178042
89.7192057594089,2.287860982611278,8.216236036552942,9.694320255280218,-186.11111305277987,-10.38591370178042
82.88339784539635,2.2167780124881773,8.216236036552942,9.694320255280218,-186.11060710410504,-10.38591370178042
93.64787034922549,2.27928215107832,8.216236036552942,9.694320255280218,-186.1098841702398,-10.38591370178042
84.32725006750142,2.224175794724715,8.216236036552942,9.694320255280218,-186.1090590202663,-10.38591370178042
91.57830002037807,2.2891925924675007,8.216236036552942,9.694320255280218,-186.10882786015804,-10.38591370178042
81.28571371001009,2.2154064892607153,8.216236036552942,9.694320255280218,-186.10851987414188,-10.38591370178042
88.61291360361437,2.2460295890643494,8.216236036552942,9.694320255280218,-186.1078867178882,-10.38591370178042
85.97252491089276,2.2706109024938996,8.216236036552942,9.694320255280218,-186.107472506959,-10.38591370178042
86.501574544414,2.23564098397037,8.216236036552942,9.694320255280218,-186.10732503846236,-10.38591370178042
92.60871331298503,2.28695611061643,8.216236036552942,9.694320255280218,-186.10690754043262,-10.38591370178042
91.11949177737871,2.2890344980362727,8.216236036552942,9.694320255280218,-186.1060051162672,-10.38591370178042
86.83349459927383,2.275893845799388,8.216236036552942,9.694320255280218,-186.10598505539477,-10.38591370178042
82.2764083567559,2.2149234116052128,8.216236036552942,9.694320255280218,-186.10570363086023,-10.38591370178042
81.38182043083498,2.218933790872569,8.216236036552942,9.694320255280218,-186.10551203906846,-10.38591370178042
84.38749865075253,2.224896604012656,8.216236036552942,9.694320255280218,-186.10472100613737,-10.38591370178042
84.16712434209694,2.2237646280548518,8.216236036552942,9.694320255280218,-186.10466604465893,-10.38591370178042
81.93865039148332,2.230089320443767,8.216236036552942,9.694320255280218,-186.104593048011,-10.38591370178042
90.79910655651005,2.2887691787489217,8.216236036552942,9.694320255280218,-186.10443084283682,-10.38591370178042
84.75140946239824,2.226821234358198,8.216236036552942,9.694320255280218,-186.10435537855165,-10.38591370178042
86.62482820015161,2.274476718730625,8.216236036552942,9.694320255280218,-186.10372169412176,-10.38591370178042
86.01480720124108,2.2705610527887075,8.216236036552942,9.694320255280218,-186.10351413502698,-10.38591370178042
93.34682690096353,2.2730819390696126,8.216236036552942,9.694320255280218,-186.10286245102702,-10.38591370178042
90.03782330889368,2.287726309933305,8.216236036552942,9.694320255280218,-186.10269780229936,-10.38591370178042
82.13903368207674,2.2327021891819356,8.216236036552942,9.694320255280218,-186.10252608147852,-10.38591370178042
85.98077025248146,2.23338212589978,8.216236036552942,9.694320255280218,-186.10238224394206,-10.38591370178042
93.28292090118678,2.2819283240674366,8.216236036552942,9.694320255280218,-186.10223086139538,-10.38591370178042
83.50277602256702,2.220693841940218,8.216236036552942,9.694320255280218,-186.1020744641527,-10.38591370178042
93.24196096439618,2.2720602033985386,8.216236036552942,9.694320255280218,-186.1017008707996,-10.38591370178042
87.65965974560591,2.2419305556225453,8.216236036552942,9.694320255280218,-186.10152050388984,-10.38591370178042
84.51754920514465,2.258712575256851,8.216236036552942,9.694320255280218,-186.10081270669335,-10.38591370178042
87.48856576900738,2.2789023151251087,8.216236036552942,9.694320255280218,-186.09998342514064,-10.38591370178042
93.18873143635759,2.271991244771158,8.216236036552942,9.694320255280218,-186.09983548684724,-10.38591370178042
88.59492097376852,2.2466695047531573,8.216236036552942,9.694320255280218,-186.09927988974067,-10.38591370178042
86.871436243995,2.2755237632107566,8.216236036552942,9.694320255280218,-186.09900927115802,-10.38591370178042
81.67367545570016,2.22381636892527,8.216236036552942,9.694320255280218,-186.0988320281858,-10.38591370178042
87.26636165851514,2.240209136061708,8.216236036552942,9.694320255280218,-186.09879755456623,-10.38591370178042
83.03884270650724,2.2189268358197722,8.216236036552942,9.694320255280218,-186.0987059847398,-10.38591370178042
91.7728674263428,2.287760160875635,8.216236036552942,9.694320255280218,-186.09831856110478,-10.38591370178042
91.14498853774982,2.258990118753843,8.216236036552942,9.694320255280218,-186.09788878560747,-10.38591370178042
81.69887707773091,2.2240271424794997,8.216236036552942,9.694320255280218,-186.09788617414995,-10.38591370178042
81.62164752037255,2.2167125394675793,8.216236036552942,9.694320255280218,-186.0978080802051,-10.38591370178042
93.34813435160109,2.2781444757677605,8.216236036552942,9.694320255280218,-186.09779891599433,-10.38591370178042
82.05670980409775,2.2157571678633303,8.216236036552942,9.694320255280218,-186.09779356927834,-10.38591370178042
81.58386075619252,2.2205986168622616,8.216236036552942,9.694320255280218,-186.09776554961368,-10.38591370178042
93.00733574084238,2.2706590064738776,8.216236036552942,9.694320255280218,-186.09746401977384,-10.38591370178042
89.69681012582826,2.286544627423851,8.216236036552942,9.694320255280218,-186.09702935431295,-10.38591370178042
88.07865578654075,2.281337866277866,8.216236036552942,9.694320255280218,-186.0967363416106,-10.38591370178042
88.9704289922813,2.284557051951225,8.216236036552942,9.694320255280218,-186.09612006297405,-10.38591370178042
93.10737869173103,2.2817827937154505,8.216236036552942,9.694320255280218,-186.09602039730746,-10.38591370178042
82.33138828169106,2.2342824851814527,8.216236036552942,9.694320255280218,-186.09589635659435,-10.38591370178042
84.49443339026783,2.2263090743473555,8.216236036552942,9.694320255280218,-186.09580781707623,-10.38591370178042
93.06833311352352,2.2819551533190463,8.216236036552942,9.694320255280218,-186.0953004937038,-10.38591370178042
92.81248614166343,2.269408717602559,8.216236036552942,9.694320255280218,-186.09509669598023,-10.38591370178042
89.544194522219,2.2516010401738527,8.216236036552942,9.694320255280218,-186.09476490449927,-10.38591370178042
82.99200711507788,2.219251333692668,8.216236036552942,9.694320255280218,-186.0946525385662,-10.38591370178042
85.1009748844186,2.229541255702273,8.216236036552942,9.694320255280218,-186.09453677897602,-10.38591370178042
93.14830096778965,2.2806590754950946,8.216236036552942,9.694320255280218,-186.0944058105015,-10.38591370178042
88.94749930354597,2.284310634950373,8.216236036552942,9.694320255280218,-186.09417331572666,-10.38591370178042
89.86495929050152,2.2531885738337536,8.216236036552942,9.694320255280218,-186.09411727217483,-10.38591370178042
85.72124919914108,2.267679749645808,8.216236036552942,9.694320255280218,-186.09407141767954,-10.38591370178042
83.84647592291218,2.2517426959350075,8.216236036552942,9.694320255280218,-186.09406165937983,-10.38591370178042
93.18409732961896,2.2743586288731734,8.216236036552942,9.694320255280218,-186.0938774338851,-10.38591370178042
91.2974384643384,2.260211873619184,8.216236036552942,9.694320255280218,-186.09387305114495,-10.38591370178042
85.92982665742045,2.269124448483012,8.216236036552942,9.694320255280218,-186.09379108568476,-10.38591370178042
81.6813101652059,2.2208066726700793,8.216236036552942,9.694320255280218,-186.09366429542882,-10.38591370178042
86.5868917120945,2.273369074508281,8.216236036552942,9.694320255280218,-186.09352862772883,-10.38591370178042
81.73273181755431,2.222685526120472,8.216236036552942,9.694320255280218,-186.09331173314624,-10.38591370178042
91.97377178125684,2.2866630668865042,8.216236036552942,9.694320255280218,-186.09273844908495,-10.38591370178042
91.8722599152111,2.286858420788022,8.216236036552942,9.694320255280218,-186.0926718595827,-10.38591370178042
91.7914246087236,2.263032685493414,8.216236036552942,9.694320255280218,-186.09242883422445,-10.38591370178042
85.81919573335082,2.23344751954734,8.216236036552942,9.694320255280218,-186.09220233483876,-10.38591370178042
85.31314764549995,2.264418981074499,8.216236036552942,9.694320255280218,-186.09174037827452,-10.38591370178042
91.92029715582451,2.263897811980698,8.216236036552942,9.694320255280218,-186.09149488381664,-10.38591370178042
82.23093913408579,2.2173403725718686,8.216236036552942,9.694320255280218,-186.0914929078459,-10.38591370178042
82.23923619995101,2.217404054593004,8.216236036552942,9.694320255280218,-186.091250508226,-10.38591370178042
93.00321854619749,2.281186610074812,8.216236036552942,9.694320255280218,-186.09100259638726,-10.38591370178042
81.84726860071554,2.218076117569993,8.216236036552942,9.694320255280218,-186.09086645651158,-10.38591370178042
82.58077431204678,2.2182978347334625,8.216236036552942,9.694320255280218,-186.09081386552728,-10.38591370178042
81.79492609021882,2.218780813793259,8.216236036552942,9.694320255280218,-186.09071590443799,-10.38591370178042
86.21448638370393,2.2356232038935104,8.216236036552942,9.694320255280218,-186.09047199207976,-10.38591370178042
91.78564734698888,2.2632931143759123,8.216236036552942,9.694320255280218,-186.0902543520713,-10.38591370178042
81.8593759381666,2.218418241975911,8.216236036552942,9.694320255280218,-186.0899604554301,-10.38591370178042
85.68889204767595,2.23299936530222,8.216236036552942,9.694320255280218,-186.0898091766263,-10.38591370178042
93.1102246122588,2.2785909364915966,8.216236036552942,9.694320255280218,-186.08974486940502,-10.38591370178042
91.20873085499898,2.2602620706157666,8.216236036552942,9.694320255280218,-186.08953979565499,-10.38591370178042
87.03440110639816,2.239861707920113,8.216236036552942,9.694320255280218,-186.08940172702546,-10.38591370178042
86.50417185082328,2.272490806739569,8.216236036552942,9.694320255280218,-186.0893783129406,-10.38591370178042
92.41641979197223,2.2847500666998286,8.216236036552942,9.694320255280218,-186.08929562558916,-10.38591370178042
82.05172479994688,2.217846415511417,8.216236036552942,9.694320255280218,-186.08926695875962,-10.38591370178042
84.53760092593029,2.227191915399999,8.216236036552942,9.694320255280218,-186.0892154140633,-10.38591370178042
86.44284541019815,2.2369069273127735,8.216236036552942,9.694320255280218,-186.0890972077733,-10.38591370178042
89.30434408453375,2.284863341392793,8.216236036552942,9.694320255280218,-186.08906021692368,-10.38591370178042
86.62808450921463,2.273217841373622,8.216236036552942,9.694320255280218,-186.0890349258614,-10.38591370178042
90.92367247200603,2.2871636745120583,8.216236036552942,9.694320255280218,-186.0889037919645,-10.38591370178042
82.87954076088656,2.2403504553603,8.216236036552942,9.694320255280218,-186.08858523318477,-10.38591370178042
82.10004056568488,2.2179984903549155,8.216236036552942,9.694320255280218,-186.08853964487037,-10.38591370178042
82.86281910854242,2.240124302777133,8.216236036552942,9.694320255280218,-186.08846997643943,-10.38591370178042
91.3631325764727,2.261355175458931,8.216236036552942,9.694320255280218,-186.087243343754,-10.38591370178042
84.31933221755288,2.226324659916486,8.216236036552942,9.694320255280218,-186.08711067702302,-10.38591370178042
86.63461235330578,2.2380724545997595,8.216236036552942,9.694320255280218,-186.0869246658194,-10.38591370178042
92.62378037153755,2.2696182440191706,8.216236036552942,9.694320255280218,-186.08684619714788,-10.38591370178042
83.67258325109985,2.2232564015504437,8.216236036552942,9.694320255280218,-186.08680258112065,-10.38591370178042
93.03429301531199,2.277796633715326,8.216236036552942,9.694320255280218,-186.08652454363377,-10.38591370178042
82.40973052359863,2.2186819661949784,8.216236036552942,9.694320255280218,-186.08646975538392,-10.38591370178042
88.68269132235802,2.248240847984036,8.216236036552942,9.694320255280218,-186.08637336788317,-10.38591370178042
82.23829489464475,2.218700176138725,8.216236036552942,9.694320255280218,-186.08569516858958,-10.38591370178042
81.9038868971963,2.221908629777076,8.216236036552942,9.694320255280218,-186.08545773800114,-10.38591370178042
92.48620393838269,2.2687748991403396,8.216236036552942,9.694320255280218,-186.08531282719477,-10.38591370178042
91.68646977044389,2.263440998995364,8.216236036552942,9.694320255280218,-186.0850686687546,-10.38591370178042
82.73421306901389,2.237782836011604,8.216236036552942,9.694320255280218,-186.08429191351703,-10.38591370178042
81.9560009015153,2.2227354037747205,8.216236036552942,9.694320255280218,-186.08371020242868,-10.38591370178042
92.65690562355844,2.2819875819688633,8.216236036552942,9.694320255280218,-186.0831548646063,-10.38591370178042
85.61527050758153,2.233253511012947,8.216236036552942,9.694320255280218,-186.08314668802842,-10.38591370178042
88.24187138078739,2.280741599134771,8.216236036552942,9.694320255280218,-186.08262745877315,-10.38591370178042
82.02540872845952,2.22113819757854,8.216236036552942,9.694320255280218,-186.08223168207775,-10.38591370178042
87.76782831122084,2.278662080211035,8.216236036552942,9.694320255280218,-186.0821848733586,-10.38591370178042
86.87554732909,2.2740166608741106,8.216236036552942,9.694320255280218,-186.08184392417667,-10.38591370178042
82.72602888890786,2.237208971574347,8.216236036552942,9.694320255280218,-186.08171519352473,-10.38591370178042
91.53570866130951,2.2858687399233872,8.216236036552942,9.694320255280218,-186.08152872268212,-10.38591370178042
89.64078492172614,2.2848794904977012,8.216236036552942,9.694320255280218,-186.08114073887023,-10.38591370178042
87.91549900001412,2.245075749325153,8.216236036552942,9.694320255280218,-186.0800991287713,-10.38591370178042
88.82285701420683,2.249566036665499,8.216236036552942,9.694320255280218,-186.07952398605892,-10.38591370178042
84.79321080105885,2.22950224532606,8.216236036552942,9.694320255280218,-186.07933148350912,-10.38591370178042
86.94391211170336,2.2403509077988417,8.216236036552942,9.694320255280218,-186.07904477199358,-10.38591370178042
82.50744365640637,2.2205556292086044,8.216236036552942,9.694320255280218,-186.07866037245748,-10.38591370178042
90.83178585246945,2.2596157059620623,8.216236036552942,9.694320255280218,-186.0785421123043,-10.38591370178042
85.00318802963133,2.230663532295253,8.216236036552942,9.694320255280218,-186.07822062509163,-10.38591370178042
82.15501442142704,2.2221739531585882,8.216236036552942,9.694320255280218,-186.07793927402275,-10.38591370178042
84.39050953804937,2.2551092856208044,8.216236036552942,9.694320255280218,-186.07744476058747,-10.38591370178042
82.18151791726552,2.222296735875574,8.216236036552942,9.694320255280218,-186.0771805812196,-10.38591370178042
91.3894616655144,2.285428241670772,8.216236036552942,9.694320255280218,-186.077024009103,-10.38591370178042
85.68780943169975,2.265801028001121,8.216236036552942,9.694320255280218,-186.0769589799053,-10.38591370178042
90.38703122445918,2.2855384207192486,8.216236036552942,9.694320255280218,-186.07693379600565,-10.38591370178042
84.37856968968674,2.227785434592221,8.216236036552942,9.694320255280218,-186.07657853091905,-10.38591370178042
88.46321358259604,2.248124329945412,8.216236036552942,9.694320255280218,-186.0762783108992,-10.38591370178042
90.81819598821507,2.2598306601478413,8.216236036552942,9.694320255280218,-186.0762007400576,-10.38591370178042
82.63324003720929,2.2213549235562624,8.216236036552942,9.694320255280218,-186.07578121417015,-10.38591370178042
82.20146967265353,2.2254181612412083,8.216236036552942,9.694320255280218,-186.07567869521685,-10.38591370178042
83.26841173547268,2.2430737128998715,8.216236036552942,9.694320255280218,-186.0754649737093,-10.38591370178042
86.2640324509371,2.2695387824930435,8.216236036552942,9.694320255280218,-186.07432832206814,-10.38591370178042
85.40819374611664,2.2634235022713938,8.216236036552942,9.694320255280218,-186.07432111261207,-10.38591370178042
84.0201609136112,2.2264742490134353,8.216236036552942,9.694320255280218,-186.07362973101587,-10.38591370178042
83.65800265987109,2.224910315751316,8.216236036552942,9.694320255280218,-186.07355903478052,-10.38591370178042
85.53683733334542,2.233817997031224,8.216236036552942,9.694320255280218,-186.07352607050058,-10.38591370178042
86.01646029455488,2.2362295670891967,8.216236036552942,9.694320255280218,-186.0734707153368,-10.38591370178042
84.1491526311224,2.2523094391637244,8.216236036552942,9.694320255280218,-186.07336317726123,-10.38591370178042
91.31630487795101,2.262969482928611,8.216236036552942,9.694320255280218,-186.07328333364114,-10.38591370178042
82.3689262132653,2.228783396497164,8.216236036552942,9.694320255280218,-186.0727427697898,-10.38591370178042
86.51282625878113,2.27096253048596,8.216236036552942,9.694320255280218,-186.07263560436738,-10.38591370178042
90.55471457104656,2.2851244165704117,8.216236036552942,9.694320255280218,-186.07249490717714,-10.38591370178042
82.86413349194318,2.2372150339145804,8.216236036552942,9.694320255280218,-186.0720281784884,-10.38591370178042
92.37765167818688,2.2808039783173086,8.216236036552942,9.694320255280218,-186.07181364160542,-10.38591370178042
89.80388580321225,2.255178548267395,8.216236036552942,9.694320255280218,-186.0716866999557,-10.38591370178042
82.32976890439916,2.224256409548616,8.216236036552942,9.694320255280218,-186.07161611542523,-10.38591370178042
85.34738081454334,2.233075134405155,8.216236036552942,9.694320255280218,-186.07160210373726,-10.38591370178042
82.89468569142713,2.2375119981845586,8.216236036552942,9.694320255280218,-186.07138453467067,-10.38591370178042
91.9558195807221,2.283093259174393,8.216236036552942,9.694320255280218,-186.07117092344154,-10.38591370178042
92.40870680821932,2.2802584986305448,8.216236036552942,9.694320255280218,-186.0711137115332,-10.38591370178042
88.03584317280325,2.2465402937729806,8.216236036552942,9.694320255280218,-186.07098904556418,-10.38591370178042
83.75150688663601,2.2478899804071233,8.216236036552942,9.694320255280218,-186.07094089590487,-10.38591370178042
87.18729631659771,2.242377223340384,8.216236036552942,9.694320255280218,-186.07057044553548,-10.38591370178042
91.9885685617636,2.267930577090567,8.216236036552942,9.694320255280218,-186.07043648565852,-10.38591370178042
83.57868094713973,2.2459050092137716,8.216236036552942,9.694320255280218,-186.07042096642118,-10.38591370178042
82.64608487036642,2.2332958000479834,8.216236036552942,9.694320255280218,-186.0698982249796,-10.38591370178042
89.3068855525124,2.282928750711804,8.216236036552942,9.694320255280218,-186.06972817314522,-10.38591370178042
88.07719601135291,2.278821750249165,8.216236036552942,9.694320255280218,-186.06972194652175,-10.38591370178042
90.16536978425981,2.284432236636661,8.216236036552942,9.694320255280218,-186.06929010418327,-10.38591370178042
85.22403213375448,2.232718177449641,8.216236036552942,9.694320255280218,-186.06926104071258,-10.38591370178042
87.78176690842646,2.277469855839385,8.216236036552942,9.694320255280218,-186.06912373871782,-10.38591370178042
84.03732268991007,2.227163032906077,8.216236036552942,9.694320255280218,-186.06893302989218,-10.38591370178042
83.13866919683858,2.223861362941463,8.216236036552942,9.694320255280218,-186.06860923539182,-10.38591370178042
88.17757301437075,2.2791112911054086,8.216236036552942,9.694320255280218,-186.0685006006369,-10.38591370178042
91.7048194952149,2.266299181609938,8.216236036552942,9.694320255280218,-186.06800225413136,-10.38591370178042
90.50653321158147,2.284507669039641,8.216236036552942,9.694320255280218,-186.06772255244732,-10.38591370178042
86.15248062202237,2.237520870608975,8.216236036552942,9.694320255280218,-186.06746411048596,-10.38591370178042
92.39010163451375,2.2737685149150906,8.216236036552942,9.694320255280218,-186.06669541343084,-10.38591370178042
84.38221901190556,2.229012317363143,8.216236036552942,9.694320255280218,-186.06658611895523,-10.38591370178042
91.10119218932844,2.2842237528896305,8.216236036552942,9.694320255280218,-186.06657046922382,-10.38591370178042
85.35043413919188,2.26212326842807,8.216236036552942,9.694320255280218,-186.06646031149978,-10.38591370178042
91.88312309522453,2.2681410595017155,8.216236036552942,9.694320255280218,-186.06561673316617,-10.38591370178042
92.1685228857051,2.280277787417603,8.216236036552942,9.694320255280218,-186.06496554652804,-10.38591370178042
92.3603233121648,2.2746123257702635,8.216236036552942,9.694320255280218,-186.06475577540095,-10.38591370178042
89.17126443464257,2.282010701570698,8.216236036552942,9.694320255280218,-186.06444335051623,-10.38591370178042
82.91219337778222,2.2244009268170686,8.216236036552942,9.694320255280218,-186.0643999757584,-10.38591370178042
89.98998089536009,2.283613646124863,8.216236036552942,9.694320255280218,-186.0642110774213,-10.38591370178042
89.79413565819931,2.255998476880123,8.216236036552942,9.694320255280218,-186.06400270949806,-10.38591370178042
85.01693507882183,2.232333784175111,8.216236036552942,9.694320255280218,-186.06377459637704,-10.38591370178042
84.40192476648052,2.229469911156599,8.216236036552942,9.694320255280218,-186.06372431627997,-10.38591370178042
82.59744061839042,2.226037852449352,8.216236036552942,9.694320255280218,-186.06361191157131,-10.38591370178042
86.76194535364407,2.2409711792137585,8.216236036552942,9.694320255280218,-186.06348336659067,-10.38591370178042
92.12297960348464,2.27110805306485,8.216236036552942,9.694320255280218,-186.0633511611381,-10.38591370178042
89.95580426127783,2.2569596698629226,8.216236036552942,9.694320255280218,-186.0628795714369,-10.38591370178042
82.65440325033393,2.2305833539743674,8.216236036552942,9.694320255280218,-186.0628684389207,-10.38591370178042
86.01948451508788,2.2373712170301445,8.216236036552942,9.694320255280218,-186.06260648136316,-10.38591370178042
84.90448635168958,2.25793464185125,8.216236036552942,9.694320255280218,-186.0622418698001,-10.38591370178042
84.86331157848059,2.231827210708815,8.216236036552942,9.694320255280218,-186.0619100864504,-10.38591370178042
90.61004729380709,2.2837544751394745,8.216236036552942,9.694320255280218,-186.06183130476592,-10.38591370178042
89.23350236561907,2.2534187445840246,8.216236036552942,9.694320255280218,-186.06182713180183,-10.38591370178042
87.17288300460721,2.2736803741708513,8.216236036552942,9.694320255280218,-186.06165417966477,-10.38591370178042
89.60603336839642,2.2553566327911625,8.216236036552942,9.694320255280218,-186.0613043955143,-10.38591370178042
92.26318859630155,2.2753872176268004,8.216236036552942,9.694320255280218,-186.06126112820948,-10.38591370178042
83.85965585207018,2.2476214932733427,8.216236036552942,9.694320255280218,-186.06122343055455,-10.38591370178042
82.87906128233249,2.2345140392891807,8.216236036552942,9.694320255280218,-186.06090243354453,-10.38591370178042
91.38371014548105,2.2653972490938656,8.216236036552942,9.694320255280218,-186.06087860875655,-10.38591370178042
89.68882567814002,2.2827228696564816,8.216236036552942,9.694320255280218,-186.06066990559654,-10.38591370178042
82.99558244151301,2.2363392209919937,8.216236036552942,9.694320255280218,-186.0604107877262,-10.38591370178042
84.37843589169843,2.229841333273086,8.216236036552942,9.694320255280218,-186.0601572885837,-10.38591370178042
82.78450248854222,2.2322372806149673,8.216236036552942,9.694320255280218,-186.06001557659798,-10.38591370178042
86.47983685450822,2.2694346251290085,8.216236036552942,9.694320255280218,-186.0598577777922,-10.38591370178042
89.1849742028158,2.2814967663399415,8.216236036552942,9.694320255280218,-186.05953550335147,-10.38591370178042
84.26404461554144,2.2294637616186037,8.216236036552942,9.694320255280218,-186.05931999002155,-10.38591370178042
83.46815679483899,2.2265830365022055,8.216236036552942,9.694320255280218,-186.0591099400141,-10.38591370178042
87.73489238049868,2.2762131243467536,8.216236036552942,9.694320255280218,-186.0590346304576,-10.38591370178042
88.07043341915244,2.2776537521412052,8.216236036552942,9.694320255280218,-186.05874197893564,-10.38591370178042
82.75444435684659,2.230224293403438,8.216236036552942,9.694320255280218,-186.0584956484347,-10.38591370178042
89.81374773959881,2.2569155603498245,8.216236036552942,9.694320255280218,-186.05722618208074,-10.38591370178042
85.22669675967782,2.2341216372929864,8.216236036552942,9.694320255280218,-186.05719291253283,-10.38591370178042
90.78585706521305,2.2829882843385008,8.216236036552942,9.694320255280218,-186.05687330885996,-10.38591370178042
89.98555932504071,2.2826809579225085,8.216236036552942,9.694320255280218,-186.05677537450828,-10.38591370178042
83.69273497184219,2.2276913386355375,8.216236036552942,9.694320255280218,-186.05677428196097,-10.38591370178042
86.22393872130945,2.267426926621795,8.216236036552942,9.694320255280218,-186.05676738531443,-10.38591370178042
84.26346382059224,2.2298304784089424,8.216236036552942,9.694320255280218,-186.05676107120647,-10.38591370178042
83.5482011762735,2.2272881701963883,8.216236036552942,9.694320255280218,-186.05662902865373,-10.38591370178042
83.88222284957328,2.2283727493008882,8.216236036552942,9.694320255280218,-186.05656835339192,-10.38591370178042
87.99735787489743,2.247848179975321,8.216236036552942,9.694320255280218,-186.05647352166815,-10.38591370178042
83.30159912998923,2.2267828070163205,8.216236036552942,9.694320255280218,-186.0564637083311,-10.38591370178042
92.06131660790241,2.273519076161577,8.216236036552942,9.694320255280218,-186.05645461692475,-10.38591370178042
82.81740837913465,2.2286550003508836,8.216236036552942,9.694320255280218,-186.0563742007371,-10.38591370178042
82.85080223222185,2.227916624859475,8.216236036552942,9.694320255280218,-186.05626870520075,-10.38591370178042
83.99317298390223,2.2288311671560024,8.216236036552942,9.694320255280218,-186.056268682864,-10.38591370178042
91.98848934336307,2.272327597636874,8.216236036552942,9.694320255280218,-186.05602444414032,-10.38591370178042
89.81626701211727,2.2571281715979694,8.216236036552942,9.694320255280218,-186.0556366447918,-10.38591370178042
92.06502931425567,2.2757505794091344,8.216236036552942,9.694320255280218,-186.05536338600075,-10.38591370178042
86.05173168141064,2.2660869722187442,8.216236036552942,9.694320255280218,-186.05533457007567,-10.38591370178042
92.03385151552226,2.2738284534310225,8.216236036552942,9.694320255280218,-186.05526021558646,-10.38591370178042
91.9626881369343,2.2782631891978866,8.216236036552942,9.694320255280218,-186.05513617097023,-10.38591370178042
86.99026441199175,2.243061631454509,8.216236036552942,9.694320255280218,-186.05450404493757,-10.38591370178042
82.88554462765259,2.2295185840345937,8.216236036552942,9.694320255280218,-186.0542608183336,-10.38591370178042
83.65618812773758,2.2281223838807733,8.216236036552942,9.694320255280218,-186.05391107757012,-10.38591370178042
91.9922318131474,2.2741837556177984,8.216236036552942,9.694320255280218,-186.0536922271839,-10.38591370178042
86.82041373151961,2.2708188096049753,8.216236036552942,9.694320255280218,-186.05352972271183,-10.38591370178042
83.66467223589727,2.2439638846916523,8.216236036552942,9.694320255280218,-186.05326689670846,-10.38591370178042
85.18225678657484,2.2344002095100137,8.216236036552942,9.694320255280218,-186.05326103724073,-10.38591370178042
84.76204807692181,2.23247998516905,8.216236036552942,9.694320255280218,-186.05324659100472,-10.38591370178042
87.8874883008468,2.2476754442058393,8.216236036552942,9.694320255280218,-186.05306919156308,-10.38591370178042
90.36974049153503,2.260502526617671,8.216236036552942,9.694320255280218,-186.05284310169998,-10.38591370178042
90.53203398448639,2.26143753488347,8.216236036552942,9.694320255280218,-186.05279876638153,-10.38591370178042
84.0271959264169,2.2480801116928006,8.216236036552942,9.694320255280218,-186.05275428192735,-10.38591370178042
88.91555340618862,2.2799267682710678,8.216236036552942,9.694320255280218,-186.05235360384893,-10.38591370178042
86.49293692886336,2.2686705258039552,8.216236036552942,9.694320255280218,-186.0522368022617,-10.38591370178042
88.4745733578939,2.2507357383505564,8.216236036552942,9.694320255280218,-186.05191493806004,-10.38591370178042
87.73151769312304,2.2753576803415427,8.216236036552942,9.694320255280218,-186.05138594737923,-10.38591370178042
90.09869652935144,2.282031088155307,8.216236036552942,9.694320255280218,-186.05110309941207,-10.38591370178042
91.79105029580201,2.2778440690443347,8.216236036552942,9.694320255280218,-186.05021159347726,-10.38591370178042
90.492042342273,2.2616124627607377,8.216236036552942,9.694320255280218,-186.0501458009531,-10.38591370178042
90.61708301767766,2.262371434165715,8.216236036552942,9.694320255280218,-186.0500565687617,-10.38591370178042
84.42411509966529,2.231510281106438,8.216236036552942,9.694320255280218,-186.04998318422082,-10.38591370178042
86.90134882402754,2.2431431484510966,8.216236036552942,9.694320255280218,-186.04984231328785,-10.38591370178042
83.68790947618369,2.2290537177841117,8.216236036552942,9.694320255280218,-186.04979499176193,-10.38591370178042
91.17509554234644,2.2811267407165303,8.216236036552942,9.694320255280218,-186.0496190077698,-10.38591370178042
85.104296101258,2.2580192487972965,8.216236036552942,9.694320255280218,-186.04942090949896,-10.38591370178042
91.49134912365784,2.2798654406450254,8.216236036552942,9.694320255280218,-186.04925107487782,-10.38591370178042
91.84550005355108,2.2750808737953747,8.216236036552942,9.694320255280218,-186.04914347117946,-10.38591370178042
87.42921300526909,2.2735871051856265,8.216236036552942,9.694320255280218,-186.04863981983988,-10.38591370178042
91.41659923701096,2.2800269322853666,8.216236036552942,9.694320255280218,-186.04853235689518,-10.38591370178042
84.6103232578277,2.2325110161870754,8.216236036552942,9.694320255280218,-186.04844437878148,-10.38591370178042
84.77354988651675,2.233278741590624,8.216236036552942,9.694320255280218,-186.04793769571086,-10.38591370178042
84.40579768345108,2.2317610890009263,8.216236036552942,9.694320255280218,-186.04793058252642,-10.38591370178042
91.27880638815847,2.267383273016364,8.216236036552942,9.694320255280218,-186.04770161892296,-10.38591370178042
91.64799840891152,2.2713460521397337,8.216236036552942,9.694320255280218,-186.0473183054074,-10.38591370178042
89.66569280293022,2.257443006134679,8.216236036552942,9.694320255280218,-186.04713826012662,-10.38591370178042
89.87522038652476,2.281244650549951,8.216236036552942,9.694320255280218,-186.0471047026038,-10.38591370178042
90.80335097392341,2.2640785788046855,8.216236036552942,9.694320255280218,-186.04696450518068,-10.38591370178042
86.43151134425226,2.241255603207094,8.216236036552942,9.694320255280218,-186.0462324731689,-10.38591370178042
89.34418545255627,2.2559035886524015,8.216236036552942,9.694320255280218,-186.0459221290106,-10.38591370178042
90.23458735161415,2.2813151025709857,8.216236036552942,9.694320255280218,-186.04572516061202,-10.38591370178042
83.21240172392235,2.2318983334737226,8.216236036552942,9.694320255280218,-186.04527128356804,-10.38591370178042
88.11821820371436,2.276285808499793,8.216236036552942,9.694320255280218,-186.0449994344633,-10.38591370178042
89.84989887171601,2.280855577755432,8.216236036552942,9.694320255280218,-186.04459485620205,-10.38591370178042
91.42171502218287,2.269784076140226,8.216236036552942,9.694320255280218,-186.04412099843347,-10.38591370178042
83.25107422127968,2.2329670849883456,8.216236036552942,9.694320255280218,-186.04406759670442,-10.38591370178042
91.30721143155621,2.2686908273883404,8.216236036552942,9.694320255280218,-186.0438235219854,-10.38591370178042
83.27495894123639,2.232426104052763,8.216236036552942,9.694320255280218,-186.04359259635976,-10.38591370178042
88.66598950080082,2.2528185794204774,8.216236036552942,9.694320255280218,-186.0426416650417,-10.38591370178042
83.62499829430305,2.2407401813525496,8.216236036552942,9.694320255280218,-186.04233463788466,-10.38591370178042
84.61900626915889,2.2524867641079,8.216236036552942,9.694320255280218,-186.04223357807726,-10.38591370178042
91.56820816815352,2.2735367514577405,8.216236036552942,9.694320255280218,-186.04204189557214,-10.38591370178042
83.62620547336113,2.231000396074265,8.216236036552942,9.694320255280218,-186.041987218672,-10.38591370178042
89.83886584194519,2.280455368406649,8.216236036552942,9.694320255280218,-186.04196945483403,-10.38591370178042
91.54962691064016,2.274845922910586,8.216236036552942,9.694320255280218,-186.04130151108032,-10.38591370178042
87.79521433322965,2.274440989770369,8.216236036552942,9.694320255280218,-186.041169009773,-10.38591370178042
89.32874315242215,2.25647601101484,8.216236036552942,9.694320255280218,-186.04106058716997,-10.38591370178042
87.22443873746627,2.245796518388545,8.216236036552942,9.694320255280218,-186.04090640456394,-10.38591370178042
89.74845836158764,2.2587789231887996,8.216236036552942,9.694320255280218,-186.04089702794795,-10.38591370178042
83.43415958630882,2.2362011338333616,8.216236036552942,9.694320255280218,-186.04040583306914,-10.38591370178042
90.50427509021942,2.2803488561229983,8.216236036552942,9.694320255280218,-186.0403233734369,-10.38591370178042
84.30888922811447,2.232760984173794,8.216236036552942,9.694320255280218,-186.04026413880783,-10.38591370178042
90.39579272322969,2.2803971732109716,8.216236036552942,9.694320255280218,-186.04025526457352,-10.38591370178042
86.64995754920449,2.2430677930525746,8.216236036552942,9.694320255280218,-186.04015616221298,-10.38591370178042
88.69287934419998,2.2777261016363894,8.216236036552942,9.694320255280218,-186.0400495366818,-10.38591370178042
86.18829192835551,2.2408529017836685,8.216236036552942,9.694320255280218,-186.04003287094176,-10.38591370178042
91.49671980422791,2.274229621014797,8.216236036552942,9.694320255280218,-186.03991331619338,-10.38591370178042
89.46675386961664,2.2573861301333267,8.216236036552942,9.694320255280218,-186.0398585026941,-10.38591370178042
86.06337967081252,2.2642533145348978,8.216236036552942,9.694320255280218,-186.0397545272996,-10.38591370178042
85.609575610969,2.2608106188669126,8.216236036552942,9.694320255280218,-186.03943575982422,-10.38591370178042
85.02558183416286,2.2357064675867093,8.216236036552942,9.694320255280218,-186.03895677303504,-10.38591370178042
88.82635162578995,2.277975759660862,8.216236036552942,9.694320255280218,-186.03890796230553,-10.38591370178042
83.6132513136059,2.2325064650858053,8.216236036552942,9.694320255280218,-186.0381836818821,-10.38591370178042
85.46163850905505,2.2377548468676594,8.216236036552942,9.694320255280218,-186.03796026325162,-10.38591370178042
83.73902755273767,2.232355849437596,8.216236036552942,9.694320255280218,-186.03782062944825,-10.38591370178042
84.94689980535908,2.2357073028460235,8.216236036552942,9.694320255280218,-186.03693248823203,-10.38591370178042
90.14756536775867,2.2798236677814003,8.216236036552942,9.694320255280218,-186.03687172123114,-10.38591370178042
86.00828400163604,2.240432724399085,8.216236036552942,9.694320255280218,-186.03678647752784,-10.38591370178042
83.56660097444397,2.236688837145863,8.216236036552942,9.694320255280218,-186.03657458415088,-10.38591370178042
87.03181163448207,2.245402785163904,8.216236036552942,9.694320255280218,-186.03648488106526,-10.38591370178042
88.38011765544707,2.252181910816489,8.216236036552942,9.694320255280218,-186.03626014621716,-10.38591370178042
90.34443586800103,2.2631102222916297,8.216236036552942,9.694320255280218,-186.03619515608216,-10.38591370178042
87.39940509790004,2.247260996066913,8.216236036552942,9.694320255280218,-186.0361474266662,-10.38591370178042
84.21273776075324,2.2468770420965,8.216236036552942,9.694320255280218,-186.03590757149294,-10.38591370178042
89.24009288944889,2.2785393971736596,8.216236036552942,9.694320255280218,-186.03553216604308,-10.38591370178042
83.66239216920223,2.233708644826379,8.216236036552942,9.694320255280218,-186.0355141585653,-10.38591370178042
87.07876118831952,2.270099265710229,8.216236036552942,9.694320255280218,-186.0353192185591,-10.38591370178042
87.0517426074417,2.2456677963342457,8.216236036552942,9.694320255280218,-186.0351963305518,-10.38591370178042
88.24393623979783,2.2516677894909805,8.216236036552942,9.694320255280218,-186.0348962876254,-10.38591370178042
91.11616797880437,2.269957845672181,8.216236036552942,9.694320255280218,-186.03457644769858,-10.38591370178042
86.28508171117622,2.2421758689847735,8.216236036552942,9.694320255280218,-186.0336080090394,-10.38591370178042
87.37506433458526,2.2474915463790524,8.216236036552942,9.694320255280218,-186.03345597539783,-10.38591370178042
83.78596981903881,2.2342557229599294,8.216236036552942,9.694320255280218,-186.0332278038341,-10.38591370178042
90.99663415532974,2.2691232165927318,8.216236036552942,9.694320255280218,-186.03314021894366,-10.38591370178042
85.86780925172464,2.240375647588337,8.216236036552942,9.694320255280218,-186.03260567448447,-10.38591370178042
83.75188729181741,2.235059193778156,8.216236036552942,9.694320255280218,-186.03251244790292,-10.38591370178042
91.1750014334561,2.2746552954560855,8.216236036552942,9.694320255280218,-186.03239057990285,-10.38591370178042
84.22199671228049,2.2343200423357246,8.216236036552942,9.694320255280218,-186.03233108831856,-10.38591370178042
91.16186846722746,2.2747553275550274,8.216236036552942,9.694320255280218,-186.0321742186014,-10.38591370178042
89.14908704442286,2.256801036196066,8.216236036552942,9.694320255280218,-186.03212302863318,-10.38591370178042
85.53899176214385,2.2390740911541087,8.216236036552942,9.694320255280218,-186.0315063126588,-10.38591370178042
86.398213396925,2.265408702518158,8.216236036552942,9.694320255280218,-186.03136460843393,-10.38591370178042
90.4275579113888,2.264906109650582,8.216236036552942,9.694320255280218,-186.03044809755548,-10.38591370178042
89.29300681747243,2.2778647945609265,8.216236036552942,9.694320255280218,-186.0304456327003,-10.38591370178042
86.8705490926196,2.2454297848510123,8.216236036552942,9.694320255280218,-186.03038863337974,-10.38591370178042
90.95888135691607,2.2762746007466887,8.216236036552942,9.694320255280218,-186.0303238816093,-10.38591370178042
84.36284423860393,2.235119952029109,8.216236036552942,9.694320255280218,-186.0302849358826,-10.38591370178042
90.98702963956548,2.2757487407844934,8.216236036552942,9.694320255280218,-186.0298679570969,-10.38591370178042
88.37295928663299,2.2530296817973294,8.216236036552942,9.694320255280218,-186.02982834893837,-10.38591370178042
89.1107103999819,2.2569737505790783,8.216236036552942,9.694320255280218,-186.02963832092263,-10.38591370178042
90.20007184668785,2.2783573610185357,8.216236036552942,9.694320255280218,-186.02940206352918,-10.38591370178042
90.24941528545965,2.2782763491801887,8.216236036552942,9.694320255280218,-186.02920203663152,-10.38591370178042
86.98911497004936,2.26874895607655,8.216236036552942,9.694320255280218,-186.02910990678342,-10.38591370178042
91.03436422845907,2.273429957599305,8.216236036552942,9.694320255280218,-186.02883703435413,-10.38591370178042
85.072790383985,2.254475105769984,8.216236036552942,9.694320255280218,-186.02865191755106,-10.38591370178042
84.33593528254895,2.235532750619555,8.216236036552942,9.694320255280218,-186.02859049321927,-10.38591370178042
90.08901242548161,2.26301126335251,8.216236036552942,9.694320255280218,-186.02832976867566,-10.38591370178042
83.99013114780706,2.2361149705698438,8.216236036552942,9.694320255280218,-186.02805277894177,-10.38591370178042
89.5460662252979,2.2597276897963496,8.216236036552942,9.694320255280218,-186.02786160101792,-10.38591370178042
84.05447374388595,2.2359011777713818,8.216236036552942,9.694320255280218,-186.02785746558055,-10.38591370178042
88.84849621363423,2.255829394736409,8.216236036552942,9.694320255280218,-186.0278444072226,-10.38591370178042
90.93596599781263,2.2747855709546627,8.216236036552942,9.694320255280218,-186.02761068823233,-10.38591370178042
90.52487937957477,2.266544479000885,8.216236036552942,9.694320255280218,-186.02716675044306,-10.38591370178042
83.97244158194366,2.237086511127089,8.216236036552942,9.694320255280218,-186.02713489815181,-10.38591370178042
90.02676399305497,2.2779114457758425,8.216236036552942,9.694320255280218,-186.02696945933326,-10.38591370178042
90.89988538906066,2.2742286786393606,8.216236036552942,9.694320255280218,-186.02638233113677,-10.38591370178042
89.95799863376905,2.277734607012107,8.216236036552942,9.694320255280218,-186.02608591500007,-10.38591370178042
84.06850521924528,2.2413253929328647,8.216236036552942,9.694320255280218,-186.02608564929318,-10.38591370178042
90.882388687063,2.2738781722197388,8.216236036552942,9.694320255280218,-186.02578620448568,-10.38591370178042
87.8305199742784,2.250881479846072,8.216236036552942,9.694320255280218,-186.02547408626373,-10.38591370178042
90.86508891434636,2.2718846423652366,8.216236036552942,9.694320255280218,-186.02539362131137,-10.38591370178042
86.4068299379378,2.2439730396590534,8.216236036552942,9.694320255280218,-186.02520822192076,-10.38591370178042
84.71158705505992,2.237215693381458,8.216236036552942,9.694320255280218,-186.0251537085412,-10.38591370178042
87.62483206245322,2.2499315003664435,8.216236036552942,9.694320255280218,-186.02488466632573,-10.38591370178042
87.96487976044187,2.2729513894164057,8.216236036552942,9.694320255280218,-186.02475818164467,-10.38591370178042
89.20812393366694,2.276713643115926,8.216236036552942,9.694320255280218,-186.02449647403614,-10.38591370178042
85.441432739375,2.2400740530587484,8.216236036552942,9.694320255280218,-186.0233157189423,-10.38591370178042
84.54419818409396,2.2375714027079567,8.216236036552942,9.694320255280218,-186.0227121486372,-10.38591370178042
88.58716077720908,2.255250667003793,8.216236036552942,9.694320255280218,-186.02262623031282,-10.38591370178042
89.18041732913308,2.2585479047491788,8.216236036552942,9.694320255280218,-186.02254710706868,-10.38591370178042
88.950934047352,2.2572520954597906,8.216236036552942,9.694320255280218,-186.02253496700354,-10.38591370178042
84.54402979656305,2.247306944968912,8.216236036552942,9.694320255280218,-186.0224661068711,-10.38591370178042
90.48521388693375,2.275759388487131,8.216236036552942,9.694320255280218,-186.0223220719862,-10.38591370178042
90.62912253947489,2.270422410216412,8.216236036552942,9.694320255280218,-186.02120589947873,-10.38591370178042
90.36587989144459,2.275834286903958,8.216236036552942,9.694320255280218,-186.02119973585408,-10.38591370178042
89.01210046565951,2.2757141621708,8.216236036552942,9.694320255280218,-186.02106539648685,-10.38591370178042
89.06595917336729,2.2757917341044873,8.216236036552942,9.694320255280218,-186.02086980757898,-10.38591370178042
89.6649389731224,2.26183095158369,8.216236036552942,9.694320255280218,-186.0207943032669,-10.38591370178042
84.32111995030418,2.242937438440549,8.216236036552942,9.694320255280218,-186.0206181152143,-10.38591370178042
90.60123603630848,2.2705446232429125,8.216236036552942,9.694320255280218,-186.02044030001574,-10.38591370178042
85.60045998715943,2.241258581160011,8.216236036552942,9.694320255280218,-186.02039747314345,-10.38591370178042
88.3576381940515,2.254437591165697,8.216236036552942,9.694320255280218,-186.02011609416115,-10.38591370178042
89.18741347670277,2.275847650024801,8.216236036552942,9.694320255280218,-186.01994682792497,-10.38591370178042
89.94762852556498,2.2640066964469554,8.216236036552942,9.694320255280218,-186.01980931567593,-10.38591370178042
90.6066874682535,2.272324293486278,8.216236036552942,9.694320255280218,-186.01978002088484,-10.38591370178042
85.7351833974564,2.258640462823138,8.216236036552942,9.694320255280218,-186.0197463289085,-10.38591370178042
85.32742644323768,2.2550674745606045,8.216236036552942,9.694320255280218,-186.01971102494116,-10.38591370178042
87.07073735695515,2.2479965786995137,8.216236036552942,9.694320255280218,-186.01965387855196,-10.38591370178042
84.32079123716531,2.241442923142614,8.216236036552942,9.694320255280218,-186.01941087385933,-10.38591370178042
86.30876251307802,2.244482321163474,8.216236036552942,9.694320255280218,-186.01929115198686,-10.38591370178042
85.2119247158964,2.253820891344745,8.216236036552942,9.694320255280218,-186.0190644904722,-10.38591370178042
87.50188995429892,2.2502239403153084,8.216236036552942,9.694320255280218,-186.0189846956516,-10.38591370178042
84.36937266964782,2.2400387842033496,8.216236036552942,9.694320255280218,-186.0188356183571,-10.38591370178042
90.53029637787228,2.2707171756560456,8.216236036552942,9.694320255280218,-186.01872463346777,-10.38591370178042
89.423038001725,2.2758948092393183,8.216236036552942,9.694320255280218,-186.01856870673643,-10.38591370178042
90.39356176559869,2.26855305225034,8.216236036552942,9.694320255280218,-186.01844118223363,-10.38591370178042
84.37902829033887,2.241334334906668,8.216236036552942,9.694320255280218,-186.0181798067107,-10.38591370178042
87.1465202930451,2.248636573006948,8.216236036552942,9.694320255280218,-186.01797588778143,-10.38591370178042
90.13070307239215,2.2753135857447404,8.216236036552942,9.694320255280218,-186.01761884667022,-10.38591370178042
85.02693221738224,2.240064896065462,8.216236036552942,9.694320255280218,-186.01719797362404,-10.38591370178042
90.29913662234887,2.2681711385376673,8.216236036552942,9.694320255280218,-186.01690845218582,-10.38591370178042
87.99290631322519,2.2717438931157545,8.216236036552942,9.694320255280218,-186.0164997819134,-10.38591370178042
90.34373484362608,2.2692704120975264,8.216236036552942,9.694320255280218,-186.01615115910462,-10.38591370178042
85.04756368790663,2.251284297834374,8.216236036552942,9.694320255280218,-186.0158327366049,-10.38591370178042
85.24656912575146,2.253278325341313,8.216236036552942,9.694320255280218,-186.01544010497156,-10.38591370178042
89.92316012001598,2.274956122548417,8.216236036552942,9.694320255280218,-186.0151717316588,-10.38591370178042
88.18571930866929,2.2722534573276363,8.216236036552942,9.694320255280218,-186.0151677125452,-10.38591370178042
87.96950070393545,2.2532442426984147,8.216236036552942,9.694320255280218,-186.01513915769442,-10.38591370178042
85.29975112222462,2.253724535429228,8.216236036552942,9.694320255280218,-186.0151046281046,-10.38591370178042
89.69971650350983,2.2634672115109993,8.216236036552942,9.694320255280218,-186.0150100561432,-10.38591370178042
90.33511319963398,2.27154069180564,8.216236036552942,9.694320255280218,-186.0146203755293,-10.38591370178042
90.16396167185002,2.267757434882938,8.216236036552942,9.694320255280218,-186.0145394881701,-10.38591370178042
89.11462969512658,2.2597736621891045,8.216236036552942,9.694320255280218,-186.01429373905862,-10.38591370178042
84.76760493212494,2.2471433606830544,8.216236036552942,9.694320255280218,-186.01422587069135,-10.38591370178042
84.61648408108019,2.2422093153790428,8.216236036552942,9.694320255280218,-186.01393839395274,-10.38591370178042
85.25505151612239,2.2415806084649006,8.216236036552942,9.694320255280218,-186.0137793131236,-10.38591370178042
89.68525511121283,2.2637512353052642,8.216236036552942,9.694320255280218,-186.0136189904886,-10.38591370178042
89.70642529093232,2.274686751692556,8.216236036552942,9.694320255280218,-186.0134177880918,-10.38591370178042
90.21122921188108,2.2724271485245424,8.216236036552942,9.694320255280218,-186.01307036099809,-10.38591370178042
84.82533680550958,2.2415482232377855,8.216236036552942,9.694320255280218,-186.0127367484006,-10.38591370178042
85.53214338927717,2.2427702382558294,8.216236036552942,9.694320255280218,-186.01234593088788,-10.38591370178042
84.72555482841734,2.243647733453315,8.216236036552942,9.694320255280218,-186.01183811080023,-10.38591370178042
88.79959880807692,2.27340710736226,8.216236036552942,9.694320255280218,-186.01163630904162,-10.38591370178042
84.97897833698374,2.2420866764545337,8.216236036552942,9.694320255280218,-186.0112296191667,-10.38591370178042
85.43115643672199,2.242854825008777,8.216236036552942,9.694320255280218,-186.01091237740047,-10.38591370178042
85.09644798102647,2.2499309155662246,8.216236036552942,9.694320255280218,-186.01026620651254,-10.38591370178042
86.17846987927105,2.2602266169454026,8.216236036552942,9.694320255280218,-186.01024658095852,-10.38591370178042
88.46111048958524,2.2721976327131443,8.216236036552942,9.694320255280218,-186.0100972887294,-10.38591370178042
88.75023323803158,2.2729477875091533,8.216236036552942,9.694320255280218,-186.01003977154923,-10.38591370178042
85.58756108267197,2.243563945564617,8.216236036552942,9.694320255280218,-186.00997806097791,-10.38591370178042
88.53770954954783,2.2573187942091835,8.216236036552942,9.694320255280218,-186.0098784958493,-10.38591370178042
87.36336993394863,2.267658864560076,8.216236036552942,9.694320255280218,-186.0098776185463,-10.38591370178042
85.20426154297735,2.2509200532094837,8.216236036552942,9.694320255280218,-186.00939135431372,-10.38591370178042
85.7199342612101,2.244165732518127,8.216236036552942,9.694320255280218,-186.0092898356096,-10.38591370178042
88.77188181963804,2.2728255390282897,8.216236036552942,9.694320255280218,-186.00928052752533,-10.38591370178042
88.97077124425842,2.260071693089486,8.216236036552942,9.694320255280218,-186.00909622758437,-10.38591370178042
88.85344810095847,2.272905667621515,8.216236036552942,9.694320255280218,-186.00890135546734,-10.38591370178042
88.52592898947499,2.2721082943917565,8.216236036552942,9.694320255280218,-186.00880375397125,-10.38591370178042
88.33005373295549,2.2567119608990254,8.216236036552942,9.694320255280218,-186.0072576114285,-10.38591370178042
89.86401324710398,2.2688806456556705,8.216236036552942,9.694320255280218,-186.00705126982808,-10.38591370178042
86.91480602134028,2.2645704942817133,8.216236036552942,9.694320255280218,-186.00703349068758,-10.38591370178042
85.57323981451016,2.2540992672330873,8.216236036552942,9.694320255280218,-186.0068788864473,-10.38591370178042
89.85325383140558,2.2703346197788505,8.216236036552942,9.694320255280218,-186.00667113475762,-10.38591370178042
87.42956886628924,2.252259951433942,8.216236036552942,9.694320255280218,-186.00590269113636,-10.38591370178042
86.72092880324955,2.2489234191041447,8.216236036552942,9.694320255280218,-186.0058864302082,-10.38591370178042
88.09798716840436,2.2700623729948717,8.216236036552942,9.694320255280218,-186.0057449633207,-10.38591370178042
86.42801004446225,2.2609350925431926,8.216236036552942,9.694320255280218,-186.00524498964796,-10.38591370178042
85.78134733388389,2.2555291757042966,8.216236036552942,9.694320255280218,-186.00498263400763,-10.38591370178042
87.7912908470604,2.2544045611858365,8.216236036552942,9.694320255280218,-186.0045088518687,-10.38591370178042
89.4849204231003,2.2657737690762474,8.216236036552942,9.694320255280218,-186.00384985610114,-10.38591370178042
85.45528787790485,2.2455277913927745,8.216236036552942,9.694320255280218,-186.00380378507788,-10.38591370178042
89.42558934134021,2.271334542885043,8.216236036552942,9.694320255280218,-186.00350906575628,-10.38591370178042
89.53976409870113,2.2707998693357325,8.216236036552942,9.694320255280218,-186.00347671797738,-10.38591370178042
87.35361993160703,2.252439758536852,8.216236036552942,9.694320255280218,-186.00339352835337,-10.38591370178042
89.04400155368975,2.271553463207198,8.216236036552942,9.694320255280218,-186.00318006465213,-10.38591370178042
85.2922786977462,2.247544591472348,8.216236036552942,9.694320255280218,-186.00309589116634,-10.38591370178042
85.34046874305297,2.2463773885573914,8.216236036552942,9.694320255280218,-186.0030814735055,-10.38591370178042
89.02999776452813,2.271502866831284,8.216236036552942,9.694320255280218,-186.00305172320415,-10.38591370178042
89.57275436195239,2.2678145008102035,8.216236036552942,9.694320255280218,-186.00293291936467,-10.38591370178042
87.42979536738814,2.252957307658363,8.216236036552942,9.694320255280218,-186.002782180131,-10.38591370178042
88.03864982843652,2.269151917792982,8.216236036552942,9.694320255280218,-186.00277812204052,-10.38591370178042
89.10628051076759,2.2710859673426285,8.216236036552942,9.694320255280218,-186.0019112520889,-10.38591370178042
88.09840761014354,2.2689205698017787,8.216236036552942,9.694320255280218,-186.00103321505966,-10.38591370178042
89.36119150513176,2.2662794242267807,8.216236036552942,9.694320255280218,-186.00093777254304,-10.38591370178042
87.39665435466426,2.253355764003075,8.216236036552942,9.694320255280218,-186.00048577585363,-10.38591370178042
86.34794355743182,2.2589802769757767,8.216236036552942,9.694320255280218,-186.00030472000356,-10.38591370178042
89.37201908891197,2.267451617660896,8.216236036552942,9.694320255280218,-186.00018023041542,-10.38591370178042
85.61768486622155,2.2511025475110387,8.216236036552942,9.694320255280218,-185.9997568800666,-10.38591370178042
85.97251982634513,2.247958959942281,8.216236036552942,9.694320255280218,-185.99973670594585,-10.38591370178042
89.3146806415766,2.2688396505743924,8.216236036552942,9.694320255280218,-185.99960999791236,-10.38591370178042
87.02729713402731,2.251848190515858,8.216236036552942,9.694320255280218,-185.9995641995406,-10.38591370178042
87.54160817501365,2.2661308655392247,8.216236036552942,9.694320255280218,-185.99917239329895,-10.38591370178042
89.21690518260007,2.265935869209912,8.216236036552942,9.694320255280218,-185.9990564822216,-10.38591370178042
89.23900725474186,2.2689627662885243,8.216236036552942,9.694320255280218,-185.99902214762895,-10.38591370178042
89.13834393544954,2.2650145943546107,8.216236036552942,9.694320255280218,-185.9989565897482,-10.38591370178042
88.91362017337948,2.269831451091008,8.216236036552942,9.694320255280218,-185.99886128570137,-10.38591370178042
87.63548388745687,2.255157125595673,8.216236036552942,9.694320255280218,-185.9982736242309,-10.38591370178042
87.54257606917253,2.2546804489461607,8.216236036552942,9.694320255280218,-185.99827303532783,-10.38591370178042
85.83151698645045,2.252867118910018,8.216236036552942,9.694320255280218,-185.99792883849747,-10.38591370178042
89.09945371440973,2.2665052036473696,8.216236036552942,9.694320255280218,-185.9970804798991,-10.38591370178042
88.976267498065,2.264558721514163,8.216236036552942,9.694320255280218,-185.99707937915144,-10.38591370178042
89.01131135486958,2.268468262911881,8.216236036552942,9.694320255280218,-185.99697604284725,-10.38591370178042
86.20548727887622,2.2564544111586997,8.216236036552942,9.694320255280218,-185.99684489709614,-10.38591370178042
85.89358510341978,2.2505325935270974,8.216236036552942,9.694320255280218,-185.99619560305712,-10.38591370178042
88.37969551076587,2.2681771580771795,8.216236036552942,9.694320255280218,-185.99616780637834,-10.38591370178042
88.74472974303853,2.2684919979250964,8.216236036552942,9.694320255280218,-185.99611066525176,-10.38591370178042
86.70715025162423,2.25167859000922,8.216236036552942,9.694320255280218,-185.99582476279605,-10.38591370178042
88.14337032814788,2.2673822294352703,8.216236036552942,9.694320255280218,-185.99561458818624,-10.38591370178042
88.86072813096831,2.2646031658403842,8.216236036552942,9.694320255280218,-185.99543379370417,-10.38591370178042
87.98070586471913,2.2579469694199616,8.216236036552942,9.694320255280218,-185.99541924435133,-10.38591370178042
87.11321619567097,2.262635548370497,8.216236036552942,9.694320255280218,-185.9951980565599,-10.38591370178042
87.1372153559085,2.2537699078224023,8.216236036552942,9.694320255280218,-185.99495101683843,-10.38591370178042
88.87241758753083,2.2657855199420567,8.216236036552942,9.694320255280218,-185.9948252666107,-10.38591370178042
86.88863022868081,2.252788212043754,8.216236036552942,9.694320255280218,-185.99474501848204,-10.38591370178042
86.22257184628839,2.2509449999123774,8.216236036552942,9.694320255280218,-185.99473429602034,-10.38591370178042
88.46737493323869,2.2676484992593515,8.216236036552942,9.694320255280218,-185.99468031612204,-10.38591370178042
87.89243493599743,2.266174431951285,8.216236036552942,9.694320255280218,-185.9945742821092,-10.38591370178042
86.53276293429045,2.2516218981886595,8.216236036552942,9.694320255280218,-185.99456020629967,-10.38591370178042
87.38070907496324,2.263764868943653,8.216236036552942,9.694320255280218,-185.99418244552646,-10.38591370178042
88.75795978694651,2.2668345187508407,8.216236036552942,9.694320255280218,-185.99414541303557,-10.38591370178042
86.28413201273338,2.2514633854751764,8.216236036552942,9.694320255280218,-185.99404779458538,-10.38591370178042
87.52621931682913,2.2644177452304746,8.216236036552942,9.694320255280218,-185.9939907176876,-10.38591370178042
88.71666188450082,2.2651835258383386,8.216236036552942,9.694320255280218,-185.99349635800888,-10.38591370178042
88.45388829482985,2.266923912848597,8.216236036552942,9.694320255280218,-185.99343467435764,-10.38591370178042
86.97331566613232,2.26105882782565,8.216236036552942,9.694320255280218,-185.99338782120589,-10.38591370178042
86.34553425144459,2.25200251174536,8.216236036552942,9.694320255280218,-185.99337374656943,-10.38591370178042
86.30912861478052,2.2524923240620183,8.216236036552942,9.694320255280218,-185.99294930287527,-10.38591370178042
88.62513111348731,2.2649868201001055,8.216236036552942,9.694320255280218,-185.9927557524075,-10.38591370178042
86.33905007853772,2.2549733541233365,8.216236036552942,9.694320255280218,-185.9926722466482,-10.38591370178042
86.75108515267603,2.2532409155004274,8.216236036552942,9.694320255280218,-185.99263099975394,-10.38591370178042
87.16019167226007,2.261682043183754,8.216236036552942,9.694320255280218,-185.99214476272377,-10.38591370178042
86.5308742810977,2.2563621940102934,8.216236036552942,9.694320255280218,-185.9916801395779,-10.38591370178042
86.4910356490711,2.2557632083792356,8.216236036552942,9.694320255280218,-185.99162756532215,-10.38591370178042
87.77578510260369,2.2640645911558295,8.216236036552942,9.694320255280218,-185.99093332233318,-10.38591370178042
86.66081509832696,2.256783573234074,8.216236036552942,9.694320255280218,-185.99073905088903,-10.38591370178042
87.25622788189446,2.2613485816592345,8.216236036552942,9.694320255280218,-185.99047768693748,-10.38591370178042
86.72014824260799,2.256786048577183,8.216236036552942,9.694320255280218,-185.99026100337304,-10.38591370178042
88.17916776798309,2.2625817293845785,8.216236036552942,9.694320255280218,-185.99021174394815,-10.38591370178042
88.14862152123452,2.2622557195840187,8.216236036552942,9.694320255280218,-185.99016722972755,-10.38591370178042
87.96778662674907,2.2640222933913776,8.216236036552942,9.694320255280218,-185.99014979312878,-10.38591370178042
86.90630073894502,2.258348274140431,8.216236036552942,9.694320255280218,-185.9898819151487,-10.38591370178042
86.78892626585287,2.2559577051708573,8.216236036552942,9.694320255280218,-185.9898196864525,-10.38591370178042
87.06450045496331,2.25958775762048,8.216236036552942,9.694320255280218,-185.98980528979516,-10.38591370178042
87.94752320125232,2.2620649858251767,8.216236036552942,9.694320255280218,-185.989171980034,-10.38591370178042
86.95485283035815,2.2574698215110374,8.216236036552942,9.694320255280218,-185.989171178516,-10.38591370178042
87.61181313382941,2.2618442746145604,8.216236036552942,9.694320255280218,-185.98893862919567,-10.38591370178042
87.28389720738654,2.2601151522725615,8.216236036552942,9.694320255280218,-185.98887402231577,-10.38591370178042
87.59014274252846,2.2595819717595305,8.216236036552942,9.694320255280218,-185.98871752428855,-10.38591370178042
87.1705264720313,2.258422616650421,8.216236036552942,9.694320255280218,-185.9886307391615,-10.38591370178042
87.35019429286207,2.259080616997011,8.216236036552942,9.694320255280218,-185.98843315529817,-10.38591370178042
