alpha,beta,phase_offset,psi_offset,log_likelihood,log_prior
81.77025511683371,2.152260368105985,8.44905838797871,10.637107288283772,-202.9094961956131,-21.793478651092823
119.46104038797338,2.2229255144922604,8.022138786413791,10.65538623077262,-197.61259974264226,-21.793478651092823
109.36568950412736,2.2066193385681885,8.414333934785702,9.424430930237776,-195.04917545593875,-21.793478651092823
32.26894515228937,1.1125642093593626,8.10862939359447,10.107566062440583,-194.72868768569202,-21.793478651092823
126.79878132982128,1.8888920569143721,8.410249523757642,8.980184508060177,-194.60703775688506,-21.793478651092823
102.47654081685474,2.276833453840183,7.959577656294442,9.790137607153582,-194.51213715625138,-21.793478651092823
137.73314043802893,1.6567215500815422,7.959794354840511,11.092244427747062,-194.5088152346466,-21.793478651092823
78.53432574528011,2.2069570906301976,7.814045693905712,11.846833793655776,-194.40147002899073,-21.793478651092823
13.271596502419284,0.47514677835734176,8.228808889962636,10.227406561421617,-194.39174368981546,-21.793478651092823
68.56355986801125,2.197376643327587,8.212935829702218,9.497068349961495,-194.325555580326,-21.793478651092823
59.112117038709656,1.8925280380957759,8.447109168150405,7.953189042082698,-194.18535622401083,-21.793478651092823
72.00336012643533,2.2478555293389206,8.021826044815072,9.980182799520861,-193.7919882699062,-21.793478651092823
123.37408117231176,1.8853423080086742,8.281683061974775,9.715707053171684,-193.71834039180322,-21.793478651092823
44.831688675267046,1.4772532293338827,8.310239170272865,10.665774424841374,-193.59380604976835,-21.793478651092823
65.61212386058179,1.953438834460556,8.319867179049766,10.78780076024998,-193.4281155989412,-21.793478651092823
76.08328353994006,2.2876923814638985,8.326667040403976,8.553558159959806,-193.41740386895788,-21.793478651092823
69.29251448866454,2.1203690799463004,7.867518289864478,11.406674994606249,-193.4145658450797,-21.793478651092823
53.52702911036437,1.663917656882532,8.211274417796375,9.465104102224387,-193.37269121364704,-21.793478651092823
131.4904924423613,1.79958347317789,7.992485445110276,10.222958572992098,-193.27409149931816,-21.793478651092823
139.89158386072688,1.5387488703333645,8.077840221521967,10.334447558022475,-193.15954399808368,-21.793478651092823
72.16782818302684,2.1648038939671466,8.030773043768079,11.822932316853553,-193.1194259517307,-21.793478651092823
104.63116885828764,2.2174079998173255,7.906022691675133,11.937441573482317,-193.09743729025226,-21.793478651092823
65.16551023101944,1.8979113963434315,8.197799288353991,11.423831965929622,-193.08877713429408,-21.793478651092823
36.282810083420884,1.2217348387105318,8.113317606383873,10.630848935939753,-193.07895648295442,-21.793478651092823
104.31596528364369,2.363423381934865,8.280152869993145,9.456976990627254,-193.06076362821383,-21.793478651092823
65.41526364321021,2.081578499385259,8.21286388804117,10.49594189688844,-193.0227482325468,-21.793478651092823
115.89331814374641,2.2189817615261234,8.281484750669307,8.013778981087768,-192.92609181587886,-21.793478651092823
56.710709855004794,1.8177982251381053,8.37118250579573,8.217367091271512,-192.90863853483856,-21.793478651092823
32.92924147542904,1.1292434366205413,8.15038143262592,10.948324182368907,-192.80944349963497,-21.793478651092823
79.91032988132827,2.3375844837678272,7.993007752831915,11.096283833749254,-192.7885195199142,-21.793478651092823
45.32273074571107,1.5018540137154446,8.229414366503761,9.2201307462486,-192.78383492857458,-21.793478651092823
128.27361890010948,1.835232442120187,8.122599782521092,9.491548895952292,-192.71104401623822,-21.793478651092823
71.14554898764615,1.9755313104571002,8.134623033991858,10.173819202167607,-192.64698345186974,-21.793478651092823
72.94278960070288,1.9901231902344847,8.286369948840758,10.726013699097308,-192.6422986877534,-21.793478651092823
106.98687068334209,2.2969471655819405,7.910867920738326,10.508366506752168,-192.61546216028378,-21.793478651092823
83.92050238284922,2.147381073506253,8.120062201650398,11.665004631982242,-192.5919763673486,-21.793478651092823
116.08712237813708,2.2203843022858223,8.240746131530159,9.450736214811343,-192.5720806602995,-21.793478651092823
87.23655952698671,2.0999161112067526,8.290016213441135,10.016115686505515,-192.55893777991847,-21.793478651092823
102.45765192835165,2.131423908988097,8.142462459514576,10.196627560220747,-192.54879969758696,-21.793478651092823
82.45350960619096,2.3226462987471024,8.388853857343065,8.104768653379892,-192.51293528990652,-21.793478651092823
32.13362991818886,1.1082520127864228,8.168074038984116,10.356869750709848,-192.49359212287285,-21.793478651092823
134.8073516435485,1.7434794618661726,8.181590962438321,8.674188493018733,-192.41491472661417,-21.793478651092823
64.84541681521114,1.942519192981763,8.21678384424365,11.296359572692808,-192.41406996134455,-21.793478651092823
56.915756786922046,1.7782084639030558,8.00238775257992,10.842271381701522,-192.41312069484735,-21.793478651092823
67.91504640328479,1.9640683600840703,8.317679097256303,8.570711589787209,-192.32545555701347,-21.793478651092823
86.158135778414,2.3995885497965332,7.981742449588069,10.55804871010264,-192.30152554399226,-21.793478651092823
105.83282279317814,2.2427996548950233,8.475710809545035,8.052858915625421,-192.26575108241488,-21.793478651092823
99.83552358344005,2.16063779685129,8.397189579619578,8.25018871622251,-192.25196181803955,-21.793478651092823
112.27841944258975,2.1654716397087412,8.176804294970623,10.899168714558385,-192.23289194246135,-21.793478651092823
88.63885390434797,2.381339020025564,8.352206470710229,8.525031042237373,-192.214326077703,-21.793478651092823
74.31057061700395,2.274773074513689,8.076875304932258,10.418017525320266,-192.16511448704927,-21.793478651092823
101.08677428946845,2.1368807567124293,8.218142615537204,10.541097488631749,-192.13258698632396,-21.793478651092823
96.93772428177412,2.3984094920061665,7.92635274749091,11.010321447965339,-192.11750783132862,-21.793478651092823
110.40191727202566,2.105459746362115,8.425143342371882,8.194762423324903,-192.10090339127655,-21.793478651092823
132.8907263511058,1.7644665045955747,8.157476778868357,8.958084321459609,-192.0964747521514,-21.793478651092823
119.98478526261628,2.1537073357796004,8.075382713622048,10.285944229355266,-192.07838607519005,-21.793478651092823
97.54944574318122,2.332533718440274,8.16418413396633,10.9583427982312,-192.01745427221937,-21.793478651092823
82.96552379375085,2.156612413574763,8.119798519717023,9.533999828055016,-192.0077929979958,-21.793478651092823
110.90423197792329,2.0794101732918477,8.153782810483051,10.085993490345714,-192.00738322644446,-21.793478651092823
92.98305093136076,2.332531567931966,8.223083703670142,8.169481858044179,-191.95895481474187,-21.793478651092823
71.21795048252613,1.9848782247608199,8.213454427235519,11.118797816668547,-191.95261419906154,-21.793478651092823
126.22140037781666,1.9578991149319052,8.238856212563888,8.271003784854827,-191.9068891638741,-21.793478651092823
54.64168532487175,1.8337480347772726,8.261219334271004,9.508796243641115,-191.90125607135062,-21.793478651092823
73.14005343341884,2.072964417736202,8.486215083258998,8.886619860106492,-191.8492991953671,-21.793478651092823
43.834316979212325,1.4760947328931735,8.066053868645554,10.654853471960536,-191.8022692541856,-21.793478651092823
116.63577212734056,2.0610258892099296,8.242364695966955,8.546199349915668,-191.796824599004,-21.793478651092823
80.84841660469606,2.097759770539625,8.07594926397664,10.773743335990247,-191.7959668661124,-21.793478651092823
65.5269658801989,1.8776972137053605,8.365919724679657,9.245554000028108,-191.7848916268462,-21.793478651092823
59.29193121306941,1.9074782707617715,8.361294403196695,8.490729713532232,-191.77972011830883,-21.793478651092823
77.54685469895756,2.1570614949483513,7.969639439659744,12.052784569592092,-191.72926721981432,-21.793478651092823
129.48048453617204,1.8217628390833767,8.335738155777705,8.40812963243863,-191.71067368675443,-21.793478651092823
66.242287569932,1.9024694623951888,8.248947573772114,10.852913270977382,-191.7058856721864,-21.793478651092823
120.81196806183259,2.024199021948789,7.979734590483218,10.785706376565145,-191.70124171670795,-21.793478651092823
61.22470391729278,1.8306850155504009,8.07854475731051,11.361112097698452,-191.67136344298166,-21.793478651092823
71.2316178121854,2.1621251023348123,8.228122008300744,8.553712599624475,-191.63739627038416,-21.793478651092823
87.94354069568492,2.397727546551522,7.982075347523562,10.599778611896568,-191.55631162467856,-21.793478651092823
131.7983696038396,1.840714427556378,8.194496884006952,9.535357326599552,-191.5366796758438,-21.793478651092823
98.25041498198257,2.4050706740822534,8.265755282512515,8.607687585076945,-191.47935934822883,-21.793478651092823
92.74122678212353,2.282131568474199,8.134139875485658,11.380342081341439,-191.47147008276713,-21.793478651092823
84.67201690750444,2.1759517533352692,8.389935836108265,9.914639823772319,-191.4691044517109,-21.793478651092823
62.36752787714954,1.8210385001600002,8.283941939529228,9.808098635235353,-191.46325620990513,-21.793478651092823
83.2854586905422,2.2690874846323084,8.077837216682099,9.251333753809178,-191.4546794139382,-21.793478651092823
128.12937802647593,1.9276792227393855,8.182129207334668,8.727973883060656,-191.44211463649134,-21.793478651092823
129.94989263601076,1.846516534257944,8.219518758950642,8.61324101545975,-191.4008633747065,-21.793478651092823
123.28422728290877,1.9167870124052087,8.244424092877296,9.402291280830525,-191.37938260539477,-21.793478651092823
72.6824059706968,2.0448563898858083,7.994709427964324,11.19550325860564,-191.37710585381288,-21.793478651092823
78.98964644364581,2.1911304439605033,8.060856414870358,9.585353058697564,-191.36140532426273,-21.793478651092823
118.38435999688163,2.1538821081241366,8.036729098343415,10.749707165893824,-191.35395336018092,-21.793478651092823
110.87248377062144,2.193773588761772,7.934795159980979,10.909073394108418,-191.35204145330368,-21.793478651092823
86.43735620661042,2.137588649324897,8.092965659667612,10.911508391146299,-191.3442372511058,-21.793478651092823
93.54427799791559,2.1874690961683285,8.134949656302638,11.285769308236581,-191.334372898611,-21.793478651092823
54.76874370697319,1.731541874924659,8.03404474247526,10.906589025329424,-191.3075177521163,-21.793478651092823
91.21440164363099,2.176192603632444,8.221617463759515,10.912846249001888,-191.30486741057078,-21.793478651092823
81.95932202736788,2.2725318885090076,8.246278053057267,8.26942567203929,-191.2698644205287,-21.793478651092823
64.31417585814,1.8979425907389356,8.191682851003833,9.565204388450638,-191.26438347494891,-21.793478651092823
117.47953457044703,2.167328902897424,8.310291819840103,8.750034025038332,-191.26385716165333,-21.793478651092823
44.486331647679336,1.4543340209025075,8.155622778233095,10.670041726555525,-191.23888184819066,-21.793478651092823
73.12943157275855,2.012029691492657,8.248627839290833,10.817964281764318,-191.23839017873107,-21.793478651092823
129.14896058043547,1.8819596744899627,8.150448005952995,9.004168171995559,-191.23825338188686,-21.793478651092823
55.51757093086342,1.8038201256744912,8.370481254887494,8.802901962749928,-191.20836064171732,-21.793478651092823
91.38396108179799,2.2886521336352956,7.898688318399763,11.7274754034745,-191.2082311574418,-21.793478651092823
91.67255526373195,2.423799825597584,8.165524730647007,9.481107975123024,-191.19883383631847,-21.793478651092823
77.25787135328314,2.1320458519607683,8.440449409882746,9.356025488812747,-191.1928011328472,-21.793478651092823
108.82757209774219,2.2329874846598727,8.378892226590352,7.727591284567666,-191.16677780307532,-21.793478651092823
72.52194539597599,2.122545140591683,8.455942832441082,8.446245355418569,-191.15681876685827,-21.793478651092823
102.7187941729374,2.3086994531752367,7.955496520523525,10.26674410147848,-191.14934483348978,-21.793478651092823
69.06145809318227,2.0831726045203,7.925431081017251,11.367249632163208,-191.14359938766663,-21.793478651092823
120.3990618152102,2.036881558901001,8.037826727978882,11.033206300699732,-191.1252063208062,-21.793478651092823
121.45083759933785,2.0492394662103095,7.985058971049625,10.516029060740124,-191.1121900152831,-21.793478651092823
123.50898188286223,2.009512930167446,8.268694919623329,8.255451769978976,-191.10993001216195,-21.793478651092823
106.59878040749761,2.139204862108528,8.138445705159796,9.837527588605525,-191.09722988274797,-21.793478651092823
111.74097328590832,2.1438709308629456,8.018114557469659,11.30442869261853,-191.08984363964134,-21.793478651092823
71.99910431778918,2.2056595923377387,8.202428612055655,10.135909269669867,-191.08598124604302,-21.793478651092823
69.84520094204899,2.1081172591182593,8.072863600403224,9.576882252126666,-191.0702859595892,-21.793478651092823
49.869697217457215,1.660544214422174,8.070833804757427,10.38244278102539,-191.06686937076643,-21.793478651092823
59.0688065344542,1.9476428888997077,8.140922330484614,9.831119480802585,-191.06399374270364,-21.793478651092823
106.43111030343705,2.204240474672332,8.42914497366246,7.798844576693057,-191.0572946091874,-21.793478651092823
70.59573525619774,1.9954998639392159,8.129083149290977,10.058636040407208,-191.0510692481724,-21.793478651092823
127.1446177306726,1.9505120178610298,8.036810296195256,10.143592760237851,-191.0479249878023,-21.793478651092823
77.42482498525791,2.1579050855542903,8.453097338856395,9.017410633967842,-191.04655205523773,-21.793478651092823
104.064052324638,2.3166196514878834,8.17341527711173,8.534111432317872,-191.0452644462372,-21.793478651092823
107.48631424805491,2.1996768778326867,8.07699957212526,9.518732585551362,-191.041615263872,-21.793478651092823
93.2994547918361,2.189738746879385,8.462834844753246,8.35685859449461,-191.0282238145374,-21.793478651092823
67.00502886995112,2.0703818389894764,8.043126703695975,9.894590006891121,-191.0199278646223,-21.793478651092823
89.10249500982492,2.384407234167753,8.221309377947506,8.582307188083348,-191.01959450302525,-21.793478651092823
83.62574204038879,2.3415689380925073,8.298940260994982,9.29472711833995,-191.00996514045147,-21.793478651092823
70.78742852422022,2.0729688081977145,8.01820202925262,10.223500647670335,-191.00727741255787,-21.793478651092823
94.23695384915453,2.404516608055914,7.9911892240943985,10.304358170498489,-191.0024278808167,-21.793478651092823
78.28522483844944,2.1924325003127336,8.194326776190024,11.105840347397134,-190.98480268754722,-21.793478651092823
95.88295652770245,2.373533961216978,8.013763327593324,9.744810133186974,-190.98377438331823,-21.793478651092823
88.93731454744336,2.2175049159398696,8.321826903643142,10.332345876282545,-190.97840375178524,-21.793478651092823
109.7195149526306,2.3100460731254344,8.010181630369573,10.291810857536461,-190.97831695653178,-21.793478651092823
65.59699702057777,2.00443882814848,7.991593249278253,10.533901344414176,-190.965070266249,-21.793478651092823
117.86414717166075,2.1163378832066826,7.9980174164992945,10.164259523522219,-190.9592338191089,-21.793478651092823
97.0169411612943,2.4008948215366814,8.10140058459217,10.467920634093844,-190.95094867307094,-21.793478651092823
97.2687974936819,2.1985867467459457,8.152563587519097,9.426107961324874,-190.91677453500648,-21.793478651092823
94.05295166083604,2.262897938754449,8.24682586951073,10.70646039723053,-190.91596304458176,-21.793478651092823
72.84489343193201,2.147461655852709,8.419560644340294,8.844380656925836,-190.91359069476155,-21.793478651092823
74.82456315854766,2.2145065064224383,7.946147619821232,10.806029332958104,-190.88281137676728,-21.793478651092823
123.62548296791195,2.05339305023638,8.227182228452591,8.844132026570321,-190.87143775131423,-21.793478651092823
81.13555151481769,2.223278075807997,7.936415484451004,10.813672521056105,-190.85833567735867,-21.793478651092823
64.00792152065198,1.9546708485460869,8.347377337563188,8.41391063972759,-190.8552684245331,-21.793478651092823
110.4882102759521,2.2031267706119877,8.046508755515703,9.622853059404434,-190.84728277061117,-21.793478651092823
113.0652894139062,2.136615879583914,8.421936937871237,8.2836379820192,-190.8329750821246,-21.793478651092823
83.35448585191953,2.2732873919667327,8.356380936635901,9.60970334204805,-190.8287368435842,-21.793478651092823
99.89206851198861,2.3503845926964715,8.345922367803553,8.054713180233051,-190.82676768665365,-21.793478651092823
58.558408573022184,1.8484038915544545,8.00261111705106,10.888221700792457,-190.81888370745568,-21.793478651092823
104.94611661487792,2.1895882366271024,8.249538625321605,10.49716095712256,-190.81512295704357,-21.793478651092823
107.69766304586027,2.346560087308916,8.153227902305076,9.315991224333686,-190.81275746716,-21.793478651092823
120.50948057125844,2.0180881082325612,8.071077467094483,10.826796059320372,-190.7977663491218,-21.793478651092823
49.867413841514356,1.5982310758905953,8.129785225533112,10.543454111513825,-190.78329934351225,-21.793478651092823
82.2311285011478,2.3226354993852425,8.032241597820075,9.791225096024505,-190.74405983938325,-21.793478651092823
68.83368668519378,2.016372086983708,8.456189474329364,8.861371538799688,-190.74264487059494,-21.793478651092823
129.68612588605313,1.8691983658181925,8.269388695523588,8.968156616697854,-190.72905672406947,-21.793478651092823
62.47289804579309,1.988719557563826,8.232729503725011,8.91724043083451,-190.72233375674335,-21.793478651092823
61.86119925268056,1.831875696784735,8.372808209785518,9.63381001635915,-190.70956437513493,-21.793478651092823
83.89111911153859,2.3720938728524033,8.059373162100627,10.102723461518735,-190.7069487114396,-21.793478651092823
103.60912514741845,2.3491239809147544,8.301037519387847,8.348731800004856,-190.69912750714542,-21.793478651092823
87.50649905040335,2.276215718760355,8.256039115265082,8.258334341197099,-190.69776654548645,-21.793478651092823
52.93917852172949,1.6560604185727783,8.285624715376912,9.577005336525986,-190.69311700858862,-21.793478651092823
85.98350234821011,2.1189287603363027,8.273861370296686,9.683654254144159,-190.68022368618216,-21.793478651092823
96.81489756224966,2.4162473987190936,8.138111494291962,9.776742024549264,-190.67558894942093,-21.793478651092823
92.68578085415885,2.162551622018654,8.247290536824465,10.486104642888819,-190.66462036368662,-21.793478651092823
84.64069175245935,2.2453173084515186,7.924216250030469,11.707730684172162,-190.64975951932664,-21.793478651092823
52.76083961659248,1.741281716305977,8.199426500155283,9.403297606034613,-190.64656029093328,-21.793478651092823
101.41298437649935,2.3503599599344227,8.273236307255445,9.572205104127619,-190.63977495944138,-21.793478651092823
117.69444163745166,2.062243636176177,8.057866911972042,10.101198013309045,-190.61982865602715,-21.793478651092823
104.67218363949863,2.146191595501932,8.37785127584445,8.802422102780184,-190.61016567516987,-21.793478651092823
108.1737639961442,2.3026254692259442,8.313008173115577,8.63756742287714,-190.59855342016624,-21.793478651092823
71.9116146945393,2.127641502334157,8.10696481920209,11.389778134427303,-190.58883343879265,-21.793478651092823
108.11563724563091,2.1191390186893955,8.165900103059556,10.150184600464797,-190.57775755320847,-21.793478651092823
79.99484236352654,2.2679075373267352,7.94554241771587,10.692791976610323,-190.57448835353168,-21.793478651092823
54.19912994495645,1.7079881229443004,8.240609626361618,9.446786703759244,-190.57302142940776,-21.793478651092823
94.15359245809951,2.3228443805651153,8.240133882289399,10.408679085174299,-190.56850024509603,-21.793478651092823
51.85834980695257,1.680173112232481,8.176866003063992,10.963678995044774,-190.5471976189561,-21.793478651092823
74.46039931984356,2.1261177895014924,8.142310953657784,11.385805410521243,-190.53175643390898,-21.793478651092823
70.44873567305947,2.0910661968735695,8.219874017131616,8.757401294471464,-190.5297855736821,-21.793478651092823
71.71492077446327,2.139110637706878,8.031833823649379,11.538999087884918,-190.52626056956967,-21.793478651092823
65.9280734705323,1.8972813557185049,8.34417105537051,9.504598727308974,-190.51798094796976,-21.793478651092823
120.83681542660266,2.063754919663893,8.014714595309556,10.261024890027358,-190.5131128709207,-21.793478651092823
55.62843513359953,1.84084040480721,8.14302193783044,10.520885989789377,-190.512313922966,-21.793478651092823
106.6587228796045,2.310629218830826,8.105516571812188,9.101775452686212,-190.48672967058786,-21.793478651092823
96.68754086157054,2.2130445806839703,8.43035461707089,9.022589847218967,-190.48072893957257,-21.793478651092823
76.99214238639766,2.246026409349909,7.948874136094787,11.003808995272692,-190.4749219682766,-21.793478651092823
92.72302168070898,2.3050485212648795,7.951448864827029,11.686942079904213,-190.471386330671,-21.793478651092823
109.17674170682915,2.3039830151681286,8.192425384224833,9.774959497852961,-190.4564031851914,-21.793478651092823
85.03250504183612,2.3787434094976874,8.155818915622007,9.81484747452393,-190.44157555029523,-21.793478651092823
86.21191314106579,2.365968948823081,8.053282197676651,10.807014929086819,-190.42664556873743,-21.793478651092823
68.95096172713002,2.0508937737168225,8.088215527255585,11.533937198357336,-190.41028443999446,-21.793478651092823
61.41120972630688,1.922645899771993,8.254189349640654,10.559188172016405,-190.40559430897162,-21.793478651092823
71.12858755417533,2.0177720198893354,8.443315618169692,8.739298724970126,-190.39936270747503,-21.793478651092823
100.93701194511553,2.3738454863547673,8.281964783608942,8.793295873312161,-190.3975745428913,-21.793478651092823
73.11907843280386,2.2321027901760715,8.108671475354015,10.2854418416224,-190.39588597592092,-21.793478651092823
58.57360748321824,1.8234023025852792,8.347650075270252,9.981053232918157,-190.39544169235276,-21.793478651092823
57.74411015978567,1.771828325951219,8.24166847067815,9.556310913052556,-190.39060271362072,-21.793478651092823
65.85077533197301,2.0406148326045894,8.026729379224008,11.405869364029712,-190.38610440951,-21.793478651092823
111.28121508220933,2.190998486587887,8.397757759184032,8.078732307339209,-190.37794223455674,-21.793478651092823
108.3451929374192,2.1795228377440026,8.231784266629006,8.620560879959868,-190.37771015072366,-21.793478651092823
119.37711252958351,1.9978825480010585,8.207434863342996,9.852512975208668,-190.36343349874966,-21.793478651092823
76.4767268237253,2.1019692348618833,8.438633879922833,8.327659503229995,-190.3562277783141,-21.793478651092823
117.56442263577739,2.097151203761257,8.340706343903236,8.149765780790574,-190.339414653221,-21.793478651092823
107.176030042111,2.1370822812559567,8.302878969256312,9.797258982612448,-190.33264416747778,-21.793478651092823
109.79748682159264,2.1064430973903114,8.206748696536238,9.735825876911832,-190.32269089018362,-21.793478651092823
50.11348033560852,1.6742397375637097,8.200062592762066,9.66523719863713,-190.32269064524388,-21.793478651092823
79.32615519489492,2.1193965555368806,8.138382870527607,11.308564654107556,-190.32261267741697,-21.793478651092823
107.00715880428005,2.335610866157154,8.034155411074607,10.154433870639622,-190.30767219916336,-21.793478651092823
85.83082932429548,2.215528108986888,7.956366969137349,11.413630880583298,-190.3006241596072,-21.793478651092823
111.42694729215492,2.2695068032280545,8.26379128382169,9.014296376460493,-190.29957113562557,-21.793478651092823
77.2530541517829,2.1229059372857364,8.308385355844933,8.510606849059258,-190.29404754636536,-21.793478651092823
61.534630981071444,1.827830186388013,8.187354760432186,10.465588771531316,-190.28797610611736,-21.793478651092823
66.27418933671512,2.0439963083398425,8.11916406432482,11.163425991575991,-190.27287614024212,-21.793478651092823
102.47043455396776,2.1918371433638413,8.341115112398825,9.759464664574864,-190.25778266976593,-21.793478651092823
106.88359628497334,2.329414792677042,8.086600779752501,9.428837728963856,-190.24343298006838,-21.793478651092823
87.55227158337625,2.2956061757772233,8.094656551938442,9.250995900341081,-190.2384686466495,-21.793478651092823
92.17067880165749,2.2839191386419486,8.135274894625695,11.212952946143474,-190.23094679136852,-21.793478651092823
99.64960010515105,2.318674900495182,8.31926181316149,8.000070672693084,-190.22814085472118,-21.793478651092823
81.15949506096632,2.253320124877362,8.011803563899576,10.001376985531351,-190.22650512331046,-21.793478651092823
65.65874276493598,1.9091001236931788,8.205089220105236,10.828321832827186,-190.21968566190333,-21.793478651092823
102.51947613383297,2.1717400143378995,8.19704336298338,9.39230887267837,-190.2148576457473,-21.793478651092823
81.87128568283602,2.342761789307133,8.073540829007953,9.877572116501312,-190.21170440619065,-21.793478651092823
101.30482798171053,2.267898532964338,8.299768743435862,8.086778365726815,-190.20734791496585,-21.793478651092823
98.76036135139512,2.3476707709482696,7.954121255556913,11.161157541368624,-190.19833998369555,-21.793478651092823
86.09975100809787,2.3300787311039954,7.962112838376413,11.303616658017916,-190.19609361227762,-21.793478651092823
49.575502674527655,1.6374336256186837,8.306681370237385,9.522934316193556,-190.1959545511461,-21.793478651092823
89.5504947396912,2.2203634458439296,8.094989152208512,9.703300239482672,-190.1950560840015,-21.793478651092823
66.23405578517041,2.00341003378162,8.16394637314528,11.17078558441213,-190.18900050626067,-21.793478651092823
126.99413800484776,1.926429138235676,8.101810820404921,9.714924014555805,-190.18155437752552,-21.793478651092823
68.52077741218163,2.0883939040949286,8.060945918725167,9.863229552816676,-190.1806079707608,-21.793478651092823
82.593660526706,2.1426658064573303,8.214159356200469,10.923556125768812,-190.17903955208027,-21.793478651092823
85.17296465567365,2.1204856015901328,8.238285232191743,10.101981779056075,-190.173016156365,-21.793478651092823
88.99141670450088,2.2466131820311546,8.336856340909463,10.019804140070931,-190.17200265514262,-21.793478651092823
77.40349039122466,2.2513277770099336,8.328592881645278,9.216238074059248,-190.16965680880205,-21.793478651092823
74.05905456189875,2.2001215973871666,8.139390769073827,10.866646940888614,-190.1634381971587,-21.793478651092823
85.71425398523834,2.3022881312338654,8.40174804815959,8.431822106731829,-190.16250403770783,-21.793478651092823
107.83291548890132,2.1958163028399014,8.004591360598795,11.215599231008667,-190.16185961630063,-21.793478651092823
101.7314282166874,2.352553583948122,8.311380226985648,8.47230889765703,-190.15073167693063,-21.793478651092823
71.25561202066902,2.0618466610875146,7.99794930216575,11.557958265808452,-190.14820061806563,-21.793478651092823
89.45578273652737,2.233153148296708,8.26927405467589,10.566389816653526,-190.14702373122213,-21.793478651092823
121.58941293992743,2.05710703521693,8.182898580577216,8.844966439317801,-190.14641847436272,-21.793478651092823
77.73416349510259,2.1430036966487336,8.459420090598542,8.52106624291153,-190.13603215793486,-21.793478651092823
106.89285592684465,2.2686887763721444,8.027224220055729,11.191888679691516,-190.13375746673069,-21.793478651092823
120.65068046655436,2.003081454911495,8.132915303960772,9.72927297778611,-190.12898006795825,-21.793478651092823
118.94153916406384,2.0690917305502836,8.26725933478599,8.442675970832,-190.12700633930413,-21.793478651092823
122.18163135545649,2.0103308826417674,8.09585983145081,9.671086882680413,-190.12058792459396,-21.793478651092823
79.33680050615732,2.2906968520116635,7.99857835559331,10.986990119016383,-190.1179183066176,-21.793478651092823
81.86408049576372,2.095573852611409,8.307935399252756,9.715947209417834,-190.11502405731355,-21.793478651092823
93.92283636131258,2.167094140997463,8.30352703474935,9.982273796131437,-190.10926632951188,-21.793478651092823
118.217476752802,2.1207050653248842,8.080085027789494,10.648237601907852,-190.1076798585444,-21.793478651092823
48.115627175882445,1.6021823607062942,8.25173789627459,10.049336656999486,-190.1015517982629,-21.793478651092823
84.6328964794819,2.2955697352149684,7.971463710251186,10.379055066075608,-190.1000513419004,-21.793478651092823
87.17184482784198,2.3064470139079702,7.953025926422441,11.531178774667978,-190.09226944462856,-21.793478651092823
103.33382590427362,2.308687846632921,8.36909153925825,8.198544086356947,-190.0861584915373,-21.793478651092823
78.04181615109086,2.1632478421990697,8.096078359809184,11.518331297664645,-190.08568866970109,-21.793478651092823
112.41937781218081,2.1778087750481063,8.042451899954983,11.088482656260425,-190.08310592018756,-21.793478651092823
108.92261792341979,2.12265241837693,8.324658051708099,8.934689210514364,-190.07888621728696,-21.793478651092823
119.9255706106117,2.0647112434022716,8.048482405320982,10.02180420711258,-190.07622735614908,-21.793478651092823
57.252456756424955,1.7489371012209602,8.314511504209719,9.889063801690327,-190.05819180360825,-21.793478651092823
98.1725119715255,2.313159903889769,8.381563301010488,7.96404796814798,-190.0575076221298,-21.793478651092823
108.56987681519826,2.1677449871397414,8.046863529083254,10.335188610765442,-190.0570351538759,-21.793478651092823
74.49883690270836,2.136680740436688,8.305457195469756,10.281245637443732,-190.05169534663247,-21.793478651092823
55.75655969363297,1.8069085000689569,8.326629561929451,9.461216209127798,-190.04913731231412,-21.793478651092823
97.79788509949296,2.3498203294960547,7.948671111720699,11.023581338433956,-190.04836389438083,-21.793478651092823
62.82048311867077,1.8784349599364418,8.369004825919859,9.769652279147692,-190.0370832103866,-21.793478651092823
57.7264927412118,1.7967495022244862,8.075005610702021,11.092988651277295,-190.0362333299813,-21.793478651092823
105.37584169782113,2.1740368896251425,8.147575864307328,9.556015012781216,-190.02588479504504,-21.793478651092823
87.5265969285145,2.190112999475602,8.035843671018227,11.330526384944818,-190.0227336767341,-21.793478651092823
84.99087118361493,2.254275645480959,7.983319950208681,11.692812257279684,-190.02154014273302,-21.793478651092823
61.76968364450667,1.8538414043594145,8.166996646478083,10.054718749193569,-190.02011654695173,-21.793478651092823
81.0622684511632,2.2507675792143544,8.349678655642748,8.129587982117357,-190.01466150634388,-21.793478651092823
71.80397080078903,2.095405956638558,8.431994598862872,8.551747720229201,-190.0058087442851,-21.793478651092823
102.95439128148026,2.2004437088465636,8.087963800404452,9.918185350413324,-190.00478858897378,-21.793478651092823
67.15500119686943,2.0257959041074116,7.978707659707908,11.279067361503166,-190.0037384339012,-21.793478651092823
93.73940552944634,2.2956311987475715,8.425699725886801,8.54845274336671,-189.9920830778783,-21.793478651092823
103.8870106232962,2.3337122968728607,7.977296468395963,10.673416629798169,-189.9896142655781,-21.793478651092823
89.65954383141545,2.2984375463827575,8.406509655584813,8.021264511189116,-189.9771622875875,-21.793478651092823
84.32416086880053,2.2323188856702245,8.173290746783664,8.937598105893642,-189.96883717020103,-21.793478651092823
103.69068567196754,2.148022342775434,8.301150975330529,9.538682175593294,-189.96800858203855,-21.793478651092823
91.37421056219902,2.2153149680591753,8.353724273909421,8.273189409146909,-189.96302315732024,-21.793478651092823
64.20820089823884,1.8987266774969385,8.108378019313307,10.709612119713654,-189.95414646840555,-21.793478651092823
93.41959081508391,2.2164388051502186,8.014963149170228,11.140461354183259,-189.9377088769445,-21.793478651092823
102.6214585926922,2.289697019287374,7.9898762464346476,11.356285385184464,-189.93578447699713,-21.793478651092823
70.27959134133562,2.167357019804811,8.23186081641714,9.193486076536175,-189.93575938035497,-21.793478651092823
74.59466706877357,2.097045713498801,8.447886524356619,8.650336120623479,-189.93340120734973,-21.793478651092823
86.04822554687823,2.354973497905945,8.118970671647787,10.569784096930448,-189.93223982375366,-21.793478651092823
90.38947728687313,2.297641886116196,8.121232833605347,9.105714275543761,-189.92545413050175,-21.793478651092823
103.33944791049032,2.3405350757111876,8.103739579879885,10.57987833487553,-189.9237606448955,-21.793478651092823
87.90387069665447,2.3865573490621017,8.13838881841906,9.40080833195401,-189.9123414796381,-21.793478651092823
73.24055026739667,2.0844282848794506,7.994280137808516,11.161756453038208,-189.8950207666949,-21.793478651092823
81.32105292504126,2.189172627522069,8.17213422813569,9.09585260349263,-189.89362687009756,-21.793478651092823
81.43439989906085,2.2045713201348747,8.420598944160105,8.091890345763204,-189.89340499242223,-21.793478651092823
114.73377838503815,2.1959140366868866,8.026825033129796,10.081678587269181,-189.88900344147564,-21.793478651092823
114.64404104869958,2.1179509198915696,8.045794223938941,10.272886509378168,-189.88354086148905,-21.793478651092823
65.49000651530442,1.9432192500026702,8.195987938778188,11.017546510887342,-189.8812714440233,-21.793478651092823
107.6442085971442,2.2772772983256573,8.138465928506605,10.566751298454221,-189.8679374887997,-21.793478651092823
108.48135851710107,2.282837047730027,8.284623282283633,9.229426621096394,-189.8661725104098,-21.793478651092823
99.43716206455964,2.373811225308529,8.223804352115707,9.642748403591725,-189.8639609343669,-21.793478651092823
66.23308590326228,2.0372576596898995,8.013000545977604,10.51241561946074,-189.86373741435818,-21.793478651092823
108.13822726712984,2.171372236335344,8.052047617499966,10.341274417493082,-189.85887048007783,-21.793478651092823
91.90192726619256,2.1582231544626183,8.251342393991166,10.117441395383736,-189.85879324226207,-21.793478651092823
84.90685408181139,2.2329782671833556,8.003699003548718,10.341720076290727,-189.85491486739335,-21.793478651092823
98.85284897461011,2.2419139953888703,8.374532688141699,9.445834102948595,-189.85480136639632,-21.793478651092823
89.97079572654138,2.345079720532084,8.018040938417471,9.913545436311836,-189.85465559931714,-21.793478651092823
81.82436064947302,2.3340569552631507,8.070876975149304,9.891223792479451,-189.84987438754465,-21.793478651092823
77.77107309499338,2.278589202913082,8.263434127572197,8.991306574698399,-189.84784013196642,-21.793478651092823
102.71057843936254,2.181520873257668,8.292455389049593,8.739263063823358,-189.8461668638468,-21.793478651092823
101.98409706513074,2.234391449089884,8.352461165603358,9.567325894207869,-189.84192336161817,-21.793478651092823
98.79846829938046,2.244309827259414,8.091037902721979,9.608629369529467,-189.84122159431942,-21.793478651092823
98.98496417461595,2.271532921272737,8.358378887835613,9.479529753612383,-189.8336235687052,-21.793478651092823
97.91743698198825,2.2464286358575976,8.300221009426082,10.128883081243458,-189.81832099905614,-21.793478651092823
75.50601301215936,2.2007995841486547,8.125732784719077,9.270561773138724,-189.81542088483297,-21.793478651092823
73.96080238417285,2.0547363810880483,8.419823023213354,9.15268103633457,-189.8115915125105,-21.793478651092823
113.88159461073242,2.214956322470343,8.030498089311322,10.08483683626443,-189.80671990252935,-21.793478651092823
66.6715374942856,2.0202947916059486,8.229262385704857,8.933939622376045,-189.80585447540213,-21.793478651092823
125.39111348360866,1.9811206261248344,8.21562699050125,9.090459999848065,-189.79454716575037,-21.793478651092823
50.74891471207482,1.6351777490928043,8.248081820648707,9.706350547759115,-189.78919708346314,-21.793478651092823
72.01355989040022,2.091800057393641,8.09816726492744,11.434102999758665,-189.7869811238287,-21.793478651092823
76.72912732740143,2.078327265233497,8.111622045839084,10.473321540003866,-189.78674781021851,-21.793478651092823
70.56209338748823,2.029942715381864,8.192333858752164,11.061100669879522,-189.78674138494736,-21.793478651092823
97.92273848999693,2.17618273944872,8.186639287539663,10.52082591193465,-189.78363302319238,-21.793478651092823
111.81488320004875,2.1126593393394586,8.228293111911853,9.143410296115462,-189.7801022856093,-21.793478651092823
106.18397694890491,2.261823093485276,7.971630623910642,10.618108918396558,-189.7725874647945,-21.793478651092823
114.2164103545384,2.197662722097647,8.188638251517858,10.03797551848237,-189.7716114683646,-21.793478651092823
79.34748686538872,2.099042266212237,8.371491507051928,8.885368601392372,-189.76307743996443,-21.793478651092823
98.20229282396423,2.1897569131611476,8.117689657794159,10.847358917321628,-189.75183034110682,-21.793478651092823
66.48201854985322,1.9317537435669863,8.141947760472931,10.457020313258113,-189.75106829734463,-21.793478651092823
70.49151089220517,2.0267490034695044,8.235038280143527,10.83129608491231,-189.7464984791906,-21.793478651092823
91.4160144182599,2.319864379888429,8.135728443668313,8.992546741822963,-189.74584446098513,-21.793478651092823
96.94830016731092,2.233015608270577,8.215219093161267,10.727402875723072,-189.7380558297141,-21.793478651092823
94.43180069866249,2.2328583670406346,8.02265108869122,11.380251475518122,-189.7309457410566,-21.793478651092823
72.93993188718535,2.1220150207780506,8.257381579970001,10.546658156543401,-189.72668677583522,-21.793478651092823
74.35048693155923,2.2254681927903306,8.025472292247827,10.744929797984526,-189.7243537971282,-21.793478651092823
67.80426647793684,2.0299726995112053,8.334218880985276,8.536142588367483,-189.72297086961612,-21.793478651092823
120.66102002704815,2.0976405139198846,8.12376926247947,9.974704584010993,-189.71913570088225,-21.793478651092823
91.94305307060421,2.2187907326187286,8.077141630341117,10.044924797950102,-189.71873848491052,-21.793478651092823
97.78436020127201,2.2762977431351885,8.006798746937392,11.471870696327585,-189.7153102159829,-21.793478651092823
77.75770541432186,2.1557512601668094,8.412222145067716,8.227900610023056,-189.71521940346648,-21.793478651092823
63.62061955160336,1.9917367215624466,8.212655989229944,9.108601274084265,-189.71491196835004,-21.793478651092823
113.84496726417257,2.2072200813896075,8.287251468458322,8.495849962572919,-189.7147572489475,-21.793478651092823
93.26287424992645,2.402620196029403,8.177754099293878,9.458332521850963,-189.71464078293874,-21.793478651092823
81.73105738248594,2.3185831237800016,8.251607808225145,8.813276359887965,-189.7142291063284,-21.793478651092823
77.38199833177568,2.1564068311776623,8.007494986236111,10.52305954385011,-189.71302165870182,-21.793478651092823
100.5135275828119,2.3618882900556883,8.278696916265915,9.071569966591227,-189.7037012908751,-21.793478651092823
97.45881134491628,2.2617529487047534,8.026450098909834,10.114801489449718,-189.6994392341157,-21.793478651092823
66.11865966257416,2.0685050809241687,8.053078452722275,10.25355473714967,-189.6981302630634,-21.793478651092823
87.77120312699857,2.2479676607158297,8.349080667371481,8.11228744719574,-189.696305944305,-21.793478651092823
59.30864536325514,1.826822726895628,8.271416006124497,10.465592391762868,-189.69318657036732,-21.793478651092823
89.66183115013952,2.262519181920524,8.227132010952403,10.703454625166387,-189.6892419631231,-21.793478651092823
101.8233066121406,2.224389421632722,8.028784557979407,10.400116161427604,-189.6809694554431,-21.793478651092823
65.53557911237053,1.9208444343051099,8.264990343307886,9.408688439823237,-189.67452155367212,-21.793478651092823
91.88741258931039,2.2287965338096,8.004332617134054,10.83495430634045,-189.66591863826545,-21.793478651092823
75.43208322015228,2.187010429320864,8.389992408819694,8.722226690841694,-189.663895167838,-21.793478651092823
70.08665949331662,2.0697158911172693,8.41484889049093,8.814393448581683,-189.66266934714673,-21.793478651092823
68.03091448996919,2.115154633001353,8.053038732705687,10.705093480897517,-189.6619261653569,-21.793478651092823
106.49489856742449,2.2546484780118448,8.076106111285412,9.496575746164297,-189.65198832467243,-21.793478651092823
125.1326102358957,1.9743080819579006,8.232348856965132,9.243589462477559,-189.64670911016808,-21.793478651092823
108.97430808383838,2.2633771704033308,8.040916937893655,10.873647589496017,-189.63853524527337,-21.793478651092823
73.19907147312013,2.2023160141819034,8.256134347376474,8.921780145405279,-189.63348089552326,-21.793478651092823
54.932833560087445,1.771635949593616,8.17670279021317,9.697548565487153,-189.6309192436499,-21.793478651092823
52.99987474571333,1.7181610647462264,8.149379334282543,10.802471100537957,-189.6303749676508,-21.793478651092823
72.86091674669602,2.1187478388908545,7.970767526561815,11.18171703280646,-189.6298398858924,-21.793478651092823
68.11385238212218,2.0809624042092167,8.351053959081867,9.126342925757854,-189.6283689380152,-21.793478651092823
92.79830806631661,2.389932052799722,8.184951991187546,9.012216084366685,-189.62799550690661,-21.793478651092823
99.73451163815173,2.176585863653571,8.150771907614342,10.483347857694667,-189.6270979350799,-21.793478651092823
110.15694146570709,2.183301087201386,8.098562938844594,10.927339932621663,-189.62257815375696,-21.793478651092823
81.44587010300802,2.28473233548101,7.976519770568842,11.201482941238197,-189.61944734184323,-21.793478651092823
100.71759654541071,2.2546263503104598,8.119159279996836,11.097551997213657,-189.61065582507428,-21.793478651092823
84.24858490505194,2.160482226149867,8.105375998667768,10.19411454218124,-189.60493656703295,-21.793478651092823
70.04708278257891,1.9865043293689268,8.207181269589881,10.759644534426513,-189.60222418335096,-21.793478651092823
65.57448236312695,1.9685169760844872,8.361350292280093,9.7588165619876,-189.60190402397993,-21.793478651092823
82.63287419740053,2.310075202761624,8.023139477701989,11.059799165685234,-189.5724779736211,-21.793478651092823
118.84780691823457,2.1315066763033315,8.232631955586214,8.979327905755099,-189.56976543170737,-21.793478651092823
62.933090925738405,1.964475096698024,8.061653424323708,10.231852511357317,-189.56340004871012,-21.793478651092823
114.39228528978713,2.196303393774542,8.294922510902751,8.771547204327163,-189.56303527024858,-21.793478651092823
60.65143198654207,1.892624872858903,8.151677790413743,9.6670226897335,-189.56006402057898,-21.793478651092823
91.4140587645126,2.3816315080161843,8.058135997286826,10.613694072779936,-189.55418300777094,-21.793478651092823
67.5307413007296,2.065267114026142,8.334565493016754,8.686393029613612,-189.55326681472948,-21.793478651092823
104.3743917757279,2.344010161988365,8.032834947021115,10.263977794595974,-189.54911480238744,-21.793478651092823
64.6432382860141,1.979373377551596,8.071358869370101,11.323454837559296,-189.5437531301029,-21.793478651092823
102.52993551183089,2.3523588823313304,8.143043795094371,9.09222295369375,-189.54165305443394,-21.793478651092823
62.652056602368994,1.869991568712436,8.359946879153199,9.490781014824734,-189.5335755640727,-21.793478651092823
72.85100446762607,2.0287594699636315,8.323682813018735,9.092948790188416,-189.53316304489394,-21.793478651092823
78.06553383045136,2.2122073493306544,8.077370462548572,11.338687535479892,-189.52983843522395,-21.793478651092823
72.51284310491575,2.200113215392008,8.057393268492888,10.2671884786688,-189.52921477369145,-21.793478651092823
101.2358841079898,2.211706474693898,8.12563506626418,9.630858909501484,-189.524776899923,-21.793478651092823
103.20436314426505,2.165041742080305,8.19255601011676,10.330402351093738,-189.52061971854118,-21.793478651092823
75.26013053245448,2.1614188328880175,8.04946216492803,9.983254715659854,-189.51338915386108,-21.793478651092823
80.72223853450438,2.268344032863908,8.209139196818029,10.461499026576547,-189.50956948648286,-21.793478651092823
96.76805160185924,2.2249297308368625,8.119476333444851,11.117589588522492,-189.50757242725084,-21.793478651092823
111.38045871047123,2.1045218419224057,8.232012313462263,9.711164258124029,-189.50124067610966,-21.793478651092823
98.827534370594,2.187199137495398,8.281655044459143,8.983400014460926,-189.49322189297698,-21.793478651092823
91.5528846993546,2.322226923216249,8.265841761206275,8.33518665981046,-189.49194190838577,-21.793478651092823
106.21261215990897,2.236117814756625,8.347278522825832,9.26958920395299,-189.4909696162935,-21.793478651092823
88.4505575416669,2.38155123778877,8.205207781808696,9.42195405046752,-189.48841845766603,-21.793478651092823
121.15122967002087,2.044036876695003,8.249613515220574,9.482022612761256,-189.48000369428658,-21.793478651092823
101.92345534077782,2.3552551137133975,8.209775431162825,9.724153641640072,-189.4776089361862,-21.793478651092823
57.17725302588006,1.8670628139978476,8.193132993977287,9.76074944288041,-189.47290636712276,-21.793478651092823
94.33637529864919,2.209063614854827,8.354000271745036,8.468778130145068,-189.46685816619984,-21.793478651092823
86.43855392636935,2.373577047070185,8.112405043453322,10.057553668756555,-189.45932157548162,-21.793478651092823
119.29735390568388,2.078331415976521,8.077259409085542,10.487880717221344,-189.4588176920019,-21.793478651092823
114.62050327576573,2.1245873800227457,8.355121820003689,8.642610969874823,-189.4560910568486,-21.793478651092823
84.70687519833463,2.170110641535061,8.340240284023224,8.6054202163686,-189.45441964731756,-21.793478651092823
92.0372920163189,2.254715063903845,8.190262524983353,10.89080734578016,-189.44760588097765,-21.793478651092823
102.66002738463591,2.2992293204993643,8.335662568345583,9.157991599531101,-189.44591289271747,-21.793478651092823
68.91893207019898,2.0482388555503803,8.047338948447702,11.427299798851209,-189.4436620561905,-21.793478651092823
95.31491077980806,2.172380473012339,8.220055710180674,10.185718179600968,-189.4434867616739,-21.793478651092823
97.7994511486907,2.2459833965935303,8.390777014349851,9.18063443732774,-189.43514692548823,-21.793478651092823
68.22547117644605,2.066368015826498,8.272128614615667,10.21966521407839,-189.43509644344402,-21.793478651092823
80.73866682597092,2.1364515797118315,8.134171305828943,9.92567187228741,-189.4349990719772,-21.793478651092823
66.20603716536266,2.037620664598151,8.352558057802668,8.979609153849196,-189.4337752397082,-21.793478651092823
84.70657621055759,2.2831642611903646,8.032949212161213,9.908480760520433,-189.4325049689338,-21.793478651092823
68.80553527819181,1.9602922343206473,8.200376965970776,10.486118075183526,-189.4236403303576,-21.793478651092823
86.93366891117925,2.1688116617268065,8.399778398018071,9.157821037337868,-189.42049373570535,-21.793478651092823
82.15916740800444,2.3261569897302508,8.250267107375777,9.156812102432696,-189.4203056892488,-21.793478651092823
111.8635014963301,2.1501581441807502,8.080686325870346,9.957557458782247,-189.41959394973196,-21.793478651092823
70.94208348634038,2.0075513103489726,8.167027859992004,10.92048024298731,-189.41600906752072,-21.793478651092823
64.3977038237292,1.9726327487986026,8.125893270731552,11.151947216539554,-189.41149129201344,-21.793478651092823
109.25381941145024,2.1532087558296524,8.289358566542091,9.790912499375679,-189.41043210101702,-21.793478651092823
115.64581413731018,2.087103200177822,8.250307881782533,9.839095280318787,-189.40926722986933,-21.793478651092823
116.46003226305311,2.145030006281985,8.037707774054923,10.26093878668965,-189.40605652202524,-21.793478651092823
52.72404389428117,1.7360571982129898,8.20692027695327,10.11068549228466,-189.40362511047167,-21.793478651092823
75.98033872832063,2.1486308471801436,8.415632504792569,8.416528598278092,-189.39977703671997,-21.793478651092823
85.87665143170354,2.188782569110245,8.163009006683723,11.069826149015825,-189.3995923873416,-21.793478651092823
91.77748715135834,2.228725175174077,8.125704360851785,9.565736801125837,-189.39873973938515,-21.793478651092823
94.85457064926783,2.355768578340488,8.279862057918905,9.513520347733333,-189.39289962696645,-21.793478651092823
119.6316874504829,2.024203128366935,8.183180206998117,9.49447238149125,-189.38775003922086,-21.793478651092823
106.44507782660617,2.1801709235339928,8.166788439062799,10.65044470942803,-189.38679442408505,-21.793478651092823
90.29534822021252,2.2517419055133416,8.398426567158737,9.21621595674742,-189.38597743836377,-21.793478651092823
100.74628509661098,2.3708888715015206,8.059354785970498,10.33252625380183,-189.3727512488679,-21.793478651092823
84.95468618792333,2.2059677438100493,8.027183478916584,11.450605270275219,-189.37255216573774,-21.793478651092823
105.42086099240733,2.199264264087688,8.35856433267864,8.32308376021723,-189.36515502356426,-21.793478651092823
111.49426281501104,2.186187701130777,8.112002835987738,10.75470414939997,-189.3626380331563,-21.793478651092823
61.76006816897454,1.8422762867063938,8.264544311712257,10.044780231422095,-189.3625397831923,-21.793478651092823
100.68667704033219,2.2092758078890853,8.322430582949323,9.799912574958654,-189.3624508200191,-21.793478651092823
57.49114292225323,1.8599616090331494,8.114026062789861,10.685889907081872,-189.35512063679926,-21.793478651092823
70.83757810452823,2.0268684420841936,8.168823287346214,9.70709122215763,-189.34106595181348,-21.793478651092823
98.49299127346217,2.199931516991626,8.39309103673429,8.906638926117267,-189.33703147384665,-21.793478651092823
71.11636157377133,2.0354080609351257,8.34907409428908,8.73321073912652,-189.33605529900214,-21.793478651092823
104.67611214401592,2.3415004439646623,8.180958625434158,9.031916051340488,-189.33457139008976,-21.793478651092823
81.27184341380932,2.3131130991585422,8.243455004927455,9.51491337980508,-189.33073474410284,-21.793478651092823
101.74471842764942,2.1731786452272246,8.325804004800176,9.455657458098784,-189.32929211399795,-21.793478651092823
109.83115307675351,2.1334445255323686,8.167461078172096,9.745046308519477,-189.32653236433765,-21.793478651092823
58.60720859329967,1.8268870424343362,8.089830331195259,10.917534395585307,-189.3236256095094,-21.793478651092823
87.7424543659271,2.307306651914544,8.151529578931104,10.846324875501011,-189.31363764125058,-21.793478651092823
83.97688000331271,2.2424474331431554,7.991039697551031,10.52483631947149,-189.308266644589,-21.793478651092823
76.95929039961572,2.069360374774149,8.213031581430954,10.528787256151048,-189.30271841164085,-21.793478651092823
102.69169745267683,2.356797340403986,8.056956876297619,9.981656915426782,-189.30266831949936,-21.793478651092823
116.66434325626477,2.1058362887583684,8.206478370022694,8.898664214369433,-189.29835989368473,-21.793478651092823
58.091403431170804,1.8755663692537894,8.114603409326378,10.665632812388111,-189.2958424053126,-21.793478651092823
89.2500493878502,2.2957324564141857,8.289626057485464,10.011409450619766,-189.29288114761763,-21.793478651092823
74.45320352998618,2.217947694897987,8.259309286247799,8.96657174910041,-189.29070323572464,-21.793478651092823
85.69417646820806,2.319862434790622,7.978486626039938,11.058124537165014,-189.29016764231147,-21.793478651092823
60.92039281821378,1.8781204405747474,8.172710768167349,10.930829269504784,-189.28210115481062,-21.793478651092823
94.20846235159357,2.3970570826057838,8.118404440102069,9.705177236630334,-189.28132181787313,-21.793478651092823
57.38691324866615,1.8451888418859,8.2615674218589,9.306912956092248,-189.27100574798786,-21.793478651092823
86.90049336010155,2.3469875982004,8.021839918646236,10.860208917520879,-189.2652022378674,-21.793478651092823
71.83127832436296,2.1283525961830065,8.25472853750665,8.747124421899969,-189.2650665504477,-21.793478651092823
90.10720991856202,2.3169730851888914,8.13207673020571,9.103571587362865,-189.2626099575645,-21.793478651092823
109.57647038286852,2.24274213377835,8.139753595884656,9.08564873023505,-189.26105653028486,-21.793478651092823
105.82763049183377,2.222348269410503,8.044109647310734,10.122251733811083,-189.26104709132477,-21.793478651092823
80.19939168116456,2.1291723391953497,8.266534646760533,9.076176693951396,-189.25801463055365,-21.793478651092823
75.57359359945465,2.104674311670422,8.41121390164139,8.57213005328515,-189.25587854495413,-21.793478651092823
96.71741625414316,2.3191469689655264,8.264575055482311,9.985134728492739,-189.25158390896564,-21.793478651092823
94.63552720681753,2.251381268382957,8.205928883143656,8.867288108191872,-189.248251828969,-21.793478651092823
56.68902319463843,1.793068755701114,8.2853030981355,10.107169530096968,-189.2477247365375,-21.793478651092823
90.51235258928251,2.2445000699417506,7.993266116212226,10.84160095013516,-189.24725284628846,-21.793478651092823
109.68159194924993,2.1416614369869933,8.341450633085373,9.03166922902031,-189.24393330858044,-21.793478651092823
120.18251058035364,2.0904544310888014,8.233219091060647,9.01176977914497,-189.2438012338699,-21.793478651092823
81.64452101502172,2.144818781475877,8.226160466058587,9.264896666827923,-189.24351942798378,-21.793478651092823
97.27939836413644,2.295697632327858,8.250102627978606,8.42909751930111,-189.2396455656356,-21.793478651092823
93.10707014966442,2.283830799824159,8.239495208349666,8.530490870985744,-189.2298762289908,-21.793478651092823
87.98902515580572,2.3215672630032884,7.991615318400392,11.230361553232882,-189.22829167721292,-21.793478651092823
65.85985458768994,1.9806260964509477,8.068508870889332,11.274971688402616,-189.2218074152021,-21.793478651092823
105.2925283267659,2.19406399831162,8.198842635010578,9.110510954325804,-189.22158287444947,-21.793478651092823
72.38335984959915,2.1784091364715863,8.034587564593892,10.377447551136754,-189.22033173476692,-21.793478651092823
68.398682468915,2.011677916809191,8.168565060351142,9.558780215622647,-189.21444656610564,-21.793478651092823
69.6277169216364,2.1468194491715025,8.082046741991604,10.349400034464566,-189.21169695348505,-21.793478651092823
104.9524399420489,2.2883089278087,7.992160198284012,10.485502670449932,-189.20966965349007,-21.793478651092823
82.49057904230423,2.163387558082462,8.077806809694067,11.243879889447015,-189.20883722264247,-21.793478651092823
81.92969141902806,2.232244132911717,8.181698819021477,10.899164811671142,-189.20133107942368,-21.793478651092823
106.04525117170046,2.308581407871557,8.286818469246498,8.805466557081559,-189.19879470268705,-21.793478651092823
108.87101092662273,2.259929924176234,8.087892427392035,9.485926161325722,-189.1952355451533,-21.793478651092823
68.6195586430971,2.0656194897226783,8.108685913782693,9.715578513157993,-189.19218675618262,-21.793478651092823
101.82605507233825,2.2954135556270643,8.318466761954966,9.410050807644694,-189.18922481101907,-21.793478651092823
104.38129078670676,2.201887879436768,8.356638323499311,8.401341902382995,-189.18909200143224,-21.793478651092823
91.29168043214509,2.37844617526369,8.236675950390634,9.37415286852459,-189.18642348777902,-21.793478651092823
52.49793198381197,1.6963546547945896,8.269597413303444,9.829790136198056,-189.18383905251363,-21.793478651092823
113.35805951391866,2.171340862675919,8.07564563847589,10.725696142449294,-189.18160402866886,-21.793478651092823
119.44350232298841,2.11083171628853,8.147980493648475,9.380306878450313,-189.17969118131035,-21.793478651092823
87.51463913246106,2.3008396643988362,8.131065474366181,9.152378245148242,-189.17921766448458,-21.793478651092823
99.73897494265778,2.191488565225697,8.367272284126699,9.109350738623078,-189.1728270594536,-21.793478651092823
77.03968779382848,2.2084925606294945,8.184110903154163,8.987878456581171,-189.17242868737324,-21.793478651092823
108.57302152309842,2.2270457150262217,8.020823930005406,10.959465704609585,-189.16965918778672,-21.793478651092823
116.27897423278739,2.142431194585839,8.127374025981737,9.349414511737223,-189.15883167670205,-21.793478651092823
94.82253450642614,2.315050092425352,8.259622458127637,10.08577392443732,-189.15542482330105,-21.793478651092823
63.6496436633894,1.88815789648514,8.333761557893553,9.628094689682996,-189.15082993560137,-21.793478651092823
93.67054330804673,2.3858058205272243,8.159850484631392,9.21614920350703,-189.15046843752302,-21.793478651092823
77.50671829143478,2.2652925977623113,8.232087763593967,9.055233664326977,-189.147456549947,-21.793478651092823
98.65918617019649,2.3337614424441,7.979826622458319,10.62500696779415,-189.146151094512,-21.793478651092823
105.91523434052232,2.2400777854559664,8.043872404738238,11.074680824994232,-189.142613579034,-21.793478651092823
64.92411946610683,1.9711799864787025,8.035949958221892,10.918524692316367,-189.13774427643318,-21.793478651092823
82.49613251898803,2.1603176259880996,8.059755918480562,10.723806420542786,-189.13628960220035,-21.793478651092823
82.3569475604376,2.1254884404101233,8.256901230140016,10.326483785476029,-189.132549632816,-21.793478651092823
79.98531955859815,2.2506902446122012,8.009371226016071,10.30029796593277,-189.12854621936714,-21.793478651092823
78.06356060170013,2.1926721300184084,8.403120432449413,8.520201188156335,-189.12547609016804,-21.793478651092823
93.9479414353442,2.31309716648083,8.121736144912063,10.967834003087233,-189.12537475071835,-21.793478651092823
73.50506533301538,2.1712802332546346,8.235158291170933,8.838116510039299,-189.12433801795618,-21.793478651092823
100.83133402492595,2.243400345968908,8.088079114082717,11.114003306038711,-189.12253861407243,-21.793478651092823
76.54349797198145,2.2638213188745624,8.09600593292862,10.077031508663339,-189.11540446613068,-21.793478651092823
88.3836980435642,2.174098595386724,8.336712088373389,9.76641249223249,-189.11306708307822,-21.793478651092823
81.08243759132684,2.125514488915883,8.25164976553009,10.481446555274204,-189.11289227440264,-21.793478651092823
109.04929647995016,2.1619235683191675,8.315498207512093,8.616489793438461,-189.1104676731151,-21.793478651092823
80.26096033602911,2.2690268863117353,8.307626720398247,8.568261244442652,-189.1087234300297,-21.793478651092823
107.57322575592298,2.232596133350455,8.113851500635121,9.359106763845887,-189.10816758224786,-21.793478651092823
69.60081800833696,1.9815162416970225,8.17313084246399,10.385525087762062,-189.10664830690968,-21.793478651092823
80.36419661410046,2.2254520049243354,7.991653032198599,11.414356545553488,-189.10531721608675,-21.793478651092823
97.8837604803649,2.2695036397883683,8.167736326616563,9.007848662505836,-189.09647253405558,-21.793478651092823
69.32294310263114,2.1345870099260367,8.185397568825323,10.1410894137247,-189.09130016964244,-21.793478651092823
119.49050773564062,2.053888909861712,8.116960633264767,10.217250750168375,-189.09115774937789,-21.793478651092823
102.43052714569716,2.2382918123800266,8.162077911175231,9.14382324855734,-189.0886869393257,-21.793478651092823
121.5428683903586,2.0277472623974973,8.248489215415333,9.003305083608069,-189.0834903484993,-21.793478651092823
107.91348592721914,2.2839786399874527,8.286516673357255,8.706961296480188,-189.07928492286385,-21.793478651092823
82.628374046431,2.2726927538994772,8.21264047207896,10.471445475670151,-189.07817228126427,-21.793478651092823
88.84427161338257,2.343009540591254,8.197103266587504,10.234844514622665,-189.0777032737342,-21.793478651092823
118.12272601037468,2.0872339965782203,8.114708371522198,9.671763112906945,-189.07518436234574,-21.793478651092823
85.5280671811218,2.335611234097982,8.02502347684478,10.8296704208812,-189.07474567257378,-21.793478651092823
83.47988374212748,2.1650480207942024,8.217042474053073,10.752637058635713,-189.072643287849,-21.793478651092823
67.92246309966829,2.00338410318966,8.05955616473392,10.642725861032176,-189.07195255422997,-21.793478651092823
87.46216901898337,2.279591246629792,8.267539131094566,10.225698963489151,-189.06761261314224,-21.793478651092823
87.10567551941199,2.2079949955379163,8.023803681039652,11.025828522940543,-189.06746029166456,-21.793478651092823
78.1767632580223,2.2733541525677197,8.251004542156437,9.41670642660452,-189.06722989846978,-21.793478651092823
75.88888354978194,2.1238551371856857,8.141580063889364,9.581584205751028,-189.06625138915285,-21.793478651092823
65.53285435950731,1.9659936647257439,8.211775668688603,9.360812924053448,-189.06614935515142,-21.793478651092823
83.31660366007007,2.3144166142934495,8.247640719196937,9.772877862597227,-189.0633493834466,-21.793478651092823
77.18797815525629,2.135069209756324,8.419962829758077,8.66433356370456,-189.0571142480936,-21.793478651092823
66.23751386026966,2.0587322126844327,8.061161757234032,10.345121941635682,-189.05638285701144,-21.793478651092823
95.07673698751069,2.1866776031728676,8.154585990307112,10.353690890102996,-189.0560537395428,-21.793478651092823
102.24137881702704,2.3307963889244405,8.210853790718033,8.709105435241725,-189.05584762108904,-21.793478651092823
88.6880890217159,2.369053399916794,8.209865871220842,9.660563581279973,-189.04832243955929,-21.793478651092823
84.41357586656733,2.2489635608313847,8.20603824580752,8.814023490393538,-189.04399383175098,-21.793478651092823
68.93911796020039,2.130611460898294,8.17393057930471,10.116083663399621,-189.04312541291714,-21.793478651092823
61.70783158704224,1.9121783972435082,8.296343908808637,10.051865996755481,-189.04022291638182,-21.793478651092823
96.77408754823429,2.2775994160683553,8.37744181869877,9.1121800017402,-189.03722875397864,-21.793478651092823
75.6285746659132,2.140114585674496,8.149024634395062,9.406301279194139,-189.03455149270408,-21.793478651092823
75.93865810301847,2.1349213945910748,8.0467990232369,10.337169501116477,-189.0336729144014,-21.793478651092823
76.56185341544037,2.0688540022498785,8.250366663696127,10.344252530038773,-189.0297543327146,-21.793478651092823
72.12434401571984,2.120298268142278,8.336011595276148,9.661300250808779,-189.0289635907754,-21.793478651092823
83.04415443025685,2.129943231058718,8.346014184921927,9.338124893478408,-189.02789467425364,-21.793478651092823
104.39500708519607,2.1759419620877054,8.322600880156301,9.463159607566467,-189.0238592872091,-21.793478651092823
98.19468680984345,2.224225952209224,8.044367171608656,10.792146503374823,-189.0210610331334,-21.793478651092823
105.15464779111447,2.307307021715559,8.019652550520703,10.250996137770585,-189.02025070823208,-21.793478651092823
75.8312973165568,2.107104864294101,8.386481227058084,9.461379593608456,-189.01394956173513,-21.793478651092823
80.68394484753532,2.248242007717664,8.352662002471533,9.240325928665811,-189.01330542926792,-21.793478651092823
91.5955344632936,2.1767715614484757,8.26695212645572,9.390792720409053,-189.00701897561757,-21.793478651092823
87.20619479222646,2.3487016895402633,8.272774434149,8.828969166741814,-189.0064545873303,-21.793478651092823
79.08270797196755,2.275211709469744,8.268405303164059,8.9012596477898,-189.00179501638993,-21.793478651092823
98.44545608046262,2.3056456568334767,8.135467220251485,10.820103287331818,-188.99781045360115,-21.793478651092823
65.43465569592053,2.0422788870018422,8.224115981035993,9.242744841614211,-188.99276346249337,-21.793478651092823
93.59940375229398,2.384621502912111,8.103301894323323,10.232239760708268,-188.98954751848413,-21.793478651092823
107.70410948541407,2.2885760425066337,8.066126281559605,9.781061183839682,-188.98822529091854,-21.793478651092823
107.75621624787347,2.2287979918386895,8.027524989651539,10.938540158783411,-188.988045709717,-21.793478651092823
106.76388373603969,2.157046888195026,8.191965528756128,9.675036866942236,-188.9865776820996,-21.793478651092823
104.64518632626512,2.3017933857247783,8.011218466210238,10.788059937199705,-188.98655961817488,-21.793478651092823
84.99743422134506,2.335002309332154,8.018621945116621,10.531440835353976,-188.98416894846963,-21.793478651092823
81.28122741953783,2.1636100950655504,8.14986681536638,11.100646504448605,-188.98018255025673,-21.793478651092823
83.59729835774732,2.3206607783325666,8.020580590497275,10.748536786282216,-188.97552596021984,-21.793478651092823
67.74218955958906,2.005786190463411,8.068372052737317,11.208036421863966,-188.9754319266351,-21.793478651092823
115.62504551827399,2.107333875065734,8.309047205872616,9.105372312220311,-188.9726971713127,-21.793478651092823
58.557527746490294,1.8598564844550651,8.28390951142967,9.880655829833927,-188.9692361095341,-21.793478651092823
93.23165684882288,2.185224580532733,8.241791130805268,10.268288822587579,-188.96364204053742,-21.793478651092823
114.11356609343878,2.1827975108436277,8.04891718025678,10.204538435780421,-188.96361022704983,-21.793478651092823
87.47623909325398,2.191389996143883,8.095284996452335,11.068682667321497,-188.96280333151418,-21.793478651092823
59.0732463159663,1.9030714711263101,8.205676892328796,9.700379705481481,-188.9622686773309,-21.793478651092823
93.55727495403414,2.3727663818762323,8.247262985555437,9.387646732640775,-188.96178553463585,-21.793478651092823
76.83448289232619,2.1101678659064476,8.409070737295167,8.987709815744836,-188.9608386953968,-21.793478651092823
110.31936976230025,2.211914229614422,8.131031398239429,10.580940295375626,-188.95733332576765,-21.793478651092823
79.54721711151159,2.19416762699295,8.08300647402379,9.803021935918451,-188.94869558957504,-21.793478651092823
79.42178068153324,2.1848048662445905,8.16299301877541,11.04445501396566,-188.94852367457273,-21.793478651092823
80.51730164926066,2.15955265322863,8.417556904755173,8.666025875302694,-188.94633962227024,-21.793478651092823
57.34457854759852,1.8359252120197027,8.280239348985987,9.751140061829602,-188.9456947485128,-21.793478651092823
101.77353731537971,2.3555005873391224,8.163724853555152,9.919188331719653,-188.9440442315813,-21.793478651092823
86.08076537581071,2.311671361657716,8.040918738631348,9.92490936316699,-188.94397218130428,-21.793478651092823
120.03083323464705,2.0428383210790457,8.153325372514331,10.013469505855198,-188.94217687671988,-21.793478651092823
87.66801053982292,2.3028148850961117,8.307921048836334,8.341529703958486,-188.9358769011092,-21.793478651092823
81.1509008980321,2.263242375507204,8.008228512195302,10.351858844539663,-188.93155337851184,-21.793478651092823
70.0531062890055,2.0493365408772632,8.388054197467795,9.229403910274101,-188.93077807138891,-21.793478651092823
98.58250380166604,2.2401208144096785,8.3049625866405,9.920014685837685,-188.93020744115304,-21.793478651092823
113.59025240275263,2.2073629240588417,8.066679181450837,10.009349201468325,-188.92761557939605,-21.793478651092823
92.9015347720739,2.2655725097957884,8.273289812004379,10.235831934911857,-188.92605233870412,-21.793478651092823
71.99274799857173,2.1222406789236885,8.358218093521344,9.282276608793524,-188.9209372551262,-21.793478651092823
96.52627419011974,2.3659146249662513,8.116753893450749,9.347357177682284,-188.91903144224676,-21.793478651092823
112.83231840899731,2.14638892264648,8.113654314918676,9.714668493848023,-188.91854871249228,-21.793478651092823
58.012955741213624,1.8314472693068495,8.250378347894411,9.405272738104003,-188.91413492311463,-21.793478651092823
94.41320638526305,2.308682630771287,8.090050588098222,11.082372706093793,-188.91130781312688,-21.793478651092823
84.0455008479908,2.316250628702022,8.268823998052198,9.577918626468971,-188.9089135112343,-21.793478651092823
86.82829279670021,2.17062287956648,8.381844299593382,9.097217388330904,-188.90874263587403,-21.793478651092823
61.813156030623375,1.9496034440815464,8.29803590203457,9.375333928036696,-188.9041113228134,-21.793478651092823
86.81002657346659,2.2301887660020725,8.292314488919118,10.216699200237969,-188.8981379223587,-21.793478651092823
66.83955639396048,2.02680907844055,8.330984001247373,9.647908763666635,-188.89797282592426,-21.793478651092823
60.20296707971311,1.87708024348089,8.142514050624612,9.965302573493432,-188.89642125331008,-21.793478651092823
115.17534762400257,2.192384339951502,8.189611293212636,9.514297886309663,-188.89546629867775,-21.793478651092823
111.63373265423876,2.158638240140249,8.333366317926647,8.57673809428789,-188.8834040357143,-21.793478651092823
100.19071823566374,2.3116792015770926,8.35130550838906,8.449451175911946,-188.87929954979276,-21.793478651092823
93.33041031905314,2.2039442232895254,8.159944023875,9.74459043925711,-188.87468154471188,-21.793478651092823
104.14775469540797,2.2660030684206163,8.011541014963342,10.380559018355058,-188.87332932962607,-21.793478651092823
60.560518477974455,1.9074575961551261,8.313761428043932,9.311184528957199,-188.87152336753164,-21.793478651092823
63.65082037508807,1.9674798811382885,8.260395042358596,9.082747087503407,-188.86985877457082,-21.793478651092823
66.46778482961759,2.0424217693203985,8.05706894632877,10.349340508148998,-188.8681990503833,-21.793478651092823
94.54211644474358,2.3070848386270058,8.046251581878181,11.21316101129824,-188.86485907454318,-21.793478651092823
70.54481493387672,2.046342154595905,8.39538318683148,8.908167346606604,-188.86394005442855,-21.793478651092823
109.46837090775335,2.241968860324505,8.089479869882013,10.637945925024837,-188.8612803273951,-21.793478651092823
90.88801963471317,2.3567726265680307,8.237674172969662,8.738312350812635,-188.8600774630228,-21.793478651092823
70.27030659018698,2.093046666296175,8.094548866545495,11.150623210142669,-188.85736461818416,-21.793478651092823
93.11696920444393,2.255358776573999,8.296587479595871,8.442502872288003,-188.85587040599896,-21.793478651092823
82.5724626467538,2.19757781999877,8.364545269777409,8.379774413140296,-188.8557518838159,-21.793478651092823
72.07825064931961,2.1517663187138822,8.324635653014155,9.149989691971172,-188.85490388160457,-21.793478651092823
88.32088435888569,2.2516741086708407,8.04776425987481,10.086443236065605,-188.85197448693694,-21.793478651092823
60.1575954366144,1.826883966229488,8.249126255212929,9.994539424555171,-188.848006475494,-21.793478651092823
104.4596151130896,2.317516970928992,8.026116263070719,10.344322244114238,-188.8459682284868,-21.793478651092823
108.15743106872999,2.2874079032902586,8.087449810889012,10.349507032612593,-188.8452788704486,-21.793478651092823
71.55377778955449,2.163427565448785,8.202305786108667,10.142520961931268,-188.8405591802658,-21.793478651092823
81.07099149758514,2.236370548980105,8.386687156539324,8.576420973364009,-188.83703450483213,-21.793478651092823
95.92923530754442,2.3589638026655706,8.009625528667186,10.605514255270009,-188.83564396310103,-21.793478651092823
90.49072495182085,2.173453279660407,8.327038185975368,9.407456803798027,-188.83558751785876,-21.793478651092823
119.73596819595487,2.056764920134171,8.255908754278863,9.212710678239318,-188.82827496717113,-21.793478651092823
103.30933394128041,2.2269965323260266,8.375108986395958,8.41242732162803,-188.82137180059732,-21.793478651092823
93.91498089477054,2.293017337106562,8.180757095663267,8.897288390195826,-188.82061330652445,-21.793478651092823
100.13203730605865,2.22628121212081,8.343356810247172,8.443319430188012,-188.8194661471768,-21.793478651092823
97.00977813815655,2.2563042987584794,8.292115145059682,8.45236558884119,-188.8184440037341,-21.793478651092823
75.97410306618202,2.1144410717016626,8.367062286426432,8.612048976086925,-188.81600812730704,-21.793478651092823
102.43959233287848,2.277649204205858,8.100624248103571,9.45014900026763,-188.80854770682316,-21.793478651092823
91.6408593323461,2.3206540662078226,8.329923889799574,9.296533343431946,-188.80740534048974,-21.793478651092823
114.53106829279804,2.1205086311909582,8.306324188063627,9.141385003311939,-188.8065368102585,-21.793478651092823
72.59781606967242,2.0931192036043456,8.11419875664754,11.20355386741366,-188.80115481088842,-21.793478651092823
112.20216504611636,2.200287708205664,8.288623930007162,9.210640298557138,-188.80060016642096,-21.793478651092823
64.90303792234735,2.0132860937486896,8.212849874540439,10.377643347263245,-188.79999195816072,-21.793478651092823
67.97052815016379,2.091136877290637,8.23194372362562,9.17903880689181,-188.7992216504422,-21.793478651092823
87.72214503156093,2.287574461067834,8.278175621308748,8.438770214994719,-188.7992124058633,-21.793478651092823
94.52257004942575,2.1814484689361677,8.244366997047678,10.01242286154718,-188.79785733315376,-21.793478651092823
63.3444909777183,1.9043153091473215,8.12578655700571,10.57833828574536,-188.79328060061525,-21.793478651092823
94.81823824720506,2.345264793620842,8.152888117553971,9.045131942941254,-188.79319707575988,-21.793478651092823
64.98668086593271,2.008060925460839,8.206663759045085,9.286609698700573,-188.79174145522327,-21.793478651092823
88.37583070062186,2.2230822309894194,8.279290009428223,10.297521989400849,-188.79075454131114,-21.793478651092823
112.30747171281324,2.193579113301354,8.153761031692625,9.166435457550307,-188.790143560486,-21.793478651092823
90.91686122040711,2.3596866462429773,8.020696894282423,10.373582265911494,-188.78301073547905,-21.793478651092823
102.27285697720099,2.246406328950954,8.115019865476313,10.92143082514724,-188.78234800915757,-21.793478651092823
90.87369553739423,2.337185647474442,8.116118962758321,9.305951609722484,-188.78172553955588,-21.793478651092823
67.93437363135149,2.0523335760578334,8.141661641409627,10.940462931191433,-188.77901873194506,-21.793478651092823
112.9703592086424,2.1853863717052775,8.131910208385705,10.399732072282376,-188.77342990335157,-21.793478651092823
81.69826673846484,2.245577857628845,8.371201845825794,8.45231592210402,-188.77319918346015,-21.793478651092823
110.4584891320946,2.160622890191064,8.134582858578796,9.664552853577987,-188.77078261649424,-21.793478651092823
94.55312578849122,2.203959850920853,8.197659011745031,10.574480174275891,-188.76468345170014,-21.793478651092823
91.47486952348086,2.350414176825609,8.166661282609539,9.018495203949328,-188.7635168130653,-21.793478651092823
61.30754769013302,1.875920511432298,8.126927542448811,10.405322653757764,-188.76286481531855,-21.793478651092823
72.30902150587796,2.022653678677429,8.327812913967847,9.449397480086986,-188.76212610172368,-21.793478651092823
112.48010318838578,2.1809163103956593,8.08143427939575,10.61809885065557,-188.76188586526078,-21.793478651092823
69.89489222682202,2.0019286520616646,8.224399438204074,10.601404815255052,-188.76117952133043,-21.793478651092823
67.24247444985537,1.9679965194388842,8.13889417117258,10.292764288585772,-188.7579914846067,-21.793478651092823
90.25499746809282,2.3785922903675214,8.10434037348449,10.085051258012697,-188.75732155564995,-21.793478651092823
116.05964877993296,2.1663734866118176,8.172267050339741,9.225202125438045,-188.75616745969293,-21.793478651092823
81.56887878276727,2.2652254262126235,8.003582899974418,10.46845996923642,-188.75483636317705,-21.793478651092823
103.25288696089864,2.2068993755663513,8.369944243128288,8.651455753102255,-188.75260730998284,-21.793478651092823
88.78549238596277,2.2113566672823026,8.056686877377729,11.068069710061422,-188.75049627146612,-21.793478651092823
99.35969762113825,2.369485205260247,8.196245147892455,9.153513824616368,-188.74907968296526,-21.793478651092823
71.81295604587528,2.0209534616535336,8.18520740627585,10.633671787340376,-188.74783773180977,-21.793478651092823
100.50831549708451,2.296662826185255,8.314339252021938,8.30809711726502,-188.74181614079728,-21.793478651092823
96.35518572892501,2.3036157552184875,8.16767067140728,10.673803699881745,-188.74105141191075,-21.793478651092823
82.31329699743934,2.1372802506003836,8.336630919938244,9.068787813553854,-188.73759902446687,-21.793478651092823
90.87071122260372,2.1903889196346427,8.206524054761985,10.536137164506329,-188.7339249769436,-21.793478651092823
119.71851694362218,2.061602949331359,8.143663325423717,9.68510589261524,-188.731158393659,-21.793478651092823
110.29190109334137,2.157822030362027,8.183084534985994,10.312224741723952,-188.73108761168908,-21.793478651092823
98.74071998412921,2.358343685932951,8.036561249966411,10.501366049272917,-188.73072710669348,-21.793478651092823
100.29533201772749,2.205336972137914,8.30097219039817,8.801716818050721,-188.73004680088272,-21.793478651092823
57.06382098007581,1.8089253546195891,8.270355111801763,9.502326546849872,-188.72921129214393,-21.793478651092823
86.504605652827,2.3014706586744467,8.268442672158017,8.52507300614505,-188.72505912474932,-21.793478651092823
85.55589628121301,2.292667062251269,7.99052467169065,11.156353622984966,-188.72401560212091,-21.793478651092823
87.77550502285347,2.2366253092875326,8.01025804641634,10.760909587689014,-188.72356077790033,-21.793478651092823
64.19126447493692,1.953329832182547,8.201470290170988,10.713720850444588,-188.72262046217273,-21.793478651092823
107.97380347248644,2.245365427449201,8.27329901280416,8.497833197925644,-188.72160710625394,-21.793478651092823
100.33994864351759,2.3583921973652053,8.054092142528276,10.176097767110036,-188.71890829705953,-21.793478651092823
77.40049283315382,2.1794087521787446,8.305227923594117,8.549110371299918,-188.7183726335248,-21.793478651092823
80.242745699197,2.2182703901242746,7.999497863878588,11.296170377435942,-188.71796219325762,-21.793478651092823
100.63957523516535,2.2153332356382265,8.09272608135285,10.834156491732813,-188.71706117090494,-21.793478651092823
96.67902603776629,2.1950415108160826,8.14893145020173,10.306110223845252,-188.7125833685209,-21.793478651092823
77.45100206122063,2.128925618678963,8.192572990124944,10.881828767281434,-188.70959101227226,-21.793478651092823
69.53685373521029,1.9814278776775751,8.217688781438596,10.249525757400534,-188.70830999319946,-21.793478651092823
91.74652112770075,2.2436511474138285,8.341216582310352,8.379249131296262,-188.70651768170825,-21.793478651092823
118.01623101256354,2.1180880167970315,8.208245173860604,9.54785356175941,-188.70639129593792,-21.793478651092823
75.9133315190924,2.219684249654989,8.033080126043956,10.38975453598448,-188.69837939834557,-21.793478651092823
79.57123783336529,2.2638463002994627,8.009675263634762,10.784395554206668,-188.69768365649261,-21.793478651092823
92.66913602080633,2.2727571003536013,8.027219981331285,10.268332435076047,-188.6972858405799,-21.793478651092823
98.64483314130092,2.260196244435434,8.345480375907158,9.426826020088242,-188.69636845942847,-21.793478651092823
84.49131291052143,2.2601916056430724,8.130632499035727,9.314679141631302,-188.69630638490833,-21.793478651092823
83.31684714745914,2.2870835631214987,7.992159360003285,10.693688932970048,-188.69483885015592,-21.793478651092823
106.02787555561493,2.2222985045239483,8.361512564994541,8.47877534351349,-188.6904661891168,-21.793478651092823
83.79963026593245,2.1845777414004175,8.408358647731404,8.900855710906797,-188.69013760523907,-21.793478651092823
115.46680207236065,2.1422381146421543,8.28208747587351,8.765756693785875,-188.68759226877498,-21.793478651092823
84.2564822757967,2.245424283950399,8.023400950451588,11.358527060835883,-188.68714998397795,-21.793478651092823
119.4018352678372,2.0536782809562766,8.190872714587357,9.74501248915874,-188.6861025313051,-21.793478651092823
109.52989083335478,2.266274507734636,8.223429251009549,9.493842191597082,-188.68601954836373,-21.793478651092823
100.58285028347781,2.231241448794492,8.088280634478963,10.96728094931376,-188.68520174761775,-21.793478651092823
80.7061471867371,2.304779622484574,8.080467853237366,10.305458163477482,-188.6835201392267,-21.793478651092823
69.68266323231838,2.0333145863478137,8.061446871865627,11.03811210772946,-188.68105334150243,-21.793478651092823
79.01603427841971,2.106098064680026,8.312357788414715,9.221856872643684,-188.68029938227588,-21.793478651092823
101.67012954970161,2.302206123534475,8.017310182555661,10.250627883062947,-188.679341778353,-21.793478651092823
70.69213798106294,2.1537049404329593,8.085799824623933,10.45074099164458,-188.678593815285,-21.793478651092823
90.59517139981428,2.250870634590271,8.03835166593771,10.30863180968305,-188.6784454316049,-21.793478651092823
79.12687459235767,2.1780606937333857,8.291427175664637,10.211549440335233,-188.67781237602478,-21.793478651092823
87.69412256638925,2.2363807926659405,8.244383510976803,10.50438089541629,-188.6768308188494,-21.793478651092823
117.6125963010097,2.117932466612757,8.10279870780218,9.93952948049349,-188.67656476407998,-21.793478651092823
99.20635629288671,2.210491960516478,8.139959407501578,9.833420090483543,-188.67630326437794,-21.793478651092823
100.50888878680581,2.2547670074529833,8.071974214313258,9.90377604067686,-188.67300769082482,-21.793478651092823
94.6112627614225,2.380538643271464,8.136366167170536,9.461988036381797,-188.67179757009882,-21.793478651092823
114.51093951049016,2.1050403395201016,8.264882457653641,9.082781009595664,-188.67043662194226,-21.793478651092823
63.646800274978574,1.9350895069260758,8.206077625201232,10.680372133341592,-188.66897703044293,-21.793478651092823
115.91944060048237,2.1098391843608226,8.288749376925608,9.142128296913938,-188.66837262625646,-21.793478651092823
60.33066989593338,1.8435461986562842,8.210568353446604,10.47034217227079,-188.6682090338607,-21.793478651092823
69.90426919093004,2.0159583125315663,8.298584359796877,9.105665308138356,-188.66460887195157,-21.793478651092823
98.64663184904282,2.212926335289879,8.10001661479049,10.27433662626882,-188.66448800343895,-21.793478651092823
93.2177615297426,2.291378575271736,8.363568101825535,8.2607847635131,-188.66388675823993,-21.793478651092823
69.9770721385363,2.0942536471339395,8.02930662049846,11.052565391354989,-188.66227842983352,-21.793478651092823
102.07868282533434,2.1865029854040756,8.321915708120827,9.352167080304952,-188.66194784917204,-21.793478651092823
95.46122499095037,2.3610808755037738,8.026851289234457,10.601474775470905,-188.66192537758087,-21.793478651092823
84.19038300855608,2.272080292293907,8.06097710301708,9.838674873297606,-188.66188832791383,-21.793478651092823
76.94565663401472,2.2559338593371194,8.074987671264608,10.303187582091823,-188.66179706056096,-21.793478651092823
90.2048240931622,2.332468230867022,8.31616132405452,8.525097368745861,-188.661764302337,-21.793478651092823
99.02356067023895,2.239253789855553,8.33299848386605,9.589188367620352,-188.65527669001594,-21.793478651092823
99.50419529777423,2.227207363479252,8.356821685205972,9.312210433374645,-188.65477014039107,-21.793478651092823
68.60777475766153,2.047308016350442,8.309655307714536,9.927090427933052,-188.65279643694353,-21.793478651092823
90.0468917049248,2.2771880427104776,8.380554990622528,8.298637061548732,-188.65128551626458,-21.793478651092823
113.61358624367573,2.126835688714948,8.158065852232141,9.551280968755492,-188.65108746543922,-21.793478651092823
95.63761819635943,2.3094217160687265,8.194220181100235,8.80770237620905,-188.6468027685825,-21.793478651092823
106.97368410498552,2.1787601639106953,8.317906413622296,9.385872215487808,-188.6455293602012,-21.793478651092823
80.01195120373559,2.110298728278309,8.334295451149046,9.445311069744378,-188.64532508115968,-21.793478651092823
62.885408552083035,1.890501915789386,8.172698269840623,10.620823576559815,-188.64318887100373,-21.793478651092823
83.90268525193174,2.136784185153658,8.289684275239097,9.754199608736286,-188.640732254374,-21.793478651092823
56.57532022007921,1.7929109219088275,8.170223092950607,10.139150024694686,-188.6396586230558,-21.793478651092823
99.89215365623507,2.3391646815431386,8.237082155076394,8.690376057858487,-188.63618263770832,-21.793478651092823
83.9182404564445,2.2166057272164608,8.222283322544854,8.918625903349948,-188.63333454931,-21.793478651092823
80.33989633840595,2.122187356861403,8.150927499897222,10.656806937666488,-188.6296441902075,-21.793478651092823
78.25506791176315,2.171318083893297,8.252108467535578,10.481286310785663,-188.6274854056363,-21.793478651092823
106.70001927056482,2.2169774311868764,8.085924000870023,9.865015002132537,-188.62544361487173,-21.793478651092823
89.35675824615936,2.242559198015897,8.39762214932955,9.006562571354408,-188.62119085332333,-21.793478651092823
101.83784183517831,2.2168883225636904,8.152381960117623,9.533754819501326,-188.62108116936952,-21.793478651092823
106.92727692513003,2.2315186980375046,8.154227320974911,10.555015758669413,-188.6195332313574,-21.793478651092823
85.68854295855253,2.307703169727617,8.146059285304148,10.66850272455909,-188.6186342603296,-21.793478651092823
71.92180313221739,2.119938965875747,8.36037071394523,9.007254640358013,-188.61650891614457,-21.793478651092823
104.93186001721905,2.279618791995688,8.252852810685738,9.77121298521351,-188.61551566720317,-21.793478651092823
115.49937274963646,2.0935972592103695,8.167441346015067,9.809729053047022,-188.6132743758247,-21.793478651092823
107.36760888418789,2.2752387779939767,8.033854793272837,10.326649803396691,-188.61279393969497,-21.793478651092823
103.98791955862335,2.292252140585177,8.061321729405222,10.814664487502995,-188.61254460196656,-21.793478651092823
60.11825773761769,1.8363083905763915,8.2011185690111,10.337056168874682,-188.61120857083924,-21.793478651092823
78.67974007655161,2.161647885628753,8.021628484214915,11.08213562559962,-188.61103735758698,-21.793478651092823
94.16426952213881,2.379055542051134,8.186402136981144,9.234805999122386,-188.61062337299083,-21.793478651092823
82.18973422831078,2.1629213759429433,8.070736919476616,10.900649364326938,-188.60609979569006,-21.793478651092823
78.67446874920317,2.2308442488829456,8.3329785778989,8.617892064687112,-188.60607551921618,-21.793478651092823
78.81128691914225,2.155627602633018,8.043036122310696,10.634376921264959,-188.60195514942833,-21.793478651092823
106.63545588306906,2.170012841354591,8.314073963061361,9.008803536880492,-188.60154505132326,-21.793478651092823
72.58966983459969,2.1841243031683746,8.081787697238838,10.506355095970179,-188.60038502016505,-21.793478651092823
57.65877419684054,1.8235902025958524,8.255945026332341,10.077528650464416,-188.59858546265198,-21.793478651092823
77.87138803302663,2.2666557612867706,8.185542470542032,9.34897471809333,-188.59834791296467,-21.793478651092823
77.25350223218464,2.260999118006268,8.214136905105818,9.43376143687567,-188.5976126140491,-21.793478651092823
89.75331702215216,2.282796508608456,8.388406008088083,8.761200354000295,-188.597172430282,-21.793478651092823
69.91447270033953,2.010721528670743,8.12057564486031,10.795233360333725,-188.59327215447385,-21.793478651092823
56.27376021659577,1.7899146629174112,8.244113781317196,9.731909358684817,-188.59244232313,-21.793478651092823
72.8203032017606,2.040172575827782,8.147872917558118,10.486261544055708,-188.59140713067424,-21.793478651092823
107.41674261663205,2.3018347703447404,8.207444277298492,9.296721815751795,-188.589501428087,-21.793478651092823
107.75440268091226,2.183759713685731,8.344882792715111,8.910766068614919,-188.5857308966216,-21.793478651092823
97.43067678927528,2.307061785754243,8.21495196551578,8.70357743869559,-188.58470058711723,-21.793478651092823
105.84761406249721,2.2392314294837234,8.291716106371865,8.465548380325544,-188.58155556450885,-21.793478651092823
85.30276285322017,2.200128664898344,8.11399733160647,9.886227218226026,-188.58118079391855,-21.793478651092823
59.59741775317393,1.8386049161130984,8.268223342690021,10.12109516063046,-188.57925896387897,-21.793478651092823
102.19977094279479,2.272534913986462,8.170054862139267,10.565687995328886,-188.57832493107244,-21.793478651092823
109.93246189387388,2.194570497630238,8.258638078821292,9.785245706558044,-188.5773895004354,-21.793478651092823
80.6780625259024,2.1531822947409722,8.363327625927383,9.588296667671898,-188.57278030239394,-21.793478651092823
81.62630079543668,2.1735173907285485,8.169166458434063,9.47724814261099,-188.57137701509822,-21.793478651092823
70.89780917597696,2.0051673394541325,8.253080859936631,9.757764628401475,-188.5700622453299,-21.793478651092823
113.81349164106926,2.1466339217527235,8.176328928731493,10.178174393267483,-188.56739866277383,-21.793478651092823
85.35476150198623,2.314248054688022,8.116248830731678,9.420276893882914,-188.56647247994135,-21.793478651092823
103.58455702281788,2.193716490627992,8.121694462367259,10.168990375318685,-188.5664305153527,-21.793478651092823
75.32287293392201,2.1169815578481206,8.228244800302235,10.663602882778036,-188.56194607688343,-21.793478651092823
82.50168418317308,2.1508022468697874,8.271359804134278,9.168689749767623,-188.55816986656802,-21.793478651092823
72.66834102992293,2.1662658253262066,8.08044688623346,10.853904196168116,-188.55798219523265,-21.793478651092823
79.52453764703819,2.177663995433903,8.106221411697277,9.795864475914328,-188.55789418980902,-21.793478651092823
105.66968582408566,2.2927833901077577,8.103737140031313,10.508461786251189,-188.55688286149555,-21.793478651092823
79.52242922220319,2.105511890819116,8.310443866643311,9.450515051514799,-188.5560042416335,-21.793478651092823
66.50440081497959,1.9380385138345702,8.25832003630046,9.98577512120886,-188.5554580891498,-21.793478651092823
117.45094368176066,2.1357354692479475,8.191116266416145,9.409533232350071,-188.55031111803402,-21.793478651092823
86.78596741124493,2.332491678308358,8.092303022216015,9.624557624422607,-188.54840808357847,-21.793478651092823
85.02354188628038,2.257333463880343,8.199439283488005,10.666774366025464,-188.54806320883588,-21.793478651092823
75.38658401631614,2.2100471864706748,8.131242683947846,10.660092586948622,-188.54575324092562,-21.793478651092823
86.67648357960387,2.3114937030418616,8.297321757572462,9.511242357362363,-188.54179823768493,-21.793478651092823
64.92730669609227,1.9916785361663614,8.332028661990222,9.187841709611916,-188.54154231383794,-21.793478651092823
101.36488176115321,2.23946482589335,8.123262587873967,10.855664671409158,-188.54007271109418,-21.793478651092823
64.59830386744052,2.0217516782813476,8.111784927393273,10.536915260585289,-188.53932305278892,-21.793478651092823
97.82231432916079,2.3417825118742996,8.129714472616712,9.250346920582729,-188.538297771381,-21.793478651092823
118.87106362093795,2.08958851249362,8.207038439609391,9.507094888888304,-188.5382007843174,-21.793478651092823
90.0140770952271,2.3053180988750483,8.079989735227343,9.638608939041916,-188.5323344319256,-21.793478651092823
81.14344525946775,2.1167015224399677,8.286000630364526,9.735680493343523,-188.52897489262196,-21.793478651092823
95.20274713468017,2.355786938644002,8.254179145995323,9.499040235624307,-188.52464112040013,-21.793478651092823
106.62209040853077,2.292752137158601,8.135546253300816,10.232975303938076,-188.52321250017002,-21.793478651092823
62.82810153646301,1.9155685586307527,8.123267158719301,10.300989059229408,-188.52308579233335,-21.793478651092823
116.04316325427159,2.1064269884624167,8.263476975924107,8.97869694992832,-188.52266022093082,-21.793478651092823
70.0674397436821,2.0732521631525316,8.269539793130122,8.91561941472952,-188.52010267613457,-21.793478651092823
70.24594755114984,2.0270211631878965,8.332315577876557,8.989676145652282,-188.5179716781653,-21.793478651092823
91.37270900190632,2.335367195251038,8.003559003442547,10.894105846729616,-188.51780770474596,-21.793478651092823
85.15854141608,2.2347640819722443,8.342642036480584,9.664684257239458,-188.51674929710305,-21.793478651092823
83.14388846748987,2.267851287167744,7.9897918651543876,11.017253512449628,-188.51342521991995,-21.793478651092823
71.60353410908411,2.0859857350026516,8.186658561512047,10.82513701103295,-188.50964533215924,-21.793478651092823
95.26195007867443,2.1985693449176154,8.185669907739452,9.789468009438338,-188.50960151246997,-21.793478651092823
85.75780684225604,2.1535708338184065,8.301595665928403,9.69121561010084,-188.5074239647446,-21.793478651092823
105.24012458521904,2.277805916446553,8.02069740108206,10.674842406724792,-188.506786342613,-21.793478651092823
69.5447742299109,2.0688382115734925,8.244845724585048,9.028680232548425,-188.50649883318647,-21.793478651092823
98.76765802335203,2.1887814441052456,8.289011834435314,9.381353965879157,-188.50299158647954,-21.793478651092823
84.06859250270277,2.148506003593482,8.174029108725023,10.255716592106921,-188.50203932821805,-21.793478651092823
81.61836915489057,2.199906862927733,8.026850047948699,10.590688819454584,-188.50138746838277,-21.793478651092823
67.61077539134284,1.9563643418505734,8.243961542549528,10.124014784605095,-188.5007609315737,-21.793478651092823
85.23057435747687,2.2039033494189084,8.16046674969445,9.485029880072716,-188.49877423269538,-21.793478651092823
109.7397884742414,2.196562409546985,8.161487262671386,10.410647588391072,-188.49867978028485,-21.793478651092823
112.95098329712056,2.13747941850049,8.11872224873926,10.278925415250143,-188.49867643412097,-21.793478651092823
93.99351529504712,2.2545521561434043,8.077321980316128,11.138463707429224,-188.49715625440757,-21.793478651092823
94.08822578401323,2.346067085382515,8.117835366747897,10.611508251970548,-188.49695701511143,-21.793478651092823
106.69440505141628,2.2653777746835715,8.28199602922075,8.546229660717103,-188.49419867832424,-21.793478651092823
73.07305401393914,2.1391177340420455,8.272520887578452,10.095382216423133,-188.49182795659547,-21.793478651092823
67.67121343641503,1.9953652900183982,8.11596103136992,10.982584306966373,-188.49092565287378,-21.793478651092823
69.19219315735953,2.0201761667922398,8.343978984790112,8.945597487527806,-188.49016326611954,-21.793478651092823
91.97149928218523,2.216348134274938,8.385446225299347,8.733600398531195,-188.49014468575874,-21.793478651092823
75.89298474544894,2.138206164506528,8.155228602690897,11.00619592780859,-188.4895118998113,-21.793478651092823
68.88990537546037,2.083367426268609,8.266349817256724,9.987955259545316,-188.4894106177595,-21.793478651092823
88.65658340352928,2.1878776833718803,8.12098750176645,10.540410420155041,-188.48264770197488,-21.793478651092823
114.88021669087745,2.143077264332149,8.114413006533937,10.306117589434564,-188.48217735652693,-21.793478651092823
74.8392445787495,2.078323577154549,8.372960474728586,9.224497342307757,-188.48021131438728,-21.793478651092823
95.35103260752557,2.215870512188175,8.222429666788543,9.230371182030183,-188.4777593834626,-21.793478651092823
77.65740910302408,2.1969035081844055,8.172954438825684,9.186198814859637,-188.47736916813767,-21.793478651092823
81.14918928112414,2.1582544025608428,8.38602414661429,9.234248445141532,-188.47558978049355,-21.793478651092823
75.72383972822905,2.13358699510637,8.064732314165553,10.29922508080324,-188.47519149559292,-21.793478651092823
108.64785493830067,2.1820083484925874,8.216384523547646,9.068339764222145,-188.47410216360396,-21.793478651092823
68.80447209991088,2.0051803196602123,8.361875734264032,9.152920241995474,-188.47372318910925,-21.793478651092823
99.45043829975776,2.218708304212342,8.138046087718067,10.733203247398649,-188.47285080993868,-21.793478651092823
80.91362936191317,2.1600543797879794,8.06104897375667,10.894723009942908,-188.4689149805322,-21.793478651092823
67.41457732754617,2.0752509622223414,8.083667538749637,10.660161833984347,-188.4676837956999,-21.793478651092823
85.68614817684836,2.1598381582432893,8.272717209756905,9.400830234926758,-188.46139626912347,-21.793478651092823
81.93278107407146,2.150863439770177,8.327295763348104,8.918163535597273,-188.45994242458235,-21.793478651092823
114.60564713329781,2.1636167016236527,8.249666866780757,9.38520000117802,-188.45863509703008,-21.793478651092823
73.64280861662495,2.063732247079173,8.284827768573166,10.230208394479945,-188.45842114441047,-21.793478651092823
94.03259606487387,2.241375912766813,8.081180395389822,10.08104095297935,-188.45761835208992,-21.793478651092823
64.41648382616845,2.0209344837060854,8.201911712421293,9.61838763371432,-188.45636158267556,-21.793478651092823
77.12367678574452,2.22777585801677,8.038716305759806,10.318226747639812,-188.45402807211067,-21.793478651092823
65.48364552009608,1.950885118762244,8.158632109508886,10.805693763473954,-188.45284465538558,-21.793478651092823
115.19477163064748,2.128358887937978,8.269350112303897,9.318301095583934,-188.4487894150443,-21.793478651092823
68.79001675030727,2.1187866585053996,8.195082308364476,9.773074032464706,-188.44723520070434,-21.793478651092823
101.8355185452451,2.293224119638424,8.056081944569883,9.895919584097499,-188.44317847755167,-21.793478651092823
77.09195466545461,2.1117906443222267,8.237856275522688,9.294584592298634,-188.441360634562,-21.793478651092823
98.78867944867646,2.228988498948226,8.357499140500948,9.246840573320156,-188.44135513227292,-21.793478651092823
86.87996098166285,2.3163166236670065,8.052492407781074,10.962813923105244,-188.4400149896313,-21.793478651092823
92.80147992176862,2.2154933124088245,8.217575385342684,10.512352237473635,-188.43915386632423,-21.793478651092823
88.89639707769253,2.306601973041012,8.10091138808275,9.493084751805867,-188.4384508542968,-21.793478651092823
72.06255439234467,2.0527336512996186,8.333404701322792,9.830676291454779,-188.4383688514009,-21.793478651092823
59.911700456262885,1.862967834690096,8.294570044767966,9.788280945715002,-188.4378865032592,-21.793478651092823
61.55230815740479,1.9071159979510526,8.202921090311406,10.541101389014557,-188.4362620109195,-21.793478651092823
89.28532814219054,2.3111289776769155,8.032687080577034,11.108974037495585,-188.43363403144676,-21.793478651092823
96.69819171343828,2.206905751985971,8.314319553660283,9.672029614499678,-188.42913873727895,-21.793478651092823
75.1065956758201,2.1976784462268597,8.073978480600033,9.990902688060345,-188.42879762385783,-21.793478651092823
93.69173834477768,2.364742668439348,8.06178522624029,9.989425441126315,-188.42851890721045,-21.793478651092823
70.01168327982072,2.0194931325587504,8.121194725967882,10.39056508303591,-188.42809694471646,-21.793478651092823
117.07963713588707,2.09257141909616,8.161797249982328,9.645619472900592,-188.42355071889466,-21.793478651092823
87.8115994737145,2.3356717592172203,8.2901589598398,9.117333933901051,-188.41978593707938,-21.793478651092823
95.78105099632894,2.197942229038432,8.161241875868399,10.27588436830888,-188.4187966986237,-21.793478651092823
97.09647011150956,2.212023925402704,8.208723567229839,9.378070858305875,-188.41870161283927,-21.793478651092823
89.40537945457842,2.2878194576488085,8.249940401402029,10.22183815818957,-188.41208621380042,-21.793478651092823
106.0429126030861,2.185289709275949,8.151741578677388,9.771949909760423,-188.41201494082375,-21.793478651092823
78.02786796667128,2.2534062047404717,8.080264838310228,9.954380265024838,-188.41095494772753,-21.793478651092823
97.97621115515354,2.303298212954715,8.002634052712892,10.579991996067264,-188.40839478550706,-21.793478651092823
98.54229829448559,2.3436220940253776,8.083632775427759,9.660000883094398,-188.40453242624355,-21.793478651092823
93.59142354185396,2.3113676843752984,8.204745057659068,10.388389330259969,-188.40243289976462,-21.793478651092823
86.11754051236956,2.184603467843658,8.095492957193215,10.687037921776948,-188.3987228210722,-21.793478651092823
78.74495677975852,2.1857143471818716,8.133206836629427,11.057327739593973,-188.3986539560567,-21.793478651092823
94.14265354946586,2.272929387268846,8.246796064219751,8.673041854840733,-188.398470768912,-21.793478651092823
71.7079805954368,2.1391273071988053,8.03858823416192,10.601941639246775,-188.39386978113856,-21.793478651092823
100.06998845190418,2.324601459506539,8.109491348254949,10.614871137473045,-188.3929797287276,-21.793478651092823
57.23830481791043,1.7994691499982025,8.235292746406884,10.034972300129283,-188.39124255116474,-21.793478651092823
82.91772537608347,2.2623736815045135,8.221801949893035,10.381094486941066,-188.39123321362115,-21.793478651092823
97.14842363788365,2.221296568437424,8.348896101726893,8.679004335144072,-188.3888937931603,-21.793478651092823
75.03248722812904,2.1680965749027905,8.058264588271555,10.147710154645637,-188.3887177471225,-21.793478651092823
105.35624551620647,2.237264478863139,8.293646066922577,9.597722361096714,-188.38154938856195,-21.793478651092823
77.32969184991713,2.1461576859960445,8.215260709251709,9.157589849193272,-188.38149764897312,-21.793478651092823
88.42449778553899,2.1874338441775194,8.332004378418134,9.662175999807175,-188.38147273427302,-21.793478651092823
64.26710186416838,1.9278011501332486,8.215577031258562,9.710256492104406,-188.3796122162162,-21.793478651092823
87.72948891905412,2.3203568430740233,8.042156366794643,10.957890057050548,-188.3795024458522,-21.793478651092823
62.10120698893338,1.8814149948000534,8.294733979800043,9.800706873398099,-188.37652842266172,-21.793478651092823
95.20971241779966,2.2909113679152426,8.143235575350445,10.816142718076009,-188.37515694102584,-21.793478651092823
97.72714003966597,2.2676247343695763,8.28368125571231,9.938499919602464,-188.37265686523511,-21.793478651092823
79.6063110362367,2.1550902968412515,8.055356719230588,10.96969610709607,-188.37147965185466,-21.793478651092823
110.68342033143514,2.1973309410523854,8.090802849115818,10.554778491782969,-188.3707577532534,-21.793478651092823
59.85381337694935,1.8733227611475343,8.138069075801894,10.628221793807711,-188.36290089394427,-21.793478651092823
74.19154024625061,2.1450437206822386,8.031371165242007,11.131851554646971,-188.3627796705357,-21.793478651092823
96.5651448617898,2.2087243401606145,8.325072391599804,9.553538399825243,-188.36166899653648,-21.793478651092823
104.82802069060305,2.2734784096909664,8.023031239840208,10.562662570146273,-188.36008632397022,-21.793478651092823
96.67270307818414,2.33602040360239,8.308866832881705,9.02789675505656,-188.35987703076614,-21.793478651092823
103.31506023771473,2.270672616966408,8.342240975147092,8.905533394426243,-188.3573587432936,-21.793478651092823
92.1743732853128,2.2160842375941456,8.18425243497606,10.674084727225733,-188.35666419981115,-21.793478651092823
74.18355572441823,2.0647327323695492,8.225362552498922,10.525682551833313,-188.35656645121313,-21.793478651092823
66.48525526952652,2.0115964545967415,8.080511256412024,10.37147751366615,-188.35467662547643,-21.793478651092823
116.1950622683245,2.1396852229982244,8.204708986545569,9.15549099748523,-188.3544860861447,-21.793478651092823
71.76422009448632,2.0656481284063375,8.19787752569249,10.767497295487829,-188.35262869764858,-21.793478651092823
83.99118153799958,2.279826363893335,8.30129726777858,8.556017837871877,-188.35242966502952,-21.793478651092823
66.99832342603513,1.9963549755029248,8.319727621511419,9.025803707553337,-188.35006510141577,-21.793478651092823
73.86173867574044,2.1652962687320354,8.163688785285956,9.345750309159286,-188.35001084507502,-21.793478651092823
82.94938177472807,2.2715443288721673,7.998498331445859,10.81206373450371,-188.3494542844563,-21.793478651092823
107.34720747889726,2.195445219909189,8.33884312064697,8.884381035277187,-188.34737953957307,-21.793478651092823
102.48026176611634,2.3380018699177327,8.076997074454312,10.23995799657601,-188.3456416610555,-21.793478651092823
103.65676979354954,2.186765776506334,8.311022812049401,9.259034809459507,-188.3439517622148,-21.793478651092823
110.3370532396008,2.156218888185066,8.287205263632671,9.400413154925872,-188.343048447187,-21.793478651092823
106.68334606374724,2.3026492108568846,8.215446485953635,9.234591540509172,-188.34257064854157,-21.793478651092823
109.80801152791788,2.1900929570821575,8.319708656180353,8.703406081815928,-188.34232453500908,-21.793478651092823
99.32231182830344,2.3174776837972075,8.296270800700626,9.348625116795176,-188.3314866150046,-21.793478651092823
101.82982709027118,2.337700337015221,8.061517985317579,10.336889497525675,-188.33027647014237,-21.793478651092823
87.0268772288574,2.3055493980341453,8.007140017850759,10.99465224709283,-188.32976593062253,-21.793478651092823
72.45760088600966,2.132617017611878,8.205595623712668,10.515223361959755,-188.32784176219383,-21.793478651092823
86.76693389069693,2.231983771045293,8.087298732837922,9.94202952946398,-188.3250209332206,-21.793478651092823
79.17979049294385,2.187570363758425,8.374746640391322,8.57525780232325,-188.32497327542745,-21.793478651092823
63.700162138533614,1.9936466263114454,8.245843076018758,9.475324757872272,-188.32246722731304,-21.793478651092823
110.37991976473779,2.18300544751186,8.3130806451139,8.735085986542487,-188.3199788104447,-21.793478651092823
98.16635986619444,2.3044901068333985,8.254996488724885,8.572464714909358,-188.31904450233841,-21.793478651092823
71.21766502645671,2.147920788443585,8.236204977870699,9.840132687130762,-188.31818468017457,-21.793478651092823
85.19519314842513,2.171042055812663,8.208752973914358,9.579537158404662,-188.31658123720143,-21.793478651092823
111.68742198657927,2.1921487177214516,8.15416776863762,9.310504247452457,-188.314956689514,-21.793478651092823
109.89170590493453,2.1567964704247657,8.147429061606488,9.958878981920918,-188.31272164953683,-21.793478651092823
63.628407592750584,1.9715439887898611,8.236882489420935,10.200049800553217,-188.31257140563028,-21.793478651092823
72.73907639871588,2.072223595945985,8.322034024536379,8.917381777613798,-188.3111685366721,-21.793478651092823
108.52120857960497,2.2203385173703083,8.326230692314908,8.81756621116972,-188.30953940464036,-21.793478651092823
64.94724412685947,2.0316821076349925,8.183241872780144,10.077568453360897,-188.30830730529166,-21.793478651092823
78.83405408844153,2.234482668473916,8.06666572838094,11.012951275512648,-188.3056367664119,-21.793478651092823
91.50939656233038,2.266314440215922,8.389079149787847,8.530806891233112,-188.29775049758373,-21.793478651092823
79.6104848459429,2.152219317285656,8.07459359973737,11.031805700608714,-188.29523015071962,-21.793478651092823
100.777620174867,2.3251686253165076,8.28974047527916,9.100798975639492,-188.29373441892847,-21.793478651092823
91.5785590940169,2.185142870800661,8.220044670565898,9.876557414138063,-188.2930379288962,-21.793478651092823
90.63450717394778,2.3687043836934976,8.176724636115495,9.763934549907304,-188.29130970520973,-21.793478651092823
76.99783899249607,2.1468914694645918,8.383915579449791,9.105620098899095,-188.2893243881877,-21.793478651092823
104.88455198261344,2.217315348842348,8.334394057435077,9.196709458508423,-188.28412645727306,-21.793478651092823
99.82657135151877,2.3623251275509034,8.173769250334715,9.480708162790535,-188.28342409432506,-21.793478651092823
108.21554085270597,2.1820079796041085,8.220243334670414,9.135221260680737,-188.2830048903036,-21.793478651092823
69.85546293053372,2.0876960767661075,8.25652048564669,9.014863944800055,-188.2827912985377,-21.793478651092823
71.46286481725873,2.0285505199621525,8.282702845082838,10.132318159682853,-188.27997039348534,-21.793478651092823
78.56188790567992,2.2714091789367643,8.212375958838805,9.406094297978541,-188.27858058299427,-21.793478651092823
111.42585832096901,2.1450319040802555,8.250919763337208,9.145421455703968,-188.27454162659487,-21.793478651092823
84.27002540671945,2.261316607629581,8.311087049439777,8.497692332614605,-188.2735240512595,-21.793478651092823
102.72383905066943,2.2125533422269967,8.18872176654014,10.421594562174107,-188.27196134769449,-21.793478651092823
71.63333642312925,2.1339268925481463,8.06983344813176,10.18967157682519,-188.2714974191144,-21.793478651092823
73.24847911837074,2.17964754419539,8.111614904483815,9.824140297540453,-188.26876918612106,-21.793478651092823
99.53492346937344,2.2806329603568827,8.036996686094653,10.996684270166185,-188.26818670260437,-21.793478651092823
108.58045567343251,2.2031331741905262,8.092567170961274,10.605334555904165,-188.26763554501076,-21.793478651092823
109.75925499618288,2.2604087445054546,8.165985135827725,9.290966889587281,-188.26734425729768,-21.793478651092823
73.05866506108612,2.0971883480847,8.315296288718798,8.81043871038679,-188.26655537135244,-21.793478651092823
103.76130491794231,2.3207700717059367,8.073011545438789,9.947081486814568,-188.26550962248362,-21.793478651092823
74.72392831812233,2.064546069173275,8.2909752443029,9.425355638745742,-188.26512985029154,-21.793478651092823
74.68929338107608,2.1495718041201286,8.364385201743346,8.972069964163182,-188.26180390393202,-21.793478651092823
84.14077892422866,2.2226716927552417,8.016041602987599,10.931470032672195,-188.2609103692817,-21.793478651092823
84.62934524045819,2.22218449644609,8.29334662105174,8.635387744718173,-188.25710146180734,-21.793478651092823
105.2154055357429,2.196400530735559,8.260272713547977,9.880193117297864,-188.25336635302514,-21.793478651092823
95.15932262699506,2.327696782041116,8.329481464153588,8.780521985910639,-188.2488358815512,-21.793478651092823
107.80371456761436,2.2700750702150856,8.216680121436497,8.906755937295799,-188.24762956343585,-21.793478651092823
112.37212165279335,2.165052018633361,8.26537442726601,8.846747199869242,-188.24686072279812,-21.793478651092823
73.03658193742012,2.040264898796167,8.274765157726307,10.056885830341741,-188.24674661497139,-21.793478651092823
106.224477861701,2.302315536097609,8.147840876969923,9.984079846258567,-188.24531788123804,-21.793478651092823
68.65807060105799,2.0690927455016634,8.22370000677995,10.351222057291608,-188.242413597758,-21.793478651092823
112.74663463358274,2.1686296237905793,8.284191885463486,8.853965221247336,-188.24050371394623,-21.793478651092823
69.4726563552112,2.081552480616864,8.053016324500078,10.909827726874738,-188.23897306560062,-21.793478651092823
107.18992402586568,2.1977492924132207,8.219055694244247,10.122689259970372,-188.23871116070524,-21.793478651092823
88.59893198158031,2.2809966165668243,8.000711777178253,11.0674720619742,-188.23822835316506,-21.793478651092823
66.67630081639989,1.9609931615438825,8.309521048911392,9.430019359693432,-188.23749896941302,-21.793478651092823
85.54119308138516,2.255967062570747,8.098954327924787,11.10134084252266,-188.23668636204536,-21.793478651092823
74.11193601226535,2.167605727078538,8.101832931113307,10.919169465697706,-188.23490749027224,-21.793478651092823
84.82432344656374,2.164297243875083,8.178779292051274,10.570698742311976,-188.23363708392463,-21.793478651092823
65.6954071429822,2.017950252506452,8.212035960232129,9.383108625813719,-188.2333775602996,-21.793478651092823
69.48808884362732,1.9992917990005452,8.199847902881515,10.517813845866357,-188.2291593203625,-21.793478651092823
108.86863726343392,2.1853137658386004,8.098926876426503,10.426709023883177,-188.22603402273083,-21.793478651092823
87.9080158228377,2.1795274308447006,8.276805026098486,10.02913768157191,-188.2243290318356,-21.793478651092823
111.74156091080792,2.159737010283976,8.126431736693064,9.850882113000381,-188.22418995417968,-21.793478651092823
78.6315181295157,2.199036480026564,8.371035763478659,8.789338280122706,-188.22410507763445,-21.793478651092823
84.22874957452788,2.2353503088553026,8.020564167868741,11.173440423297933,-188.22265218927748,-21.793478651092823
102.78589520756167,2.271124069453478,8.220566439695517,10.15308561155328,-188.2219256024303,-21.793478651092823
91.65046849785182,2.2669083576214746,8.330150074128511,8.421847685951548,-188.2214584477294,-21.793478651092823
89.57468370071739,2.3485516670360624,8.110254330450744,9.570333341924595,-188.21722600146032,-21.793478651092823
67.11223595695743,1.9908837657995093,8.147377276537554,10.849491160023291,-188.2167917497181,-21.793478651092823
64.51799491128557,1.9779245555347984,8.131999946873009,9.992006002960636,-188.21612798062978,-21.793478651092823
75.03292781597274,2.1195418682544442,8.083649021360173,11.122367994633578,-188.2157548275616,-21.793478651092823
77.18235389428692,2.181358462542562,8.36695060093706,9.013491563649609,-188.21449638934553,-21.793478651092823
109.27554414826726,2.201970333351838,8.252034466850802,9.760015109088584,-188.21190138477755,-21.793478651092823
80.98063865846056,2.1732733047894897,8.301209640526736,10.082628346221753,-188.21136419584948,-21.793478651092823
91.24679193521379,2.253120350945764,8.153370558401576,10.872744306457776,-188.21109200678984,-21.793478651092823
100.71980927749006,2.279506256511297,8.043578078091059,10.93786127181508,-188.2092186697715,-21.793478651092823
105.08176332622043,2.2263697251634653,8.309449331585682,9.442311630504832,-188.20749452606213,-21.793478651092823
72.65820136927933,2.1107486157138595,8.085384615194897,11.102862547300475,-188.20682484014466,-21.793478651092823
77.93508949913576,2.2375345220314244,8.038342743578198,10.447832323360785,-188.20451478890814,-21.793478651092823
85.5344132933058,2.1992126771645957,8.273598184573302,10.251886230138211,-188.2022481574841,-21.793478651092823
66.3850504355698,1.9640865822038478,8.243226646821995,9.548381939987934,-188.19828143751508,-21.793478651092823
101.19642850314796,2.2540009239707786,8.07618569679832,10.902591977237108,-188.19814412171007,-21.793478651092823
81.92766504728834,2.300948782248284,8.246997470984212,9.352169732871573,-188.1969505992287,-21.793478651092823
108.01781052026448,2.1621299316144587,8.221173013199973,9.797328571500685,-188.19172104334945,-21.793478651092823
91.46211415311461,2.2447791957617795,8.389615608033552,8.793138376468221,-188.1915373328703,-21.793478651092823
83.52456262922527,2.2490706687005115,8.283449354732966,9.997825716329714,-188.19142025533887,-21.793478651092823
89.45028441688761,2.177158314884977,8.267326591344784,9.735998037306672,-188.1902691216283,-21.793478651092823
89.61359075313044,2.2580854871864773,8.362469162293138,9.282441150923717,-188.19021477326297,-21.793478651092823
105.21582122096909,2.208420941528729,8.334994749042323,8.762792244208583,-188.1894521628357,-21.793478651092823
99.2853383396873,2.208079126880804,8.1493749339092,10.004062058858182,-188.18898804277134,-21.793478651092823
90.10370415884282,2.310533854251176,8.02963149355648,10.212209949839462,-188.18726691321694,-21.793478651092823
66.15011556531569,1.958556848855011,8.227391658516268,9.671123412771806,-188.18696691558043,-21.793478651092823
83.41627653864731,2.24824813511313,8.125027162798403,10.97721955637536,-188.18619654621503,-21.793478651092823
63.63754626561324,1.9146616171261996,8.279574579339055,9.996773132790338,-188.18321112262097,-21.793478651092823
70.00790774184144,2.1182592074791273,8.12646240319512,10.608487171782343,-188.18251412886866,-21.793478651092823
59.960035221384906,1.8968678614768493,8.23130539541063,9.856026023382867,-188.1765970859007,-21.793478651092823
83.57861287448796,2.1706574406603636,8.312658709393048,8.941809200079888,-188.17633516964608,-21.793478651092823
109.54811468675437,2.223599877269038,8.252394502330304,9.586852429982258,-188.17460844088683,-21.793478651092823
111.24772344254725,2.1762025791679918,8.176465072320525,9.29900720998026,-188.16935143886857,-21.793478651092823
114.44004503710764,2.1467500785641676,8.222533433448433,9.088267211565324,-188.16855903271176,-21.793478651092823
94.29126831553738,2.2230885716167705,8.358665409715428,8.757598354903934,-188.16790657061145,-21.793478651092823
99.24248353758901,2.29658282279874,8.20874394822863,10.258000027286357,-188.1673610316856,-21.793478651092823
71.60402543692672,2.099544825267799,8.212414248714737,10.556167700572132,-188.16604843248155,-21.793478651092823
78.27806579800784,2.186262095702972,8.183685517217185,10.756591053079603,-188.16533958984328,-21.793478651092823
89.65648599228648,2.309278885617843,8.120068559821021,10.813926498402822,-188.16333872022307,-21.793478651092823
68.85366867068447,2.0396177541941256,8.349343166494123,9.296339819237687,-188.16330169422162,-21.793478651092823
70.63695925491284,2.0675267612063095,8.066958792660273,10.997362559788627,-188.16321859365968,-21.793478651092823
94.98272850246022,2.3293830870989893,8.177326170189048,9.003809543435494,-188.15980917825996,-21.793478651092823
84.01938807877883,2.203010199869567,8.090323066731344,10.10375810265731,-188.1581082309271,-21.793478651092823
91.28198745356097,2.209676574562124,8.350015036393529,8.851407684103009,-188.15552274028278,-21.793478651092823
97.30184666160325,2.363310286713542,8.091693945167407,10.19586785764406,-188.15512834792463,-21.793478651092823
98.33260130116057,2.206328235931039,8.271920305914875,9.886730370458935,-188.15459822559333,-21.793478651092823
86.9076634619704,2.2326280948520036,8.038040437578587,10.582476148383336,-188.15339270259162,-21.793478651092823
95.02964513659829,2.3503189615474867,8.086532728830889,9.713040747987378,-188.14921661525133,-21.793478651092823
90.43198627182039,2.2357326320819766,8.271935164687704,10.188152208088042,-188.14717829459113,-21.793478651092823
104.82370934111164,2.1834973527618615,8.194011659348575,10.069694405247645,-188.14618333742348,-21.793478651092823
115.62063412570446,2.1229747968037316,8.166363280962685,9.896785280188112,-188.14572089637807,-21.793478651092823
96.76757917691054,2.309964972723165,8.105443768201297,9.500089212200152,-188.1430254931424,-21.793478651092823
83.27349895844443,2.294152335705803,8.236885595200874,9.913429283433999,-188.14253631577424,-21.793478651092823
75.33361989665329,2.092007024149524,8.294812866804193,10.094475185443855,-188.14053617324475,-21.793478651092823
111.70692852055292,2.2262994296087157,8.115216793486724,9.969140400999976,-188.13604555592414,-21.793478651092823
105.47400085523103,2.257336314754383,8.190269376066027,10.230064533443795,-188.1356234262804,-21.793478651092823
97.10088070179805,2.3120587453921075,8.258995439112454,9.84316100348991,-188.1345846172039,-21.793478651092823
84.18671986967662,2.2486846927388626,8.201596894536777,8.995118334097498,-188.13391265717374,-21.793478651092823
87.63330869720542,2.280182903924441,8.368030889541842,8.68498680383638,-188.1339108688243,-21.793478651092823
67.23275728178623,1.9946769070156734,8.105230464745006,10.520660318398967,-188.13008447815452,-21.793478651092823
78.42408978667424,2.2124224501017267,8.31527008539814,9.574009185801458,-188.12619471702018,-21.793478651092823
76.81208279404005,2.224902033911107,8.044350402012952,10.542591314176576,-188.12592807645387,-21.793478651092823
61.53917266047591,1.9266446722396608,8.132191401319716,10.270118854367809,-188.1239051926009,-21.793478651092823
87.52237372177677,2.196289245696846,8.119595374836251,10.791167692822825,-188.12316357928114,-21.793478651092823
94.51227908662759,2.348131599040798,8.27087087666348,8.813336067418703,-188.1224276912752,-21.793478651092823
88.07949728039527,2.196229467144363,8.131139667122397,10.742828617873784,-188.11678823627102,-21.793478651092823
105.50667970776098,2.2648460924345954,8.042987956793269,10.3481746032476,-188.11612115373126,-21.793478651092823
87.58477624542874,2.3228117673198483,8.301227471391826,9.085257826138104,-188.11606703182304,-21.793478651092823
104.85669855442285,2.280512062119314,8.270142789566563,8.66293322402666,-188.11405990476268,-21.793478651092823
72.51151730743439,2.0361933536009644,8.209269453174329,10.07702691578558,-188.11365804326635,-21.793478651092823
94.94685427647492,2.312470747116592,8.338898623541269,8.962799514649873,-188.10875488264708,-21.793478651092823
83.94683027750489,2.193086597163898,8.332473120177639,9.759849704246676,-188.10801617469235,-21.793478651092823
98.99149904874993,2.352233508193322,8.217578235727075,9.508388607911996,-188.1049249403156,-21.793478651092823
96.18303344937017,2.2324066258513824,8.117375647161282,10.805532232123454,-188.10469243434233,-21.793478651092823
82.91581790939517,2.1721036456384724,8.376077479818633,9.095085307589358,-188.1034491200433,-21.793478651092823
89.10223794488921,2.2267179053425252,8.188700384930314,9.314177177549766,-188.09941894940584,-21.793478651092823
67.41198357718643,2.036171555990464,8.15463384819597,10.743701383624085,-188.09856188041596,-21.793478651092823
86.15578676071274,2.246721395170823,8.179185931588052,10.758101691090985,-188.09651039094385,-21.793478651092823
107.41410845694536,2.258692961953159,8.289113891260001,8.988150312508907,-188.09517381081702,-21.793478651092823
104.13215144746663,2.2412529407927053,8.110463786622091,10.707888814895227,-188.09349704218943,-21.793478651092823
78.22925026490425,2.2267664123105533,8.297594485849885,8.799093953390468,-188.08802177292662,-21.793478651092823
90.15048965996955,2.3292660825334366,8.238446864805809,9.891849281710563,-188.08785626042868,-21.793478651092823
72.23129944224995,2.0716295970104,8.079823994101417,10.777519984961572,-188.08703897458955,-21.793478651092823
104.01283151474827,2.2118574270460982,8.328064080001951,8.79418080343737,-188.08653193478668,-21.793478651092823
88.5602461158231,2.2232892591365925,8.082012176919363,10.266183447371844,-188.08569564984828,-21.793478651092823
94.56465728332552,2.357929639734351,8.139575829040353,10.230432290850615,-188.08519578849265,-21.793478651092823
78.89975009275066,2.188004329382835,8.030369858117211,11.087403763555955,-188.0849073775956,-21.793478651092823
82.89011762826892,2.1407903482216,8.23794345136207,9.872717880326178,-188.0838023924164,-21.793478651092823
88.7184103958146,2.256547247490232,8.138238520955554,9.448600186418389,-188.08304632382783,-21.793478651092823
72.44193064476285,2.1472669361934607,8.273222618040137,9.007158712113494,-188.0817936259084,-21.793478651092823
75.34314491669357,2.1023810050132425,8.305967526092957,10.009270147487968,-188.08114605408832,-21.793478651092823
112.51786654752412,2.198380967644326,8.189991652926551,9.806665623695324,-188.08083910068228,-21.793478651092823
61.97547724925948,1.9292700769268691,8.130157672893517,10.558237991096263,-188.0790168892272,-21.793478651092823
67.46388975489019,2.0062996199401653,8.339573970606978,9.380052276451522,-188.07681231751803,-21.793478651092823
90.84920321271322,2.2074422152352753,8.35976814346003,9.080717136547577,-188.07539341615973,-21.793478651092823
84.32390111444224,2.1754213360290464,8.364069234990325,9.230766049736758,-188.06926513340028,-21.793478651092823
89.81603967482111,2.353516023426252,8.066862457676734,10.369549892535616,-188.06853777212925,-21.793478651092823
94.02331588335953,2.372773439029359,8.144467636056277,9.78254365992504,-188.06705205087002,-21.793478651092823
62.552864732125805,1.9293792774044363,8.142156090896378,10.644478009034998,-188.06619526687984,-21.793478651092823
109.56714541564645,2.1632241086843464,8.15745563893887,9.99719629236671,-188.06601958399364,-21.793478651092823
97.02669903807328,2.2253895060469233,8.148578026091712,10.655570633295696,-188.0654259473955,-21.793478651092823
79.50438372490804,2.275954887745172,8.220549408602977,9.319104595086714,-188.06527574855252,-21.793478651092823
100.03660736992144,2.2412551316438822,8.255545221431873,8.831405366992584,-188.06514552899134,-21.793478651092823
101.7196310338363,2.258326402686464,8.055704669943708,10.838485782360465,-188.0633501512703,-21.793478651092823
92.46270497863281,2.232729245474758,8.066670846587272,10.729271314051061,-188.06238336973271,-21.793478651092823
98.98256573710404,2.277790475344304,8.286866403822472,8.544056658203175,-188.06100486402292,-21.793478651092823
91.17621225789777,2.304470795162814,8.23775895993748,10.143190611612397,-188.05578579375265,-21.793478651092823
95.8010511635121,2.3304201199857175,8.024783651455806,10.394576331076365,-188.0551549229237,-21.793478651092823
70.39259790641444,2.091424655702454,8.30505609987992,8.955219519053173,-188.05395101564062,-21.793478651092823
87.71307710626066,2.220642009136867,8.129524690270586,10.948370199945373,-188.05380202371353,-21.793478651092823
82.09128274211584,2.1527098966565745,8.31364348766067,9.087927552577895,-188.0537584212231,-21.793478651092823
94.27770847504601,2.3405520497893093,8.142580637546928,10.433362652124941,-188.05275922258772,-21.793478651092823
85.30029808822894,2.1593682248008434,8.269741382578786,9.608393257386382,-188.05258488798387,-21.793478651092823
84.81422124569887,2.248100739188274,8.33305263089261,8.507921051735934,-188.05164365929937,-21.793478651092823
93.55898654190777,2.2632886293405647,8.236028988714537,8.840249813428699,-188.05061800186593,-21.793478651092823
111.60475497931665,2.2073048426137234,8.177965006272132,9.952573404029636,-188.05032316326927,-21.793478651092823
101.47282027741699,2.339312097575757,8.118099349642677,9.603385729620442,-188.04921455502364,-21.793478651092823
88.50393431786888,2.297242609881067,8.3421553563754,8.594228060377787,-188.04738851084238,-21.793478651092823
89.68875241779048,2.3623948230930267,8.116116873037186,10.027752085351949,-188.04589966074113,-21.793478651092823
70.54970136215304,2.0553788869765413,8.340810079308085,9.540084882678912,-188.04490388013485,-21.793478651092823
112.61314171624579,2.2032049205682824,8.170690170707871,9.340734359309835,-188.04232481308685,-21.793478651092823
75.12084682412663,2.170528762948692,8.146419972264994,10.785811756808613,-188.03605532209474,-21.793478651092823
101.14230077743862,2.290920698129767,8.298017598980266,9.398269887365018,-188.03602393669405,-21.793478651092823
81.83307215696365,2.294361186507487,8.245514949092751,9.128931623504911,-188.0338533579562,-21.793478651092823
95.0129788356577,2.308114616550469,8.022886049537362,10.385717561310173,-188.033827133869,-21.793478651092823
85.89511711842428,2.28119238795162,8.328215631879516,8.562205240280747,-188.03330650657827,-21.793478651092823
60.66205005374446,1.8912298235318303,8.212644987657626,10.262450979040949,-188.0329280385091,-21.793478651092823
61.70040105785157,1.9071745390078547,8.271940218830082,9.875507413362612,-188.03105526322824,-21.793478651092823
61.07239154647231,1.890389985628218,8.177436890762522,10.04615898060328,-188.0308052126263,-21.793478651092823
98.94721154193918,2.3357750745606864,8.118775685146943,10.427585755929982,-188.03010367274683,-21.793478651092823
98.9195079447003,2.2336624928246067,8.353208195040168,8.732633280954133,-188.02997763485942,-21.793478651092823
102.00957270614309,2.2103680875715384,8.122410135877772,10.2527484832965,-188.02973031948744,-21.793478651092823
91.72973773577894,2.2207097932532633,8.30258900829699,9.874940814878471,-188.02905464708735,-21.793478651092823
66.62216762650698,2.0390144103095906,8.126971431122257,9.967488723259152,-188.02784341763126,-21.793478651092823
66.95990908105665,2.007242463487387,8.148335747209586,9.895123344456096,-188.02679250213671,-21.793478651092823
91.36287286951143,2.365988218074193,8.104242740990912,9.948450487168913,-188.0265102938398,-21.793478651092823
61.2623983587892,1.9283357243019736,8.212079978508712,10.004255219614606,-188.02636709955692,-21.793478651092823
64.06846890004013,1.9355349824849384,8.286061440534922,9.921476367399862,-188.02560423744725,-21.793478651092823
91.14017637026613,2.2823315531303336,8.261484571057878,10.096803010528106,-188.0243184543833,-21.793478651092823
98.30551207348888,2.357404536998274,8.206101662281668,9.209721923732502,-188.02371874823083,-21.793478651092823
66.02069794034273,1.945382939635195,8.2330162645043,10.052542508473238,-188.02359708439693,-21.793478651092823
104.23399838312983,2.2467443398434312,8.338955406843837,8.811150423308987,-188.0220195667886,-21.793478651092823
75.09177207507787,2.1883322590376224,8.307134943890901,9.102462134682611,-188.01859714404023,-21.793478651092823
92.45848749178066,2.3669584227279756,8.152115378819616,9.932947185490661,-188.01728882803954,-21.793478651092823
87.1632999425342,2.1891255612875966,8.137523440515196,10.215927770710437,-188.01555760150794,-21.793478651092823
106.39513764745259,2.278694903710388,8.09124273977983,9.788849694395822,-188.0154057024186,-21.793478651092823
75.57249346123328,2.1852688742560815,8.320983021056179,9.258075725633972,-188.0146748492963,-21.793478651092823
101.81446435263683,2.339266689300203,8.10889641113377,10.08479733216032,-188.01410104091596,-21.793478651092823
87.37248631701245,2.263990384271537,8.025490993515433,11.106912072353452,-188.01354884230258,-21.793478651092823
77.10661256481524,2.1954911292345543,8.197529317303776,10.52147139233864,-188.01212475268974,-21.793478651092823
108.98064229866627,2.2593291740714676,8.230605129383036,9.29085488298216,-188.00807494400067,-21.793478651092823
98.41024244802009,2.316938620191479,8.113093888981325,10.645593903747283,-188.00507595738227,-21.793478651092823
85.90649908440398,2.211809384277231,8.254903961159869,10.339132760997245,-188.0048714659018,-21.793478651092823
88.78608302295315,2.2036129003647034,8.234271903495483,10.377761936720077,-188.0034988799187,-21.793478651092823
95.8552794428964,2.260294282423885,8.205257975848355,10.478922874746758,-188.00183615490127,-21.793478651092823
102.11627796162975,2.3248496756216923,8.149798111509455,9.29954368017681,-188.0017418115362,-21.793478651092823
87.38129593954885,2.2940110023197917,8.036421289919929,10.226834087474373,-187.9993104423202,-21.793478651092823
65.2334779116464,2.0013884020969783,8.230634215119494,9.39398114489427,-187.99716769334194,-21.793478651092823
97.38666651928791,2.354914560930638,8.0730668173411,10.07046191775359,-187.99627964754424,-21.793478651092823
105.09794605079873,2.2027007444765445,8.11617822170183,10.301343362087664,-187.99106042990638,-21.793478651092823
75.06465469284642,2.1527075999813547,8.348964300823866,8.851058840160277,-187.98855308662033,-21.793478651092823
86.4588314218558,2.237696432398792,8.027498961419639,10.859339522759143,-187.98750763871598,-21.793478651092823
105.08854638465372,2.216761880483773,8.20752739101141,10.205398442391953,-187.98733826054325,-21.793478651092823
104.24280605068074,2.308841468418578,8.169069889388311,9.980413348871764,-187.98705775981833,-21.793478651092823
106.85142511254884,2.174651621869657,8.253684163622154,9.443578956823842,-187.98700842338576,-21.793478651092823
73.31635061332547,2.0973121307875715,8.211774530891745,10.617594030292565,-187.98493008356326,-21.793478651092823
72.01117193983772,2.147914271930958,8.245538278475209,9.170890954707772,-187.98441926568034,-21.793478651092823
62.461272250752536,1.9574273915326614,8.220212067797547,9.734986987240717,-187.9840661056293,-21.793478651092823
84.24447641059457,2.219921734407947,8.35368444606425,9.439358178395395,-187.9836814130966,-21.793478651092823
96.36795784760514,2.243193612436073,8.314509985835372,8.655880204212025,-187.98120181520056,-21.793478651092823
65.19897740273029,1.9754343688268818,8.311756172347799,9.307940253173086,-187.97981154696248,-21.793478651092823
84.9660449491776,2.238759559713003,8.364433554945492,9.196036846834033,-187.97355717181733,-21.793478651092823
109.15505555087977,2.19770212718889,8.295013109331705,8.831218871819061,-187.9725411035879,-21.793478651092823
76.3627281059731,2.2064930508647933,8.19082140259215,10.375691144304852,-187.97153635001348,-21.793478651092823
78.1367032546228,2.146589008447407,8.364114988617075,9.338440980805387,-187.97108495876196,-21.793478651092823
80.01014624445901,2.1502840288039664,8.118792574483791,10.208097709653828,-187.97055141546437,-21.793478651092823
84.33770667374527,2.1785714239372425,8.28436238760284,10.093833142429133,-187.96960591422464,-21.793478651092823
75.80969367997785,2.096608353220759,8.201377251478931,10.606011680684446,-187.96904533711952,-21.793478651092823
93.94107410364138,2.310894440788843,8.229893367380782,10.122669812934845,-187.96518545387926,-21.793478651092823
112.70125975020224,2.1805071121941495,8.111003721422861,10.007608111838039,-187.96396776814237,-21.793478651092823
79.75588403646607,2.213798280060587,8.04044420051838,11.09050810791382,-187.96335189855594,-21.793478651092823
81.30595814817423,2.2826149435837806,8.157688586790641,9.38743939091674,-187.96324196989005,-21.793478651092823
87.17670083455586,2.333337572502586,8.053415606849711,10.454050817240727,-187.96197340470252,-21.793478651092823
73.42418404235055,2.1441025678050636,8.332013473956465,9.09067776899579,-187.96036910567756,-21.793478651092823
66.58984428666703,1.9759244465609527,8.13495801966684,10.504941286869496,-187.95913281927136,-21.793478651092823
75.69586855222934,2.1830425184069497,8.31044321554674,8.850902664746883,-187.95906061394163,-21.793478651092823
76.92713925638493,2.163008581224588,8.158587673682064,10.859605384877568,-187.9586072103964,-21.793478651092823
77.51636873878859,2.1087018009278182,8.245202965791378,10.33154482909228,-187.9548095047175,-21.793478651092823
74.79125481954665,2.1981157711974646,8.21340886421217,9.246602620403621,-187.95454826015154,-21.793478651092823
80.67367037710159,2.2434198835906045,8.28074374950856,8.743061641290751,-187.9545432503245,-21.793478651092823
108.15715415137103,2.1788025239822844,8.174996127460702,9.648777362415785,-187.95077948660634,-21.793478651092823
69.18615836393784,2.0946644033599,8.216861388109436,10.141146687980608,-187.9485520859008,-21.793478651092823
65.08188939941581,2.017723695218791,8.221551544561578,9.57977804590385,-187.94822270614523,-21.793478651092823
102.39401797636522,2.2840950838397305,8.125263128727767,10.582759747864856,-187.94628067955648,-21.793478651092823
94.44815734331628,2.2219379233208087,8.29068723706854,8.945501897837772,-187.94500843657255,-21.793478651092823
68.29835384564592,2.058804404179483,8.2481690469711,9.203219750408437,-187.94288031633337,-21.793478651092823
76.2330252556812,2.110813366886177,8.32657797200352,8.997151659927795,-187.94169893035965,-21.793478651092823
82.68508257373293,2.3045153923493302,8.091239586009806,10.433213434751963,-187.94133413143106,-21.793478651092823
76.05665253962002,2.219313107143435,8.127879841941223,9.718583017945178,-187.94036998434757,-21.793478651092823
103.97366805381152,2.2791491904940955,8.285227288503961,8.664692934476307,-187.93521348585233,-21.793478651092823
67.62433397499555,1.9797113350432483,8.271492756210563,9.569239937275057,-187.93440652294106,-21.793478651092823
104.43926293872197,2.2924873176349507,8.262758022977096,8.805622411235333,-187.93425252059822,-21.793478651092823
92.22614526796009,2.324840306117011,8.206548131618632,8.906090475453198,-187.9341455616255,-21.793478651092823
84.78906082400043,2.2801570227487105,8.330895675739328,8.707037960738546,-187.9340518512161,-21.793478651092823
91.7809026538463,2.264078892813046,8.376174122074445,8.772050023840649,-187.93201062604555,-21.793478651092823
97.19624451616573,2.2133298950943754,8.224520152039418,10.197029962833,-187.93125752173606,-21.793478651092823
102.60206763247925,2.24542670002225,8.318617953048573,9.334604990892387,-187.930739050991,-21.793478651092823
92.5749738919873,2.23582229602809,8.145484694186337,10.790623616266231,-187.93069233515564,-21.793478651092823
81.1960308034182,2.134214664688173,8.245594619684255,10.1719189105294,-187.92981499795485,-21.793478651092823
70.7836712151449,2.047701633683374,8.206073696542859,9.564071690755782,-187.9267945652699,-21.793478651092823
74.79477248090517,2.0727008666568167,8.193384528423763,10.036891096360705,-187.92455061722822,-21.793478651092823
111.04416222133145,2.1815350569394525,8.209616313580483,9.895354690358914,-187.92435853969982,-21.793478651092823
93.50262297136634,2.3324018313128363,8.219320766278713,8.860970346155682,-187.92424748954232,-21.793478651092823
82.12008163433408,2.194655943739434,8.132261679450295,9.743424554794245,-187.92305116126843,-21.793478651092823
104.8432548739249,2.2204598572810426,8.327097416727327,9.066340503186098,-187.92277571879808,-21.793478651092823
100.80055513509531,2.276555669072579,8.263854926985545,9.831199493654026,-187.92275599240597,-21.793478651092823
94.28893146543106,2.215279657437975,8.26788814916975,9.136818780692238,-187.92226827245884,-21.793478651092823
101.46115397184076,2.3059903422159067,8.090738846125078,10.614311277528515,-187.92166299167792,-21.793478651092823
89.92688023362808,2.2597073622526835,8.311984780040348,9.75336349717881,-187.9208474766735,-21.793478651092823
100.94667684832088,2.293288872358474,8.06875800673427,9.932073404972613,-187.92048634943916,-21.793478651092823
71.51340634841591,2.1130606785948487,8.279618097642356,9.87919138707477,-187.920395667336,-21.793478651092823
103.0511059943521,2.2000616270339606,8.212962598990146,10.08005080655954,-187.91812077643687,-21.793478651092823
81.58066211694326,2.173355776257708,8.102113289285171,10.23856228454116,-187.91739354297067,-21.793478651092823
101.23922258260889,2.309829346105545,8.261539379542313,8.724110400496642,-187.91697762932765,-21.793478651092823
85.5701275571424,2.18265539906794,8.195950162650433,10.556755002185753,-187.9159791445248,-21.793478651092823
95.3974292552062,2.2323867137606044,8.193656919280613,10.507879591114005,-187.91531652650764,-21.793478651092823
64.77448396039591,2.005204014500677,8.214827284503883,9.57092497238412,-187.91527082456673,-21.793478651092823
102.67334370864135,2.3047190059726717,8.267017597649954,9.35638187553917,-187.91392948416654,-21.793478651092823
78.45212736566755,2.124016866345528,8.251669654128847,9.3700268616997,-187.9134835317474,-21.793478651092823
76.07892407856973,2.1219886471753284,8.284021598212405,10.148453315307705,-187.91297862399892,-21.793478651092823
114.85300885806978,2.135848818908215,8.19164996734159,9.552125419984094,-187.90911896611826,-21.793478651092823
104.07805543781367,2.2509072353769284,8.165251809267374,9.254386098578834,-187.9073187102127,-21.793478651092823
88.90542926984548,2.314575714252882,8.217375463938026,10.136929425961654,-187.90705447160312,-21.793478651092823
112.8354050085713,2.1773327933140223,8.121239230831492,9.916815676950222,-187.90682154105076,-21.793478651092823
90.33991192949121,2.29258343848268,8.332426029226866,9.289035695778523,-187.90615806091537,-21.793478651092823
89.49366710161061,2.186015726198974,8.208312272966367,10.00711184063735,-187.9049348854497,-21.793478651092823
93.23174015954092,2.3316694991572575,8.306620277687301,8.88682885131226,-187.90388196127847,-21.793478651092823
103.57205523102066,2.292629685124055,8.0832128974792,10.561097549262968,-187.90369699876146,-21.793478651092823
98.46669679151184,2.327822217786519,8.234092441151631,9.763204248198292,-187.90085458410462,-21.793478651092823
100.23967266338906,2.3352017869946025,8.063330732620585,10.24415229893819,-187.90082700865736,-21.793478651092823
81.47247549757735,2.2680528397316237,8.264014228050115,8.864456945445653,-187.89973007563177,-21.793478651092823
93.56596800458253,2.200683122676949,8.220530010685337,9.717389705477956,-187.89855677394783,-21.793478651092823
104.9054160910342,2.217754904886675,8.180756230935202,9.356272357049875,-187.89846272216224,-21.793478651092823
83.83805450442142,2.2563459373964605,8.040117204510011,10.307680957860839,-187.8961969692,-21.793478651092823
97.44146042697092,2.212871173764796,8.285539614028835,9.12285485683077,-187.8946416721506,-21.793478651092823
100.20237866416372,2.3474642156538863,8.104001820344536,10.025068916243583,-187.89399301321592,-21.793478651092823
92.32175359640705,2.2047129756075208,8.294746058159404,9.761050757281708,-187.89303261315638,-21.793478651092823
86.00131750765505,2.2119518812346968,8.36198986310066,8.707597548080116,-187.8923616627413,-21.793478651092823
86.5517068227473,2.2211156063645205,8.163683381266367,9.497701393341941,-187.89171386109928,-21.793478651092823
85.18224082915184,2.237402457926237,8.367210734622518,9.126787186771168,-187.89090992505527,-21.793478651092823
94.9001101999865,2.2543625959775966,8.211631519996928,10.443176042343168,-187.89066153564625,-21.793478651092823
74.28138705290738,2.069667904303273,8.206840384423145,10.45662424215763,-187.88558364459368,-21.793478651092823
110.24476463984844,2.181755505437124,8.121723559114173,10.223577470829525,-187.88536252577234,-21.793478651092823
108.18017429703792,2.2281794297413455,8.227713268531545,9.829220892239135,-187.88455554179882,-21.793478651092823
113.8687115627437,2.1682599750972855,8.167196182915688,9.820244335184412,-187.88363926193398,-21.793478651092823
75.7088986534158,2.209353786741289,8.06666216020949,10.549446322599636,-187.8821992564995,-21.793478651092823
86.09697999223566,2.176884150280955,8.25802101907911,9.407097031735532,-187.88114850538582,-21.793478651092823
99.11202527988361,2.31225612258919,8.048567940419417,10.738730681931287,-187.8810885212529,-21.793478651092823
79.03689990128059,2.241154166088293,8.054834129903014,10.268668932415608,-187.8777630078235,-21.793478651092823
101.80214957839952,2.312918972532131,8.0818659151399,10.523768282233533,-187.87675196485228,-21.793478651092823
85.25819807292272,2.1920439253903794,8.095290512243963,10.663328931492913,-187.87559009011807,-21.793478651092823
76.53404221359605,2.2130356184288615,8.21096010445578,9.168726999503434,-187.87440687462123,-21.793478651092823
73.52939014881349,2.1365967186031014,8.243658179938649,10.244114918552782,-187.87084824789267,-21.793478651092823
100.06021827781765,2.273988437223835,8.072680661982758,9.999049181811387,-187.87051122957064,-21.793478651092823
74.80836401712098,2.149357648174899,8.059868043920915,10.392020958944101,-187.86739298653174,-21.793478651092823
88.42683579255831,2.258212328134121,8.101526430012683,11.0136963149304,-187.86639022038565,-21.793478651092823
70.17094814509636,2.0531514993581794,8.259406929033219,9.20319246627983,-187.86449074302456,-21.793478651092823
95.5495333600237,2.256198007888983,8.220429963707545,10.368155645395603,-187.86151274928528,-21.793478651092823
81.26420455057172,2.23768733221371,8.244951958762243,8.859313710085331,-187.85950456289103,-21.793478651092823
84.78085393079041,2.247066104754097,8.244772344388991,8.833140161356056,-187.85941917522624,-21.793478651092823
83.64463964088254,2.2918699695296993,8.198888889671593,9.088136777797985,-187.85768251516419,-21.793478651092823
105.31923270477027,2.2491896049904767,8.253302357932824,8.777559489009576,-187.85526344076575,-21.793478651092823
77.51457755625796,2.1041666007348,8.26015364726021,10.149984202337862,-187.85511455474642,-21.793478651092823
91.75614075238846,2.3348993580870285,8.29176384444321,8.880102880976267,-187.8549259027276,-21.793478651092823
72.57439235301509,2.156727215358586,8.243437845572657,9.842554988456612,-187.85461377221765,-21.793478651092823
93.50754655937429,2.3544745458925718,8.180761574792399,9.202258310024945,-187.85452135835354,-21.793478651092823
80.91891245241668,2.1718755155167457,8.360225546104232,9.350741191318463,-187.8506284293065,-21.793478651092823
75.501460081918,2.142282500295636,8.297462595910645,9.942568054141702,-187.85049074675584,-21.793478651092823
95.91260972124016,2.297799490507842,8.045882724547937,10.192571519972347,-187.84828044380646,-21.793478651092823
78.34251891751676,2.217157567291906,8.288156962493531,8.815558408263371,-187.84712719510094,-21.793478651092823
77.32512650142802,2.2001230733295074,8.214967822330635,10.358348299013329,-187.8446469292531,-21.793478651092823
91.76055623653407,2.3428440133244663,8.205346674611576,9.022538755024243,-187.84339417145642,-21.793478651092823
106.83782897797124,2.204168347802053,8.12090180474064,9.969103490401437,-187.84275296871925,-21.793478651092823
80.29059146219258,2.2465011339181444,8.314525530685586,8.88824468968403,-187.8423581693481,-21.793478651092823
75.52085981989646,2.1259373490890567,8.209056564518704,9.337868598086885,-187.8418421336343,-21.793478651092823
88.0729012701994,2.2640175772852302,8.213431363506288,10.468844595786152,-187.84162479627975,-21.793478651092823
92.22237604477942,2.2876616948092448,8.330319327001888,9.351227391745795,-187.83520383415092,-21.793478651092823
88.65384249024969,2.3356792719909834,8.165803221855072,10.208794590941437,-187.83371152450871,-21.793478651092823
92.4649505809495,2.359799969612382,8.208889369032647,9.535407867836,-187.83190749283042,-21.793478651092823
86.9798173184574,2.280663985466404,8.032675895940372,10.371980407914805,-187.83150049323805,-21.793478651092823
84.35103106515362,2.274646047713901,8.176795946454092,9.15942305440447,-187.8310744021981,-21.793478651092823
62.99634240541348,1.9338372741967902,8.274341904048299,9.565811727589704,-187.8298841221787,-21.793478651092823
72.57649106026969,2.112972820551036,8.238944253149356,10.319638482884955,-187.82927740494108,-21.793478651092823
65.55646522693657,1.9849032064243346,8.302801848943545,9.366444976159329,-187.82770318625347,-21.793478651092823
100.59798810001864,2.215382525563811,8.164527818502705,9.784617915559664,-187.8276623529047,-21.793478651092823
102.77406585382677,2.281482792434005,8.221135052225293,8.868471058265982,-187.825903348562,-21.793478651092823
92.34598864465849,2.2586973950428444,8.042508470365817,10.864234114741691,-187.82402765929126,-21.793478651092823
74.53226485274135,2.1600444379106563,8.320448156554477,8.94665778276672,-187.82386584365653,-21.793478651092823
113.0013118358342,2.150378251619884,8.180110569422084,9.823529727117261,-187.8226519195103,-21.793478651092823
77.88433174336409,2.2303762730216476,8.26187140555146,9.003685139334124,-187.82079354369264,-21.793478651092823
93.09068392417923,2.240865157355202,8.362425940357241,8.744424582622884,-187.8204614600856,-21.793478651092823
77.27550054991539,2.228468580577541,8.110480891402062,9.818046872894257,-187.82030801805274,-21.793478651092823
76.25996424103465,2.116494795624803,8.356843906574596,9.094738980222246,-187.82012520826336,-21.793478651092823
105.85709188905179,2.2547993902841483,8.07998138021702,9.997279105859604,-187.81994813235954,-21.793478651092823
68.10534417084303,1.9878914311500182,8.215261552010134,9.90502164923032,-187.81975496953933,-21.793478651092823
82.40122613934632,2.276598143416763,8.158226068325888,9.328394244937414,-187.8196808630577,-21.793478651092823
96.03868737476688,2.3187150239319863,8.14591837273008,9.270667062867858,-187.81929790057296,-21.793478651092823
70.7805229466437,2.111444906476379,8.288636108391046,9.561416808458944,-187.81635361275235,-21.793478651092823
67.83156046645321,2.015232975127347,8.292185862814648,9.90319955068182,-187.81623275048076,-21.793478651092823
103.22837030857784,2.3268044846934544,8.184497286187565,9.425502555787688,-187.8144993186564,-21.793478651092823
77.51123718499588,2.1204572971680307,8.35027419783404,9.188255781916041,-187.81441571942082,-21.793478651092823
65.64747175657158,1.9639070417577926,8.158089909726243,10.558244690066687,-187.81416140921888,-21.793478651092823
102.34261316776214,2.310312241204116,8.207860031945955,9.850958481433395,-187.8129137465512,-21.793478651092823
79.29033131961111,2.1179189421885383,8.296497534319144,9.681895278158976,-187.812679384842,-21.793478651092823
81.31103770717007,2.2284841864619693,8.330446321936137,9.43942301911656,-187.81068994756572,-21.793478651092823
101.7009983188886,2.239993094873782,8.191073420478489,10.367484798921112,-187.80962996599396,-21.793478651092823
101.97977227512226,2.2832804031168337,8.32104053471295,8.808877809624335,-187.80960458303676,-21.793478651092823
66.16325352834743,1.9547667392986625,8.24486103512777,9.934562530401763,-187.80635610731446,-21.793478651092823
61.35077715360299,1.9045306780382987,8.179396571118843,10.23794160566976,-187.80519915660986,-21.793478651092823
92.94107448099398,2.3085310143903257,8.020950325128581,10.79991990852875,-187.80300203752293,-21.793478651092823
107.29382933112302,2.1976916843829173,8.29725737297889,9.209642461437028,-187.80102166264717,-21.793478651092823
111.46452576070378,2.2142670246251015,8.166114081288157,9.43427498297413,-187.80070456066912,-21.793478651092823
70.51507752871834,2.070755601670129,8.290886659672935,9.925234682018413,-187.79566931250798,-21.793478651092823
104.70976847867213,2.2193162581177006,8.306537543727302,8.831748390269382,-187.7956024234787,-21.793478651092823
86.45476006960081,2.3122297477884786,8.075065448017625,9.932505493553293,-187.7951790089901,-21.793478651092823
113.23260651006201,2.1519041797456424,8.221279903546161,9.518451147755826,-187.79486734684122,-21.793478651092823
66.81194951849133,2.0005006789868673,8.154384270571512,10.693624749745425,-187.79117593215392,-21.793478651092823
100.4446842389244,2.282006200026828,8.202401243197357,10.242545897261607,-187.79094430192333,-21.793478651092823
91.00330038139028,2.3035505859414513,8.027610061267609,10.907136374241844,-187.79004610128624,-21.793478651092823
68.17508355888532,2.0424003566229203,8.153843337596442,9.799744940893163,-187.78976390605675,-21.793478651092823
80.09979761364166,2.13594259380163,8.265205097154336,9.385162919352808,-187.78970384031692,-21.793478651092823
83.4273323377151,2.2750874491903517,8.111797719419911,10.782599415037339,-187.7891353589723,-21.793478651092823
66.08414610050184,1.9678974443436346,8.285333371887788,9.496229776732434,-187.7884776606223,-21.793478651092823
94.89692728482359,2.3235478273172134,8.23272965970969,8.80910078164544,-187.78567224243253,-21.793478651092823
93.62303732173234,2.229167205065366,8.30254606793369,8.865901433043689,-187.78500032580232,-21.793478651092823
94.93943260217348,2.2464459303305944,8.231989826565467,10.293499113064968,-187.78235034814202,-21.793478651092823
88.18719827912244,2.3048588528125293,8.120476735546674,10.726112622735855,-187.7815968686243,-21.793478651092823
99.89701430265109,2.2335768396059876,8.221706825731985,9.15470332398641,-187.7807398863145,-21.793478651092823
71.98394479962506,2.1144217859363152,8.31759295161092,9.439558648719185,-187.7798129543949,-21.793478651092823
86.36462528874054,2.2770388101931474,8.348484907223536,8.833637173869334,-187.77959550684827,-21.793478651092823
83.36869838059724,2.206672655099382,8.056274124182352,10.608610715676548,-187.77924868574746,-21.793478651092823
69.50022230977136,2.1074831354023758,8.116731214365444,10.142598337980303,-187.77886245249294,-21.793478651092823
64.23934031935305,1.9439732690740783,8.253989013214436,9.58898185011671,-187.77795665626948,-21.793478651092823
70.47427457634613,2.133283446401208,8.172270693683856,9.761222881277604,-187.77758277301012,-21.793478651092823
63.710726973026176,1.9849729711691282,8.182262398392538,10.022131044842524,-187.77750473537427,-21.793478651092823
111.50602655776876,2.1759442616779836,8.230856741714035,9.149097208167433,-187.77587176380047,-21.793478651092823
76.74052615996733,2.1355530546807557,8.252723366956957,9.127876609025378,-187.77277946432943,-21.793478651092823
103.11881476621281,2.258499203437651,8.065865466439988,10.654574977097951,-187.77210759290304,-21.793478651092823
82.92289040796614,2.2417277521368106,8.063419663793525,10.131138123813116,-187.77003274882364,-21.793478651092823
94.3509495461915,2.307762457921598,8.102418387077307,10.793943024625463,-187.76927739167533,-21.793478651092823
85.00003497089622,2.315371972832878,8.062432950353156,10.314225918519014,-187.76752850795145,-21.793478651092823
92.04306982262246,2.299129545053816,8.022840671685174,10.563202771226486,-187.7671327823784,-21.793478651092823
88.94920283710682,2.247547892222997,8.04262205776348,10.865767643097229,-187.76573248536675,-21.793478651092823
101.3251158334702,2.259920954458849,8.068421639976037,10.72993792711651,-187.7650898909828,-21.793478651092823
87.11435627123736,2.262508360043128,8.221631445845418,8.936685950716708,-187.76498418911098,-21.793478651092823
82.9465562896795,2.293541306918584,8.097019828930542,9.840790765983854,-187.76226323746704,-21.793478651092823
71.01130780055935,2.0923180815212845,8.10426886052963,10.87604892132407,-187.76014217031613,-21.793478651092823
69.56998188778822,2.03388619284911,8.139043171996263,10.142257595943875,-187.7567868479697,-21.793478651092823
80.66309174644464,2.2253467445437423,8.347205571719968,9.053751685896373,-187.7542901447116,-21.793478651092823
98.69541284508377,2.3233328233535815,8.219764034532886,8.899252311668192,-187.75377332477936,-21.793478651092823
101.26829791051708,2.3188212017625887,8.23440153714202,8.914512455495043,-187.75375771686785,-21.793478651092823
87.55695360869336,2.223150072428183,8.167707203372402,10.746596758660246,-187.7530901347311,-21.793478651092823
93.51323339940798,2.2987864463438967,8.155608648691356,9.247356430352454,-187.7507526525189,-21.793478651092823
90.57214356310564,2.293068539470255,8.339278503721033,9.10614294100597,-187.7506050392504,-21.793478651092823
72.14553834580346,2.1594228120920604,8.11137711155473,10.191788807562773,-187.74993138199622,-21.793478651092823
96.15312509808938,2.212362216073217,8.16437457590979,10.206813743550782,-187.74984512795163,-21.793478651092823
72.50840987537372,2.069177234971903,8.117321695379985,10.712013257773492,-187.7497178303417,-21.793478651092823
77.4165889769634,2.117818813943842,8.147858777167528,10.163731447020723,-187.7491701398877,-21.793478651092823
100.01365992974948,2.264773171094049,8.28067254107276,8.682284470115917,-187.7481400681253,-21.793478651092823
97.69252110275377,2.342747343157754,8.07265267006261,10.378441573905917,-187.74756780713284,-21.793478651092823
78.68257325786738,2.241731972135142,8.258032710701457,9.675667599283457,-187.74562173289047,-21.793478651092823
76.7734631425931,2.0931267185880102,8.27177794060134,9.664973150591635,-187.7450050799519,-21.793478651092823
93.41386994643898,2.2421998304004234,8.328083646282408,8.702450710366776,-187.74428695832137,-21.793478651092823
73.80172679329382,2.0726690829292096,8.328420988018706,9.444072581506333,-187.7411754677316,-21.793478651092823
67.22817701239565,2.009670307479581,8.137205083363455,10.114244020636335,-187.74113531234906,-21.793478651092823
100.38013071622694,2.218084324097731,8.230566042476852,10.079620638835678,-187.7391070984549,-21.793478651092823
102.52534153154393,2.2252257093633148,8.103751675335928,10.40880440109757,-187.7384971949345,-21.793478651092823
71.09238007006861,2.0657980039176493,8.326814246901023,9.576178640098362,-187.7379873864712,-21.793478651092823
98.3364049386717,2.282998460501304,8.249184683476585,8.755587295595745,-187.73757077778646,-21.793478651092823
99.51404490493873,2.2490804930396138,8.262630594773867,9.942553162098307,-187.7344388450554,-21.793478651092823
91.20520564907099,2.3505016332635194,8.147685581589656,9.4429317522914,-187.73296258429252,-21.793478651092823
97.15301072806736,2.3447878835342095,8.115320040257188,9.610908104574008,-187.73256067481012,-21.793478651092823
85.39901511218609,2.1913341422274186,8.28040411061994,9.07966395592507,-187.73098246160222,-21.793478651092823
67.35996242495379,2.0612478104928016,8.134704524671434,10.398764736175622,-187.73074712061037,-21.793478651092823
95.76300910865014,2.2149760935083407,8.259114593850683,9.273621188675037,-187.72640077972534,-21.793478651092823
111.39532074153719,2.216290532522308,8.173650595540096,9.456027785310624,-187.72605169124253,-21.793478651092823
91.74767970760114,2.3067532355212563,8.29518386750263,8.62221712999252,-187.72396127551204,-21.793478651092823
107.6145531406064,2.2199454511297603,8.276468064003183,9.413701964860962,-187.7237991066944,-21.793478651092823
76.63955176690601,2.196292009503992,8.052128826713897,10.827935245954592,-187.7223185430841,-21.793478651092823
96.46486844666609,2.3364948143982502,8.238919178226837,9.641931152052905,-187.7222165349418,-21.793478651092823
72.52657277867958,2.1415930765787863,8.07377310491006,10.376824802099492,-187.72196319100857,-21.793478651092823
67.55622966327762,1.9795843211866497,8.237228869505628,9.859018463377424,-187.71882114592015,-21.793478651092823
94.90199712402048,2.2748337290962155,8.268859162227557,8.709726359437752,-187.71597409036823,-21.793478651092823
95.39336874193732,2.281712439870887,8.038123688811282,10.501612999021233,-187.7142038217959,-21.793478651092823
66.07971612732432,1.9848758608392814,8.28121337680355,9.382270597552008,-187.7131677239662,-21.793478651092823
89.71390962168444,2.2842553631917895,8.041872951257488,10.312497947757095,-187.71283291524372,-21.793478651092823
82.55952985004464,2.1556474271179837,8.20780580616551,10.392366416279032,-187.71061079662695,-21.793478651092823
82.61058348472602,2.1788087307029684,8.25238157251195,10.302829781302876,-187.7082792721209,-21.793478651092823
72.95673534097767,2.115638829503041,8.162460746651846,9.599171117353592,-187.70817716602406,-21.793478651092823
89.09818038819284,2.2443381396221582,8.215039276931634,9.097371355863629,-187.70816557186188,-21.793478651092823
84.58357283527255,2.2006457353520688,8.114016568418378,10.893283368211002,-187.70709903426447,-21.793478651092823
84.38782889747358,2.201674562924765,8.075636421941283,10.79801467051621,-187.7063267836261,-21.793478651092823
86.51786005158863,2.3340436039241297,8.09708799587645,10.236476595210064,-187.70584989662837,-21.793478651092823
102.50641073464219,2.2464536257079573,8.159698266664492,10.469288313282618,-187.70459579305407,-21.793478651092823
97.0131161665359,2.2947371824319447,8.289186643202441,8.615253114580867,-187.70398903709412,-21.793478651092823
83.41536552765014,2.2527726200708855,8.035240626509022,10.481018448810318,-187.70377248067575,-21.793478651092823
75.24444904055274,2.1201941558203146,8.081173313868533,10.603040130809092,-187.70376545793837,-21.793478651092823
93.05985377529196,2.272696280517877,8.05316996935403,10.944990943306692,-187.7031156542702,-21.793478651092823
91.45661551537597,2.2064974046362664,8.159569260753642,10.160537801654414,-187.70275866439977,-21.793478651092823
97.39821677287095,2.292235037596754,8.082233634842794,10.824691205496578,-187.7025406915057,-21.793478651092823
88.67200895509902,2.268451242268327,8.033640312426058,10.954463631046735,-187.6994943745199,-21.793478651092823
74.66881211997257,2.1309365929178483,8.120281204590839,10.921054872420967,-187.69935991208257,-21.793478651092823
77.91942063186289,2.221587148862511,8.050213363425229,10.49688979646723,-187.69600133263376,-21.793478651092823
95.93838538932388,2.284446759956637,8.03406200827871,10.70934879041485,-187.693678695803,-21.793478651092823
89.31066367798657,2.2391496599473157,8.24426007520779,8.978761714259434,-187.6930673576946,-21.793478651092823
105.3403101467687,2.3003087206400465,8.200970312735791,9.477457764044061,-187.69271123199658,-21.793478651092823
74.26584724331774,2.0907872374787644,8.342270333613442,9.33820273255634,-187.69230452331547,-21.793478651092823
110.33096545093446,2.17886041035176,8.146039761112519,9.905201486846352,-187.690330285311,-21.793478651092823
99.28570787474249,2.2599930700367565,8.328901999108353,9.242512205096062,-187.68930817906843,-21.793478651092823
88.94725807390905,2.323818936141407,8.171199866218728,9.206631851835056,-187.6890454868104,-21.793478651092823
72.18757445135886,2.0571889497072675,8.275238238565322,9.361051943042582,-187.6887237208051,-21.793478651092823
78.02983963742946,2.2113355320294232,8.086310093617726,9.994912922905968,-187.68826992650764,-21.793478651092823
79.4903375940934,2.1712657307746213,8.177905274699327,10.74125226727648,-187.68726863970716,-21.793478651092823
104.00375740086072,2.264681434696527,8.144946608399465,9.405935844903837,-187.68715752457567,-21.793478651092823
93.15466101901694,2.3458145048150527,8.211468678474489,9.802375178477718,-187.68552758625108,-21.793478651092823
92.92255708292197,2.314113246961597,8.31528153309057,9.139360460436848,-187.68534888743636,-21.793478651092823
65.8708608715747,2.016851829541608,8.193137871529785,10.301692640535322,-187.68352390808104,-21.793478651092823
96.82183723035328,2.356056806752946,8.107870593612517,9.920004232108084,-187.6814904803652,-21.793478651092823
80.35858040265823,2.2424562955626186,8.318526195692044,9.028265762670657,-187.68137874681827,-21.793478651092823
104.49051036649111,2.2962091830313938,8.241010570651895,9.019565836723814,-187.67960343072167,-21.793478651092823
98.1697961240803,2.3041801572839375,8.203664793125284,8.960266446887289,-187.6787720172087,-21.793478651092823
92.09817616720488,2.2758072370460667,8.281719454939378,9.8812479365032,-187.67752274979046,-21.793478651092823
80.18068001279309,2.236762195918942,8.310396743002059,9.380258462574005,-187.6772925468622,-21.793478651092823
75.81021602143406,2.157272463942803,8.317554052205764,9.61037019220754,-187.67627578587965,-21.793478651092823
85.15735378045169,2.2409667006490963,8.365185613349496,8.830258906104717,-187.67100272470688,-21.793478651092823
107.8163768936516,2.2112883405017527,8.291253894802253,9.152149398976889,-187.67030436675321,-21.793478651092823
75.05981780229067,2.1059528391293583,8.346456302194156,9.321646735358115,-187.66877698276278,-21.793478651092823
70.38453111083469,2.1215100811965044,8.239998686507903,9.52539207948962,-187.6681316049114,-21.793478651092823
82.72005813400297,2.2486015443885776,8.028111665007941,10.727341209143532,-187.66765517970276,-21.793478651092823
83.49091679901044,2.242745032896636,8.10122847686776,9.805897309156194,-187.66703497438198,-21.793478651092823
95.9613350566519,2.273045480979121,8.282159472474973,8.679774053342896,-187.6647805206598,-21.793478651092823
87.43850066007676,2.294975563327881,8.127283988673241,10.718496353775777,-187.66292058624677,-21.793478651092823
77.50639140603734,2.2421239519785416,8.142741172238942,10.23575386815267,-187.6628661069664,-21.793478651092823
91.62886645033919,2.261445240608907,8.209379618081812,9.07048032274318,-187.66258843658983,-21.793478651092823
93.35100537042545,2.3266286720202487,8.181422579482046,9.101642450763848,-187.66211047081995,-21.793478651092823
96.736741957484,2.2098150469719116,8.267041282496422,9.729906499979563,-187.6613644469303,-21.793478651092823
66.85639996032074,2.019364788709595,8.113515415395852,10.630615560894341,-187.66070100114837,-21.793478651092823
97.96465389043604,2.286627967261836,8.276979872638776,9.719998912894681,-187.66041412250777,-21.793478651092823
91.9230851713044,2.208841421601406,8.159301442755122,10.338989897200918,-187.6578033130367,-21.793478651092823
99.47108856301578,2.2565212771293943,8.093402476260422,10.737546770752061,-187.65734998659585,-21.793478651092823
99.84172961535985,2.2408281640123278,8.280640539474945,9.762584908499804,-187.65662373817128,-21.793478651092823
97.268563076023,2.3279309931899235,8.102459893415983,10.53586960273742,-187.6554089950478,-21.793478651092823
86.35072710628361,2.229742115349751,8.145640758140445,9.610898823212437,-187.65237932774343,-21.793478651092823
94.62000747655036,2.340687109145648,8.195469782437982,9.981550291087018,-187.6506945328417,-21.793478651092823
109.9891485845251,2.2234092293908674,8.242911151654823,9.190428267670569,-187.65063214721323,-21.793478651092823
101.76293978830611,2.268408626907785,8.192911841663886,9.097529923215234,-187.65007311701117,-21.793478651092823
98.7912276443846,2.2838088210021965,8.044574279286167,10.461865379494697,-187.64913702923195,-21.793478651092823
88.19926360385853,2.2994053395465954,8.23794253596489,8.844159494202842,-187.64864186657726,-21.793478651092823
90.60611848340338,2.208525680401891,8.244348131957537,9.351502942645652,-187.64769304336258,-21.793478651092823
91.76416101118069,2.2945185956969425,8.342514893906866,8.736009621094496,-187.6446784307,-21.793478651092823
98.42699602364651,2.3274917109164193,8.21891649513816,8.9542553519575,-187.64247419667242,-21.793478651092823
70.4307071158016,2.0822850660744763,8.304056638895219,9.11973816472954,-187.6418442407241,-21.793478651092823
76.0890936671863,2.134276136482356,8.30495022869357,8.945867944227643,-187.6405535442764,-21.793478651092823
68.0506523207323,2.018007136549258,8.293589287409532,9.810403663241487,-187.63872191665027,-21.793478651092823
102.63525320973913,2.2303502509029585,8.139986987644335,9.752185400612746,-187.6375939283551,-21.793478651092823
111.64977451317742,2.175447334135356,8.238282334837464,9.302893597912998,-187.63729935290138,-21.793478651092823
101.2893947169583,2.24668824526627,8.135733890220251,10.576422541261081,-187.63385220955044,-21.793478651092823
84.8749992395608,2.2579225052843412,8.199894459376651,9.085851420099033,-187.63294044185352,-21.793478651092823
104.16190471355098,2.290983855848708,8.200021766866286,9.870939065513198,-187.62674282498983,-21.793478651092823
77.41951541159834,2.1904642634904263,8.202538547635072,10.461100408119506,-187.62556468368012,-21.793478651092823
84.79545655373363,2.1944111839081017,8.162914924052245,10.70922753151811,-187.62368148618683,-21.793478651092823
87.8182097886279,2.304685235335853,8.165120078609476,10.459870571338854,-187.62150142075137,-21.793478651092823
82.44397088572879,2.153534984205507,8.204951558669393,10.328686897689039,-187.62134427372484,-21.793478651092823
91.37333508616992,2.1998651435597054,8.272103412709498,9.493218385752641,-187.62053661042873,-21.793478651092823
92.02229270256528,2.300291778386665,8.30185190887201,9.491584707169977,-187.6193741545553,-21.793478651092823
87.29832266903378,2.21783100975928,8.35095691787754,8.82486076050111,-187.61880517497065,-21.793478651092823
88.87431858960328,2.2565453672501974,8.140423318124931,9.53718894202018,-187.61725766565402,-21.793478651092823
108.30871684532596,2.192410628059008,8.210246429370784,9.896780887539535,-187.61102465702882,-21.793478651092823
70.75662946113468,2.034853120948924,8.186861286203282,10.4805429970786,-187.60957546315814,-21.793478651092823
102.44287198744063,2.258299762271051,8.265849172036724,8.787432096179714,-187.6092484320365,-21.793478651092823
90.94432144400453,2.240422826183277,8.119791973712637,10.827825576260636,-187.60833595591615,-21.793478651092823
95.2027972934607,2.2867327998109204,8.249827728343547,10.021260140104687,-187.60736953505807,-21.793478651092823
68.72978355422396,2.035498186168084,8.149776023168982,10.693881960191987,-187.60705842963694,-21.793478651092823
68.404041256195,2.024170814620561,8.272107383704764,10.019134641897097,-187.60694228957036,-21.793478651092823
85.06342475076961,2.211813616564001,8.072433002939533,10.579182739915751,-187.6056087041418,-21.793478651092823
105.66890261295892,2.2733282034639473,8.092692524410069,9.945168756779253,-187.60541409907677,-21.793478651092823
81.77321653140659,2.2583063025614365,8.274052399911028,8.86213215214687,-187.6043014832359,-21.793478651092823
69.15835338908411,2.054369386739836,8.191086083555234,9.58292337070634,-187.60413121059594,-21.793478651092823
92.13763486254386,2.2593820775881994,8.352962117907623,8.686765896999106,-187.60175836555126,-21.793478651092823
98.63185187339869,2.26882812357141,8.242622798560774,8.865528370515676,-187.60129527558152,-21.793478651092823
108.2808644315001,2.2329359427969564,8.107421016869864,9.91967177537012,-187.60074486363374,-21.793478651092823
109.55552526888361,2.2071596654890016,8.18025496296977,9.365241143245868,-187.5992966304099,-21.793478651092823
75.25064241351916,2.162800806128601,8.299067746098984,9.659963612545909,-187.59884592896557,-21.793478651092823
95.26772554562345,2.2448070291414126,8.084985719620136,10.653843479866936,-187.59813465467352,-21.793478651092823
92.2563729625372,2.2419127392812754,8.09819739643001,10.80657806928565,-187.59679353317932,-21.793478651092823
82.18838399610934,2.2239267977646904,8.089722086961899,10.992432357452174,-187.59635488479032,-21.793478651092823
98.6066987462528,2.2586726856880404,8.323628443845223,8.691024252754318,-187.59585871444096,-21.793478651092823
92.2545005727393,2.2452539156788447,8.074051552268457,10.749911758589548,-187.5953735375226,-21.793478651092823
81.45813099338967,2.1655055529046763,8.11631228357922,10.395359579353254,-187.59517836049181,-21.793478651092823
101.02212997370535,2.266273906976693,8.25357993360251,8.81556561908414,-187.5946358663401,-21.793478651092823
111.07071668447306,2.183334187191406,8.242833455690572,9.269385549337642,-187.593354624566,-21.793478651092823
102.13861361195355,2.302094925995661,8.063947658488388,10.322286292471745,-187.59189350180654,-21.793478651092823
98.49555291239355,2.3485937942824933,8.197441686163273,9.449342913395157,-187.5895215056055,-21.793478651092823
108.1274220972841,2.2638869561555452,8.1965662997371,9.429631355972447,-187.58773801567926,-21.793478651092823
90.48122251277833,2.2122775591585935,8.209977702633438,10.362925341797137,-187.58623904009946,-21.793478651092823
97.88771913119926,2.34136304149132,8.114688085728801,10.26121299070465,-187.58543941635278,-21.793478651092823
67.40861566360759,2.0521836423386333,8.126042823208252,10.192934655474744,-187.58405964093615,-21.793478651092823
109.93412494109162,2.200673309174533,8.25941615810396,9.15060323031932,-187.58366388075225,-21.793478651092823
102.2421487435812,2.302296769136234,8.138997445465009,10.296179268666293,-187.58333804663047,-21.793478651092823
88.0395927812037,2.2365815812025573,8.119812573716956,10.882690077037068,-187.5817650810734,-21.793478651092823
70.5031805424349,2.0994248074671447,8.084983371339035,10.501598588705548,-187.58176017202672,-21.793478651092823
96.28251492563865,2.209790467632118,8.230634890502586,9.922261142249141,-187.58092461771537,-21.793478651092823
75.40205421246745,2.120333189200011,8.15229297903781,9.841140036511064,-187.58040603087187,-21.793478651092823
64.67384922716512,1.990909165374049,8.222886636481547,9.69077902050779,-187.58037168393014,-21.793478651092823
107.20703392814507,2.197226923758464,8.276236791037832,9.228835478563468,-187.5803189459408,-21.793478651092823
86.77957401572361,2.250520706093056,8.328369295701748,8.643850357124194,-187.57998167843442,-21.793478651092823
91.3849177437447,2.2529399487932977,8.270339219727987,10.035469692120046,-187.57995889212623,-21.793478651092823
92.02853489426099,2.215815161591891,8.139630714670375,10.286536206487938,-187.5791991016836,-21.793478651092823
98.8361962922418,2.322171733906302,8.263073841335228,9.38965045188749,-187.57704388742096,-21.793478651092823
100.18706744372157,2.2135964915298416,8.175196010902937,10.134626541157587,-187.5760442032864,-21.793478651092823
96.3469923621541,2.31869359098539,8.058484183799806,10.682240355513727,-187.57526653357567,-21.793478651092823
98.33123312259217,2.297604051049433,8.235297685427327,8.83717111273009,-187.57443951830535,-21.793478651092823
97.2295495135854,2.3005868992682394,8.158337674385677,10.474914552338305,-187.5731765651531,-21.793478651092823
72.94387393360168,2.164418592799194,8.22451919392114,9.405506731123495,-187.57304376076885,-21.793478651092823
86.87744935773337,2.2632559975219237,8.121135629855814,9.629986994293887,-187.57257409567086,-21.793478651092823
69.42878482360413,2.0895164437699094,8.165315249707533,9.716958748762636,-187.57093808408115,-21.793478651092823
103.58671554114837,2.2174195365673484,8.184375975601085,10.215488549208601,-187.5696947339935,-21.793478651092823
96.60445455839242,2.2867932966154285,8.322293862222892,9.240260930682808,-187.56745756783448,-21.793478651092823
66.9130868352437,2.0523378404779606,8.198360081592426,9.950380840916296,-187.56579246888933,-21.793478651092823
94.46468603620755,2.2950862157485687,8.14265555928037,9.39039872807541,-187.56488934040456,-21.793478651092823
81.09886348660427,2.160020475955008,8.189495773268419,10.580301819083985,-187.56381799283508,-21.793478651092823
73.95247761626851,2.1418673941659705,8.305384656968556,8.997728820906758,-187.56370009429838,-21.793478651092823
108.58540925096588,2.234212040760056,8.226942607932017,9.600432032932758,-187.56182290162238,-21.793478651092823
88.87288513271635,2.2508133325793835,8.28086972447636,9.971992887025067,-187.5613725565319,-21.793478651092823
90.75784821266512,2.2964422547050702,8.082465235306728,10.873900128198812,-187.56019607278319,-21.793478651092823
95.65432443755697,2.3449609554907624,8.107048204932966,10.330268565672469,-187.55955951344293,-21.793478651092823
84.83002842672386,2.2452386963841917,8.105245932912595,9.815732542941333,-187.55868037942707,-21.793478651092823
85.75310137011712,2.1777070696365683,8.305937103447093,9.466327926486173,-187.5585294783319,-21.793478651092823
70.30403749078756,2.0756927259886737,8.308882591512514,9.515267590592998,-187.5541674949623,-21.793478651092823
89.87527501391455,2.2587875548306755,8.168470956742226,10.671016283717336,-187.55379116923436,-21.793478651092823
75.74208708089739,2.0861120456767708,8.23943638680987,10.079526403246518,-187.55191075347614,-21.793478651092823
70.92196451758728,2.040894435357515,8.17803178113914,10.514496514130798,-187.54999703259662,-21.793478651092823
102.95206044657583,2.225532613121757,8.303829550185128,8.963716190982637,-187.54949167440202,-21.793478651092823
83.53033158402026,2.308303237170392,8.137278137677413,9.709738761945772,-187.5471837446344,-21.793478651092823
65.04447193662898,1.9684598967643154,8.258365772803927,9.594518561596175,-187.54670028652606,-21.793478651092823
79.38667376689912,2.2083748897932907,8.082225379460112,10.088732616994719,-187.54495143603765,-21.793478651092823
93.86665428454931,2.2092097474241683,8.273330620896473,9.433745071475784,-187.54328378311357,-21.793478651092823
72.34521522542266,2.045769769204682,8.237360571739316,10.024663560119393,-187.54280672339627,-21.793478651092823
100.07080929546552,2.2135301713537103,8.200786231322212,10.077257690900183,-187.54152190816703,-21.793478651092823
106.16569153426671,2.1966513702528943,8.241038570021402,9.34025215299522,-187.54139949564453,-21.793478651092823
64.87508097194856,1.9515571033884527,8.214607349050908,10.175077269320923,-187.54114758930587,-21.793478651092823
89.18037365301873,2.321562324453623,8.08215122125776,9.909875072225844,-187.54088639980117,-21.793478651092823
69.72686761325862,2.091780435356256,8.273851420746041,9.398992179902308,-187.53934612677944,-21.793478651092823
86.24714963658155,2.324877675583764,8.134329837957324,10.246170057070458,-187.53843312753415,-21.793478651092823
84.58453301999654,2.24206072298945,8.324305220872986,9.520182004476766,-187.53829883525975,-21.793478651092823
76.4082747810893,2.2049787242150813,8.271725448685146,9.546614827153576,-187.5349473675428,-21.793478651092823
104.0946234507399,2.1999287112218298,8.23565816729743,9.671642648314446,-187.53370372535997,-21.793478651092823
72.29127161746415,2.133752651423606,8.271907313125922,9.697131501836225,-187.53346841827198,-21.793478651092823
104.33234981187518,2.3003243264141844,8.105780439256648,9.926245157808125,-187.53337959619196,-21.793478651092823
99.99883378305377,2.273149693947417,8.30718873499464,8.693378272543839,-187.53217153787512,-21.793478651092823
85.84597164952794,2.240531092419687,8.296403493356365,9.846496990652952,-187.5277180517847,-21.793478651092823
89.72738703730316,2.3369258809707247,8.072588332776206,10.39215796549965,-187.5249088279946,-21.793478651092823
85.32774480807855,2.2871973558514185,8.240979742623125,8.912117379298792,-187.52437276506453,-21.793478651092823
89.67646342615294,2.2848578853449766,8.156789886227557,9.323193452535577,-187.52409809189254,-21.793478651092823
90.13792042264546,2.345961818105309,8.21404792204143,9.281633427115366,-187.52254353839277,-21.793478651092823
93.95561998721588,2.2994331484214,8.332546167559286,8.847027689322175,-187.52177852715928,-21.793478651092823
65.1605585447875,1.9622891472656931,8.236882724603248,10.101742826268634,-187.5216892346824,-21.793478651092823
92.92802967684408,2.261871872617789,8.054955732721737,10.642375631833715,-187.51833455581286,-21.793478651092823
100.09946881475474,2.2692341558543063,8.119858730353911,9.683101041459338,-187.5178167871827,-21.793478651092823
102.12962540027051,2.238503732227457,8.111855322204178,10.024508405736924,-187.5176023404137,-21.793478651092823
67.54778123475789,2.0107464687552863,8.271748884063527,9.943605893255722,-187.51756454609978,-21.793478651092823
75.83280764539332,2.20735055768138,8.222682247463837,9.864144153291647,-187.51613870603632,-21.793478651092823
88.16774524155913,2.3165708695593707,8.174732507326269,10.273331806034093,-187.51299329881036,-21.793478651092823
83.98679420992023,2.1887385021885706,8.336798249649746,9.464130199257653,-187.51162205158514,-21.793478651092823
74.63543217492312,2.104510853036544,8.187787832956275,9.67450559631044,-187.51142951251828,-21.793478651092823
86.80705558807117,2.2040357116276255,8.262078961591868,10.129753907286641,-187.5105350802493,-21.793478651092823
109.59721102628973,2.1820096425117725,8.235684499830455,9.43931815845741,-187.5104735953009,-21.793478651092823
70.43594853155746,2.0266751044275253,8.276337266005044,9.825683939279287,-187.5087201435491,-21.793478651092823
75.71459368138615,2.19512299451263,8.084068458898457,10.226366853888948,-187.50421691148142,-21.793478651092823
87.7454533166142,2.1900116444266757,8.262118896293543,9.474571541574505,-187.50396655365725,-21.793478651092823
80.84994863007134,2.1729617704801143,8.298027409320952,9.916264585844289,-187.50041968733615,-21.793478651092823
96.90723414974887,2.3082009278136866,8.311692049398403,8.983738406042136,-187.4994646429192,-21.793478651092823
72.04095993325667,2.044469010549335,8.22045871895105,10.015814694573976,-187.49930877702184,-21.793478651092823
99.45047368546767,2.243977605796715,8.128987357571788,9.850506576242424,-187.49804745830755,-21.793478651092823
97.87166559041283,2.2578226572860274,8.175104601056518,9.35886569920882,-187.49737722004005,-21.793478651092823
98.56471497557493,2.245394981197691,8.117652549474201,9.97008540587197,-187.49679107808797,-21.793478651092823
80.85856590841608,2.1494608345613386,8.316520472028799,9.592244757052129,-187.4967712283951,-21.793478651092823
106.89870866963413,2.227916951103765,8.269178113308556,9.406185178804094,-187.4937602088568,-21.793478651092823
90.11681971544293,2.305380218379895,8.10463783945471,9.685785963329522,-187.4930842461773,-21.793478651092823
100.35574665763451,2.2773729464412042,8.19444114868432,9.107960763667364,-187.49194001739878,-21.793478651092823
104.28250404097987,2.2842330834466367,8.09044917552444,9.990749746673686,-187.49069693770494,-21.793478651092823
75.54334858205385,2.1466604499727566,8.235541882291727,9.17061581785876,-187.49062677454367,-21.793478651092823
99.13075038078426,2.3080222665663968,8.070593978517707,10.594905879545223,-187.4886867557261,-21.793478651092823
107.01039871880214,2.2517489518905904,8.25517869589413,9.308137752515478,-187.48644700145059,-21.793478651092823
78.07312948022286,2.1958209140087206,8.115936843974083,10.840999941341806,-187.48494627642745,-21.793478651092823
86.77927483727936,2.2672910579485688,8.336244903972158,9.201110546031401,-187.4848370819996,-21.793478651092823
84.56158452920113,2.189795600202686,8.170793506678024,10.618153887397739,-187.4846636278241,-21.793478651092823
98.83165841630066,2.2255396338501754,8.307871288573693,9.328606593349889,-187.48448315484987,-21.793478651092823
98.46677441314644,2.246467801622458,8.24404565613412,10.04382918815628,-187.4843764970857,-21.793478651092823
91.06423329099395,2.3017399841495063,8.273129417519101,9.726529590503418,-187.48428828981278,-21.793478651092823
76.35273028553335,2.163418093548529,8.322770613551825,8.931246936807469,-187.48409005720504,-21.793478651092823
86.97433645195503,2.250390920689597,8.279886654372746,8.779328662405021,-187.4810786118973,-21.793478651092823
97.10383503416946,2.3119499481003487,8.085626291576688,10.655892642412653,-187.48059998929202,-21.793478651092823
66.21548821484502,2.0114680869872785,8.240494316840994,9.996527548017696,-187.48046447617145,-21.793478651092823
65.3120803419703,1.9765550912824352,8.246932370945103,10.002596605765888,-187.47780920621256,-21.793478651092823
79.73991367225727,2.2065579858576285,8.215837501552471,10.400802110425587,-187.47739026779078,-21.793478651092823
110.85819982969319,2.200226072742666,8.220033803895177,9.379249753353093,-187.4769302213564,-21.793478651092823
88.66021251238243,2.209018976794596,8.173661044568348,9.798065262394005,-187.4764307545924,-21.793478651092823
75.41135194311485,2.199462286597523,8.218733010254311,9.915805568897383,-187.4758394619709,-21.793478651092823
102.15255327040045,2.2924480746646765,8.25970339531429,8.860865596146027,-187.47012761040196,-21.793478651092823
71.20321195038099,2.0445182903177255,8.164332077897114,10.409332257920425,-187.46927359591606,-21.793478651092823
83.20842776236232,2.2403025039116926,8.217943017946425,10.366902158589085,-187.46907158805263,-21.793478651092823
69.60881331343393,2.083921769789953,8.121039053231016,10.592087880174688,-187.467259529979,-21.793478651092823
89.35658577568334,2.3317114006046893,8.100881229132995,9.816363000486632,-187.46700600554956,-21.793478651092823
79.02725523365744,2.2573573538965945,8.21658248371466,9.463777233022142,-187.46364685713795,-21.793478651092823
67.78623778050527,2.050091603134632,8.201276473550251,10.244788420942058,-187.4619331976854,-21.793478651092823
106.36107154192167,2.2024636760551317,8.158400599307583,9.982324120946885,-187.46135163058577,-21.793478651092823
80.10615331193344,2.221964223390515,8.31760491073939,9.383965601766079,-187.4611506458871,-21.793478651092823
93.56134076091459,2.292050107595898,8.153310422108376,9.348733983046344,-187.46051741764427,-21.793478651092823
87.52838346809669,2.1857075481203196,8.259275720926382,9.644948687602778,-187.46050641498442,-21.793478651092823
88.43114049874971,2.29101797152245,8.174659672747964,10.484560091849602,-187.46012327473537,-21.793478651092823
83.7019881897751,2.1735349587624313,8.321007212561938,9.255303739741265,-187.4578415185532,-21.793478651092823
90.85400700647776,2.240424141255005,8.094648088294008,10.243047954034665,-187.45598165747074,-21.793478651092823
77.99824070824057,2.2489365527824248,8.156871053074099,9.972966389320192,-187.45592032580262,-21.793478651092823
71.32957807525965,2.071366597853796,8.139298976237598,10.068079874705262,-187.4555991061123,-21.793478651092823
77.80054181662129,2.1174287867351183,8.224588922966177,10.2873482065512,-187.45485861769015,-21.793478651092823
89.65078059102203,2.197676542816353,8.278602297190957,9.505303212504003,-187.4530910517748,-21.793478651092823
82.65574762430394,2.1828120816304306,8.282169592065628,10.020092738037249,-187.45203903485157,-21.793478651092823
92.12705805379599,2.298332261773396,8.039321780635504,10.492765133121878,-187.4515667106277,-21.793478651092823
81.63748976244149,2.2362176077016755,8.174527460082516,9.321020713286629,-187.4496390992104,-21.793478651092823
108.96846046220281,2.215214603599307,8.248706919958522,9.13881246837164,-187.44927486591956,-21.793478651092823
98.87189859938246,2.229007786193364,8.296852205316554,9.043335975096426,-187.44921268287135,-21.793478651092823
70.49472577004157,2.042686115412735,8.144460255391351,10.434916217223758,-187.44885103240816,-21.793478651092823
88.89472351395612,2.3241631683872015,8.134013152947205,10.41427919520666,-187.44809295936292,-21.793478651092823
74.71297612443513,2.149466806808931,8.077031540728143,10.806649644569092,-187.4468101547621,-21.793478651092823
106.65840390022716,2.213310703562314,8.130203557507485,10.040976056763839,-187.4455369164234,-21.793478651092823
90.24760450741007,2.3205051490942594,8.198962205480882,10.120611419845773,-187.44505845300304,-21.793478651092823
91.71546222525141,2.30293844815904,8.272747108154732,8.743301044379308,-187.4438380077628,-21.793478651092823
82.23867935597019,2.225270708704784,8.051766242405648,10.526268824892355,-187.44349071999676,-21.793478651092823
89.36296566413,2.2696096899309737,8.109659650297374,9.763350423152502,-187.44346310410268,-21.793478651092823
80.95169449662357,2.2030710309843613,8.07620546925159,10.295687412967368,-187.44325199460346,-21.793478651092823
87.16512255156452,2.2242264318064286,8.125633231256302,10.807164350356203,-187.44181271272538,-21.793478651092823
83.59912251284914,2.163320269777685,8.229372035249384,9.77263567783288,-187.44006327959852,-21.793478651092823
75.63951733649908,2.205283578967169,8.101208916133942,10.33647319473556,-187.43940262283667,-21.793478651092823
96.78879649331819,2.3145238875470397,8.24401351971278,9.766511008446201,-187.43936615124343,-21.793478651092823
94.94120538655883,2.3282221012135977,8.283334267145051,9.027078595514581,-187.4393419227314,-21.793478651092823
87.66873179765663,2.326030841869411,8.214885424747223,9.165786850299128,-187.43712083469924,-21.793478651092823
71.23079862973292,2.0672218666845907,8.114543925189793,10.60486636674176,-187.43697499240096,-21.793478651092823
100.31793280840728,2.2675769071845053,8.135193030722775,10.549696824498767,-187.43574737200498,-21.793478651092823
83.84246177052343,2.3024393482297967,8.11778590090853,9.801161999531445,-187.4343909126223,-21.793478651092823
69.61903366158751,2.0256113601844277,8.29290976515938,9.600379675375223,-187.4343902486368,-21.793478651092823
89.72738802429198,2.315558881237365,8.098703164295785,10.65458066157015,-187.43406405927206,-21.793478651092823
70.05949811160166,2.0394355224785556,8.201319067775444,10.445128773977586,-187.4333908218664,-21.793478651092823
106.41812158632737,2.2046062754378255,8.268804711317614,9.31519874462009,-187.43322174808173,-21.793478651092823
69.81035724648106,2.0443708855981555,8.298415944769573,9.705327375043169,-187.43142606758562,-21.793478651092823
73.18941608467931,2.0725403255591175,8.290670075802751,9.845099379479393,-187.42996266675289,-21.793478651092823
89.70498815742747,2.225306061766375,8.103252014260534,10.430295026371198,-187.42961306070822,-21.793478651092823
88.88900979949797,2.210021106053077,8.221768872828818,9.454724171484969,-187.4281404438816,-21.793478651092823
91.16259833960662,2.3104165537055934,8.20962366312412,9.004484360396901,-187.4260250010287,-21.793478651092823
88.6715509067109,2.276848958989973,8.337419640048637,9.105026980067038,-187.42586349335022,-21.793478651092823
85.46773173451972,2.3187066460702823,8.224255888130017,9.392466639324027,-187.4257428743892,-21.793478651092823
75.5160090726743,2.1769436430243303,8.296242227191101,9.0971750961356,-187.42490305325646,-21.793478651092823
90.52373997407435,2.215760081812718,8.278164353988473,9.890598043940201,-187.42473056324658,-21.793478651092823
93.08254948907648,2.211118675016394,8.201776994781227,10.118548130116125,-187.42446214501712,-21.793478651092823
78.06608349847797,2.1319321813100203,8.141885410116402,10.60335800240074,-187.42440245861815,-21.793478651092823
75.74817564584289,2.1060123184269486,8.189432058547908,10.523968190813349,-187.42365134662046,-21.793478651092823
69.2949354236204,2.078695541727484,8.187193297250275,10.337208646935977,-187.42359193550345,-21.793478651092823
66.16014590060462,2.024292272907573,8.21610589516797,9.748667797929869,-187.42273438266625,-21.793478651092823
91.10836600790164,2.2435566851483486,8.191064792525651,9.359685244302227,-187.4221301275636,-21.793478651092823
106.08885908360762,2.276177405556922,8.224227753120772,9.222634902481872,-187.4205362528536,-21.793478651092823
81.22052844144157,2.222746508156945,8.165675481499932,9.418139407069162,-187.41725477523843,-21.793478651092823
89.47472583059083,2.2272580166727494,8.118444573188981,10.717956385654816,-187.41365409058486,-21.793478651092823
94.58028186568725,2.2817666190774304,8.057856648045771,10.33994254031549,-187.41192321414104,-21.793478651092823
84.51812089069392,2.2269450903602035,8.346227162129594,8.801569996140927,-187.40951344845936,-21.793478651092823
81.27664631140854,2.2094586327935417,8.092193685140472,10.089878220370252,-187.40907397942752,-21.793478651092823
106.25442750888226,2.1996875457241742,8.242964632466169,9.397866713489066,-187.408936328835,-21.793478651092823
101.6419634995352,2.238688857238543,8.143654842021107,10.434243428315227,-187.40860302326578,-21.793478651092823
96.58379900003138,2.2995175944954838,8.14772754818398,10.509575599170319,-187.40713804214369,-21.793478651092823
96.65933238512277,2.3400380654495905,8.084436769563354,10.10441982745047,-187.40660702951863,-21.793478651092823
65.73702264375251,1.9867923911171772,8.263975029353986,9.687468555174945,-187.4065404384362,-21.793478651092823
79.89365405845317,2.2694810181542664,8.16289104188499,10.012543389358825,-187.40640221932648,-21.793478651092823
88.73189941055652,2.319729843177896,8.065900485580215,10.178921263281836,-187.40554354697886,-21.793478651092823
87.05503148625859,2.285222349727107,8.087771264840939,9.897550546214575,-187.40494440628294,-21.793478651092823
93.79245455411225,2.3476531089981165,8.09246923602663,10.171838120328431,-187.40373372844724,-21.793478651092823
106.08924926048576,2.247432787358804,8.109431813102844,9.92183346692309,-187.40322701197826,-21.793478651092823
99.28997451422426,2.298813180454559,8.236918624039845,9.837384831063389,-187.40082084498167,-21.793478651092823
104.77260970459025,2.255622040495453,8.286899535658932,8.97930543089069,-187.40002535118768,-21.793478651092823
89.51987751095521,2.2618939483648575,8.344711379472415,9.146951646686745,-187.3993416818321,-21.793478651092823
102.48332050159306,2.320659735017543,8.153260809197121,9.631057493274312,-187.39827004851568,-21.793478651092823
99.34002192205416,2.3108666221242657,8.224103369200577,8.966804288111831,-187.39419444592605,-21.793478651092823
84.08364017120033,2.2523172116738124,8.260091708320402,10.004684203067256,-187.39209172257816,-21.793478651092823
74.02683690939698,2.187476293285229,8.170921325014547,9.94120568136995,-187.38948558636503,-21.793478651092823
91.75412772967681,2.2244202284333596,8.128836409775573,10.48113238375592,-187.38874363111105,-21.793478651092823
68.88658737050332,2.0591765070566765,8.185797845577468,9.67658763477229,-187.38818880007904,-21.793478651092823
71.23211299365529,2.0676017437340306,8.272026935138484,10.00723828922284,-187.38769762795496,-21.793478651092823
98.32704665321826,2.2907120163471006,8.260054891740054,8.800331114463319,-187.38752674288588,-21.793478651092823
103.00007699899412,2.3076913547577504,8.214934592945298,9.207336590871279,-187.3847041050115,-21.793478651092823
78.35355792583394,2.1231725821133836,8.197962428946227,9.96932471440968,-187.38450044226698,-21.793478651092823
83.68806052917868,2.177513129218852,8.308389727427738,9.192481556892119,-187.38088367975772,-21.793478651092823
78.52854973242323,2.1276523627684725,8.170652489748079,10.385975994768302,-187.38013884215422,-21.793478651092823
90.5154441623428,2.330761662362818,8.107085100844898,9.754822201374083,-187.37685103972115,-21.793478651092823
88.30384478300392,2.2549660530495146,8.13737477560258,10.776976033806505,-187.3765820438826,-21.793478651092823
101.79711594497175,2.306706383046077,8.099171938764584,10.3135156551985,-187.3746723878642,-21.793478651092823
103.47615140488593,2.2854558073758113,8.121470344373904,10.31552443578201,-187.3745103033631,-21.793478651092823
106.51621367542944,2.2473419124019642,8.10649254548565,10.020252941961985,-187.37416568942515,-21.793478651092823
84.55168215929687,2.3167835585321086,8.163125092202677,9.871926284152863,-187.3731878182006,-21.793478651092823
83.72749597770049,2.3027069735555727,8.106913024979974,9.975259786574185,-187.37304544326966,-21.793478651092823
68.53107616267862,2.046206197808928,8.279330184884543,9.702725338906106,-187.3726254943152,-21.793478651092823
81.1585722221589,2.162875193772294,8.328835675204743,9.45442629351686,-187.37235491976594,-21.793478651092823
84.66115940236723,2.247632460324951,8.10787952238104,9.828998513826406,-187.3719035159394,-21.793478651092823
91.5502674192684,2.2386425412094724,8.327829455999733,9.416747005152871,-187.37075785974082,-21.793478651092823
103.45992595621205,2.2303216339172565,8.131110659693775,9.95102351140983,-187.37064037417775,-21.793478651092823
97.88762450224091,2.2240593407263276,8.232328043454118,10.000200953973916,-187.36955119255558,-21.793478651092823
87.3149248342671,2.309064818675324,8.103919835013471,10.594094313798394,-187.36891118442023,-21.793478651092823
73.4002798806566,2.1004867596969206,8.306523374947176,9.700303800249912,-187.36479866614513,-21.793478651092823
97.65929312628867,2.322704835370928,8.077099691573267,10.471682770448865,-187.36461407398292,-21.793478651092823
97.34090081616189,2.308205714506329,8.285046354430108,8.801153365805817,-187.36322205147175,-21.793478651092823
88.43070034550458,2.2001163284312497,8.28641319936824,9.313697377272632,-187.36278146671836,-21.793478651092823
102.24227841250084,2.2657058656094193,8.080817308230877,10.230434742334381,-187.3614587280875,-21.793478651092823
69.45293705011616,2.0255031041152876,8.22361825198115,9.747806979706922,-187.3609420983131,-21.793478651092823
79.25120714933512,2.1632615499804757,8.269025974608354,9.114060781716745,-187.35915752269992,-21.793478651092823
92.34725709206246,2.228246416239614,8.158830362364284,10.518662274209191,-187.35913901911485,-21.793478651092823
78.40813005797614,2.129551116386864,8.277732020147994,9.381775204142144,-187.35829866438812,-21.793478651092823
66.8406497041461,1.9898851497644614,8.192437159122619,10.288304977875612,-187.35783577978725,-21.793478651092823
97.18070751096712,2.2423581104988557,8.235651596326989,10.09177717980944,-187.3558459551519,-21.793478651092823
107.37584397115396,2.2044841641915127,8.250982742297793,9.461871818674751,-187.35545000940084,-21.793478651092823
89.26281856171258,2.2941568803738477,8.040325394951367,10.60421652695186,-187.35534932901473,-21.793478651092823
72.61964304849263,2.1283802955548765,8.140840894075495,10.621735306028143,-187.35502981858227,-21.793478651092823
69.30896243852008,2.097306918123607,8.169323829110652,10.022335779641196,-187.35434178219316,-21.793478651092823
95.74563408727799,2.3433576450173064,8.138705693552112,9.562651938453456,-187.3535363263778,-21.793478651092823
78.11165818786206,2.2206166272809185,8.128244694203943,10.591656067990641,-187.352022881826,-21.793478651092823
74.37383209233943,2.1666846101719557,8.25280701155873,9.201369813974168,-187.35142176948622,-21.793478651092823
74.134602557685,2.081545559888255,8.169986472398392,10.324938558442142,-187.35075795437785,-21.793478651092823
83.16509915649138,2.2230078669341538,8.074857830184982,10.299222218702596,-187.35059704835234,-21.793478651092823
86.67599522080363,2.207931702787704,8.297775578189317,9.034823727724216,-187.350595441122,-21.793478651092823
103.766143809018,2.2418723675749277,8.15059552686742,9.607436117131016,-187.35032744688112,-21.793478651092823
80.98376374027612,2.24281035446937,8.063395575443167,10.765589075576827,-187.34983099069473,-21.793478651092823
79.77796719121146,2.261700473444691,8.115814392410755,9.976981081275682,-187.34629057031125,-21.793478651092823
78.8864672942159,2.2387193856370686,8.076744497875666,10.432676518871915,-187.34628622376275,-21.793478651092823
85.41854787884596,2.181658394431068,8.261241021322519,9.97206854827212,-187.34437261399214,-21.793478651092823
102.23551508033295,2.2786577401043786,8.075567861935355,10.392974546856237,-187.34421232553825,-21.793478651092823
66.6796906257008,2.029308099058582,8.234674998005971,9.74627183180965,-187.33895962839006,-21.793478651092823
100.21073548283132,2.253654184880162,8.308307203211882,9.296946903842212,-187.33721987926762,-21.793478651092823
84.18410061938351,2.17312912161033,8.297445946111424,9.44405781315254,-187.33546134929412,-21.793478651092823
93.14277397987955,2.344244488640726,8.176397188830265,9.342991207605877,-187.33315623492805,-21.793478651092823
65.71815348527045,2.007784364044767,8.218477274419968,9.854677722327835,-187.33288796951814,-21.793478651092823
92.23215783080316,2.2787948994892133,8.13206990164565,10.712765808006594,-187.3325583402398,-21.793478651092823
79.70032014409101,2.2172202899740796,8.059095584830885,10.777626544119926,-187.33248024462515,-21.793478651092823
81.92754597638002,2.2072938786616163,8.245942347689834,9.05787571991985,-187.33028108522618,-21.793478651092823
104.4398662523345,2.2729627516203976,8.248763250778836,9.473276089567861,-187.32916036844978,-21.793478651092823
104.12711884436625,2.237088131715808,8.294753858391516,9.09104784235754,-187.3278834664866,-21.793478651092823
89.82391034539546,2.261979680644558,8.332356043281521,8.734223964291914,-187.32780340969143,-21.793478651092823
99.73424156781023,2.28741952073743,8.232418544375093,8.935283191834628,-187.3275956294834,-21.793478651092823
71.42595636259091,2.1332031293538165,8.189534061234667,9.663708002451074,-187.32602280328354,-21.793478651092823
91.03434584962949,2.2326045927420495,8.335051748189159,9.263190647552648,-187.32547763930103,-21.793478651092823
87.98331150087012,2.2190074505459307,8.234128520404312,10.271362171955502,-187.32508054831402,-21.793478651092823
95.74420741339664,2.3103468773354336,8.304062925804885,8.97769606955461,-187.32473445988066,-21.793478651092823
93.94074634938175,2.3326109875093692,8.139830113082269,10.317523610741262,-187.32358101337636,-21.793478651092823
84.76407880244295,2.186544525048859,8.145872043042033,10.45596312296476,-187.32293352354276,-21.793478651092823
88.0502812263692,2.2588423516246223,8.06410369569062,10.86449978995526,-187.32290381448541,-21.793478651092823
106.64558296748616,2.2079994749258987,8.244006196883987,9.276814524843303,-187.32106255336242,-21.793478651092823
90.1056963489608,2.215545735137397,8.200500889931874,10.348336245863123,-187.31870223141476,-21.793478651092823
85.5219886812296,2.1989114034923034,8.208989719548669,9.512107166909715,-187.31834783260078,-21.793478651092823
76.30066666162796,2.108026671399088,8.286686962323756,9.41280012231374,-187.3182363187953,-21.793478651092823
96.03385114379668,2.2770144144210605,8.085228477997987,10.73714133497208,-187.31747385083082,-21.793478651092823
88.40471932217179,2.284698030914271,8.316473679665307,9.277813521056288,-187.31694320833867,-21.793478651092823
85.59617203838388,2.280981084397993,8.0471663761775,10.514297884167007,-187.31641747568924,-21.793478651092823
77.12141955476159,2.2213737597407004,8.101425592071678,10.16131548807084,-187.31628881096847,-21.793478651092823
93.9296458873244,2.2738307367607433,8.19202633993234,10.411662265040206,-187.3162302298996,-21.793478651092823
100.82703869619169,2.2905044046064944,8.272285368383535,8.85409764974554,-187.31576754806736,-21.793478651092823
67.95418996889534,2.050472111750537,8.161464922317407,9.939056255839347,-187.31513986776744,-21.793478651092823
99.29509514082726,2.2517536070303805,8.293900453933446,8.869529988711463,-187.3144196580541,-21.793478651092823
68.96821588627982,2.0334636594202493,8.149362751461325,10.509291470489387,-187.313471047462,-21.793478651092823
108.50532334939608,2.2239641388040354,8.136729971070821,9.95094507426586,-187.31042068156717,-21.793478651092823
98.33482849259815,2.3339492472864123,8.228496612684921,9.212093190519454,-187.30819452583043,-21.793478651092823
105.11939975115484,2.243968631904295,8.118542724720783,9.900147557362715,-187.3067485654139,-21.793478651092823
73.198740662027,2.10960732317605,8.120474101690604,10.743571684688419,-187.3064271452945,-21.793478651092823
72.04632047063095,2.1225008350828602,8.278107164988171,9.576842554964742,-187.30539356275327,-21.793478651092823
77.25096592483216,2.143978546262204,8.335788646294276,9.16916478302008,-187.304595418806,-21.793478651092823
72.65206418060546,2.1172281970090836,8.249865522607763,10.061660633619539,-187.30302363646396,-21.793478651092823
78.5725304751864,2.228504388906174,8.103314472702067,10.614367433504384,-187.3028691011888,-21.793478651092823
108.78504631613826,2.2027459949650847,8.233171285628913,9.403748795500746,-187.30014532522333,-21.793478651092823
95.01126151265107,2.24146458989091,8.294282392593232,8.956209689163927,-187.29910911875453,-21.793478651092823
79.11807895681325,2.2376763001185935,8.078743185796753,10.296718506034921,-187.29776372588168,-21.793478651092823
92.8175366846572,2.3012118919151447,8.048268461826893,10.649962892940124,-187.29595475321236,-21.793478651092823
76.46495792232304,2.1239774103065656,8.320477030280358,9.217506570029542,-187.2957331537101,-21.793478651092823
85.0657127655543,2.198833950464973,8.227792029864133,9.371900788566023,-187.2945714192406,-21.793478651092823
82.06282165392278,2.2639663541570343,8.284973079621864,9.073693078030715,-187.2926215963282,-21.793478651092823
88.65907377997722,2.264958192007626,8.333716718056166,8.765566957128357,-187.2923361212503,-21.793478651092823
87.15799247975791,2.2020334053501074,8.224295510352931,10.264716446789237,-187.2913192071402,-21.793478651092823
100.83039171860531,2.2844367497311566,8.086991590239165,10.03350431213451,-187.28958791360859,-21.793478651092823
78.46356176953833,2.144307240356966,8.306534728563406,9.735440056836865,-187.28829871124807,-21.793478651092823
81.6005279717649,2.1951244725501056,8.175870176631719,9.542365246079981,-187.28588323197022,-21.793478651092823
71.32406650955612,2.0513923992618572,8.214454892966756,9.795517522922069,-187.28447773285208,-21.793478651092823
76.81553576402652,2.2097492710398114,8.244272677557063,9.749876452401708,-187.28439992440192,-21.793478651092823
85.1468965893056,2.2479287660174094,8.23832542675919,10.203945542538804,-187.28302452549798,-21.793478651092823
83.62812716020954,2.277599388979965,8.156045430754403,10.439832947575184,-187.28286049776662,-21.793478651092823
92.23828461902147,2.2949620492352523,8.200737239446084,10.28455594665948,-187.2820116617288,-21.793478651092823
82.20271409555023,2.16738203940794,8.21844753771714,10.327072447969613,-187.28199529177652,-21.793478651092823
106.42465965828848,2.2025960541330534,8.22210194025368,9.62423721663572,-187.28091110099828,-21.793478651092823
68.25795830387023,2.018767891618765,8.196927524908261,9.870709013348943,-187.28022084163769,-21.793478651092823
107.90434558100768,2.225090008088344,8.216236036552942,9.694320255280218,-187.2799094703787,-21.793478651092823
72.71443129456095,2.084760352022954,8.135492442616709,10.239272411913959,-187.2797809240855,-21.793478651092823
73.32719700443593,2.157482220810948,8.235474923447754,9.374925477273024,-187.27913018856336,-21.793478651092823
91.8893637633799,2.263975984833124,8.08492177964834,10.16242056847264,-187.2780977701856,-21.793478651092823
83.84311307592948,2.2328869715803563,8.234853723435378,9.050202746702666,-187.27776654935096,-21.793478651092823
86.03793713288448,2.2188331137115256,8.346276519484661,9.026582256252652,-187.27725378972855,-21.793478651092823
90.24570751104844,2.3044862045755394,8.051996777720603,10.669970408495715,-187.2760825344349,-21.793478651092823
79.59009318536201,2.211471668336358,8.324340391194937,9.130844486552235,-187.2757478377419,-21.793478651092823
88.29818405090954,2.2731751764815016,8.047966258778729,10.73343601131458,-187.27509775046488,-21.793478651092823
78.88246938873925,2.227983693318805,8.09193737610505,10.659105638249542,-187.27445598101855,-21.793478651092823
98.41708602773804,2.2341166709648803,8.142249501039743,10.040444243325595,-187.27377474281573,-21.793478651092823
91.96224050099858,2.29463983943873,8.291536090096912,9.53726271113095,-187.27302342554952,-21.793478651092823
85.69972065782117,2.231051080184244,8.265564687023243,8.954977583393287,-187.2722465524774,-21.793478651092823
93.23287676576199,2.322491285844535,8.059840097859905,10.334870951768522,-187.2668014328808,-21.793478651092823
87.09801264011391,2.210849700083557,8.280138201179767,9.11079948570108,-187.2662679547851,-21.793478651092823
107.40670547045524,2.2028935963973595,8.221809340312547,9.461247407268417,-187.2655370838082,-21.793478651092823
89.24574866650538,2.282048499599213,8.262552623543428,8.833300781588974,-187.26455625721528,-21.793478651092823
106.18948828086069,2.213572740801453,8.223838922014409,9.335420894182676,-187.2631029162428,-21.793478651092823
86.32110180383525,2.2747076404557447,8.297710599044905,9.518878677390177,-187.26270378052416,-21.793478651092823
101.91250945998006,2.242960367833959,8.265967929936721,9.000175971772734,-187.26017982325774,-21.793478651092823
94.5087109102019,2.2263340913682867,8.304636551308306,9.37280346438422,-187.26007216096457,-21.793478651092823
80.91752532750486,2.2767386506238836,8.199086392197046,9.712253502319214,-187.25926126744798,-21.793478651092823
101.05712513080253,2.2596005509960833,8.09023331045222,10.436880892390008,-187.25833218763927,-21.793478651092823
76.71327851491718,2.162411751189552,8.30516106305518,9.002406850046611,-187.25747584842304,-21.793478651092823
76.00544622819801,2.152650545263924,8.150217574566511,10.702183769688503,-187.25623955012705,-21.793478651092823
87.18876921432704,2.275538158277911,8.292038379880012,9.614167512918499,-187.25552952110655,-21.793478651092823
91.23363652092661,2.2940131588973856,8.281076233610065,8.775749782322862,-187.2545440777604,-21.793478651092823
101.85782915335815,2.2698510874909203,8.192104706662974,10.143012385336846,-187.25341493289451,-21.793478651092823
98.73440272644804,2.294662721996744,8.28773490379308,8.830095671848568,-187.25274170483334,-21.793478651092823
92.75454701845135,2.2512566953995616,8.090012871939535,10.340292730327803,-187.25123822739653,-21.793478651092823
80.38892399773569,2.2655091893908264,8.113204103072064,10.308152235177573,-187.25010884096494,-21.793478651092823
93.82090725454752,2.336266005293311,8.232408731377916,9.567332159986762,-187.24911304225824,-21.793478651092823
77.31504019839467,2.1387233821826186,8.155863800966387,10.661526967129475,-187.24749754420785,-21.793478651092823
84.18827007191184,2.1754187517893513,8.21188989465199,9.79992050179257,-187.24746406173512,-21.793478651092823
73.31895372048295,2.0694805419150413,8.267599064899201,9.834796613589077,-187.24736454081213,-21.793478651092823
99.03365617226804,2.3374296830874357,8.177602813732051,9.502377817974065,-187.24673617444802,-21.793478651092823
98.89833235227434,2.30487895645399,8.18240986022721,10.152367428550207,-187.24615495497073,-21.793478651092823
82.29962557292845,2.252745759006274,8.154573418861162,10.552513020798784,-187.2440735565393,-21.793478651092823
71.22691207584947,2.0619797821520365,8.169984397450804,9.988742344452561,-187.243715708555,-21.793478651092823
102.88435297140892,2.3059427803132166,8.201896940254414,9.600682103949055,-187.24280378805705,-21.793478651092823
73.61974732758075,2.159191728926288,8.206032887360408,9.449285764447268,-187.2407875214617,-21.793478651092823
67.12446152929459,2.0152036184236266,8.159970158340826,10.345840379421844,-187.24041538732487,-21.793478651092823
86.96084416237527,2.328926056138613,8.169582422874328,9.592133746387901,-187.23931909800547,-21.793478651092823
96.58951563066427,2.3392691004601858,8.115658754729367,9.808009150039453,-187.23917676728766,-21.793478651092823
82.41334579630507,2.1889703729913492,8.138264665752132,9.985939942348693,-187.23630672369327,-21.793478651092823
78.09019278654613,2.222032136089979,8.27400404494989,9.265980631876943,-187.2354939376891,-21.793478651092823
93.18142857853366,2.3228179671425835,8.205584718662323,9.091775233270482,-187.2350294729979,-21.793478651092823
86.50192249961859,2.3153342603237945,8.137105553194033,9.634836469139458,-187.23487154699515,-21.793478651092823
105.8997944169276,2.2601164139740604,8.160171042147255,10.039302489244648,-187.2340528260426,-21.793478651092823
103.57504719644908,2.266348362542388,8.154789486458498,9.482173330075597,-187.23332772231146,-21.793478651092823
81.02395801086354,2.2787362143801744,8.136078779031607,10.003139538354901,-187.23303873661155,-21.793478651092823
103.3724866939415,2.2648476323950604,8.280880330917654,9.225986969005561,-187.23278435895378,-21.793478651092823
92.1024151574075,2.2882122476229654,8.308026950657307,8.754284828439296,-187.22635500324256,-21.793478651092823
96.64127204694438,2.2904697581333266,8.235840482520416,9.967167268832355,-187.22540149596463,-21.793478651092823
103.79431037682922,2.2196834698462027,8.205652371254814,9.947652854068082,-187.22495253529553,-21.793478651092823
86.53443226793024,2.2490005048304766,8.187832771486939,10.520116463370243,-187.22495127345354,-21.793478651092823
82.6033483843525,2.19326278631992,8.103856383229157,10.36704320833661,-187.22209217909997,-21.793478651092823
97.17974228464585,2.221119056428023,8.199488113267563,9.943640220544893,-187.22205550022392,-21.793478651092823
91.94432495015651,2.2789165485117024,8.131332930934889,10.687491198581,-187.2206799833433,-21.793478651092823
76.44334807597131,2.199305795762868,8.146547224438336,10.462104575691342,-187.21983440738092,-21.793478651092823
91.74476059508912,2.210771721349033,8.261950633953631,9.716680112447108,-187.21825035992603,-21.793478651092823
102.6107186990834,2.2284617935588216,8.283087302069049,9.309997295368333,-187.21793054995533,-21.793478651092823
88.19872951104578,2.335776552132984,8.17595984704397,9.59758210672635,-187.21482817191767,-21.793478651092823
94.81174589782401,2.3031085354346175,8.070182520414562,10.663308109885122,-187.21405103040203,-21.793478651092823
86.16751738451661,2.2347419271699067,8.3398483803295,8.886706480792498,-187.21401055229464,-21.793478651092823
66.22644977716774,2.009809534013357,8.183206003185774,10.075364247441996,-187.21339270063316,-21.793478651092823
86.2743710858295,2.319703643635222,8.185067841254465,9.434995496712048,-187.21301430692407,-21.793478651092823
97.10263488441261,2.3409766185919807,8.115618800896982,9.973158746538871,-187.21276536020983,-21.793478651092823
73.76559064259109,2.1235348161852414,8.113516527930216,10.716349774718992,-187.2126651731645,-21.793478651092823
70.69319607072937,2.0449777464794465,8.195749758556843,10.329326974093362,-187.2124820541616,-21.793478651092823
76.74406752413529,2.1350704817742496,8.270099925372307,10.044232384160267,-187.21240011013137,-21.793478651092823
71.83438269792993,2.1110086210641867,8.249620197989117,9.312246144716084,-187.2114865524586,-21.793478651092823
104.77125869955432,2.2795044570435437,8.118525814746505,10.07243433665721,-187.21140664131383,-21.793478651092823
73.55184237605982,2.0840887186304258,8.154830996800513,10.337437886140549,-187.21100715604655,-21.793478651092823
100.06543205605485,2.2953734848841236,8.170338990179658,9.303024220472764,-187.20862391456984,-21.793478651092823
105.92360726166305,2.2539153942669543,8.213354067066547,9.198466840176991,-187.20790795539625,-21.793478651092823
89.03255173780309,2.2155538480467527,8.146835277697079,10.469649264019893,-187.2067237385059,-21.793478651092823
87.98197733161598,2.320975905699143,8.250595500765598,9.264876390172645,-187.2067044583614,-21.793478651092823
75.67009325641163,2.1331935514250375,8.321591711079918,9.16957330414698,-187.20651485789222,-21.793478651092823
82.1000593868502,2.2637944170986373,8.086064619798918,10.629370055390893,-187.2055479174994,-21.793478651092823
87.09536016172025,2.2281455850706493,8.334924571450017,8.925060218344214,-187.2034953163311,-21.793478651092823
100.19976120584421,2.2348765432193716,8.291925525330214,9.369144442178822,-187.20140321769478,-21.793478651092823
78.44753937907305,2.2070929757945095,8.121074081111487,9.843626789579446,-187.2008957601533,-21.793478651092823
75.14432713409346,2.1546607353788687,8.153017344157803,10.618862495784299,-187.2002568226912,-21.793478651092823
95.33615510987352,2.2850644576641344,8.316610529705116,8.814415365859219,-187.199242777066,-21.793478651092823
81.97277551371484,2.1891530983346,8.213389387710293,9.390855883647447,-187.1987222660287,-21.793478651092823
66.41460524013914,2.00948452162298,8.182639726742622,10.174371218048947,-187.1961015953272,-21.793478651092823
86.71089968907711,2.1964448825159906,8.209142337699603,9.706530415271232,-187.19359353161892,-21.793478651092823
96.40638539397905,2.2412292042883593,8.310482471358569,9.050810254327246,-187.19241627115565,-21.793478651092823
73.69290112682941,2.139752337331302,8.12079088075302,10.03592305959296,-187.19196424031918,-21.793478651092823
88.7318050836612,2.324645561362061,8.133651024167023,9.633692527554558,-187.1910567524813,-21.793478651092823
103.84346793762435,2.284042937914805,8.148790269824303,9.544389206836115,-187.1902847461415,-21.793478651092823
86.04121006957025,2.2693766642887425,8.155561406342628,9.44374006168482,-187.19022491101978,-21.793478651092823
67.87975781503695,2.0325889997118196,8.152685115662194,10.193154751131999,-187.189460501641,-21.793478651092823
80.62471821237338,2.185476209992842,8.31654867623567,9.597200914418067,-187.18928760032304,-21.793478651092823
70.53104912411585,2.062427921836104,8.25771724244936,10.007595245516626,-187.18902294693584,-21.793478651092823
79.70797411243313,2.1540144131745222,8.220352115193236,10.346026737619837,-187.18761039121833,-21.793478651092823
72.2373944962564,2.1085757400548175,8.180453119311267,10.470398241522275,-187.18736631257983,-21.793478651092823
69.61121612780111,2.029371998416579,8.227939773479534,10.124638887617664,-187.18723197702784,-21.793478651092823
80.88978923417336,2.2622739578062863,8.235750453515095,9.240245678832025,-187.1871690305602,-21.793478651092823
101.70156329723943,2.2227821585732386,8.221217850704875,9.48853056723891,-187.1848577585328,-21.793478651092823
92.19094793687293,2.3272586793797103,8.259777160403246,9.048452455364753,-187.1843093820726,-21.793478651092823
84.19409781988178,2.2233134270872625,8.337721698218473,9.250797331099221,-187.18303714073406,-21.793478651092823
80.79481942684706,2.2554910564939092,8.152436473226317,10.38701782669753,-187.1824186925442,-21.793478651092823
98.48383320901416,2.287599000069605,8.284250687292626,9.435516722259763,-187.18149188410257,-21.793478651092823
96.40558171859965,2.2631125185557863,8.088101382487423,10.298228333417029,-187.18107947114206,-21.793478651092823
101.32905731899021,2.24340892297856,8.1187046779024,10.160550563659143,-187.18075399481415,-21.793478651092823
91.46064655190622,2.265145692060784,8.266338627217692,8.889039256845251,-187.18021900250008,-21.793478651092823
85.79290703193341,2.202954174873412,8.21287621023913,10.355405464146344,-187.1777608758335,-21.793478651092823
67.22796390677493,2.0267154580900524,8.228972353644195,9.705514192858033,-187.17586944073832,-21.793478651092823
90.33091006711899,2.215385562016934,8.171580357518735,9.98993811336021,-187.17512913040724,-21.793478651092823
92.67651353926831,2.264083689971244,8.095597356998468,10.09919430341057,-187.17373279194908,-21.793478651092823
91.2132276965026,2.332849174552905,8.103709372460145,9.892444326956422,-187.1719396707839,-21.793478651092823
88.19809034139799,2.3334784799260007,8.178705511310511,9.54526389416128,-187.17059538806063,-21.793478651092823
98.94320903682616,2.233682828465078,8.22763908468329,9.99006518475403,-187.17009883978182,-21.793478651092823
99.19438760090067,2.327139196942923,8.189255168897859,9.313776334348546,-187.1696156307532,-21.793478651092823
82.59853510406484,2.2257183312704996,8.232762116845407,10.240870297042534,-187.16698654999723,-21.793478651092823
89.64980624206683,2.2659698378234054,8.08280979517258,10.803442055924023,-187.1667602457748,-21.793478651092823
83.28935023258666,2.1772594158408793,8.174529208447495,9.988315448015015,-187.16668927592167,-21.793478651092823
72.66033596558037,2.0823305345282535,8.256068862290391,10.073586603733162,-187.16661485589057,-21.793478651092823
76.20616751580307,2.1891798807619978,8.242783982026992,9.219422677706717,-187.1661928717447,-21.793478651092823
81.81611252959777,2.2079721923044957,8.279345349685883,9.92741473812643,-187.16618412581192,-21.793478651092823
97.15078990175898,2.3380384268822496,8.129263034567913,10.072221478410484,-187.1658021600379,-21.793478651092823
94.41388612977339,2.2275930951783067,8.175768846402747,10.269300746986715,-187.16269813710292,-21.793478651092823
107.15982586604378,2.2315752521710692,8.214323489071688,9.299617735500078,-187.16250604247045,-21.793478651092823
75.4100890513477,2.1138600078350436,8.310411380414308,9.32686374499508,-187.16022703423312,-21.793478651092823
91.8017878908536,2.3278414834291112,8.079568772451012,10.415861820051447,-187.15962296511125,-21.793478651092823
97.71219375121176,2.32144381049973,8.203859224602496,9.149282668769388,-187.1590729856858,-21.793478651092823
85.6115765235023,2.270399042263392,8.279163653771946,9.68772337222643,-187.1584231843093,-21.793478651092823
98.48231637227856,2.2282464676967635,8.171362990978338,9.969615676384478,-187.15770434327135,-21.793478651092823
97.479413245804,2.310449494754863,8.16273937996391,9.346155603494822,-187.15743603596206,-21.793478651092823
94.52456322688327,2.290344326072443,8.318876283200638,8.924273714784903,-187.15741235658123,-21.793478651092823
91.72417495577078,2.3145491578428476,8.088748517514404,9.947040432777811,-187.15722431144806,-21.793478651092823
93.09956983145358,2.3025910747343232,8.308812688455276,9.033940737789635,-187.15713675957846,-21.793478651092823
97.75838375826905,2.3188178506675428,8.164510593195246,9.353483826644464,-187.15661678104058,-21.793478651092823
95.19226991327521,2.3456209766999194,8.13196837670776,9.959394397668774,-187.155964304756,-21.793478651092823
90.95426790860007,2.2447862126769706,8.25552000319729,10.046509503245687,-187.15567789043683,-21.793478651092823
103.04175934281457,2.276111909728428,8.267405317765878,9.051293054123818,-187.1544408637119,-21.793478651092823
70.09659651043833,2.0347904498631806,8.201548707722225,10.135736421180923,-187.15348148946427,-21.793478651092823
96.19755083519061,2.2482902042621333,8.202488731463148,9.368663242220634,-187.15294514247637,-21.793478651092823
88.4176572061514,2.2030590225773494,8.185205116071472,10.035286060437386,-187.15187567490185,-21.793478651092823
94.22946451539448,2.250559850802432,8.211095008676239,9.28748610226026,-187.15141532059252,-21.793478651092823
92.57716613998831,2.34506747473921,8.190301167933768,9.452218018910742,-187.15078057068607,-21.793478651092823
79.78740306188395,2.2246238055222136,8.299814463233446,9.338738620843003,-187.15017208377418,-21.793478651092823
85.59815685945412,2.309124657830992,8.12478448768448,9.789764503755862,-187.14920541556103,-21.793478651092823
78.2377399640368,2.1335816018199836,8.294872263323782,9.708334807212736,-187.14874561717676,-21.793478651092823
91.51055788512056,2.294319046132074,8.313854073143006,8.88081023478503,-187.14762386983475,-21.793478651092823
91.19305604225421,2.234490590789619,8.115968417303975,10.47850234688704,-187.14671979368484,-21.793478651092823
70.7570341870068,2.0746954738613255,8.213508691531786,10.286971528014334,-187.14662429065896,-21.793478651092823
104.14861997215698,2.2907490119590506,8.209980431861112,9.437363490133606,-187.1457772761617,-21.793478651092823
88.18042016340073,2.3097581614040337,8.160306535875549,10.316086215973229,-187.1454527634412,-21.793478651092823
88.00549360800998,2.2100820334479465,8.152339952226498,10.424926036370692,-187.14486435388793,-21.793478651092823
105.01977764531354,2.2529568437320506,8.132250674326912,10.203246125087134,-187.14478968263157,-21.793478651092823
104.3428605460148,2.2828592007747943,8.155334926319,9.550388303626391,-187.14420170190672,-21.793478651092823
92.55959522375626,2.2777043610719403,8.270607321654808,9.81538221135736,-187.14319980145248,-21.793478651092823
78.18130695082036,2.170395114543311,8.299535014080021,9.025649949682759,-187.14169800054324,-21.793478651092823
94.4478215686822,2.2564377949182557,8.122706516326872,10.620366979291191,-187.14007677669272,-21.793478651092823
82.99061409958445,2.273085119464639,8.184725413784491,9.33497166353078,-187.139537308693,-21.793478651092823
101.29503045056796,2.259879284805052,8.168724109089766,9.459082724481476,-187.1394390073447,-21.793478651092823
74.3943900004233,2.1120179162494708,8.249082709789292,9.356995725924946,-187.13929547505452,-21.793478651092823
76.17158493331638,2.103182218921205,8.214296781271202,10.049172233073278,-187.13850933590618,-21.793478651092823
75.22240408291536,2.1712125644563116,8.226442251092351,9.300900570486363,-187.13836204715608,-21.793478651092823
101.12732177064476,2.246155860883846,8.130046784239596,10.361426208161873,-187.138350938955,-21.793478651092823
97.71587904055906,2.2605598977191903,8.302818298553575,8.895417349028747,-187.1382045991179,-21.793478651092823
69.23938756529583,2.039659546088785,8.269849450181823,9.765309845683362,-187.13715694767484,-21.793478651092823
83.57465131925717,2.2428952269165165,8.327188950140965,9.005800676662176,-187.13561896555723,-21.793478651092823
97.32858657610069,2.2883277977391714,8.150926168553127,9.46881319556249,-187.1347123225802,-21.793478651092823
84.54886272204749,2.2239954999541425,8.298291096042078,9.746708495138591,-187.1340541589873,-21.793478651092823
96.09991096529693,2.226457889477146,8.280403030394666,9.414440926910686,-187.1336162722361,-21.793478651092823
104.35704632064049,2.2674545155719414,8.135687504079272,9.700512746593887,-187.1332251173524,-21.793478651092823
101.0304183968064,2.322295731317624,8.169787258893138,9.682844794986977,-187.13136816701353,-21.793478651092823
90.16724864905294,2.334340508121656,8.186084911725288,9.886918067947619,-187.13128155376194,-21.793478651092823
100.06297376678842,2.293856254353102,8.283193969675352,9.057869411005868,-187.1306424660844,-21.793478651092823
76.56901981113086,2.1697475855321215,8.10071362403238,10.187009005964853,-187.12977979614467,-21.793478651092823
81.87543889659747,2.2366387365633216,8.27865309574318,9.742404662313703,-187.1275923482906,-21.793478651092823
74.96313956987949,2.1350975787673008,8.199144247893884,9.506425856770932,-187.12633895248626,-21.793478651092823
91.77781340698299,2.227883962066983,8.30839818143474,9.161162982226614,-187.12622289231905,-21.793478651092823
89.58335092939896,2.30498039503145,8.237120391678019,9.87819267319361,-187.12472686579753,-21.793478651092823
78.64727936966388,2.1660577861956085,8.30500868030063,9.685265748146747,-187.12068655886557,-21.793478651092823
95.71038455853194,2.344792309879537,8.181405353509405,9.631167850859157,-187.12055143683241,-21.793478651092823
95.53789455840305,2.286918644623455,8.13034758272022,9.639487883282811,-187.12010578728015,-21.793478651092823
88.50010869428016,2.3129278221249905,8.072195252685617,10.284874631170823,-187.1189551300124,-21.793478651092823
76.19456223196482,2.1394501491726885,8.303273632663831,9.14245918502391,-187.1170249399535,-21.793478651092823
79.76914473189792,2.1767430266016987,8.3118527720668,9.613904384640676,-187.1167533971876,-21.793478651092823
95.73879440769058,2.320288674207731,8.146319388498256,10.303861396042379,-187.1166388328987,-21.793478651092823
77.45462996469321,2.2123149929362995,8.232820855961535,9.271357760790579,-187.11505232947115,-21.793478651092823
78.0875728688389,2.1573768651278016,8.124513576562435,10.152339841202462,-187.11260891074733,-21.793478651092823
86.81683540267814,2.305721702354191,8.250002199637152,9.574032149365337,-187.1114055197615,-21.793478651092823
101.9097734100092,2.24076823769353,8.255908904272815,9.122268976453455,-187.11036967593404,-21.793478651092823
67.91583593415272,2.041001215434676,8.22761497724494,9.706627144014362,-187.10811748139687,-21.793478651092823
84.53196335192283,2.248143052094747,8.061741972652015,10.516235195319922,-187.10810532384605,-21.793478651092823
98.22539637926118,2.233028071501977,8.226199488948538,9.419190023479786,-187.10714229398295,-21.793478651092823
83.54305045418077,2.182382784511148,8.154941178101524,10.422101241282888,-187.10541327963548,-21.793478651092823
97.12336280609635,2.3178351518108116,8.232099380999045,9.689925671150121,-187.10501329289724,-21.793478651092823
70.93064847199656,2.0867226100214964,8.130179002715181,10.514539542855232,-187.1033820092128,-21.793478651092823
108.03860836829405,2.22794846629111,8.194130711045545,9.605713963411574,-187.10130478504857,-21.793478651092823
90.62306019079462,2.3015510150606246,8.094745162803918,9.908169034635307,-187.10085082137815,-21.793478651092823
87.2977820958719,2.221425116202525,8.119545815148257,10.220318872908194,-187.10014599907797,-21.793478651092823
81.81037364714764,2.21477528858793,8.331997008771367,9.111210080476212,-187.09895860039862,-21.793478651092823
96.81882628530339,2.2338955627255643,8.1536736766775,10.185979205459034,-187.09852591822894,-21.793478651092823
72.63203817978311,2.0714974747603208,8.23992854196564,10.100295236329032,-187.09801888804233,-21.793478651092823
90.12756573171114,2.2968034718661983,8.136494054543306,10.562371287496035,-187.09696313510256,-21.793478651092823
89.55368944254398,2.3091209338529097,8.116493372764523,10.536749557702166,-187.09685628770362,-21.793478651092823
94.38297073539194,2.3295197652274737,8.23786870773796,9.545807869857583,-187.09562759133468,-21.793478651092823
80.95920050672012,2.17032352456269,8.226583913031902,9.463335386719109,-187.0934913789297,-21.793478651092823
97.05575246625428,2.3090476929468906,8.122752984259648,9.66686599944552,-187.09119320292623,-21.793478651092823
99.19046507267295,2.252555297745147,8.212214808133382,10.10846390689801,-187.089401046352,-21.793478651092823
91.20252825593164,2.286100806079034,8.26247637311144,9.82978390497297,-187.08937313941735,-21.793478651092823
84.29214835426787,2.2005079369989886,8.183458565370358,9.663946032716666,-187.08801325966144,-21.793478651092823
89.56414184892941,2.207952685091442,8.195892489775503,10.070416012073906,-187.0872706603203,-21.793478651092823
84.33315926463032,2.1878793060074315,8.296247893155197,9.2748392703746,-187.08713405204728,-21.793478651092823
86.6917873356549,2.3045498844059296,8.239793566557125,9.110573490136147,-187.0862941409704,-21.793478651092823
85.44519467828833,2.298196453988325,8.080044710693244,10.308303417012667,-187.0852698970369,-21.793478651092823
79.84875461060791,2.1513481656568274,8.179224305256724,10.421735062031587,-187.08420740821322,-21.793478651092823
81.67609011590584,2.230995883667049,8.1187779046071,9.845308793258283,-187.0835055743239,-21.793478651092823
91.04239736740703,2.2358418117656953,8.307870008273142,9.521215737288799,-187.0831401747994,-21.793478651092823
92.4155481168073,2.315737582432348,8.183415865206626,10.182457587995032,-187.0822845590318,-21.793478651092823
79.14299467365045,2.168801053975386,8.106906048449162,10.655287776888457,-187.08161404115987,-21.793478651092823
79.11625749333119,2.200320310523722,8.17437041721442,9.499788980110537,-187.07750002880158,-21.793478651092823
80.63905236155524,2.218916288090739,8.30306070084356,9.493083224436845,-187.07648138845036,-21.793478651092823
101.59701182275806,2.300553014430136,8.139283254694533,9.625026463254386,-187.0754255397557,-21.793478651092823
73.98086571838499,2.101823202307301,8.223457397037237,9.563458417494218,-187.07532800721006,-21.793478651092823
101.14202364929652,2.2617897993888363,8.29045932104492,9.01043088364554,-187.07516504389216,-21.793478651092823
80.9053498037494,2.266824026599437,8.199132943852959,9.455988552953897,-187.07383796853384,-21.793478651092823
93.44785144580214,2.3185154073624687,8.251596089050025,9.593938412025608,-187.07239287514236,-21.793478651092823
95.6049151911483,2.2283630280279,8.226077649921535,9.533818000851596,-187.07084820692637,-21.793478651092823
88.61318279304723,2.2948235989314014,8.075383671665008,10.153671580130407,-187.07070514271007,-21.793478651092823
96.61843561402983,2.331036483343823,8.125462824917804,10.193958502390842,-187.06767888030154,-21.793478651092823
75.85346771396173,2.1078772983912444,8.23809651393276,9.6629982527474,-187.06696855962323,-21.793478651092823
88.78585522254825,2.2793669824005747,8.316748995771462,9.191461093285056,-187.06671290022348,-21.793478651092823
102.77895187348456,2.2623344863261536,8.243436192675205,9.66793161771713,-187.06617328659098,-21.793478651092823
70.95396832846454,2.0571586179810737,8.249653240760182,10.006577005205912,-187.06589832236796,-21.793478651092823
81.64276077854464,2.23853982114602,8.252175133540305,9.04088893958297,-187.06561369435173,-21.793478651092823
99.35960797322213,2.2812626778446514,8.096098907829031,10.48510691411775,-187.065521608842,-21.793478651092823
75.17730124761337,2.1022355908432218,8.261486727131683,9.964117599515987,-187.06326102683659,-21.793478651092823
97.3453856869042,2.315392698942105,8.264752438507685,9.280411633372296,-187.06320008190454,-21.793478651092823
92.24942292332898,2.2379874618577276,8.238323681407167,9.257510668682414,-187.06306587232905,-21.793478651092823
83.58563396156546,2.1846761058663304,8.195730733912654,9.743695923811714,-187.06267826433714,-21.793478651092823
96.18733682855145,2.335581057839093,8.206885746919227,9.632225272717022,-187.0616952750356,-21.793478651092823
94.38552469390771,2.3359262792151014,8.123358237414521,10.20029871195402,-187.06109176880037,-21.793478651092823
71.6407695764821,2.094636327388244,8.12182207751897,10.374057615056898,-187.05965896534894,-21.793478651092823
77.582316652146,2.1475121342281085,8.120528806859653,10.588249383045365,-187.05962606365546,-21.793478651092823
102.09061707537982,2.2894967721932034,8.101461795439178,10.132092199431241,-187.05924057980684,-21.793478651092823
87.06675299244328,2.295462503204419,8.142448363801833,9.550896321074617,-187.05869064160552,-21.793478651092823
85.9700716319862,2.2589629105116558,8.184072436443927,10.456326850753925,-187.0584937920172,-21.793478651092823
76.16422391575983,2.205869094668188,8.181833889095088,9.654286361900944,-187.05586904706752,-21.793478651092823
105.59365443654355,2.253510523235704,8.230495491014352,9.513358182495608,-187.0539708976665,-21.793478651092823
102.53655017430505,2.2698444732560574,8.269090122657332,9.052238659548408,-187.0518017902016,-21.793478651092823
87.47949575703585,2.2207449742723924,8.321034538587924,9.389429883252092,-187.05136021112614,-21.793478651092823
73.81927570177028,2.1184804155412564,8.255048004088536,9.30718278277297,-187.04978587886757,-21.793478651092823
97.11913334974652,2.326469492451963,8.232063212531756,9.167853562746444,-187.049684147714,-21.793478651092823
77.10316701620732,2.196763304407739,8.094269955224917,10.56990708854039,-187.04852859504834,-21.793478651092823
91.87420346062494,2.220454367574675,8.231058185925036,10.017223676943416,-187.04791013415394,-21.793478651092823
85.8089522275166,2.234270218638798,8.148576382829248,10.667898173872658,-187.04452976862217,-21.793478651092823
102.65357911470574,2.25871726592014,8.239166970652263,9.097040330062043,-187.04415676844673,-21.793478651092823
89.94458624764295,2.2274741275373913,8.155891837836208,9.922250139452643,-187.04177446112473,-21.793478651092823
68.9420005742504,2.051900545357867,8.155144936173457,10.275555793781479,-187.04159468526322,-21.793478651092823
80.17026744131229,2.2099178689160226,8.084568128205945,10.736248209582214,-187.04151302938934,-21.793478651092823
84.3910783264343,2.2272691279399908,8.28566856568392,9.821923920687993,-187.04050476320901,-21.793478651092823
81.49298494204146,2.2386498647858417,8.079865965558895,10.264926055799862,-187.03979075950514,-21.793478651092823
92.83669057209467,2.3143164898955035,8.091346424742767,9.973463574023327,-187.03946580943386,-21.793478651092823
102.16918633272506,2.258560956388081,8.194750622473379,9.320599235023309,-187.03824975175058,-21.793478651092823
104.10921198248467,2.2657431797717322,8.253864344900876,9.237996008852662,-187.0351733333792,-21.793478651092823
95.89999279116775,2.2695951976107693,8.17442053692622,10.390947910970027,-187.0350676437725,-21.793478651092823
104.75583361718546,2.236862366497249,8.173604138189091,10.040247203414225,-187.03426364633594,-21.793478651092823
91.28697117847761,2.2727072353986273,8.079180857079876,10.267563852096202,-187.0340246159197,-21.793478651092823
72.46044059336175,2.130650957334865,8.212658729747545,9.522614353587159,-187.03288483316487,-21.793478651092823
86.07245195625967,2.260142741932256,8.238256817365084,10.097795179521029,-187.0323684471933,-21.793478651092823
95.02713461944037,2.2957992370299394,8.130017373794203,9.637269294958145,-187.0316616069176,-21.793478651092823
81.70162868644405,2.202753960900168,8.107036506659341,10.746836250797173,-187.02956188279276,-21.793478651092823
72.1415869505191,2.140156375201542,8.185089532210867,9.86401203658906,-187.02895495197302,-21.793478651092823
94.89879079799279,2.3088626005281156,8.091217612941819,9.987736149956305,-187.0280945079332,-21.793478651092823
75.03623826292238,2.098095300786497,8.27146318983992,9.764666660164465,-187.02794071596745,-21.793478651092823
77.2518851659755,2.225015983378924,8.181867159325009,9.752651988372094,-187.02750562840748,-21.793478651092823
75.31754457696616,2.1188845153913576,8.16235641643945,10.534336756406105,-187.02459687469985,-21.793478651092823
98.70676270181059,2.2507457924386784,8.254644353584126,9.793691892369282,-187.02441094807932,-21.793478651092823
101.9844139442401,2.2684968105072443,8.269308514831778,9.029038659390125,-187.02342940399703,-21.793478651092823
89.45711490344586,2.305755786844216,8.26345253612979,9.565638195280968,-187.02144789620584,-21.793478651092823
92.79989874137823,2.2994865954176333,8.186694052608658,9.232220305037487,-187.0202254489643,-21.793478651092823
92.53749292335175,2.2903302611858862,8.066957640419417,10.587797371788866,-187.0175196375586,-21.793478651092823
95.81604422695646,2.246132990692786,8.168649537257267,10.364875399986431,-187.01506449875663,-21.793478651092823
99.25363480612165,2.279335025360396,8.162160245655429,9.460479736595772,-187.0136885116759,-21.793478651092823
75.73822450216892,2.146997868897188,8.170898656211023,10.540064019187525,-187.00807832831558,-21.793478651092823
92.14916692376093,2.218709495967275,8.22934125415955,9.93188120019505,-187.00781877518517,-21.793478651092823
88.59329755272263,2.2589847778090615,8.071969067892354,10.57029464102601,-187.00748869840737,-21.793478651092823
90.46778404945674,2.217339347250771,8.287984274317495,9.484699260897258,-187.006573566199,-21.793478651092823
76.4775322666762,2.1560345947755195,8.126007448547426,10.059461633853232,-187.0059103274011,-21.793478651092823
89.02821728526061,2.244637209275993,8.28724705805854,9.760740938946554,-187.0036700262265,-21.793478651092823
97.1326514759357,2.230140664695398,8.260836286938797,9.429026913033397,-187.0036167106618,-21.793478651092823
78.09783025404222,2.173824107879966,8.288095824776889,9.758308877720623,-187.00163160317373,-21.793478651092823
90.88254369503294,2.2336623976322443,8.127456397064094,10.405958193252502,-187.00012031188538,-21.793478651092823
82.68570629946333,2.2657696350322567,8.21532135195281,9.22493573485528,-186.99996781263147,-21.793478651092823
101.601903912435,2.2259274980108756,8.23229159403607,9.625837550355698,-186.99963967421533,-21.793478651092823
80.49650672073967,2.2406392756094817,8.092457734439478,10.17370672901339,-186.9989611570363,-21.793478651092823
90.2326527269389,2.3290634747550882,8.154490946898534,10.116570892507326,-186.997451366711,-21.793478651092823
81.4195787643515,2.1697117784499227,8.256274803280121,10.041082318553634,-186.99688005151341,-21.793478651092823
87.89173151872568,2.2109191123962404,8.303912317629681,9.404783377955596,-186.99653867601333,-21.793478651092823
78.93689210428343,2.187377874267355,8.138539738766212,9.84817964636764,-186.99355010984428,-21.793478651092823
95.4307392228255,2.2992747575627988,8.25890156209934,8.926175767214914,-186.99280722091206,-21.793478651092823
90.90710150282028,2.2636840746347957,8.1313615524939,10.647718558605021,-186.99164517750012,-21.793478651092823
87.50168942871281,2.2192323403775447,8.316929114800814,9.155841282996278,-186.99146070607102,-21.793478651092823
81.75054105592257,2.1656091536416824,8.289438421472397,9.491832231263999,-186.9891571065003,-21.793478651092823
93.29328103845295,2.3074360178081434,8.083684292806339,10.560056049280263,-186.98909322152792,-21.793478651092823
99.16333993041637,2.2397265473353087,8.154114626975485,10.194650853808895,-186.9882323152164,-21.793478651092823
92.78365683815659,2.229134874195509,8.213883598525882,9.571344512222339,-186.98695865348918,-21.793478651092823
100.96108091270368,2.2740336778417856,8.282664040430205,9.161597799462271,-186.98691403018023,-21.793478651092823
94.18684946807477,2.2518383885232396,8.151168788747327,9.774033441994703,-186.98564279882478,-21.793478651092823
81.27489758633267,2.1776319319693727,8.185464486177551,10.476097552239395,-186.98494404997223,-21.793478651092823
78.72894997332375,2.227398486484688,8.155899305189791,10.346204051111954,-186.98339795764258,-21.793478651092823
77.45200196944623,2.199186841897969,8.217161281045122,9.322164204194252,-186.98208019328965,-21.793478651092823
101.90879606378381,2.238883689028981,8.215026535248853,9.91923191821644,-186.980674721651,-21.793478651092823
86.77182547350023,2.2322157211900446,8.22715121572702,9.240434008592842,-186.979155802496,-21.793478651092823
76.26226668579145,2.1793162225030045,8.123698944752562,10.576852157439845,-186.9760702733259,-21.793478651092823
88.35891565581859,2.2800573571949485,8.303094252047373,8.912389255533668,-186.97430587845588,-21.793478651092823
93.93648278655962,2.2785509996518414,8.130693886865458,10.579590818475282,-186.97198302691447,-21.793478651092823
94.05770220918411,2.294214030361161,8.272168233063127,8.894412934346093,-186.97065982289857,-21.793478651092823
88.11312106658038,2.2685364504383045,8.142882174101118,10.614460464251863,-186.96985227252947,-21.793478651092823
80.1409701393061,2.240445603923604,8.264593514670622,9.494382761753343,-186.9697077263972,-21.793478651092823
92.32736286722506,2.247952429523437,8.284901919042568,9.700967288652095,-186.96872982016322,-21.793478651092823
89.4196591699809,2.2933016852638985,8.301409726781117,9.059241148742757,-186.96668499703628,-21.793478651092823
96.95039933064747,2.3259740804885496,8.204194626488658,9.25774535104614,-186.9662049713858,-21.793478651092823
70.77632937646781,2.053487886952297,8.21102672351455,9.918532881138589,-186.96551414844663,-21.793478651092823
87.34704321915655,2.3216714240210337,8.170292760288135,9.586059005995168,-186.9653184203697,-21.793478651092823
94.7868737540524,2.2895825429913117,8.10001184159242,9.971022131228295,-186.96279364877682,-21.793478651092823
86.84650140879872,2.298643705487976,8.211467612148112,9.197148559584946,-186.96278751049798,-21.793478651092823
96.18602297337787,2.328408220780048,8.192555708316632,9.308364350163288,-186.96275978263392,-21.793478651092823
85.62544644681945,2.193501035778027,8.250818584753972,9.520506723713169,-186.96151879128522,-21.793478651092823
92.64863369790068,2.277589050603524,8.213604661894863,10.194645426601625,-186.96130198076423,-21.793478651092823
84.26162583794476,2.256880702674195,8.10989253938439,10.690138075857561,-186.95886605722373,-21.793478651092823
84.10737324902414,2.2723870144874496,8.248517593153906,9.082287992889746,-186.95730296754908,-21.793478651092823
97.78034475054072,2.3140031572661854,8.105921672161742,9.931777676792365,-186.95197734820533,-21.793478651092823
69.4052071322453,2.070113708012812,8.218180884700246,9.949204414818155,-186.95159708779815,-21.793478651092823
86.79315241667129,2.212283058666344,8.1478318943401,10.458819025466141,-186.9508884572546,-21.793478651092823
91.8991823603169,2.310684553267137,8.1007949058245,9.911072992796846,-186.95069299066867,-21.793478651092823
98.29438819010116,2.2683165511525374,8.100806621050396,10.234634831480236,-186.94965405721143,-21.793478651092823
82.0169527522754,2.210797106214841,8.324643835286821,9.208661150405788,-186.94886520470297,-21.793478651092823
82.0780591190069,2.263506955637169,8.224034782697231,9.247564856426465,-186.94877060616705,-21.793478651092823
81.56249083909408,2.1782110416436353,8.200853553719327,10.386102778071603,-186.94823760057514,-21.793478651092823
86.34834651116265,2.2056186296359783,8.20759354891743,10.277235960906808,-186.94682211903026,-21.793478651092823
94.84386797345007,2.3035167548063384,8.202112865973618,10.088664934493067,-186.94497731579438,-21.793478651092823
85.4899564377339,2.2443847612162813,8.17368025444648,10.521281096185476,-186.943888788866,-21.793478651092823
87.84271562563649,2.2641224906832065,8.177735999251865,9.389480452505126,-186.94139618228604,-21.793478651092823
84.77778688631668,2.2042027568924,8.161611265845437,10.516264886694046,-186.94088350471472,-21.793478651092823
102.99652354558441,2.268024131427822,8.194002228534913,9.940428092714853,-186.94062547259696,-21.793478651092823
95.91515897020666,2.3323766540392654,8.206873179972405,9.633715270537778,-186.94049318403384,-21.793478651092823
87.971687772684,2.291877136121002,8.129735349827797,9.673221065957904,-186.94015610663504,-21.793478651092823
102.04995185001093,2.273651248605887,8.147245999141603,10.212297123897486,-186.9381196363724,-21.793478651092823
85.12558204163308,2.222691270211115,8.24019094581098,10.166457569562397,-186.93699136131195,-21.793478651092823
96.4580737780018,2.2514020804016326,8.163109916255024,9.712180277257403,-186.93693790313307,-21.793478651092823
96.88195727642952,2.25707695108116,8.235586899316047,9.177605980721893,-186.93676287249713,-21.793478651092823
99.1136623081656,2.321873629437988,8.134742012162121,9.787998265356748,-186.9358386632361,-21.793478651092823
73.20498617545195,2.127879627424079,8.174885662947673,10.387625284362002,-186.93355284789416,-21.793478651092823
99.26180413599319,2.299112341426678,8.10281144396754,10.005095196449787,-186.9334328768393,-21.793478651092823
71.73781415006813,2.1249848890913654,8.212366333915782,9.822425068921746,-186.9332627139481,-21.793478651092823
87.550407985186,2.2967628937596345,8.107708515730991,9.88002606101378,-186.93267956375482,-21.793478651092823
85.7147357411261,2.2265412611446322,8.260482655251792,10.010665979057535,-186.93247826332626,-21.793478651092823
89.9517605874228,2.2636643132866396,8.322993947397663,9.147996293767903,-186.93145291078199,-21.793478651092823
75.7691611848443,2.1915244876993825,8.12489545338994,10.196925847454423,-186.9306026721746,-21.793478651092823
99.76065884225204,2.3029642652266347,8.250939455651888,9.350276944096748,-186.9301360222211,-21.793478651092823
77.43293308383294,2.2226688134053205,8.193400061642564,9.85904306885297,-186.92994033092023,-21.793478651092823
99.45696873018183,2.2868299736536386,8.12650509269352,9.76279985158331,-186.92885395358502,-21.793478651092823
87.33658162085587,2.320652918308653,8.200807847451841,9.553738506299851,-186.92664668960245,-21.793478651092823
100.79814582649065,2.2494263137703143,8.278390520819102,9.338945485492587,-186.9248933684917,-21.793478651092823
77.35912019848018,2.1659047490405783,8.298703259137397,9.57018132712372,-186.92332594308283,-21.793478651092823
72.79156507173575,2.1313430022114517,8.188011268449827,10.232496251933128,-186.9227991717563,-21.793478651092823
69.82132266453587,2.0560696026727214,8.177859716822354,10.064186681273412,-186.92055667774034,-21.793478651092823
101.58202051909997,2.276358729795433,8.26737832833706,9.244176421945923,-186.91958725523875,-21.793478651092823
98.24634947877587,2.2646310215793477,8.206971600572473,9.279976113094364,-186.91956181086684,-21.793478651092823
73.41962044513248,2.125760634308733,8.127491840026437,10.507020042122292,-186.9194425078512,-21.793478651092823
76.51217806787207,2.1410084182367797,8.150476614100086,10.012347285034679,-186.918849927529,-21.793478651092823
80.65566043644627,2.237327124742478,8.15305299972286,10.451654514689835,-186.91589269186576,-21.793478651092823
94.5277712598155,2.264869982435698,8.1449883857303,10.500814197702027,-186.91280853937485,-21.793478651092823
84.04413670725057,2.2395996700090137,8.2737166931079,8.988567620848357,-186.9120969966784,-21.793478651092823
96.04885097681995,2.3069644487183893,8.08431700145249,10.216670271374142,-186.91105670733285,-21.793478651092823
86.6359356918693,2.3002497027687667,8.190161750976614,9.333588198014695,-186.91044393216572,-21.793478651092823
94.53574526222617,2.2572569266704363,8.156303215311368,9.703109493749395,-186.9102675267918,-21.793478651092823
77.51231886915161,2.1375094974515463,8.23077240458582,10.189942234421068,-186.9093811955662,-21.793478651092823
83.94644164823333,2.1959179324357763,8.310644354418315,9.285236107442017,-186.90875547693733,-21.793478651092823
90.35600353264925,2.299243766735813,8.282142178491824,9.39396997506563,-186.90499566155876,-21.793478651092823
77.66393185893529,2.1686738147487574,8.102091668885691,10.462390760182075,-186.90437760529645,-21.793478651092823
94.50389580225692,2.284584314293923,8.079770198005235,10.398634589924285,-186.9028900046218,-21.793478651092823
79.48077467661335,2.2451502534252654,8.131262040162198,9.983377120897217,-186.9017839795428,-21.793478651092823
102.19629300961735,2.25219645093226,8.155803751525895,9.728557589172794,-186.90168398577086,-21.793478651092823
101.28822697142532,2.2712899884751465,8.248708939484175,9.598750165393142,-186.90149406188553,-21.793478651092823
72.91106552806676,2.116169903280195,8.2768118960565,9.55863086861072,-186.90134789057493,-21.793478651092823
101.46461648742992,2.265474620842653,8.11531448606263,10.190769949158295,-186.90076279962483,-21.793478651092823
101.07610646923575,2.270822270672781,8.11302005609349,10.26651587040979,-186.90064827201306,-21.793478651092823
92.67018228855152,2.321037708116009,8.120338197892664,9.77153632443708,-186.90015340285132,-21.793478651092823
77.18218878377495,2.1637984098430394,8.28596127492051,9.714684468404442,-186.89996515591477,-21.793478651092823
105.30241872279281,2.241625134226993,8.217216930187817,9.41599313764209,-186.89795330859647,-21.793478651092823
93.33606853996726,2.237119010309655,8.281724671198162,9.222238682786212,-186.89350863442473,-21.793478651092823
96.04127786495941,2.2681409135527417,8.1002906112534,10.431919054400481,-186.89314695985394,-21.793478651092823
102.89457322665776,2.248107606751333,8.23345196783211,9.696089293469555,-186.8922577145529,-21.793478651092823
97.9936090822761,2.2361143859085217,8.215210281909805,9.94603418216525,-186.89208522863086,-21.793478651092823
87.12446932199643,2.256012828067256,8.079912862414488,10.39560052235592,-186.88918887710108,-21.793478651092823
91.94416078555325,2.246561016557976,8.144174691374019,10.496739835196678,-186.8890892834524,-21.793478651092823
87.22636334083457,2.2459792812977497,8.129383946892574,10.66076623432852,-186.88836348647067,-21.793478651092823
94.78392344940852,2.2665398193920794,8.202739249804608,10.223732030080726,-186.8880326780882,-21.793478651092823
96.66742325576124,2.2340210050109164,8.210594031341998,9.9736960880374,-186.8863993804623,-21.793478651092823
77.69545154595141,2.1350135890925657,8.171503748003829,10.303022610633661,-186.88561262530618,-21.793478651092823
74.8745924151313,2.142749275232063,8.154549514292029,10.517162521636692,-186.88388345915948,-21.793478651092823
84.43153970263258,2.2108140365884594,8.130610865701215,10.113434833424662,-186.88256973958903,-21.793478651092823
79.6145539130892,2.1835957400921444,8.257609534799428,9.200010692101216,-186.88253500778677,-21.793478651092823
99.15789099187266,2.3125996202110173,8.235160861181072,9.305868997246534,-186.8820060786051,-21.793478651092823
75.77435774870273,2.1866379435429053,8.125516099093943,10.325426536674684,-186.8812011504397,-21.793478651092823
95.7623250614283,2.3148499544430052,8.261921678090658,9.13989067039708,-186.88050716823057,-21.793478651092823
86.99625420263534,2.294024469871985,8.224415582688124,9.151349697471687,-186.8803912067597,-21.793478651092823
74.29278881576246,2.1270467075456168,8.136170670399025,10.136293378717284,-186.87965932028175,-21.793478651092823
93.19992434328269,2.2621218027348533,8.300301655999277,9.447861045798447,-186.87852142832818,-21.793478651092823
92.944280212982,2.331106793896069,8.225765217232066,9.35105598971893,-186.87750770027085,-21.793478651092823
81.51364725176062,2.1706261585356827,8.28575675085068,9.401839955687052,-186.87642846115568,-21.793478651092823
78.43507166301747,2.1776013971250165,8.280831885528556,9.146193092319379,-186.87579162879607,-21.793478651092823
104.92089688429283,2.257194602378732,8.19427134284183,9.469991994718299,-186.8750481761343,-21.793478651092823
75.1220558368174,2.1477710195993183,8.289052181667614,9.43393087701159,-186.87365074976864,-21.793478651092823
99.36055572893464,2.2600196682508056,8.178368420637582,9.513331086518406,-186.87347057155202,-21.793478651092823
100.02335855909173,2.2522737472953906,8.279111477985936,9.192856715693125,-186.872147313427,-21.793478651092823
78.99197698725298,2.1588087140849694,8.255398393794223,9.367497494682368,-186.87206240505304,-21.793478651092823
88.32505832977895,2.2868856499910777,8.297146592594231,9.198354003731737,-186.87186199019976,-21.793478651092823
87.66129448908322,2.27832096669961,8.257375587250124,8.991610072031165,-186.87018393377238,-21.793478651092823
83.4503679429642,2.283353015516653,8.174253792120567,9.536348310458465,-186.86748965971074,-21.793478651092823
88.80366905376385,2.2293264517485056,8.130991940834036,10.43219409169032,-186.86587034424122,-21.793478651092823
95.38250882413531,2.2390431093885326,8.175544198171195,9.842144553133522,-186.86458386050052,-21.793478651092823
72.33423891237675,2.131297790517678,8.203901417794555,9.712115655652468,-186.8635380438428,-21.793478651092823
91.087683699153,2.2460091196336123,8.294442799503031,9.580843106001282,-186.86277157141024,-21.793478651092823
88.57640630582027,2.305202321084792,8.164516372369945,9.456746357935572,-186.86241445680514,-21.793478651092823
95.71520564575572,2.2410436692899793,8.269849723572491,9.632601947624437,-186.86196110365282,-21.793478651092823
75.30161851252086,2.1200940417573264,8.276972860597738,9.779511993677573,-186.86157320329716,-21.793478651092823
96.90573916801047,2.2476416886881907,8.173386270368866,9.713529524926656,-186.86150210770262,-21.793478651092823
101.53131727377745,2.282911476810611,8.24879266611913,9.169627517867042,-186.86136288896958,-21.793478651092823
100.36350545126886,2.2416672178024015,8.159986592836816,10.02334870747677,-186.86032826723542,-21.793478651092823
74.96315189728415,2.118496868075809,8.195509123734325,9.761300881732694,-186.86020623025004,-21.793478651092823
85.34149474462595,2.2410962978368616,8.114028760015714,10.009685486462985,-186.85881309558212,-21.793478651092823
95.96814951934522,2.2583491433989025,8.287354122034401,9.494840457091016,-186.85873725627692,-21.793478651092823
79.18080017248205,2.203010096598362,8.153693962415645,9.709021192785542,-186.85822340026297,-21.793478651092823
78.03118356956043,2.1544377242783526,8.15252359189239,10.533533411264017,-186.85747532501222,-21.793478651092823
83.42441285795093,2.2291650426774936,8.318425204543558,9.171907288181472,-186.85674551784234,-21.793478651092823
91.43752216511855,2.2959602495506886,8.22144798338445,10.016865659971103,-186.85604162585634,-21.793478651092823
81.89261807167054,2.224253938009099,8.241503323081076,9.15220718324096,-186.85587319048244,-21.793478651092823
92.00240621271347,2.320832954595062,8.097224188475707,10.32814294028293,-186.85485630765504,-21.793478651092823
94.49655708542,2.3028372758224407,8.092978749593897,10.071373124948394,-186.85435031287398,-21.793478651092823
86.01609800939187,2.3083151714960763,8.20604610185984,9.673655128183583,-186.85280844764597,-21.793478651092823
100.4945123917136,2.2664919063865057,8.124624294943402,10.28583257298834,-186.85053582189124,-21.793478651092823
88.08830978214071,2.208437524596505,8.270393909938264,9.603331553908845,-186.846866136337,-21.793478651092823
85.65589240478995,2.2777961415159353,8.220369829398521,10.026173329634673,-186.8447006679591,-21.793478651092823
75.46361838671544,2.1567262692172164,8.243795469045011,9.332022489045784,-186.84449687892612,-21.793478651092823
77.7370233397431,2.1460460776293075,8.263259257100742,9.94927032933478,-186.84431510271318,-21.793478651092823
93.28236856107817,2.2442875658821038,8.261920237942718,9.817081271755711,-186.84401005416098,-21.793478651092823
94.48093419387513,2.2437171755919536,8.19541185832884,10.206458026129809,-186.84266716092907,-21.793478651092823
102.94619618273552,2.2898396001645835,8.178608981583068,9.734089064912041,-186.8421882432642,-21.793478651092823
84.23877056660251,2.2340039556166005,8.247103107551538,10.053294419234561,-186.84214289848973,-21.793478651092823
78.84444265166462,2.1969419892457864,8.246591423940316,9.207763747955056,-186.84172083131753,-21.793478651092823
79.05219479354224,2.216191215241892,8.09403707381108,10.420375535465666,-186.84153746069663,-21.793478651092823
88.32973821549555,2.244801839362438,8.167364798032935,9.619738060498207,-186.8403521149818,-21.793478651092823
80.5141365546068,2.250002639703723,8.197975349638824,9.455632613852089,-186.83933986479977,-21.793478651092823
88.68406914577052,2.2238118181280413,8.153876087756373,10.055364639908902,-186.83864262893832,-21.793478651092823
99.49634831344315,2.3049365805379125,8.225365818351577,9.206610336599255,-186.8378000044089,-21.793478651092823
79.30396986027154,2.1896238547321474,8.100574587947364,10.578695130967219,-186.8368185695643,-21.793478651092823
101.96177742153469,2.2530606423266306,8.138270013376967,10.069534996847153,-186.8360904213397,-21.793478651092823
82.93856984376208,2.2232035606850644,8.281117251660362,9.039310901983129,-186.83540365965325,-21.793478651092823
86.58387658853064,2.3135611015547113,8.157461533830514,9.981927839459047,-186.83369233737753,-21.793478651092823
95.40173853689559,2.3360576654174707,8.169730463535217,9.672284065267377,-186.83335227988005,-21.793478651092823
83.4964062924446,2.247029705483129,8.261447787152548,9.822992351608661,-186.8323973466901,-21.793478651092823
77.45344820327537,2.200075468195962,8.263430318835901,9.542716597124127,-186.82833919265838,-21.793478651092823
90.23880219060274,2.312433316392628,8.172849826188894,9.408602136330188,-186.82623227045778,-21.793478651092823
87.36826806318336,2.2133419462655723,8.296525950115523,9.414208717359571,-186.82562488055683,-21.793478651092823
75.56121787780836,2.115905445280916,8.18518646631938,10.30184066956096,-186.82555732378583,-21.793478651092823
96.03462763061198,2.3341299434632106,8.154823958376198,9.785683648611979,-186.82482969380806,-21.793478651092823
92.3613008551374,2.3145327839374374,8.159096886869122,9.48012840422291,-186.8244212363334,-21.793478651092823
92.97197685397337,2.232502821123205,8.196808022742658,9.741856888113261,-186.8238460113784,-21.793478651092823
93.06390802403195,2.2824260114882833,8.154883352686937,9.551847125083441,-186.82381376117092,-21.793478651092823
81.70310102898246,2.206787475300885,8.301837853660004,9.081967437960486,-186.82379980365226,-21.793478651092823
94.03354807359048,2.233289326106515,8.246058964139479,9.46043345224868,-186.8228442475534,-21.793478651092823
77.42631707979294,2.2046512874567554,8.134471576308954,10.398601257903266,-186.8219115826599,-21.793478651092823
80.42328148051887,2.1804960312405797,8.150099147480887,9.976603350197223,-186.82164140115793,-21.793478651092823
87.49151261091447,2.209143562165224,8.181584476722549,10.188943812948594,-186.82082811692698,-21.793478651092823
96.27726280402953,2.2718182570188077,8.101662891453657,10.276022430180092,-186.82058924523312,-21.793478651092823
91.95001544440984,2.2975594449802372,8.280927014062172,9.406600200555516,-186.8195166781555,-21.793478651092823
78.36830457319078,2.159102376279094,8.13013084661415,10.360681840140984,-186.8193807062753,-21.793478651092823
82.36299331313583,2.237135127882212,8.096730944051927,10.173956197862367,-186.8191617415411,-21.793478651092823
73.11831982465445,2.1388055719544212,8.170076300038716,9.84996212533565,-186.81913423868988,-21.793478651092823
81.92664807952221,2.25104793861739,8.239802599021488,9.83675317104371,-186.81711891424024,-21.793478651092823
99.46730016771703,2.310081062255719,8.134437544728371,10.083682424476024,-186.81653785945565,-21.793478651092823
94.61453373070714,2.245605892944738,8.15459315350671,10.313240793274673,-186.81406884726982,-21.793478651092823
88.42387022886174,2.3170392537813598,8.192498193221468,9.41077764609281,-186.81383656291348,-21.793478651092823
96.45208981442173,2.290121286450912,8.25477765643575,9.666405684728659,-186.81300748105733,-21.793478651092823
78.27166037761485,2.187005815560525,8.166902136394128,9.674492555507072,-186.81275699460343,-21.793478651092823
93.76861463493918,2.3355792208867854,8.166306363816659,9.62587841629744,-186.81127269079005,-21.793478651092823
83.82229461341397,2.2937291070387147,8.172362073163072,9.740309760909128,-186.8091650003922,-21.793478651092823
77.07174855444809,2.1601950727914954,8.173409749478878,10.4758512684989,-186.8084721054505,-21.793478651092823
89.2874347123238,2.2729122713645324,8.274032174679348,8.960902178171068,-186.8083967703753,-21.793478651092823
79.97576580326658,2.2034292558529245,8.095480648966145,10.566601209382867,-186.80814640735946,-21.793478651092823
94.09327016480508,2.249476368473907,8.206779542445872,10.173598862135151,-186.80754179158532,-21.793478651092823
77.32071877173597,2.148526877031628,8.276344012492473,9.811995092500524,-186.80728808195613,-21.793478651092823
72.30050870511745,2.083401260497368,8.210034134415395,10.16996635976804,-186.8071167383721,-21.793478651092823
97.83389873870156,2.2877907742575303,8.189863555521043,9.318733524686905,-186.80678314786698,-21.793478651092823
73.41035537945426,2.1067827362467852,8.166516064359342,10.007948187247536,-186.80282043164735,-21.793478651092823
89.24932395630417,2.3047387824765195,8.09122648315892,10.142745819066079,-186.80105732267916,-21.793478651092823
79.12792587489731,2.1585160181292764,8.158669958176432,10.432060776736279,-186.80094696369912,-21.793478651092823
85.22803211575372,2.250237165281902,8.279389621721606,8.99915423728308,-186.80084731016495,-21.793478651092823
89.4091794448263,2.306138449624399,8.085764676622063,10.309940427995855,-186.79778334082175,-21.793478651092823
77.58727471606585,2.1617522232550357,8.124958235350164,10.545473207934322,-186.79748882957304,-21.793478651092823
89.1990289923387,2.3015748988875657,8.18677844767393,10.157228359801309,-186.79368214556504,-21.793478651092823
71.3136734312759,2.078308398352334,8.244381070664417,9.855424384635171,-186.79162876719752,-21.793478651092823
94.3485696063656,2.254382281246734,8.201292449066642,9.440207959478983,-186.79115024281217,-21.793478651092823
81.25004953408732,2.2176689549329183,8.253922124998581,9.144816517992467,-186.79042940846227,-21.793478651092823
84.70148679276127,2.233590599799385,8.117466022101041,10.042467267198674,-186.7902129397731,-21.793478651092823
87.5549743146957,2.3126687016537915,8.219623133016682,9.389899798657353,-186.7900961122675,-21.793478651092823
84.25290860249706,2.2580747833090555,8.105285850368091,10.025717672686085,-186.78921716733814,-21.793478651092823
92.01218260665706,2.3148038170161414,8.227724227705977,9.748039549250052,-186.78876328324884,-21.793478651092823
72.98627820496378,2.09681721617342,8.162089158991336,10.254846414825266,-186.78512002685,-21.793478651092823
87.05523175739616,2.230140243634409,8.228807517332257,10.17184820031963,-186.78482501586814,-21.793478651092823
87.3010151532452,2.3015845893420988,8.193510656097317,10.029608475789644,-186.78417795382342,-21.793478651092823
72.22876466892795,2.119857740183207,8.188562634807624,10.144486759364696,-186.78412446876845,-21.793478651092823
79.86507378567222,2.248535455113327,8.206879931654584,9.706859240692637,-186.7833747704892,-21.793478651092823
85.0445260582969,2.19190132898062,8.240959300203258,9.6702400301034,-186.78202635289836,-21.793478651092823
95.66461286380057,2.282806283187597,8.253163678337387,9.745465672639256,-186.78179191706508,-21.793478651092823
84.64709395175895,2.2905204632400142,8.208920623528314,9.82360689964247,-186.77845512527045,-21.793478651092823
82.66786331759242,2.209518365023385,8.307888724019932,9.451207805414668,-186.77809738724392,-21.793478651092823
82.67830971778308,2.2460586950437573,8.086170325676079,10.51318224430031,-186.77707078936106,-21.793478651092823
76.39376597103629,2.169138107930209,8.175261569552305,10.3928589293902,-186.7758478481488,-21.793478651092823
77.25611900115591,2.1688945686247365,8.153902041532632,9.854556922170588,-186.7747324163642,-21.793478651092823
104.4697148729963,2.2538596454255497,8.17935255624144,9.788906809726711,-186.77394703027787,-21.793478651092823
79.61355139481212,2.1854231416375,8.137525563106749,10.592295477951438,-186.77388550007873,-21.793478651092823
78.83887668431726,2.1523967390368313,8.278551690972591,9.733027594458662,-186.7726983099539,-21.793478651092823
83.46136619573295,2.225112375197739,8.128728448710149,10.635236270493976,-186.77267541230634,-21.793478651092823
89.07739286856273,2.269017461281976,8.136485228387556,10.570454922991559,-186.77245610259388,-21.793478651092823
84.09935007447149,2.1864071906295663,8.216663838802617,10.072977071144521,-186.7721752061141,-21.793478651092823
79.36750481842617,2.2320782563856483,8.193881040460724,10.073270893328356,-186.77025989328865,-21.793478651092823
88.6879588397366,2.270054690889765,8.110952579994944,9.97167486420102,-186.7696910406213,-21.793478651092823
83.58238680554378,2.269997012025982,8.19556126191074,10.107519918307986,-186.769499273974,-21.793478651092823
99.57775457414147,2.2396891861610015,8.232882249264861,9.504681086159223,-186.76931380418344,-21.793478651092823
104.24603865286143,2.249824744706075,8.21326710723028,9.4919538117949,-186.76922592897927,-21.793478651092823
75.26489981004842,2.177142596440504,8.230149478702629,9.622928294222675,-186.76686267672332,-21.793478651092823
89.7068383706181,2.281350427720639,8.110597999737223,10.594277575936587,-186.76647031185004,-21.793478651092823
102.62310133729983,2.256054227531152,8.147251921225916,9.989051960434068,-186.76549835417538,-21.793478651092823
74.03732236413646,2.1138524699938728,8.228075779442662,9.585225014002049,-186.7650443722121,-21.793478651092823
80.68550140034218,2.165645224533691,8.182435351532575,10.285456918843295,-186.76474251427993,-21.793478651092823
78.55147292600387,2.159793072226762,8.15277123086355,10.480081993388268,-186.76462081737168,-21.793478651092823
85.6683591376707,2.2312267396910954,8.117666434607742,10.60184885410078,-186.7624753348156,-21.793478651092823
82.57646905004749,2.175843800692064,8.262391728775327,9.754998344875332,-186.75994481842753,-21.793478651092823
100.49288391611798,2.2770978281002527,8.160788391402207,10.156473613723506,-186.7597570805149,-21.793478651092823
98.47624562663131,2.316444134193901,8.135588342164795,10.017255595030662,-186.75973249179296,-21.793478651092823
102.05866875306374,2.271475098380165,8.220269823755672,9.703519239876357,-186.75797410210984,-21.793478651092823
89.38264320804437,2.256111021494135,8.311545250328066,9.271462950944795,-186.75763332985971,-21.793478651092823
92.25721264557127,2.3117281185658385,8.203282394041167,9.972042502973864,-186.75706322345826,-21.793478651092823
103.80986668897545,2.2509524186502006,8.224729996857803,9.472938457281657,-186.75643064110824,-21.793478651092823
85.50317318434675,2.281472150995242,8.263359728757393,9.159319665722677,-186.75631555811154,-21.793478651092823
83.88598417068611,2.2583505015190894,8.158585129197803,9.581386549761817,-186.75509451618277,-21.793478651092823
76.87627178900179,2.133793873472385,8.251513730225128,9.96613664732996,-186.7539702673868,-21.793478651092823
79.21652430188774,2.233866425381578,8.150357288243868,10.232684376853285,-186.75167167381034,-21.793478651092823
75.98806924488774,2.17962531263602,8.129149777709927,10.36788495693574,-186.75129409876251,-21.793478651092823
88.90828747300861,2.2813702959081894,8.278780788521544,8.99486949187758,-186.74990530734632,-21.793478651092823
90.19350280107037,2.23198735264279,8.286833927241247,9.557927673207416,-186.74757349545663,-21.793478651092823
92.39052412493264,2.316816037741944,8.113465531750137,10.328316386496454,-186.7475697674896,-21.793478651092823
89.88305404461009,2.282478965698104,8.13812085892107,10.513394547435126,-186.74724809563372,-21.793478651092823
96.22571895254707,2.2516522811188935,8.214147528296422,10.045407234129186,-186.74650433318246,-21.793478651092823
91.26578020393403,2.2232502557011316,8.229640755622682,9.73227357650083,-186.74647920862725,-21.793478651092823
82.7595191294855,2.210751871306684,8.148105678968705,10.570453080042853,-186.74561483649626,-21.793478651092823
77.34682439194627,2.198867691238405,8.188544655719397,9.57140297049233,-186.74545013198644,-21.793478651092823
77.8960612644719,2.1370989798171394,8.243751769031832,9.685209031678937,-186.74466773161262,-21.793478651092823
82.84208270909807,2.2808233100249424,8.146379458397007,10.034316097705897,-186.74459800719427,-21.793478651092823
89.29967733488526,2.271341537253491,8.245290665843442,9.074666902963969,-186.74228771367444,-21.793478651092823
80.5529328394817,2.2530422441060978,8.182342246785993,9.620571947834463,-186.7416762939431,-21.793478651092823
83.9186379378562,2.2003777653321777,8.294343460690925,9.577295029578096,-186.7407925178911,-21.793478651092823
94.41383470811053,2.2509335954740806,8.218136714937941,10.073647184118414,-186.7399222201696,-21.793478651092823
79.97433254260898,2.1954387670577233,8.259416805120367,9.20550051441603,-186.73735907047666,-21.793478651092823
76.83767924645643,2.1726565400504114,8.12837331150945,10.517291554410463,-186.7362119463508,-21.793478651092823
96.21969919837726,2.3076670071391305,8.107692926560361,10.00976404091125,-186.73460510229933,-21.793478651092823
86.13645749360663,2.27954283858017,8.23113621088973,9.908732633442213,-186.73455101883016,-21.793478651092823
89.27834733627472,2.282307495579076,8.131337510760318,10.529462689152638,-186.73385776583368,-21.793478651092823
101.16487648619957,2.2863364654514697,8.236364228506119,9.44257160989315,-186.73357876296413,-21.793478651092823
72.03496532011069,2.0975804189374685,8.24913986362364,9.66739283548037,-186.73229645193967,-21.793478651092823
78.96067253374493,2.164360657569503,8.138357847056056,10.382227119365126,-186.7313851109979,-21.793478651092823
87.73133847461253,2.2401116730282524,8.156423551383284,10.506260350482478,-186.73088767581794,-21.793478651092823
84.43021598242197,2.1911805551818304,8.241854698057466,9.943752235433976,-186.72770794951418,-21.793478651092823
75.31969494450078,2.1265915953317176,8.15107321269005,10.286604850454694,-186.7273001067938,-21.793478651092823
94.18126839094698,2.3163002530230727,8.203193232336474,9.887473830121564,-186.72698917248175,-21.793478651092823
85.8621601850922,2.296326375375415,8.174928399903195,9.519156345681978,-186.72425273007931,-21.793478651092823
101.24033168091093,2.300445487971288,8.181375236418546,9.605550815916217,-186.72371616078414,-21.793478651092823
87.16823894931179,2.221532145298042,8.141166788504705,10.312231410276098,-186.72183213283586,-21.793478651092823
93.37373715858507,2.3207089795218963,8.196027818854532,9.336199388284427,-186.72083927077125,-21.793478651092823
79.76075917919212,2.2288656710174735,8.182930224557055,10.210860023279537,-186.7190139590367,-21.793478651092823
95.27490634824187,2.2826445024728343,8.268910293410471,9.027650880227128,-186.71795082432047,-21.793478651092823
85.28498758003718,2.2696434113198762,8.090104229535342,10.5116661631468,-186.7176780768479,-21.793478651092823
77.76149120828332,2.1522630120140036,8.283710983730032,9.661175785042786,-186.71646444459176,-21.793478651092823
91.28246423376844,2.266295441202004,8.116914971332932,10.025415152236121,-186.71638705971068,-21.793478651092823
84.34801929806366,2.2215730808740517,8.12919598235706,10.578578197463685,-186.7157295267806,-21.793478651092823
95.77944292727979,2.28468228467311,8.229644051552981,9.143340842573906,-186.71555708853526,-21.793478651092823
81.9260322561044,2.2691622740131407,8.200657575146096,9.774933602300138,-186.71444739520237,-21.793478651092823
89.09133171493376,2.3060722327306564,8.095109249171514,10.24377537615095,-186.71420873331084,-21.793478651092823
77.24256880360015,2.200116666934278,8.129746338259935,10.332050689574459,-186.71419361154625,-21.793478651092823
98.03308739220638,2.279914452224844,8.127429224352852,9.896429204821402,-186.71304470275578,-21.793478651092823
71.72158568379652,2.1073379773928878,8.18850677862639,9.906563764774717,-186.71251755523195,-21.793478651092823
93.73800135237548,2.25486990512141,8.24561867958414,9.899186388755027,-186.7122453804031,-21.793478651092823
93.9824553600925,2.2756496722092834,8.137822697759873,9.782168694279733,-186.71183981592318,-21.793478651092823
96.28048828195362,2.289882131608522,8.187299809539695,10.14352833398965,-186.7114821533953,-21.793478651092823
77.36053447836493,2.1536136176659397,8.135498594866135,10.33620663689797,-186.71035616809988,-21.793478651092823
82.8044594725558,2.1869967406905033,8.172271019432515,10.318525784256877,-186.7087186665097,-21.793478651092823
88.56307589751151,2.2655819361078358,8.284095293573671,9.58800309008393,-186.70789506557878,-21.793478651092823
77.86136585229737,2.2142564500260136,8.191956436945475,10.03020790213273,-186.70777614633224,-21.793478651092823
98.37796577698917,2.3017253660919152,8.163796183820665,10.096130402841823,-186.70687838654854,-21.793478651092823
82.91575669440356,2.1844609651000866,8.186490359015039,9.966395183973418,-186.7059790474605,-21.793478651092823
101.27275755327938,2.2933515569805536,8.175508239402461,9.552275808280484,-186.705946799276,-21.793478651092823
84.34225286219014,2.1948702871154637,8.237712378444996,10.016835553986681,-186.70273013668154,-21.793478651092823
82.19778257781329,2.218539514595875,8.209969023579845,9.377222708583645,-186.70204691150263,-21.793478651092823
81.40591463120455,2.2167354947843307,8.250104929797885,9.957955671355876,-186.7020376934149,-21.793478651092823
76.61021757799125,2.159411181817674,8.154830784861645,9.918611175299361,-186.70136758024077,-21.793478651092823
89.17020156602014,2.221083323220938,8.260154744242811,9.754636758147171,-186.70092978519412,-21.793478651092823
84.7890904854599,2.2747815375043388,8.209604142436973,9.297488658848096,-186.70053079935286,-21.793478651092823
82.77384049463019,2.1779927197621305,8.231935978099358,9.953830287453258,-186.69995165272323,-21.793478651092823
73.0946541564324,2.135706602116869,8.164090493573127,10.032438902482369,-186.69877271488295,-21.793478651092823
76.55619768844825,2.186459392930402,8.200628177725235,10.101724941073485,-186.69862165062315,-21.793478651092823
93.2652503709721,2.3095846280837407,8.264018029421067,9.271327126753306,-186.69808333593488,-21.793478651092823
78.49884444727417,2.207246382183783,8.206307777939855,10.120227442492364,-186.6974307268839,-21.793478651092823
80.5148036154099,2.254959362002353,8.186301100382764,9.71712688342339,-186.69714431273266,-21.793478651092823
94.27498203625554,2.3255241456545264,8.14384489434957,9.723964616583658,-186.69689920073054,-21.793478651092823
74.33393509479407,2.141773626922557,8.137332620651364,10.209771533899897,-186.69686778086256,-21.793478651092823
90.76712868341059,2.2476337645145605,8.243433022016262,9.244519614568645,-186.6954050724864,-21.793478651092823
76.59262904235067,2.132892438447797,8.192817781257986,9.894310346889853,-186.69524534088333,-21.793478651092823
78.4438541388412,2.224678005864007,8.208562232541766,9.820737713853731,-186.69482654945045,-21.793478651092823
80.51015359959924,2.204988073956187,8.297574990194562,9.413013420176384,-186.69426973240846,-21.793478651092823
82.13891079674616,2.203972977871601,8.306792149546624,9.306708308902245,-186.69388571608377,-21.793478651092823
87.77419830471145,2.310581907449574,8.124525189490896,9.961191154211662,-186.690821690313,-21.793478651092823
84.33454514776082,2.2577458083510606,8.223357888538118,9.225903031769406,-186.69069563538085,-21.793478651092823
88.20344311533835,2.287393357805499,8.181869914433605,10.243951628759845,-186.69065162832862,-21.793478651092823
76.17812972081408,2.162422038462239,8.12207828988835,10.359523541225514,-186.68936948245363,-21.793478651092823
93.02082490163336,2.2973165151374957,8.280458320829496,9.117580118345671,-186.6872883488745,-21.793478651092823
98.95684358674347,2.3055802594516592,8.12887746346442,10.064651087289207,-186.68724475786232,-21.793478651092823
76.21907097249422,2.1905766170317946,8.157148499949415,10.176109689714934,-186.68481263998837,-21.793478651092823
79.53574396212369,2.2361229519481896,8.13624330811976,10.228477867173098,-186.6846960274274,-21.793478651092823
77.18937131131509,2.1663603355436862,8.20388029415875,9.551672083299394,-186.68418674985753,-21.793478651092823
73.33949279646895,2.140099122161729,8.216454411934677,9.722798900455984,-186.68307883242363,-21.793478651092823
76.64481470604031,2.198032132455509,8.160586714603596,10.14743639508319,-186.6828797224369,-21.793478651092823
95.76120940437711,2.3060376422397866,8.244037856608173,9.568624140276029,-186.68046934118428,-21.793478651092823
94.9691713710809,2.3033966766778633,8.153742204047717,9.569719570642462,-186.68016108040706,-21.793478651092823
78.16206775009289,2.1915794377317184,8.249129990874252,9.874933224211674,-186.67922134714047,-21.793478651092823
100.40921493125359,2.2911997288327086,8.23413813070971,9.43694478833524,-186.67674732144164,-21.793478651092823
98.10862873465118,2.272502330179236,8.271677489997671,9.39658317957003,-186.67486202974715,-21.793478651092823
74.48321202766488,2.1091193979848697,8.244674652702315,9.698217124239704,-186.67480782302187,-21.793478651092823
97.31422551159483,2.2870286270910185,8.274153157616496,9.246213531328266,-186.67425260031294,-21.793478651092823
96.19368412231191,2.2385384043848546,8.221381517090776,9.72324423297556,-186.67400744562755,-21.793478651092823
90.72240623115141,2.2869713530095908,8.236714507598577,9.11096149491911,-186.67128278759162,-21.793478651092823
99.38648311948731,2.265424593186083,8.164239688386886,10.16472332039757,-186.67108134097822,-21.793478651092823
74.77414812799819,2.144746409081833,8.190846003935235,10.250469423541432,-186.67034908414018,-21.793478651092823
102.4544354993775,2.2466917392426353,8.197856739243406,9.700319252857184,-186.66977030494425,-21.793478651092823
95.18403032116083,2.304824972319622,8.143420245161224,10.28047361964687,-186.66968775723407,-21.793478651092823
94.28796235532532,2.2456092572613784,8.275865291674421,9.33184927850931,-186.66782581584346,-21.793478651092823
101.26391013643115,2.2585388620611297,8.187007154493585,9.964330875756445,-186.66737352751656,-21.793478651092823
96.69935688513245,2.268813394653037,8.142268516161664,10.329564145552723,-186.66616950096733,-21.793478651092823
81.38862089293576,2.1706814609760983,8.194408240897843,10.11242859000626,-186.66556761360675,-21.793478651092823
86.70146142019098,2.2424564498090263,8.208128794155414,10.258083115895317,-186.66322440629094,-21.793478651092823
77.87069221077681,2.181590314476921,8.274122681630189,9.644762051670085,-186.6631028335976,-21.793478651092823
85.00922837517656,2.2022511888751524,8.168816827588898,10.19841935398432,-186.66270560902376,-21.793478651092823
79.54082883904223,2.1803561707140346,8.125853195678985,10.33427924906536,-186.66242934272262,-21.793478651092823
86.35570208730162,2.242094586804228,8.110568675358337,10.209466525890264,-186.66171080970886,-21.793478651092823
86.25786441893754,2.242477067466197,8.201807994876845,9.40444301664786,-186.66090365238085,-21.793478651092823
83.67003433502398,2.205707671179354,8.185769416877235,10.372226212846954,-186.66041008785285,-21.793478651092823
79.88917248962665,2.2116511017503058,8.284113144207709,9.302328894865525,-186.6603270125485,-21.793478651092823
78.55837563447837,2.156662115161808,8.177581659358651,10.344282911932424,-186.65480052151432,-21.793478651092823
87.8241702626743,2.2330423770902,8.244985230269862,9.29508411749984,-186.6545839176874,-21.793478651092823
78.95340239046712,2.1762577909404968,8.162459651126312,10.466935018568535,-186.65356590050516,-21.793478651092823
87.80854732698475,2.2253042155018363,8.293663876264503,9.41647054651824,-186.6534415228102,-21.793478651092823
83.76697255585529,2.2619648737254465,8.105099256587579,10.126682658823313,-186.65244758552095,-21.793478651092823
93.50571638755511,2.3271224994908835,8.192313255694103,9.48395511038072,-186.6521832659847,-21.793478651092823
94.77301556800843,2.3104423565870036,8.254270486826414,9.316710211215906,-186.65209362225687,-21.793478651092823
88.6057168447637,2.2675402893054155,8.166710504547012,9.54985881154937,-186.65087289315912,-21.793478651092823
84.03712022466618,2.190840793130832,8.259446749782285,9.602333582063295,-186.65077541242798,-21.793478651092823
73.25611647408368,2.11366554683633,8.185144563878026,10.23704290856901,-186.65033745404762,-21.793478651092823
75.05442290355249,2.167318305900608,8.154532354920406,10.010969747041543,-186.6481056851734,-21.793478651092823
78.8782263099125,2.1684751275514316,8.264205931605375,9.355496845927036,-186.64806899524459,-21.793478651092823
82.0521516689673,2.18835317534581,8.29129412316135,9.515144156167196,-186.6476359548667,-21.793478651092823
80.2941620417453,2.1652112620842843,8.179798668054275,10.125133771600247,-186.64687752031963,-21.793478651092823
84.7280038278035,2.252531867210564,8.130810089859608,9.85696235448276,-186.6465854470513,-21.793478651092823
93.52141804875399,2.238476140208391,8.20679022429917,10.018781362892781,-186.64610032291392,-21.793478651092823
91.25603304016568,2.247606077511037,8.281826430456135,9.176491226070056,-186.64599764193193,-21.793478651092823
90.60008341467523,2.288858175104224,8.24486365431568,9.801577531924409,-186.64569634659046,-21.793478651092823
76.60623611454196,2.1508851377611364,8.161335037068454,9.964786383641638,-186.64507893078743,-21.793478651092823
93.23040810358363,2.321253320586351,8.18954221160243,9.885581330186426,-186.64470152486348,-21.793478651092823
90.95957593579578,2.3208761651643357,8.124793530238264,10.121141029203244,-186.6444808284985,-21.793478651092823
87.20342227541515,2.3076000808426045,8.143851775319547,10.106464863410167,-186.64424132400993,-21.793478651092823
82.91743963784742,2.27514632755792,8.146767894334403,10.123595039957735,-186.6439127379416,-21.793478651092823
91.09482624656285,2.322619434509434,8.209250365274443,9.4342933422312,-186.6414768639925,-21.793478651092823
89.69594434328597,2.2267630457996432,8.204333809813647,9.726633476675573,-186.64105258124536,-21.793478651092823
91.54191151040531,2.320788381092882,8.160559743118313,9.603819704405652,-186.64002772841522,-21.793478651092823
99.6381100207986,2.297296670328123,8.211632015624701,9.684184374556992,-186.63886556182507,-21.793478651092823
75.36555214856794,2.163912289057805,8.203214308293326,9.61624844645084,-186.63464893299005,-21.793478651092823
72.10002273925417,2.1097293250123528,8.205869317066174,9.9100704532147,-186.63414334750698,-21.793478651092823
85.46445977926534,2.203140100617105,8.254189784771853,9.837845137365207,-186.63346281190132,-21.793478651092823
97.23040029069547,2.2419865702525783,8.218107617407753,9.727177668527958,-186.63259443886315,-21.793478651092823
86.16923727757366,2.2251475679166504,8.300814529228774,9.273064971282906,-186.63065170003102,-21.793478651092823
92.67548161860636,2.32050354883134,8.130771963205603,9.84679978888505,-186.63055966269707,-21.793478651092823
77.51722888189401,2.1730212399375546,8.123382770683548,10.404867048890736,-186.63045386602855,-21.793478651092823
79.75833573941729,2.223821792811293,8.120371980346192,10.10211492046227,-186.63009242242256,-21.793478651092823
89.34672889785249,2.3099385866167523,8.128427153589797,9.852119145609464,-186.62951306364906,-21.793478651092823
76.14506738292528,2.128895515577298,8.19072989929856,10.20718954411575,-186.6282801838057,-21.793478651092823
84.57781487869158,2.2123527141332886,8.254288386705355,9.946080801543474,-186.62798008756297,-21.793478651092823
93.01908786281692,2.243692812453588,8.25072019592227,9.358336851570101,-186.6267154263388,-21.793478651092823
97.42626857580885,2.263418027984244,8.186987097542044,10.123287063605034,-186.62656193593043,-21.793478651092823
97.03209817055439,2.259061171838212,8.222453749997214,9.923139644671181,-186.62603843821555,-21.793478651092823
83.77572046923021,2.2574080318964747,8.106457507946942,10.123411212986525,-186.62579169650846,-21.793478651092823
95.74633585356767,2.2874557534478157,8.138295892319462,10.34695551394384,-186.62513381638178,-21.793478651092823
99.12323127533739,2.278957082673287,8.251498565176576,9.208951943199537,-186.62389709755558,-21.793478651092823
98.07112521505688,2.3149781063841317,8.159434774450546,9.698591050612464,-186.62377860645216,-21.793478651092823
87.58076135111045,2.2891200238979508,8.262840444935136,9.17682456970607,-186.62315292493693,-21.793478651092823
97.23521888060344,2.2591291102031335,8.155205080426384,10.205759500900285,-186.62281175584906,-21.793478651092823
83.93838444901752,2.2429942802387757,8.258191322143546,9.141027500349395,-186.6216859295844,-21.793478651092823
88.6794725957371,2.2220906167965353,8.179222530958555,10.088979843987488,-186.61794113596096,-21.793478651092823
86.00518630086827,2.233708000745054,8.192587663567764,10.335268506166898,-186.61739331949505,-21.793478651092823
72.80275634840801,2.1230508251000515,8.179047653345407,10.083179901320648,-186.61729526880268,-21.793478651092823
82.00832230453028,2.2026373612110888,8.133096930436636,10.147055028366196,-186.61414269389206,-21.793478651092823
90.83281128775259,2.2333819646267727,8.205856382884548,9.681147479223284,-186.61235185609297,-21.793478651092823
87.6591221936145,2.2594707524760906,8.103397937212605,10.526817323277584,-186.6122844039803,-21.793478651092823
96.9534789643271,2.285049272331051,8.23962257794335,9.722177027080079,-186.61184374674974,-21.793478651092823
79.1461033232935,2.1757839532365892,8.158980075455219,9.948367462261302,-186.60758807830234,-21.793478651092823
75.55858413962497,2.1546248425327974,8.237642460454737,9.919259813210601,-186.60567253287172,-21.793478651092823
89.4515512216197,2.319987335129312,8.15077589922845,9.819211603239353,-186.60414297036866,-21.793478651092823
78.33285040757438,2.16155086217357,8.269572828565032,9.764542690609375,-186.60325123660033,-21.793478651092823
78.24581030005517,2.1586798180692597,8.213558100832131,10.195379770397551,-186.5996110977346,-21.793478651092823
89.31198353253407,2.244223582342599,8.2983613133554,9.324640649637047,-186.5992540410803,-21.793478651092823
101.3238057235677,2.2535840600101125,8.225694324474006,9.554866654524261,-186.59796530764297,-21.793478651092823
97.59767294763637,2.2739638205580803,8.176276054345266,10.1546586270249,-186.59752757829776,-21.793478651092823
79.49073496182513,2.1853203812652424,8.171489712641176,9.778321264045786,-186.5974667065256,-21.793478651092823
98.66971347226698,2.2485630427264027,8.229533712022885,9.520412603430373,-186.59708739649867,-21.793478651092823
99.31081442620501,2.30796808257395,8.167585021673688,9.75976679669671,-186.59679082867603,-21.793478651092823
91.41704491542407,2.3026285718491266,8.114675223430368,10.37864131623789,-186.5964772804013,-21.793478651092823
96.06961379809313,2.242397417338097,8.227505749010476,9.731356000722627,-186.5957114582497,-21.793478651092823
83.81291290656533,2.2624211928996942,8.262557032858439,9.507635686457292,-186.59562919654832,-21.793478651092823
77.9647724741736,2.2033641324070885,8.24776372418259,9.481541136879173,-186.59528939747966,-21.793478651092823
89.97650331409318,2.2272960055174735,8.211641101727395,9.725266915454569,-186.5939189630994,-21.793478651092823
74.33502678929786,2.1282967519688754,8.16180907907227,10.277498006983905,-186.593704526006,-21.793478651092823
91.59129322243594,2.3047686630602726,8.20798021362802,9.278093396632357,-186.592423074134,-21.793478651092823
84.2005915433851,2.2823492894184767,8.126109241668047,10.092953576107874,-186.592367589273,-21.793478651092823
87.99066188605727,2.2877923204641064,8.267094282763509,9.443730045220718,-186.5910767728534,-21.793478651092823
95.31085182812706,2.3139543568830447,8.180456528329842,9.968015225533264,-186.58924381934065,-21.793478651092823
89.26749281984624,2.24473109872163,8.225531427166572,10.090500151044466,-186.58734336077734,-21.793478651092823
82.16621218311427,2.184970192850784,8.170332128913998,10.155561670873254,-186.58673449069246,-21.793478651092823
91.06829496827737,2.311537370630731,8.187164595071891,9.996921800699567,-186.58464471195026,-21.793478651092823
96.72665031483214,2.2595831640503263,8.169912059501144,10.17677115051319,-186.58423568328598,-21.793478651092823
98.3586608956994,2.288513196732538,8.12642212345699,9.998549997558484,-186.58254493631253,-21.793478651092823
98.83088879699643,2.2946683771867384,8.240045930846009,9.385740933021026,-186.58125584958714,-21.793478651092823
97.43928482363985,2.3045326550714123,8.237943990513173,9.342346230499714,-186.57992541143363,-21.793478651092823
83.86727153328906,2.1989462477721418,8.18218696469944,10.266944054129226,-186.57949883325352,-21.793478651092823
83.70098779421892,2.1965924437606077,8.246696084989878,9.935012936373056,-186.57943150287625,-21.793478651092823
75.20519300828022,2.1585581162117933,8.242010986905257,9.713364253961117,-186.57870287033512,-21.793478651092823
98.98554610291406,2.3054117765609874,8.181049276091414,9.813433575923739,-186.57775229605653,-21.793478651092823
89.6411349650026,2.2304277135227437,8.172364245611618,10.169241508074919,-186.57718581869884,-21.793478651092823
81.83831244298526,2.2527812844237474,8.242625064655101,9.414256551172286,-186.57632442955517,-21.793478651092823
86.05967600330149,2.258212816630561,8.096882482321064,10.427711800753713,-186.57487039109031,-21.793478651092823
93.70222873021254,2.2679577531385178,8.132404231690543,9.984355703683207,-186.57179623668236,-21.793478651092823
95.69941795524086,2.2691561988030315,8.274303152006212,9.185654132805752,-186.57169904657576,-21.793478651092823
74.86222208691656,2.164817840939733,8.182139189792082,9.993784925321961,-186.56970349700902,-21.793478651092823
100.93962014738241,2.2880231646975346,8.1749369733744,9.64605657486507,-186.56941822704636,-21.793478651092823
77.73132742142211,2.197913943189249,8.230949144531053,9.459170713579368,-186.56928630048142,-21.793478651092823
82.31642115865388,2.2675148891178623,8.168660036260945,9.74560178564397,-186.5684305959221,-21.793478651092823
78.54486912537999,2.159577643562244,8.176240755388363,10.307402508040411,-186.5680750303255,-21.793478651092823
84.10211333391747,2.2518609460160235,8.28392641794727,9.3141052075284,-186.5643934265758,-21.793478651092823
83.01285878814873,2.262327376323782,8.182881130991376,10.126020600088083,-186.56085981376475,-21.793478651092823
100.04848708236734,2.25689505237645,8.238095070150791,9.49859453484828,-186.5593072301733,-21.793478651092823
87.75118821013152,2.2261273252423592,8.245680682282199,9.414193755184812,-186.5583515313423,-21.793478651092823
82.32519137324795,2.2181484552271087,8.282575056159914,9.205050460570675,-186.55566232459796,-21.793478651092823
97.62222530132568,2.2549607674608723,8.218798718731364,9.86302322846629,-186.55502938700238,-21.793478651092823
91.67933759817988,2.3161604654912793,8.191304015227416,9.8933421989326,-186.55444330157104,-21.793478651092823
91.95257453354415,2.2821346882607685,8.152047629592829,9.668679980007028,-186.5540131606976,-21.793478651092823
97.04576833340654,2.2693393015884027,8.182311508135399,9.564966426194218,-186.5505533612591,-21.793478651092823
95.36109832400113,2.315413539604279,8.223372422536016,9.52017857785873,-186.54995480993531,-21.793478651092823
83.07127180617469,2.2734346540444363,8.184216955879549,9.634192473951401,-186.54922906719088,-21.793478651092823
77.15419144510183,2.1727298336727756,8.131897857966607,10.31107624930496,-186.54909046853155,-21.793478651092823
85.5465541355231,2.2766794663047563,8.248816734800243,9.629943750020288,-186.54904436249294,-21.793478651092823
83.53946922385207,2.2063675386158224,8.182213219549993,9.775482620059876,-186.54889034177148,-21.793478651092823
84.2563686802942,2.2566312505899333,8.135721303746976,9.846906839272151,-186.54740369844643,-21.793478651092823
90.24842488229477,2.2694738444369307,8.207308941938493,10.150437245806984,-186.54644556455824,-21.793478651092823
81.35276919713127,2.2066534992719227,8.199226093841276,10.27980938600146,-186.54545093887944,-21.793478651092823
89.57934550428216,2.2387600096287485,8.209224265116632,9.54861267926529,-186.5439135696219,-21.793478651092823
96.04810536200502,2.2460437630238346,8.22441241858047,9.783785521994389,-186.54363840579882,-21.793478651092823
87.5184499709318,2.2875481042820525,8.240417700966077,9.71796894056638,-186.5433490448106,-21.793478651092823
85.71764949625558,2.259415135155436,8.21180572721434,10.120163718646097,-186.54118528458432,-21.793478651092823
79.26972003993822,2.171926215063735,8.263026564465804,9.421437458348151,-186.54102996253042,-21.793478651092823
82.95877629807599,2.270768121827061,8.201495440562468,9.551988187737237,-186.53974498380197,-21.793478651092823
88.23130412305599,2.2481015010225036,8.296770288446197,9.338923634162683,-186.53959595787057,-21.793478651092823
82.925927945221,2.2515079754932827,8.148288614865464,9.768739210211407,-186.53940715733168,-21.793478651092823
75.12838686561588,2.148640334284181,8.182711965027352,10.219155009353443,-186.53735127798566,-21.793478651092823
76.29928043645486,2.1519732734532795,8.188103200960882,9.782076359153763,-186.53713350397828,-21.793478651092823
89.10143020650611,2.257475370593781,8.232197939812636,9.257000912088358,-186.53601207193805,-21.793478651092823
88.27839942552694,2.2226826874755545,8.185076821719406,10.101462319283371,-186.53535272610372,-21.793478651092823
93.58424387705037,2.2628659400864706,8.268598752445541,9.190397478340117,-186.533068038836,-21.793478651092823
92.80180185376314,2.3026105737741602,8.108995161033164,10.283517932951554,-186.53292076482978,-21.793478651092823
77.50150822564244,2.1455636326347474,8.189643214192671,10.16738260517451,-186.53108981940625,-21.793478651092823
85.43802130509914,2.2841753752348524,8.117187286981647,10.118725071018105,-186.5304179813387,-21.793478651092823
96.46086152380377,2.2579510332880233,8.223022505070531,9.426534720308524,-186.52944690210956,-21.793478651092823
82.86417371683943,2.2518946229693455,8.257430170993274,9.56904726358917,-186.52766156131779,-21.793478651092823
95.26832250580424,2.299934065120084,8.223670399850391,9.245274841858446,-186.52645473666308,-21.793478651092823
86.97358049635899,2.2425138804184996,8.131764324987415,10.46975594336348,-186.52518900043398,-21.793478651092823
77.25015087172271,2.16169815371714,8.256713666292171,9.446585902851979,-186.52428265649638,-21.793478651092823
94.55363585764036,2.258133607668455,8.176034060896257,10.193046819861763,-186.52247576026267,-21.793478651092823
95.35757893562196,2.250019000716037,8.205256162388508,9.976878297825095,-186.52198689848188,-21.793478651092823
84.89689512030145,2.230227585447153,8.159222681288611,9.806498502576801,-186.52093482243578,-21.793478651092823
98.2633880677648,2.3078931982325486,8.164930227366824,9.707716561493783,-186.517958055185,-21.793478651092823
86.85747019529907,2.227122483332991,8.248856682968182,9.362419704202182,-186.51727824723352,-21.793478651092823
98.04610788338714,2.2954250862252508,8.216533861736622,9.71723609185048,-186.5172483230627,-21.793478651092823
99.17461797060224,2.280865543312217,8.203937000589889,9.415467153879007,-186.51636452274627,-21.793478651092823
75.94818521280725,2.1626940110025004,8.232603314640755,9.540749793856747,-186.51627147860935,-21.793478651092823
91.03946048046237,2.2613072664150735,8.225633121419662,9.306474413500212,-186.51426182144235,-21.793478651092823
94.02108624040254,2.2627823303458,8.198804932304967,10.119341466371452,-186.5138688687988,-21.793478651092823
92.18208160517815,2.29219474410948,8.264633006630476,9.478225000087491,-186.51321351781445,-21.793478651092823
80.63801222587949,2.209388846130537,8.125416057961218,10.154190856445382,-186.51219179705734,-21.793478651092823
96.47203250233115,2.3043742923136534,8.152684342398231,9.693340196533086,-186.5097397026723,-21.793478651092823
98.8074882121292,2.268055879072861,8.247652532395591,9.495920903289857,-186.50911848866778,-21.793478651092823
92.63754043173795,2.320802581216654,8.197251979034291,9.508914958177087,-186.50788592686726,-21.793478651092823
97.2811294940009,2.283443459840683,8.147999096582339,10.199348857664347,-186.50784802657688,-21.793478651092823
88.22674462109693,2.293099955733311,8.253682547092353,9.465643767529087,-186.50685066363144,-21.793478651092823
89.90992600568774,2.299218557213564,8.178071437058094,9.481077109912889,-186.50455634964024,-21.793478651092823
88.22209074980978,2.255341722158917,8.20648335248896,9.400418413927213,-186.50307624653135,-21.793478651092823
93.70852979630392,2.3108840397962354,8.130107807779268,9.892219921161626,-186.5025631334176,-21.793478651092823
96.78495468684736,2.281671307942389,8.193694902726492,9.441124717475674,-186.49888378843826,-21.793478651092823
90.85474172890495,2.3101975781647184,8.195888018183325,9.901832729031554,-186.49881037128762,-21.793478651092823
83.59444439742846,2.2753982497065266,8.210662150211704,9.56334958968148,-186.4964405657278,-21.793478651092823
100.12532268457612,2.2701235563187936,8.190960023246078,9.879572100146902,-186.49479021555382,-21.793478651092823
97.89586920817165,2.2946417570541797,8.206267334670798,9.805535439884409,-186.49459603857392,-21.793478651092823
77.00276525340558,2.144816909332434,8.245629706715363,9.853512863779883,-186.49401545297945,-21.793478651092823
87.11452560928134,2.286892827873416,8.242379080140608,9.263572586543347,-186.4922666321602,-21.793478651092823
98.50837019068706,2.3047701127959215,8.174578180275518,9.653123279824428,-186.49108072764116,-21.793478651092823
95.68072961754758,2.2942736089462556,8.238968297124359,9.639392717950784,-186.48794571044058,-21.793478651092823
96.03646299013664,2.268019993792251,8.175378087266466,10.155937903377321,-186.48778251244195,-21.793478651092823
86.15420204368147,2.277124373141561,8.214394456828302,9.329126812022594,-186.4870927260721,-21.793478651092823
97.69945556572519,2.2907815316433755,8.22063647278037,9.729820392657075,-186.48655767425225,-21.793478651092823
87.68892387567146,2.2903590633990945,8.253104821398125,9.311298589252658,-186.48539422700324,-21.793478651092823
87.91205722268288,2.2990713822967734,8.121996592397693,10.049051776035498,-186.48525583826074,-21.793478651092823
86.35973028373989,2.2567339658135808,8.116069488695388,10.474411839148303,-186.48250422865718,-21.793478651092823
83.74158526969494,2.254203276351575,8.109257939749966,10.343942890149549,-186.4817321347658,-21.793478651092823
83.47633649713715,2.2655460889945402,8.137908975464455,9.91056912422792,-186.48090074579557,-21.793478651092823
82.96604562407578,2.2218063505440995,8.207543559622053,10.205433438491099,-186.48052009164698,-21.793478651092823
91.13262912064488,2.288772440121633,8.243488703944337,9.737672614081191,-186.47908718058332,-21.793478651092823
86.90509141899162,2.2158274721502806,8.218139767944592,9.730281400210657,-186.4788788597315,-21.793478651092823
86.53576514609078,2.255613880336327,8.250829836058955,9.192544940715464,-186.4768766268451,-21.793478651092823
97.05521110411219,2.305008599529188,8.138949259346674,9.928231824170155,-186.47522066082183,-21.793478651092823
88.0830917137973,2.3035906809643762,8.222065997930287,9.490794248779878,-186.47441254149516,-21.793478651092823
90.66478077201687,2.3130656840270802,8.181178357895135,9.93403777973407,-186.47333016990424,-21.793478651092823
89.11915085207812,2.307755378478177,8.139548426121678,10.127944893837281,-186.47273531507835,-21.793478651092823
88.54254914126503,2.287752638333771,8.259817332507737,9.483023247129921,-186.47132973066246,-21.793478651092823
83.016881975681,2.250261817358563,8.23376123422247,9.841091677865194,-186.4709337923628,-21.793478651092823
75.18715411555297,2.142581859841229,8.171736797948512,10.023349108720453,-186.47071461113083,-21.793478651092823
86.43963466454395,2.270163537834364,8.1164622165374,10.059913360618651,-186.46908320887164,-21.793478651092823
92.67163667122547,2.318443690083427,8.153096181068378,9.767208530659957,-186.4674957534271,-21.793478651092823
98.53796518145279,2.2969618262447824,8.150926884399354,9.963315884873737,-186.4672696094036,-21.793478651092823
83.30627566222164,2.2352167499818165,8.128322834733297,10.042272235824981,-186.46548440888043,-21.793478651092823
93.00381073423438,2.3033197628340645,8.127580041713031,9.915640887591849,-186.4629435331559,-21.793478651092823
92.04410090289399,2.281628835264229,8.124300422114743,9.992211192200614,-186.4611900277181,-21.793478651092823
82.07440726314853,2.2172552402493864,8.268124365971204,9.696387763698766,-186.46033192023563,-21.793478651092823
79.86915364947208,2.1961448922017013,8.2093034315117,10.166671154664698,-186.45998311102713,-21.793478651092823
94.32685750528682,2.287075473049839,8.26382121327029,9.43899470482529,-186.45956819358176,-21.793478651092823
88.1095949209077,2.2404481139677017,8.270011798038581,9.676876086221597,-186.45719814855678,-21.793478651092823
80.68323918775988,2.1884618303462844,8.278058394473817,9.516494784189888,-186.45638877858485,-21.793478651092823
89.76185341999566,2.236454295945876,8.251092649160483,9.774531165826062,-186.4561137051391,-21.793478651092823
84.85184348982389,2.2209370870070444,8.270624865051985,9.309730434889929,-186.4554658394036,-21.793478651092823
81.90740279568477,2.257790799296231,8.208350677591682,9.708225623241702,-186.4541293134932,-21.793478651092823
90.82066238816758,2.252894012368614,8.228378091200398,9.380875095686093,-186.45070126476944,-21.793478651092823
100.50049385960466,2.2791452920350395,8.188756357205364,9.66800643746015,-186.45031778256765,-21.793478651092823
82.59530159631011,2.238103674318566,8.248165795706285,9.778900689525898,-186.44784860311796,-21.793478651092823
78.32138333740286,2.1778405897196507,8.152463631720394,10.054016997724148,-186.44702976136983,-21.793478651092823
77.00537804456877,2.1776473121058046,8.23830715040691,9.78481683486666,-186.44680961967705,-21.793478651092823
78.77581679308372,2.1930384010115347,8.21255925665713,9.531702660836714,-186.4462234037615,-21.793478651092823
92.40674193591786,2.2864173953087175,8.227830528559622,9.243633020164424,-186.4453968285571,-21.793478651092823
82.81717092612736,2.2337252766796496,8.137320843684506,9.957781801338996,-186.44304175243764,-21.793478651092823
94.40753776291886,2.3052259487926676,8.237413493926482,9.32039325681555,-186.4423865453715,-21.793478651092823
96.25154591026651,2.290336096897093,8.144889327979342,9.815869927709912,-186.4422533125646,-21.793478651092823
76.84287022347522,2.1489147407850027,8.235647456255094,9.917460155874323,-186.44197960386467,-21.793478651092823
82.77843083484404,2.2396977556508233,8.16977949709434,9.663895822753773,-186.4408777636514,-21.793478651092823
88.18254169505151,2.2834373408494884,8.17526136802698,10.209588513108116,-186.4405779690177,-21.793478651092823
83.62390025823436,2.22983833095833,8.247514090920703,9.892619439234267,-186.44053642145508,-21.793478651092823
81.16770613098657,2.1763687676125585,8.213554016897149,9.920326217251954,-186.44011231861492,-21.793478651092823
81.17817663141912,2.224980038865624,8.144991458374363,9.913958737886162,-186.43732136158798,-21.793478651092823
88.10012319450507,2.249210852751787,8.222697233489782,10.063828945377423,-186.43652733682916,-21.793478651092823
83.08868560211296,2.1941786072377454,8.189268301324887,10.019807948652243,-186.43565935606983,-21.793478651092823
75.59571175154134,2.146832808876468,8.218729404004904,9.98492922733368,-186.4337245012312,-21.793478651092823
84.61700014465595,2.246937508640798,8.236994398028116,9.280189267523099,-186.43280953522964,-21.793478651092823
82.34453263866727,2.2329508160222105,8.242213195184888,9.851586119754927,-186.43110163336087,-21.793478651092823
83.71599121663873,2.2557934753558584,8.193035070782884,10.12521960188505,-186.42820511780985,-21.793478651092823
96.72870206041085,2.3009070247944265,8.21064097676529,9.726506195225141,-186.4258792070068,-21.793478651092823
82.63587302688869,2.250273071941237,8.188371774170122,9.556019895887857,-186.42564608655826,-21.793478651092823
77.11751949027965,2.1453655353031564,8.207106571491664,9.926163527475808,-186.42508952399297,-21.793478651092823
92.91219788228454,2.24955035465004,8.240966164569784,9.454063652714837,-186.4248630220322,-21.793478651092823
76.75914796859546,2.1639246036383355,8.21846217868898,10.019494344354172,-186.42480322118786,-21.793478651092823
98.45387948397263,2.27050198995461,8.238991100113196,9.451393402004783,-186.4232394723852,-21.793478651092823
98.12454592414487,2.302404569126878,8.167123687678384,9.769164548893968,-186.42311520175815,-21.793478651092823
88.31162633301604,2.2399927623225437,8.199266465484413,10.180420127072068,-186.42230250491326,-21.793478651092823
97.90125710933127,2.291561174711461,8.218065751491395,9.392874870760409,-186.4222532061448,-21.793478651092823
84.72907867109521,2.2417498092138572,8.277852333514147,9.521989007524837,-186.42183050064168,-21.793478651092823
89.76861896545586,2.2737977019992144,8.27520651034311,9.447438855854898,-186.4211436132189,-21.793478651092823
80.96630861944426,2.1906839940872658,8.185014774739159,10.27179085111797,-186.42095150407968,-21.793478651092823
93.55198896575916,2.264010552671806,8.213605563426881,9.436125007165487,-186.42086069622513,-21.793478651092823
91.97588879632787,2.2545330680454896,8.260887795545813,9.6467580719723,-186.42002283556485,-21.793478651092823
94.54325854967324,2.285598270722957,8.166985637390553,10.183908190787292,-186.41266455722152,-21.793478651092823
84.08189195348416,2.233779792098616,8.272879172561943,9.608537946441942,-186.41154412437385,-21.793478651092823
91.3101212355449,2.3106713553872424,8.200543371278513,9.80355700087648,-186.41089506542247,-21.793478651092823
82.61405459324318,2.2449084171667266,8.256672170185908,9.534244535989814,-186.41030541246482,-21.793478651092823
87.57603501791102,2.2995046825148364,8.208537105347006,9.715527547537391,-186.41024105748266,-21.793478651092823
79.26671207397477,2.18981892570028,8.227897589963305,9.491577152147613,-186.409264604307,-21.793478651092823
79.91789061512245,2.1775837074660416,8.207265448601476,10.140323302780644,-186.40874176110438,-21.793478651092823
78.7270878616717,2.1800931164354296,8.169492960435264,10.304951052830091,-186.40808879785584,-21.793478651092823
78.61119484707348,2.194132670877991,8.155049416080601,10.306674830355377,-186.40649869041502,-21.793478651092823
86.41477286775158,2.2756611718733097,8.171206715191772,9.596346984212147,-186.40587598723639,-21.793478651092823
78.2566650937879,2.1599945929263527,8.246994165133202,9.660536176613817,-186.4055182821144,-21.793478651092823
96.84195125907361,2.288673803927537,8.244508269960647,9.375573682750172,-186.40438308085763,-21.793478651092823
83.01671293761409,2.195641872656111,8.214550376844755,10.048304455861114,-186.40360245672778,-21.793478651092823
90.84358671945874,2.259928831063931,8.163945842930445,10.296075335095992,-186.40269584220286,-21.793478651092823
96.43619026660313,2.289245480865077,8.134632739873382,10.081413468990974,-186.40241427940776,-21.793478651092823
87.23048571682547,2.2315722928748727,8.276846988127431,9.460643874687747,-186.40159109463596,-21.793478651092823
91.44552072536293,2.291230133415368,8.115615316570114,10.254473917869717,-186.39707078875094,-21.793478651092823
84.00915314421117,2.2659802864725833,8.211410217672778,9.892268375556995,-186.39617424961162,-21.793478651092823
82.19875987522616,2.2437168912739054,8.176841392142052,9.64992920588034,-186.39540788565293,-21.793478651092823
84.07028351028627,2.2105803148236447,8.172802210740258,9.956645517743254,-186.39338885378024,-21.793478651092823
90.03364431994613,2.256479342244006,8.134566273631151,10.281905790651024,-186.39145358493144,-21.793478651092823
82.24877460482679,2.2285057400573436,8.199665910240242,10.167121655616,-186.3901397220864,-21.793478651092823
80.65625914766471,2.2317702174621417,8.15702116398296,9.864013704395404,-186.38933667801066,-21.793478651092823
81.36511570525151,2.231104963050413,8.256057091442244,9.481030388901416,-186.3876231397594,-21.793478651092823
80.14058765760119,2.211925653625187,8.253598168185533,9.664130317556442,-186.3862380933204,-21.793478651092823
97.77012914936039,2.2989437955360046,8.167355234451833,9.890473558202672,-186.38429932616654,-21.793478651092823
78.82903424391142,2.2032955795553306,8.144253090997893,10.104677360197655,-186.38319910242504,-21.793478651092823
79.7671880040173,2.2276550242582402,8.212012728140792,9.670629460852695,-186.38172378492226,-21.793478651092823
77.33049733528567,2.1811327595231518,8.235470500587809,9.598939654971389,-186.38054885340642,-21.793478651092823
87.21513537155472,2.2905638372716624,8.23305064460331,9.429802956276347,-186.37974652170112,-21.793478651092823
84.04232434800906,2.274033486008335,8.15177652420428,9.906076555322102,-186.3791889359367,-21.793478651092823
82.55394737676285,2.2355712168365613,8.267148831306002,9.42235773130676,-186.37822962036458,-21.793478651092823
86.99978503146181,2.227587074455016,8.265233072050592,9.451760631392062,-186.37777246619785,-21.793478651092823
76.94895254606749,2.184024222208123,8.216128995196783,9.757261910455952,-186.3765011727841,-21.793478651092823
94.51490733766539,2.2840272968095263,8.256965857472323,9.28325511926883,-186.375488505806,-21.793478651092823
82.55620330593386,2.20672853759676,8.153503690711432,10.099816901361692,-186.37518209182716,-21.793478651092823
85.33938971631753,2.258872735400587,8.205747829499046,10.08139670059856,-186.37480417094523,-21.793478651092823
87.37676416480032,2.2567926725827476,8.178177504973576,9.61161287055856,-186.37430353392287,-21.793478651092823
88.01089350855523,2.3014866172032384,8.193067742728317,9.822190748550838,-186.37419625514994,-21.793478651092823
79.5606391697344,2.203217571357115,8.23542363670478,9.456507764170908,-186.37334722498866,-21.793478651092823
89.61954299812486,2.2718665855170883,8.270367961473767,9.49103535996386,-186.37109023460027,-21.793478651092823
79.46733788974596,2.2174832603778896,8.222621520935803,9.794676627767274,-186.36879328559064,-21.793478651092823
94.40075751673663,2.3067910451569418,8.15382874855058,9.761318739628592,-186.36690583461592,-21.793478651092823
96.92241364184622,2.301029454423741,8.170952805325129,9.677467415082532,-186.36589928263191,-21.793478651092823
89.99786180377373,2.2656000430498153,8.130355550524172,10.084618016154593,-186.36265831927372,-21.793478651092823
93.92107860585993,2.282348607204028,8.207896771672125,9.964509781721773,-186.36208783828286,-21.793478651092823
81.07308883755219,2.203439144452986,8.19158734505595,10.230894383557882,-186.36033564816705,-21.793478651092823
76.65653861384759,2.154581008749375,8.237373336073773,9.745948497664045,-186.35906469629592,-21.793478651092823
84.97101340707866,2.26607504974659,8.121441734821843,10.18641044956749,-186.35708019455302,-21.793478651092823
82.8201203753859,2.2498419854635756,8.236842311670358,9.414352124809028,-186.35503282060446,-21.793478651092823
93.04284293582172,2.307236978155501,8.206453188831745,9.770886928855703,-186.35457045991916,-21.793478651092823
87.14172169091498,2.2715151699553218,8.139032021317433,10.35101799106178,-186.35403206896368,-21.793478651092823
78.62448744358588,2.2071556554179494,8.199342083170876,9.967369999590744,-186.35352667798335,-21.793478651092823
92.6436308409444,2.3105687347064787,8.214793434765198,9.596423758350994,-186.35292575570918,-21.793478651092823
96.2557073878353,2.2788925364818198,8.16927961971055,9.71345569090775,-186.3526507529147,-21.793478651092823
83.04428919596026,2.1974895762074595,8.199601825036808,10.061234325808925,-186.3479076073678,-21.793478651092823
98.85191596783461,2.2855863673846244,8.182211662022723,9.75977674676085,-186.3465555553158,-21.793478651092823
91.7509739507918,2.2633884279821785,8.151644566677646,10.25661854113838,-186.34486913464679,-21.793478651092823
97.60053207248035,2.279498520051618,8.15903220565022,9.96552594616162,-186.34231586473058,-21.793478651092823
81.01296533377524,2.1954997734209343,8.189210577393226,10.220843853124705,-186.34176819713133,-21.793478651092823
91.13779797650817,2.2516059207774646,8.253998361023093,9.676278537645885,-186.34125631852237,-21.793478651092823
96.75704810990324,2.288657067117441,8.147840219514222,10.007121776830218,-186.3390726579566,-21.793478651092823
89.89664224947688,2.241823101239021,8.250910259560982,9.477083803183405,-186.33886303313977,-21.793478651092823
91.52629969213221,2.28880655603308,8.25191744125729,9.54040823233916,-186.33847525458134,-21.793478651092823
95.78184479962542,2.2767585649179836,8.243284029960762,9.355690024635607,-186.33839836632205,-21.793478651092823
84.39972929500925,2.2408944772854795,8.124642597222987,10.266832534591401,-186.3379319766007,-21.793478651092823
92.5338858126472,2.2988053290138453,8.16966547701827,10.097049307335027,-186.33647362588792,-21.793478651092823
88.82765143379697,2.288212702469579,8.175140341224306,9.580398917242519,-186.3348764911522,-21.793478651092823
78.16594867034424,2.1829322763718295,8.191535005011758,9.75780246446601,-186.33412060665663,-21.793478651092823
84.64232438737407,2.2320873906987515,8.153134663592198,10.351918627894122,-186.3300246532686,-21.793478651092823
81.05351010952698,2.182475868040399,8.204343427927625,9.932744200488457,-186.32934915456786,-21.793478651092823
87.23046793344658,2.2609012589674933,8.221385915164234,9.990169528780683,-186.32865823305872,-21.793478651092823
83.88143701117384,2.268270589063448,8.208076788658246,9.560136066104576,-186.32688983940764,-21.793478651092823
89.77387577235775,2.2941181360390317,8.185095633247414,10.040177745964314,-186.3220690348125,-21.793478651092823
80.20331248480755,2.232805019546774,8.182579020251154,9.868654094111406,-186.3217879349797,-21.793478651092823
88.56572078342579,2.2441415911188756,8.226647373904996,9.966567899922495,-186.32054823526647,-21.793478651092823
89.30148138515933,2.2547762155969764,8.198610734573492,9.558192017053386,-186.31936497738408,-21.793478651092823
87.38171449420867,2.265260774554207,8.244007181681013,9.772875441219213,-186.31528432645476,-21.793478651092823
96.52808264160869,2.2678696400007397,8.221358129194442,9.512575829766263,-186.315111864162,-21.793478651092823
91.00994616311952,2.270928219167672,8.202506678184875,9.465641961104666,-186.31418622783383,-21.793478651092823
98.13905107166346,2.2724213727895375,8.20631590659201,9.719989084961412,-186.3139919450579,-21.793478651092823
80.64043034756509,2.199281540384078,8.163598479062983,10.282952192398113,-186.31371378041243,-21.793478651092823
77.8785229590252,2.1629214487435036,8.189585643931963,10.04336213079776,-186.313258559891,-21.793478651092823
83.52956727267639,2.2497007881023734,8.16768227263475,9.725614680428862,-186.31068177470434,-21.793478651092823
95.92705926094506,2.3045586271626775,8.165861450995806,9.866027896278467,-186.3086268697175,-21.793478651092823
80.60979977518805,2.218322261625133,8.220517621578892,9.932696813712624,-186.30780768222266,-21.793478651092823
87.70534634644255,2.2356810399095366,8.246585596107792,9.457802340496272,-186.30716822133627,-21.793478651092823
90.94175825217944,2.3031741530741243,8.150063827537991,9.817432695686705,-186.3069830321271,-21.793478651092823
85.13734125738135,2.246100659653081,8.131417219249272,10.334865660007864,-186.3039831660827,-21.793478651092823
86.38570677258039,2.249909122251225,8.162671468285566,10.315609376652873,-186.303813677257,-21.793478651092823
88.91832861610746,2.298152318866144,8.22379025553198,9.547497168068674,-186.30201243493084,-21.793478651092823
93.38182100949979,2.2910343578639356,8.22925733256227,9.335316636292589,-186.29959529851402,-21.793478651092823
89.69500210159664,2.2923000664493145,8.243787113230297,9.450478219191666,-186.29402860659815,-21.793478651092823
84.74049655786911,2.2577763905109123,8.245810023783577,9.663219110514518,-186.2936603354309,-21.793478651092823
78.36085021383342,2.1837152129151036,8.24218577397582,9.638652707061055,-186.29316065222673,-21.793478651092823
87.0431893152666,2.252109571551003,8.171016938058273,9.728016735153773,-186.29097234933386,-21.793478651092823
97.18540814473917,2.2873375332223844,8.21625961070967,9.606490933099167,-186.28289240344446,-21.793478651092823
84.28794055803758,2.255586725716043,8.232528385751323,9.397788119151414,-186.28015738568888,-21.793478651092823
90.79920508448947,2.29679479621862,8.221613629903686,9.72153275583517,-186.2795974072594,-21.793478651092823
88.55739315905416,2.299966491136601,8.193939111026538,9.61076085203851,-186.27928956892396,-21.793478651092823
80.90276471499891,2.192835711483667,8.25388668695686,9.649431471650018,-186.2775323691772,-21.793478651092823
89.27370566629891,2.254955238222365,8.209056379662371,9.51501595532585,-186.27740714853365,-21.793478651092823
87.91498355023717,2.2905409252169733,8.137466007050563,10.097534899851269,-186.27588750153132,-21.793478651092823
97.66366865953982,2.288393683085147,8.190111351838055,9.69373943590179,-186.27551380719652,-21.793478651092823
86.63956279858891,2.274042982455043,8.18821922979572,10.07735645467838,-186.2713372564197,-21.793478651092823
91.61277605601765,2.25088896419129,8.19109861781169,10.013000769015235,-186.27037187726785,-21.793478651092823
92.00339254692835,2.2520456576414887,8.236451441686967,9.548706589183752,-186.27006868417078,-21.793478651092823
94.70683866143217,2.281940828567784,8.155060549442851,9.874436881385577,-186.26619845676174,-21.793478651092823
92.78400964685245,2.2713578438135045,8.243959706014977,9.673844759596335,-186.26506798955435,-21.793478651092823
91.4744874781711,2.272560489783359,8.160456445424416,9.79865877887363,-186.26474797635998,-21.793478651092823
90.2343177272381,2.254747506450599,8.191495478187448,9.670766551872816,-186.26381566429382,-21.793478651092823
91.01341171725863,2.2929525741685097,8.150764993120873,10.170418680247764,-186.26266870335505,-21.793478651092823
83.97198908480817,2.219286996923259,8.22486532940411,9.988439659972045,-186.26265978117965,-21.793478651092823
84.02736620250307,2.2186234700519094,8.263003087134251,9.53043329366119,-186.26186523755686,-21.793478651092823
84.68241878325168,2.2665812984370604,8.164204068584297,9.77256807059075,-186.26137247191127,-21.793478651092823
94.78199316041527,2.283077824021049,8.170974170912018,9.715978079092906,-186.25915890643518,-21.793478651092823
89.2237631546128,2.288957452934582,8.158163180509263,9.750100456109323,-186.25901660513054,-21.793478651092823
79.23082401449675,2.1802971054892453,8.219315196425043,9.961959261494002,-186.2579349999008,-21.793478651092823
93.6594176461217,2.2761900583019354,8.191595886161565,10.026551198883595,-186.2573127075013,-21.793478651092823
79.73017692563536,2.216038988428437,8.188375790718993,10.016846345360733,-186.2558696326275,-21.793478651092823
89.5132378433618,2.299591572300116,8.204034156066001,9.534262420440882,-186.25309692822003,-21.793478651092823
79.37204118797881,2.195428742100077,8.165688440332673,10.180293783724125,-186.2527083697932,-21.793478651092823
85.9162290032911,2.2267495554162338,8.180429752470332,9.914589482992795,-186.24950968009264,-21.793478651092823
94.07397703902919,2.3062813533801574,8.178291381493523,9.837051729569168,-186.2488335878907,-21.793478651092823
87.95160653736856,2.2758020894420383,8.14472654984391,10.258004179710838,-186.24767924864773,-21.793478651092823
92.10837136680928,2.2604527671693546,8.186943388849983,9.723702551830058,-186.24714203838937,-21.793478651092823
86.26157449688498,2.2682958612133746,8.1857154960924,10.106457541488197,-186.2444640482052,-21.793478651092823
83.04088554503849,2.22007194027465,8.241909056354388,9.458472148610724,-186.24297850174943,-21.793478651092823
96.04890519800708,2.2810014618192014,8.208365865645561,9.78653527399743,-186.23943368059017,-21.793478651092823
84.43022799375709,2.22942419752286,8.24844661411646,9.421776072249486,-186.23915457179234,-21.793478651092823
93.5470173769356,2.2989540419060575,8.172000190093286,9.990290101840628,-186.2378892198841,-21.793478651092823
88.84524560873275,2.2516761673531818,8.169556119078635,9.849177471608783,-186.23767895916134,-21.793478651092823
89.15429711054367,2.2578947731823718,8.144968649492938,10.109743496445702,-186.23482450360683,-21.793478651092823
93.57749150194348,2.2858936084152646,8.172564326552163,10.07563672263268,-186.23448078593705,-21.793478651092823
79.79155128083015,2.2158270050739475,8.202817327335424,9.714274982866044,-186.23222677663387,-21.793478651092823
90.25260606893829,2.2540711259809996,8.162826581280058,10.010499601795885,-186.23119056343458,-21.793478651092823
89.45727710328856,2.2775754825135692,8.246008255455877,9.335358415663563,-186.2301250149469,-21.793478651092823
81.08212201052119,2.2067626712718464,8.24513066044446,9.744323836753352,-186.22812919333822,-21.793478651092823
83.55703586879099,2.224954516763532,8.210534220338417,9.581136883717136,-186.22740495622233,-21.793478651092823
90.81468050687499,2.2700169343801804,8.141825388060255,10.16569572417697,-186.22621609803522,-21.793478651092823
84.8559912871904,2.238570312648079,8.173489301271388,9.779174388123721,-186.22589926130522,-21.793478651092823
84.30207855045046,2.241050552000459,8.139580175282532,10.243735728887827,-186.22484950263856,-21.793478651092823
80.41883777852658,2.2138428502753413,8.165181352185328,9.936945034207298,-186.22464814175822,-21.793478651092823
94.30883615303526,2.299855243857607,8.20131544114551,9.753240928814648,-186.22271970880092,-21.793478651092823
92.09676522942722,2.2770809061487114,8.196008095065366,9.543680815317288,-186.21918045801567,-21.793478651092823
88.92355474366153,2.268290840486543,8.251934414712196,9.617226121340849,-186.2176400875602,-21.793478651092823
83.2741097232238,2.252806205072048,8.14998292372755,10.021406305803282,-186.21446511323143,-21.793478651092823
81.2316461764749,2.205417579503873,8.20467247998846,9.688482490799913,-186.21411760991765,-21.793478651092823
90.20527225044296,2.2810813606277662,8.235867071359223,9.358582505905275,-186.21377584295817,-21.793478651092823
83.48000028335926,2.2232471476548312,8.255063068150093,9.659019838264356,-186.2137536444052,-21.793478651092823
80.2502767207456,2.2000589087245004,8.181422344457985,10.149648414895324,-186.2131664007054,-21.793478651092823
82.49658949595599,2.232830678712304,8.21684830322397,9.940316713144341,-186.21298738003753,-21.793478651092823
80.56337713359903,2.227276245684834,8.1953036537206,9.897992386569115,-186.210524715367,-21.793478651092823
87.42573722702478,2.284428644418739,8.196530818997132,9.909917966793614,-186.209115686482,-21.793478651092823
78.953014279652,2.2003649591867713,8.192169807952752,9.977506383346991,-186.20719479959035,-21.793478651092823
88.35896561930365,2.2400825738694294,8.235725791626294,9.783356709842195,-186.20528811987322,-21.793478651092823
91.90382396222653,2.2957611818360135,8.228380645604688,9.509953346248011,-186.20077612906726,-21.793478651092823
94.00777737109692,2.263492598208714,8.215560924465706,9.76929737091507,-186.1989059033405,-21.793478651092823
87.74478063357203,2.2760512271376996,8.166615689697778,10.156729811114332,-186.19555445740124,-21.793478651092823
87.34279779779175,2.267277032625799,8.14121808942403,10.015787167834986,-186.191890183937,-21.793478651092823
92.50303577085506,2.2835376115767616,8.230750505607062,9.688753362920409,-186.18987430882567,-21.793478651092823
89.61264672299548,2.2630400054294597,8.257452217200296,9.491176902830432,-186.18795269446306,-21.793478651092823
89.36664920116685,2.2481161863111367,8.190804492963139,9.792619733971037,-186.1836097851389,-21.793478651092823
88.13451831189288,2.2631697478137482,8.240505362061327,9.38636656741852,-186.17704871578127,-21.793478651092823
89.49624728418131,2.292086837829558,8.14910265834979,9.971848307068427,-186.17412210500763,-21.793478651092823
87.16895827333104,2.2713593431906105,8.216597693409199,9.858032960990812,-186.1638753354149,-21.793478651092823
83.89746880667944,2.22145448609686,8.247912638509263,9.654701062864376,-186.16121631169497,-21.793478651092823
80.9855846431395,2.223743823463778,8.21851645975957,9.763473306473571,-186.15990150283614,-21.793478651092823
82.18557269215594,2.229556417452386,8.237332786522899,9.587748465923283,-186.15845334372386,-21.793478651092823
90.91060162536282,2.2581742958637676,8.239862526004714,9.650704586845166,-186.15843776478545,-21.793478651092823
86.48939366345469,2.2379481693733823,8.25045743017725,9.612389843090227,-186.15588378916948,-21.793478651092823
86.32898946627881,2.2421347774488396,8.18739130982516,9.744644145663841,-186.15522642903917,-21.793478651092823
94.66365405816917,2.2920092471579494,8.177192883806669,9.864197443812799,-186.1541862552479,-21.793478651092823
90.95022261624469,2.2566934895414192,8.228781387055562,9.753139479030665,-186.15083841792017,-21.793478651092823
80.36764490981643,2.214704519503769,8.196757801918011,9.786909170983392,-186.14692363641944,-21.793478651092823
87.42453398655829,2.2346848125757504,8.217307591116878,9.781211555028676,-186.14626785950853,-21.793478651092823
79.9367943523308,2.202963071782321,8.206680236607383,9.768343525710463,-186.14346218613667,-21.793478651092823
84.1357294478743,2.263371021228238,8.183833947718938,9.840841141766276,-186.14057451873865,-21.793478651092823
89.32522163839894,2.266190103468702,8.250356360394903,9.481975251444197,-186.13989655605255,-21.793478651092823
89.60749437260894,2.2828292045261236,8.220045535388266,9.466560276083527,-186.13952013806184,-21.793478651092823
89.80006627400199,2.2741117055770417,8.240303723583395,9.63004501732371,-186.13775654270134,-21.793478651092823
89.21125405003552,2.2949894214726783,8.19208165312898,9.744275493886448,-186.13673482379454,-21.793478651092823
94.23148911543248,2.282923298299636,8.173078282577535,9.847719163775452,-186.13613487173455,-21.793478651092823
79.84586591000112,2.2010035647261788,8.19177764441622,9.966164436650672,-186.13571715713965,-21.793478651092823
87.77360018478163,2.2762853664994935,8.224995873950746,9.47937688137813,-186.13365032249612,-21.793478651092823
92.80822947297315,2.2716938536107563,8.216047298892931,9.797879549564328,-186.13129213949796,-21.793478651092823
84.35465911792937,2.2485515693140883,8.211141991912541,9.924280900051713,-186.13038990430346,-21.793478651092823
87.79458577729844,2.2578343730857853,8.250630791312886,9.548157306670618,-186.12816721416044,-21.793478651092823
86.99961394319422,2.2559189300726956,8.240854137003709,9.70559249230709,-186.12675190011595,-21.793478651092823
85.24052312110395,2.241340203362512,8.175759129647616,9.829941372386031,-186.12407579081645,-21.793478651092823
88.2060900718899,2.2605081793894897,8.24552030257641,9.468280064477852,-186.11666351841055,-21.793478651092823
83.73174367520889,2.25199772316509,8.217773211877443,9.673941022683238,-186.11225585712236,-21.793478651092823
89.43402774407602,2.2594936975366267,8.223731447689687,9.535298810049909,-186.10674064283896,-21.793478651092823
91.71646484922628,2.266173438341852,8.178527362534851,9.88786195240607,-186.10506660232082,-21.793478651092823
92.74144856182275,2.2692127854325292,8.185275283804174,9.892554203758351,-186.10442081231125,-21.793478651092823
92.67539182449829,2.284744278951564,8.189565725607878,9.911367124316598,-186.10325808966547,-21.793478651092823
85.56603404304042,2.232180850355107,8.187007037376446,10.00716764258172,-186.09402196899597,-21.793478651092823
86.45113896020322,2.261581438998988,8.194179887028866,9.639675552365787,-186.0936620628041,-21.793478651092823
86.34861770223308,2.270997618060221,8.21744507539205,9.60400710142332,-186.09106676402143,-21.793478651092823
84.08072673706114,2.222362072284099,8.219361409852155,9.859811018912126,-186.09067600247394,-21.793478651092823
85.82636957793734,2.2376432827391284,8.239985980407283,9.6275913332058,-186.08919603307345,-21.793478651092823
82.96484245477293,2.2306488050659965,8.169726853654026,9.975108884932382,-186.08805590790035,-21.793478651092823
91.63372229160782,2.2647627399761205,8.191065433154392,9.896869907315732,-186.08284936411212,-21.793478651092823
92.25188949240483,2.2723688352595133,8.218657437203944,9.724638606879637,-186.08080628153857,-21.793478651092823
88.51477788898757,2.277318891411781,8.168761678648849,10.053050311297852,-186.08058629672837,-21.793478651092823
85.23390464908286,2.2638313929862335,8.21106781468967,9.676746061744552,-186.0770122991512,-21.793478651092823
88.16811422065645,2.250677147024703,8.189773665125244,9.973332223605581,-186.05549759485373,-21.793478651092823
88.49524745619144,2.2652366947807394,8.185125265558128,9.737853876703298,-186.0550425046804,-21.793478651092823
90.98831679436402,2.2646822626679466,8.200254991424913,9.857802356928687,-186.05139626147914,-21.793478651092823
83.27739002120867,2.2331099392726514,8.182094616600779,9.882975695355924,-186.05120755293075,-21.793478651092823
83.18406162517013,2.2302686669394944,8.18260495790156,10.014971343296821,-186.05109993333932,-21.793478651092823
88.37976346452959,2.272324041987602,8.223782188766705,9.557096166420962,-186.050358187702,-21.793478651092823
85.18169131625724,2.25122650087566,8.203474534900778,9.65732267568228,-186.04907309040794,-21.793478651092823
89.65621498521247,2.2663355364068423,8.175789057708727,10.012723057357277,-186.04836160514822,-21.793478651092823
88.48934067870526,2.2546626083003076,8.188425878194295,9.974631364714867,-186.04368762134027,-21.793478651092823
88.65187223704541,2.2766526939558673,8.209706153956745,9.773828152757233,-186.03223137431502,-21.793478651092823
83.58422133260152,2.2381455184116277,8.198154691722209,9.886850571648125,-186.01733788316304,-21.793478651092823
86.29376567323773,2.2635134259375604,8.210291310978334,9.744244162234423,-186.01085141547927,-21.793478651092823
90.2594756965373,2.271882174860238,8.185196658303369,9.838809947983748,-186.0080868233208,-21.793478651092823
86.41380225891226,2.2458314514558992,8.202715645801874,9.773297047256989,-186.00666011627214,-21.793478651092823
85.5663418211938,2.246128665219544,8.20768733748011,9.72097361055171,-186.0009713097752,-21.793478651092823
86.63781250525902,2.254096961174241,8.214026066690593,9.806014154620357,-185.99909874139914,-21.793478651092823
86.61852736070571,2.2649734417486656,8.200426357875102,9.731603959421903,-185.99789091827952,-21.793478651092823
