PSR,P0,P-dot,Telescope,Freq(MHz),best_alpha,alpha_Upper_Error,alpha_Lower_Error,best_beta,beta_upper_Error,beta_lower_Error,best_phase_offset,phase_offset_upper_error,phase_offset_lower_error,best_psi_offset,psi_offset_upper_error,psi_offset_lower_error,best_chi_red,Chi_upper_error,Chi_lower_error,best_K,K_upper_error,K_lower_error,w10,w10_error,w10_center,SN_peak,L_I,σ_LI,V_I,σ_VI,absV_I,σ_absVI,rho,drho_up,drho_down,PW,W10_MH,all_alpha_range,category,exclusion_reasons
J0006+1834,0.69374767047,2.097e-15,FAST,1048–1452,12.53543593434704,4.762850055625119,9.030909540292091,49.42602981627725,37.5632018156649,37.259940978588745,-4.321040495158925,27.48354113611516,22.16301928306603,-10.335470270224135,6.121918624987896,8.202118241326286,1.402559582800058,0.3722660057723597,0.0114719463502275,-0.2857462479798097,0.0711240620593567,0.0647907645798239,73.70078740157481,5.709055205109039,-1.417322834645656,30.21353578957273,0.9604210368340425,0.0166096273679314,-0.0738904681117949,0.0077224287740353,0.0836504899768392,0.0077375585869052,52.25455239719121,37.20485668965326,35.937180829083786,93.47423509539225,56.761985377048674,13.793759595917212,A,[]
J0058+4950,0.9960234522737444,8.035708011582396e-16,FAST,1048–1452,14.394322296849042,30.807664098226816,10.45898168616074,1.140870698409034,2.143570799643112,0.8240618811478579,3.9983141186927655,0.1927158129951331,0.2077711174109811,-15.854040881772498,1.984764593874214,1.8388567048896045,5.435387944807547,0.7812920580532028,0.0295531856533308,-12.485483959074992,0.6214945636814857,0.5140125725648712,19.02152641878671,1.9540720299065268,2.8180039138943243,105.5351431269651,0.3073344842193342,0.0044621439979801,0.1452439145331483,0.0030934218736997,0.1521155680172393,0.0030978749115437,2.704004258762919,4.4588097376323645,1.3761946646725234,18.89796768169861,9.282071457244632,41.26664578438756,B,[]
J0244+14,2.1281,--,FAST,1048–1452,101.75623047194372,62.67336123237844,74.0795096642817,1.881896313513224,0.1754634792828959,1.3644665153752984,-1.6861513647242978,0.4094603828546723,0.3518980322057892,-2.818396229855626,8.098099851097057,9.751941823545373,1.5368326505405678,2.371908486772093,0.1144954314939066,-29.8124774887435,5.112339171002791,5.14978503207929,12.68101761252446,4.354678789037791,1.0567514677103618,31.99927291740916,0.2147113436668381,0.0102720459751312,0.0939297632487662,0.0071010524529325,0.1096853404399907,0.0071588039621567,6.464945624852084,3.996831749288769,2.9046534650044333,3.447403810908241,4.856405767855403,136.75287089666014,D,[]
J0358+5413,0.1563841215590166,4.394962131539897e-15,FAST,1048–1452,128.26005225569287,0.0132037777707694,0.0159365924322116,6.676890003397784,0.0005313674149967,0.0003680210773886,7.829676725813169,0.0092165889489512,0.0092215087416969,-10.83583525978764,0.0191660529035875,0.0210342029850707,271.688460239766,0.0280984870948373,0.0015717865748001,-6.75331021639929,0.0016953522954832,0.0018322836480342,89.20872679908828,0.0509067568739225,-6.799088244871374,2333.8342579854266,0.4619026143511203,8.911015858399695e-05,-0.0372451360201557,7.934606040960647e-05,0.083720867286331,7.95212329471949e-05,33.57927371977138,0.0068285195848472,0.0082395975105485,37.780832701065535,29.692262202856472,0.0291403702029811,A,[]
J0402+4825,0.5121944487308313,2.7546031097621417e-16,FAST,1048–1452,168.32111150537494,8.791016056762743,23.37434041194265,-1.3690779671155688,1.0285203585603675,2.5606819741363607,8.942828842813054,0.2307644095860475,0.2479778396195495,31.68425106937716,1.446714148885281,1.6156487575359648,4.928860760655539,0.3668985582249053,0.0169035073740975,8.472334341689432,0.2599759733719509,0.3054775295912488,17.94721407624632,0.5039092218865492,7.038123167155419,81.8491606648604,0.4304018849642156,0.0058420450688515,-0.0729348386805964,0.0048318637665148,0.0953950826744691,0.004839659444466,2.355347961824592,1.0045835705347457,3.707589837769246,10.174500397065252,10.174500397065252,32.1653564687054,A,[]
J0453+1559,0.045781816872951,1.8612e-19,FAST,1048–1452,7.518807116918121,16.73282866188226,4.8453187763705,0.2149578248676263,0.4682175928696906,0.138774615486669,-5.524900720079234,0.051269261943009,0.0591751087139407,86.59425004638783,0.3430511577399784,0.2965490937857282,33.387994120793124,0.3983353883407901,0.0081654981494168,-34.877834006626685,0.91890909551298,0.6910261942362865,43.67906066536205,0.0894298887790829,3.170254403131114,603.4247697299875,0.2189634799950159,0.0016613890430553,0.0151366482636801,0.0016394357933415,0.0281360067637032,0.0016397718040352,2.888861899348556,6.078125485237016,1.814995046552752,29.83018447741777,8.69515512321034,21.57814743825276,A,[]
J0457+23,0.5049,--,FAST,1048–1452,8.378210271141498,28.15158904561876,5.169180099825444,0.217285424343199,0.6938321765409265,0.134374996533605,10.265743855083834,0.1326221927022537,0.1958132405138677,-37.61312845409705,1.963300224376539,1.4890090248659362,2.684999460953634,0.8954643713105526,0.0144241541129233,-38.42137341080962,4.966561744717801,6.129590397326922,52.23529411764706,1.9889289023407952,9.882352941176466,76.76656513507668,0.326191399933573,0.0062032962483073,0.0439249245352998,0.0051191183279771,0.1566656534381295,0.0051730376279065,3.827791192989321,11.67496047012272,2.3147093436566046,32.148096796260305,20.85397914920148,33.3207691454442,A,[]
J0538+2817,0.1431582589117747,3.6694514834080876e-15,FAST,1048–1452,40.49704475993816,0.2300864583297297,0.2304182817645141,17.57231846791362,0.0968353623257733,0.0995044970651584,21.62703796959885,0.1807802984981492,0.1738640202720809,-62.589975784097575,0.407249673181127,0.4258747265627747,8.53629702649488,0.038144962684333,0.0001178000357366,-2.151006105583851,0.0021429664317045,0.0020789281319371,85.29555446995604,0.0699029671558394,2.28627259404006,1540.0825766408052,0.9707205065191764,0.0002677654111646,0.144916984870134,0.0001836537339536,0.1459819310636018,0.0001836825264098,36.14019434153411,0.1205731923441418,0.1219003284734595,52.84345223437658,32.091131765397584,0.4605047400942439,A,[]
J0543+2329,0.2459747688900647,1.5422691027959168e-14,FAST,1048–1452,113.849300209975,5.379646975686597,4.965556716921952,10.092995882841729,0.1237797361954626,0.1729763506392547,29.01224219913046,6.2152162073868205,5.337301781534467,-66.81083696548589,36.71423860572717,4.761951308123443,1.8696120006103465,0.1048358909768381,5.952938419317988e-05,-5.219007251796864,0.2631608387954198,0.2640542010891886,34.13489736070382,0.2416077929257546,6.334310850439897,92.5522032696771,0.5339017841684303,0.0050527467162457,-0.1047309413072598,0.0037396641250636,0.1109899935176095,0.0037422419265349,17.990332346603815,0.6992812473641602,0.5616511981672149,39.74538002904247,36.57822460382253,10.34520369260855,A,[]
J0608+1635,0.945844752002,1.351042e-14,FAST,1048–1452,94.46415694891876,65.59356732453594,67.95858918421669,3.648298023398197,0.1785456790299524,2.430599938576208,-2.778460849719244,0.9019154562837092,0.7522274107910132,27.21625197733356,11.696856845803564,12.374664922600353,1.1311909933736468,0.7166618157267892,0.0177130074491917,-15.667737304161191,1.9723727093627783,2.420479300487374,13.372434017595296,0.9364646782150772,-0.5278592375366564,59.8884222718289,0.1012491176664589,0.0066662147999961,0.08131561222309,0.0052996111615962,0.0923432861630965,0.0053062590205855,7.580446164454884,3.3879101934085947,2.8671687597759274,8.233006304264695,7.881100145906923,133.55215650875263,D,[]
J0613+3731,0.6191981810968724,3.2447682571897138e-15,FAST,1048–1452,13.9431968265458,23.655596512857684,10.111310677736926,1.985872575829076,3.120072095676777,1.4355217351189802,-3.084289471268571,0.2886636227277459,0.2908923198573143,14.094026476113314,2.117245320859009,2.1098329142751133,14.037593158205222,0.5665095400187479,0.0248254939047551,-6.9534902146596425,0.2313234924222094,0.1634188838867212,28.18003913894327,1.2115464552939692,2.465753424657533,166.66302747883168,0.355656337888427,0.0046440981283376,-0.0413958064941403,0.0033235783164079,0.0569127153316894,0.0033258321258298,4.124737042917166,5.397664721842815,1.9317955957710604,16.822058551503417,15.41305659455625,33.76690719059461,A,[]
J0711+0931,1.21409049248,4e-16,FAST,1048–1452,132.08063672562844,37.88589119092353,61.89577308085842,-3.2159184692150644,2.463796127494514,1.130827373680181,-0.5957784488047415,0.2491077507766489,0.225019955260639,7.396957325206097,3.181832198119644,2.922399953595895,5.858405182276132,1.582209804159162,0.1846602912723467,13.23024836567563,0.3677967555864896,0.3994194028645381,19.02152641878672,2.3716483682099554,0.0,560.1239215423933,0.3623843598244162,0.0018230863340533,-0.1027014333662819,0.0015136942557866,0.1041174239007828,0.001513981782497,7.9115537916815395,4.248149833919246,1.6106141965191063,4.687978889747127,3.278976932799965,99.78166427178196,C,[]
J0944+4106,2.2294312669798004,4.420641540762058e-15,FAST,1048–1452,175.9272740513892,2.8923693622337225,8.985684447572538,0.0216581957148878,0.0471859282752017,0.0153880016025983,-3.81510483615212,0.0118195926476154,0.0126153836309121,-12.84210356100551,0.2106215792771966,0.2160974788904663,22.99943719538924,0.4464149027385069,0.0179418688662806,-187.88717409528468,5.963655655564025,6.571109110934202,13.541768441621876,1.0890121478667891,-3.693209574987797,358.82136810387414,0.3771850455327742,0.0012002993746869,0.0014423086186964,0.0009552814482119,0.1395234051846511,0.0009648273926687,0.4798192503732442,0.3400233376030537,1.0480855842950223,5.242051978698884,5.309975378409076,11.87805380980626,A,[]
J1236-0159,3.5975735967,5.103e-15,FAST,1048–1452,88.23545892439941,55.21429979130116,55.260982460281056,1.9714964699408803,0.0474236253116446,0.9353103465395728,-3.873532585961179,0.1230142866044872,0.1178648788066034,20.635737738411805,2.142483503318793,2.1684839111424665,9.45055080062658,1.4382817814165954,0.0149603428882478,-29.05402755754679,2.0242443741559093,1.9109015640682256,12.68101761252446,7.054364679792718,-1.761252446183963,112.19747117002775,0.2030654476184475,0.0077769902116527,-0.1173698584043806,0.0044522322667887,0.1540112114078445,0.0044985018682258,6.639084774222542,2.459655418319519,2.5966983351118023,6.339286010618723,7.748287967565886,110.4752822515822,C,[]
J1312+1810A,0.033163166,--,FAST,1048–1452,88.13502973638305,21.875113596004752,28.12353798354249,-7.521725459958962,0.9682520050497674,0.3324687709700198,14.698646949279643,0.659364911108181,0.6931970620901833,23.38758090255996,2.948191244572932,2.6769454272387847,1.6128615952950254,1.4538196995463468,0.0018679276279744,7.635249162199656,0.8464806702693686,0.827846702072792,65.19685039370081,0.2681593441585703,2.8346456692913424,37.46148434650468,0.5827325928159574,0.0153096543975955,-0.2384578837818429,0.014367595565997,0.2395641287473995,0.0143704300725231,33.27423280595264,1.1606459434557284,5.300868820379333,18.95061545321665,21.785261122508,49.99865157954725,B,[]
J1538+2345,3.4493849533157874,6.889090546017426e-15,FAST,1048–1452,169.84672236007688,7.498058302493007,20.148870644367065,-0.4506830663105738,0.3316357210091489,0.8419739068730514,-2.6837525073426374,0.0450288815786348,0.0605319402894481,55.21710712496241,0.730126747570381,0.956881810445843,27.1456075980766,1.645580856294611,0.0743958735688252,22.41114840228268,0.3984715622666215,0.4752654116649957,17.612524461839527,6.742315459398302,-5.636007827788659,253.60543517720603,0.4007454183406838,0.0026960371400913,-0.0724245756584263,0.0017527024979401,0.0797861686371999,0.0017548728834334,1.6474311706538436,1.0204275072564553,2.879624391427124,6.122509723577137,4.44500495352658,27.646928946860072,A,[]
J1657+3304,1.5702755247,1.734e-15,FAST,1048–1452,76.41767290089179,74.52722043372383,60.05933512973249,-3.029884726651685,2.2033081964935786,0.2494205261613182,-0.5465812868912812,0.6403485496823206,0.6011919710362934,-15.70045452059015,10.278872242503148,10.430918921521355,2.276064479730469,2.0548834879665847,0.0878612881224905,18.38993459445939,2.788250574186179,2.749027860985221,10.567514677103718,3.1182368514058783,0.704500978473571,54.45062773995839,0.2651385581201264,0.0143267275689494,-0.0162001015254286,0.0096535439561356,0.1333755494158501,0.0097432238167723,5.932598529090489,2.0250762623986995,2.620256833534365,4.421336668495988,5.125837646969549,134.58655556345633,D,[]
J1736+05,0.999245,--,FAST,1048–1452,112.19016857113704,52.89960836024498,69.81343296261355,-3.7209704643487234,2.7147167379872306,0.4449352338898658,-1.507094005548342,0.5843061613440916,0.6304388972304229,0.1395312483426494,8.396056929614957,10.47985861043986,3.8658542337833737,1.9386467453015843,0.182527310653747,14.267649257816604,1.046393300704695,1.2129326058673957,10.567514677103718,1.9663733237337675,2.1135029354207333,81.25897189252072,0.2344067971309693,0.0102566971094434,0.1044339039507904,0.0079181488975102,0.1422619401860761,0.0079727983718093,6.195132381001572,2.478487930759352,1.1697643403657982,6.086350365626609,6.7908513441002105,122.71304132285852,D,[]
J1800-0125,0.78318548958,1.1537e-14,FAST,1048–1452,92.09863645976564,61.29129459779541,63.30805809323947,13.875252415052948,0.3145387478767318,7.702423980417471,3.3797555886909034,2.513786477334789,2.1419675280234616,-30.656216457443893,8.599443541814992,10.45359241495775,1.1331813728028726,0.5769050143946768,0.0147070380651017,-4.16719281777664,0.2793215019273951,0.1972826106865302,28.884540117416822,1.532290729632614,-9.769962616701378e-15,170.40727993018962,0.2430691435504783,0.0030029639731437,-0.070923692283076,0.0025772741792109,0.0814731127270315,0.0025790104503474,19.87102470055216,5.273323772500748,5.62655537894716,14.299520755031422,14.299520755031422,124.59935269103488,D,[]
J1807+04,0.7989,--,FAST,1048–1452,27.71311369237289,53.08202363763701,20.729479272264143,-0.9762359787830056,0.7187149944042195,1.0732713184438476,0.3943055429387483,0.2029406057598395,0.220969793871542,37.368705094392354,4.076939868624493,4.147752482775942,16.372070602429666,1.6974140069825443,0.0976054588101291,27.295026300008576,2.8492783397234724,2.679977343283209,13.385518590998045,1.5996655430977298,0.7045009784735714,44.26946096326742,0.2905353550477476,0.0093376662224321,0.0342300933678124,0.0085051299228647,0.2021358804430907,0.0086859163425591,3.211961318154305,3.4584522526342583,2.0229050617476974,4.8894517956131205,6.298453752560283,73.81150290990115,B,[]
J1807+0756,0.464300493199,1.294e-16,FAST,1048–1452,38.16550521503996,55.3737426679254,30.50914873671798,5.64315916113203,3.972047008420776,4.429558140343514,-0.5825272194379463,1.0563553589117411,1.4180750631374113,34.63020418226056,7.466857555113712,5.4530036352185824,7.747045608778029,0.7523928366445958,0.0570785037810033,-6.284136662931843,0.7723720006536334,0.822611705068379,28.18003913894327,0.9084975503710454,-0.3522504892367895,165.16265578505434,0.0471809251180885,0.002250875139196,-0.0414103220114491,0.0016932061417155,0.0519172907946873,0.00169435096378,10.800994315808184,5.0934678859060005,5.020838881978814,11.502292385778464,10.797791407304864,85.88289140464337,C,[]
J1808+00,0.425115,--,FAST,1048–1452,154.43255689111913,20.08869565987743,24.31079202758332,3.2234272466810325,2.4269718898393307,2.5088914538177307,1.4717791105254785,0.2484253237342892,0.2521438341086259,13.128524273121826,1.6507571278899462,1.5446689514617429,7.437678700021174,0.513072667937803,0.0428497722287826,-7.675176769349825,0.2172444539949856,0.2423328681638201,28.180039138943247,0.8321958994575039,-1.0567514677103826,147.99995274682553,0.3030972914314679,0.0028973661933386,-0.0255195151663387,0.0023030471991824,0.0284506517366599,0.0023032506151706,6.54546065690771,3.4499605015157115,4.466179697335423,13.800546233813158,12.391544276865996,44.39948768746075,B,[]
J1809+17,2.0667,--,FAST,1048–1452,96.41317565512756,62.8509567430563,66.80672466641965,5.356946103931048,0.2061312351107496,3.500347474718037,2.0925907627371543,0.9516307283742806,1.605574188614757,-10.40798074596916,16.26144187034521,13.110414532809838,2.0841802883376035,1.0839400391498248,0.0274930495335663,-10.64417569622328,0.8647171478492908,0.866910280128673,13.385518590998064,4.0449310045058215,-2.818003913894325,154.85582469058477,0.1992393226005918,0.009391476487781,-0.0548729309122072,0.0068049535781121,0.0933920662062893,0.0068298275232997,8.505055489427551,2.7718370536974075,2.625541671380644,10.194352015183348,5.96734614434186,129.65768140947597,D,[]
J1823-0154,0.7597783116616478,1.131476050843792e-15,FAST,1048–1452,24.240961267944822,24.414220087207887,19.326658120673144,0.5507240627865053,0.4580723070336268,0.4355450418066249,1.0796838507615547,0.0252263411572848,0.0268391250476631,-36.6397724725851,0.9003498396503886,0.8675865784662165,14.001845294809389,0.6942597560426496,0.0765541422340962,-42.715724953836734,0.7909893584483001,0.7552989079907135,10.20029311187101,0.3711026275343909,0.087933561309228,397.9299544713581,0.1942123130262649,0.0013138389172798,0.0678278138173606,0.001033489540955,0.101292899086476,0.0010366992911982,2.1861200954308235,1.706511169462431,1.470671853327479,2.8773264081539462,4.684959864440104,43.74087820788103,B,[]
J1824-0127,2.499470453902642,3.906532022998154e-15,FAST,1048–1452,151.90665036529225,22.4940711207758,34.579761828699446,-1.021624326215005,0.8114615537086262,0.9423504184345426,4.713675915120464,0.1150531506242469,0.0952317443426915,13.6392478806667,1.805559001007591,1.384659001306936,2.7937839186723066,0.2745764318111425,0.0192947965338867,26.411426696657028,1.655009273141996,1.531526707155738,11.607230092818778,1.2244289035938247,3.0776746458231603,123.65490206585008,0.2462397490995306,0.0048800213039174,-0.1306544014513413,0.0038093741792444,0.1504877123665728,0.003824548627709,2.959138072912355,1.7789207249661052,2.367852886329583,8.143084806180557,6.384413579995897,57.073832949475246,B,[]
J1832+27,0.6318,--,FAST,1048–1452,98.97080518595058,62.42855692264618,71.8929354830423,7.49433608564522,0.4829916271608523,5.066303106066688,2.939732035614736,2.309982767910768,2.343060889690671,31.762126136259432,17.342681953415124,16.346070872008585,1.2659381114966533,1.4106122719840453,0.051014015541466,-7.573270573831067,0.9685491404300182,1.200493432377009,18.31702544031311,1.2489782712894155,5.283757338551849,63.95394163800081,0.2474407642883468,0.0087704756796577,0.1324773262277888,0.0078416468685826,0.1495591253753834,0.0078565621024252,11.654978959217884,3.836537982459264,3.660684271590171,7.980033130725783,5.866530195305019,134.32149240568847,D,[]
J1833-0209,0.291930632181,2.7548e-15,FAST,1048–1452,101.97506732302996,61.90589049072896,72.40216108328767,-2.9896735264846974,2.196284635197632,0.2537032006533306,-4.61063898928885,0.533033074598146,0.4960889935394785,11.52459468219315,6.472406128208867,5.824232958586538,1.7136846768211242,1.2152298590549262,0.0819466284820027,18.75601116355841,3.082182949586194,2.690244941621156,16.203522504892387,0.5859779463377517,-4.227005870841486,42.18522341640863,0.2378465525096078,0.0143602929543627,-0.0983364214603043,0.0122099823081479,0.1168021563252228,0.0122292192318415,8.507970341818073,4.6785720215415845,3.669536324924145,4.900124220104507,7.780893392419955,134.30805157401664,D,[]
J1834+10,1.172719,--,FAST,1048–1452,11.783096405382844,23.22287612425569,8.7612595083637,-1.4434131234507976,1.0703650756409804,2.5923107573254907,-7.560366665351778,0.7439447067812681,0.7594558648978547,46.071430410154925,3.042299387842576,3.2025883272435607,6.999817344367456,0.5678619702028067,0.0291287060536431,8.106793063653114,0.3079138473361791,0.2848643565470459,28.884540117416822,2.2981557852262364,-11.272015655577306,121.94057259554856,0.2787723117000998,0.0052425000893665,0.0539986640502672,0.0043401054804512,0.0662366413833678,0.0043432917224762,3.1128984091998047,5.137047345642856,2.224984676574361,31.53943763993199,16.0404161135132,31.98413563261939,A,[]
J1837+0053,0.4735125297829605,3.766797146472513e-17,FAST,1048–1452,112.4272077753927,19.976750678392165,16.465952318400866,-12.78224831292663,3.271031413548801,2.1733130583141467,-29.995328267525363,1.489471074675517,1.9434904096833137,-76.6173262412891,4.153968226907111,5.738744224596729,0.9553071307887632,0.3158001184377388,0.0010494090373472,4.177989496701637,0.6455277231290193,0.5022056021057315,87.52941176470588,1.923905199859145,-14.823529411764692,34.94431828741596,0.2216999966745073,0.0083904648917225,-0.0063769752746787,0.0064041389510749,0.0835621520971514,0.0064355915072918,43.77627640797782,6.711908413300695,1.932477945023364,47.64238709105479,49.054151796937134,36.44270299679303,A,[]
J1838+0044g,2.20317,--,FAST,1048–1452,125.31516172164868,39.94663106039974,37.84511453772461,-3.3578082205268664,2.339327806345711,0.8956700093498817,-6.592639566427849,0.1809558226512466,0.2539265136331128,-42.66422147581898,0.9960352619055186,1.569749911268033,1.3345786576534724,0.3350512713790239,0.0122852809016684,13.931483335570318,0.6628842049458399,0.7079204553530367,19.706744868035194,2.157347125852524,-6.862170087976544,135.93497407760975,0.3686309389227168,0.0047063183339031,-0.0385318193733093,0.0036578754795925,0.046876258317006,0.0036596584221788,8.858814336159208,4.5627658642203,1.579385981753653,9.770996797208522,8.715278322135207,77.79174559812435,B,[]
J1839-0223,1.26679012424,4.763e-15,FAST,1048–1452,96.7516308668963,64.97269253853696,73.02945216337429,-5.7837737890811765,4.141506931164623,0.5643344062017848,-7.70387169953745,1.8171076865785896,1.6769699114040415,-9.07523154959873,13.71107719253827,13.269571943071387,0.7771959217596065,0.883778462701523,0.0234639109322155,9.854325210685978,2.4903987178700326,2.0266396284898,21.13502935420744,2.5623061714472346,-3.170254403131126,37.14202292014399,0.2131579876429398,0.0170454836757859,-0.096941889160694,0.0146307037051431,0.1068934475927477,0.0146435725311863,12.021697053336691,5.29779337570468,5.153594085576997,7.3516212103006495,9.465124145721392,138.00214470191125,D,[]
J1841+0912,0.3813203489970439,1.0903500374230782e-15,FAST,1048–1452,121.66925156638018,22.656780051235017,19.34429628697576,2.1569220920994514,0.3087617934638427,0.6700279464792249,0.1787511741905224,0.0170660547387189,0.0191107856611832,44.9712695412878,0.3464805441874006,0.3045581646162105,44.188247425970985,0.2588026631887103,0.0049076824243385,-22.61349915806376,0.2254289410954371,0.201537911833693,21.45578895945284,0.1862938821760169,0.087933561309228,301.6170166915868,0.2945749459822336,0.0008878108124579,0.0061226796048124,0.0006702282376751,0.0570929213069048,0.0006717018698581,9.272114139108174,2.8192465622273257,1.3861467614947316,6.597901149764528,6.773768272383005,42.00107633821078,B,[]
J1842+0257,3.0882557929477428,2.9590500954284363e-14,FAST,1048–1452,42.797601071171634,53.81972139799195,34.69287240165311,3.7243349593449246,1.7930149737068368,2.963607301440656,-0.2070079277378256,0.3367655563226791,0.306832971052229,20.98301669099823,2.977534493143452,3.2829506835212143,5.479224994465158,0.2973377158915591,0.0305216104326877,-10.459527905788876,0.5503639493390562,0.4181823348158193,13.893502686858827,1.5108227707067556,0.0,161.572749289877,0.2033697751732481,0.0023659441793403,0.0571658864870159,0.0019110397010515,0.0654427839515165,0.0019121217986196,6.137085707778469,2.1070706441530667,2.593936156227329,5.570955167601055,5.746822290219511,88.51259379964506,C,[]
J1842+1332,0.4716037331834355,2.1596018879912905e-16,FAST,1048–1452,176.13795761892456,2.850105433810967,6.695980730436219,-9.43084358052911,6.96711218210346,17.261580710537512,17.210009637499617,1.9875321164369384,1.878263371463726,3.106435301865916,0.7736089463432596,0.7269521001506223,3.7672676074057576,0.082416917609795,0.0047547304417463,0.4110554404469492,0.009791952864554,0.0094645862404392,155.69471624266146,0.9252253247331872,21.13502935420744,105.55499501420864,0.3910803971609508,0.0013309850869173,-0.0177840044754969,0.0010253121729448,0.0248225712805038,0.0010255936870202,13.028613409333005,6.921735424765931,18.480105525018818,99.38490229987806,55.00134065604244,9.546086164247184,A,[]
J1843+0119,1.26699835538,3.758e-15,FAST,1048–1452,65.92694211171597,70.98007296332953,50.80548550483224,-1.5663527992997033,1.133600597089081,0.2454548782339756,4.8551658566239695,0.26784645279547,0.2987751549706532,1.974319130554223,3.962760223910329,4.195266474595583,1.7300635008114924,1.1662337449854607,0.0621771224156604,33.40183511374562,8.854462321735419,6.83954346977912,14.090019569471623,2.63994589475834,4.579256360078268,26.909998524161505,0.3243660001147027,0.0233052810910243,-0.080040333785046,0.0169795811904178,0.0957480624154975,0.0170006870670144,6.580495377303101,1.4618784906877431,4.23889485530234,5.911917324334351,6.616418302807933,121.78555846816175,D,[]
J1843-0211,2.027532892333386,1.4429387035108376e-14,FAST,1048–1452,166.9636785632881,10.192124122522586,12.66627749064608,-0.5191046056193032,0.4054913539485613,0.491932652318185,7.733838627136293,0.0780530876398248,0.0858437376877931,19.205495626536592,0.4419451574775053,0.3490086070261746,1.7455704161961938,0.1895567038966565,0.0060413837190651,24.89731475008233,0.4144410584486167,0.5465861677054136,21.104054714215923,0.9913226399207412,6.946751343429414,193.8540274108976,0.5390386613410517,0.0028872969232254,-0.0723801226879911,0.0022620684330007,0.0753759818009573,0.0022625969050546,2.4780320701217167,1.7104383775549676,2.1730840588633185,10.635646150340978,10.10804478248559,22.858401613168667,A,[]
J1844+00,0.460503,--,FAST,1048–1452,91.76192851617688,0.9696774003281377,0.9294092405275904,12.441676214917203,0.0592172787879583,0.057237359111621,23.927055038770696,0.451838073700614,0.5751999835865114,4.3914126855387074,3.3720959634222005,2.9975900414552576,7.503220968966175,0.2708669964989116,0.0006028622955378,-4.639346533694568,0.0243276806377128,0.0226286401086879,52.13307240704503,0.8994451155285916,14.442270058708411,1336.0343850020165,0.327838440534085,0.0006151139211186,-0.0721904097757245,0.0004890000917128,0.0727521145706908,0.0004890226812307,28.603196252606853,0.0645409823158403,0.0560049589632001,29.915313355796144,27.801810420375404,1.899086640855728,A,[]
J1846+0051,0.434379520415994,1.1218300430982268e-14,FAST,1048–1452,117.78821403923264,47.09776149410695,50.632537188042434,9.349332865081328,1.2999386321833644,6.562535976028917,2.135261976207596,1.159657108940404,1.4539711274771676,-36.70147461696796,7.539393666815755,6.212529972094018,0.9979453673648206,0.5743244678239618,0.0296611391711826,-5.445725005880387,0.2946952605221682,0.3450843665504326,25.362035225048945,0.8632364397948039,-1.7612524461839527,53.23441809568826,0.6366953939970988,0.0106065292225732,-0.1859242820448666,0.0082159198127534,0.1917827224901155,0.0082226155483523,14.184150638398124,4.685758278604668,2.966795000456021,13.055027142548116,13.759528121021695,97.73029868214938,C,[]
J1847+0614g,1.662,--,FAST,1048–1452,80.59196001154028,68.79700691368147,60.57313215298028,3.839990284745745,0.2465800646452227,2.5646298329982566,1.6669993959918858,0.483453441429803,0.4820478280661031,9.793073774660138,5.603268506097558,5.702557150336569,1.216273090573745,1.549901674252562,0.0302692828919792,-14.731142891476102,1.6541759750976777,2.177483362034108,14.090019569471645,3.3012169764886297,1.056751467710372,54.03339643453034,0.2779145559218993,0.0087815827600706,0.1686403287908641,0.008999425278537,0.2088157719855693,0.0090607646464749,7.969599589305939,2.86083209402009,3.437907600332667,6.246255756070174,6.950756734543755,129.37013906666175,D,[]
J1848+0604,2.218605206885199,3.747523870890193e-15,FAST,1048–1452,67.73546525461137,67.85516785916818,53.5821659080198,-2.348318932551291,1.733344481395446,0.259540609832857,0.8719713505781522,0.2963017836323564,0.2999576232725248,30.176835237113806,5.690316995507466,5.5497299353294345,4.89502742731808,1.6117114397750187,0.1404479374172025,22.58590471330904,1.97014133625564,2.37326926226509,19.02152641878672,4.354011655450121,0.0,101.94242956087172,0.1793747870767398,0.0069427811619463,-0.1071704306248358,0.004872923437463,0.1602726373289913,0.0049294009376884,9.034000829595405,1.8661131444173145,5.867178609896696,4.746726732182859,4.746726732182859,121.43733376718798,D,[]
J1848+0826,0.32866472679,2.721e-16,FAST,1048–1452,30.475457866919506,33.096882548326455,23.15153943519989,-5.33407078995048,3.980672655670495,3.908348559963152,7.714843895544947,1.0055018153735436,1.092099705996013,24.497750061957127,4.963266077819281,5.252403370311871,0.8240111052502593,0.5882835069285867,0.0297657337010885,5.455622253684002,0.4790345177721153,0.3940642212235019,57.882352941176485,1.2961415612739502,1.0658141036401504e-14,72.08426913702529,0.2925427429862443,0.0076587636696603,-0.018723172607199,0.0061173206240523,0.0409688398777723,0.0061215052996436,14.359033725326,11.40597406670566,8.756980133268346,32.42072624848611,22.538373307309666,56.24842198352634,B,[]
J1848+12,0.75473,--,FAST,1048–1452,163.78560963227662,11.690465725552627,10.491786646081636,-7.088856664898727,5.123732126522355,4.54053758426345,24.21023847474764,0.4343906623139695,0.4495210850165883,-9.454132638007732,0.773342038974377,0.7690222948433831,4.123957624047601,0.1359805539539591,0.0006341554518645,2.262666947699939,0.0694422236677221,0.0682109619498816,88.76712328767123,1.4838151687212424,15.146771037181985,86.87677391275051,0.3558637941722012,0.0022331582598775,-0.0269932280862627,0.0022871209443846,0.0596381872850338,0.0022891735027341,16.08788893133915,7.796403935558567,7.668589614730925,48.5155222320862,48.5155222320862,22.182252371634263,A,[]
J1849+0106,1.83225931855,1.7008e-14,FAST,1048–1452,142.59640203716165,29.729312953578926,46.18935757542121,-2.0684005031190136,1.6174244264402995,1.4010666322557146,4.193292386704622,0.3138802694237821,0.2882652884901535,41.715379996653,3.08217389190213,2.836783268497939,2.5881498925046658,0.5675945019524247,0.0592295467525536,16.82966665240113,0.7777724417454266,1.1153012692995343,11.61290322580644,1.792607149353576,3.519061583577709,164.79269936857543,0.2917172879604887,0.0071157270017404,-0.0559456187967235,0.0053360951615739,0.0709312492342961,0.005341471163439,4.158481797267189,2.0012097653012177,2.169848835542971,7.184494732745675,5.776870099314591,75.91867052900014,B,[]
J1849+0127,0.5421554813451567,2.7967683650389753e-14,FAST,1048–1452,91.80500609505891,41.2752151222652,45.00841276238316,-5.138912833215871,1.6740930424034293,0.1802379227345607,1.7823745271860785,0.3124001198212793,0.3102043119856683,31.37446038293413,2.543285196262908,2.2191329313943307,1.5390214146201222,0.4792010478336928,0.0011040977815293,11.158819949198282,1.260988190027346,1.1369640213499783,27.47553816046969,1.060832162192228,2.8180039138943247,165.34939687741723,0.1559690466020969,0.0031558712174524,-0.0133179194829069,0.0028607759278333,0.0449165216003814,0.0028638248692065,14.66200082790813,3.081364979926802,3.8115657377922094,14.068897488469489,9.841891617628,86.28362788464835,C,[]
J1849+0340g,1.666,--,FAST,1048–1452,67.11590368089303,49.69254447953226,43.11053865438789,1.460705550635395,0.2373625486314248,0.8471094040587266,6.528289821827438,0.1243302662899683,0.1239712412992126,5.5264820899074,1.6364616134186738,1.6779546194565098,2.3498709298479024,0.9185668738342244,0.0026802686932065,-36.14139813317221,4.215694737506144,4.230254226758397,23.2485322896282,3.3036893566632863,7.749510763209392,56.94973704282492,0.2999779021536663,0.0100782866824384,0.0377909979786385,0.0079691447831827,0.0875276126131827,0.0079914961352115,10.861704248925092,0.4578086984277023,5.792738286349381,6.504978279933803,9.698544224958564,92.80308313392015,C,[]
J1850+1335,0.345583151872506,1.492434410110434e-15,FAST,1048–1452,71.50495031302017,53.857551543767386,48.44499868415078,11.02317854780112,0.7029845328731898,6.496820172102245,0.5505568561556895,0.4522940489997438,0.3680772128125826,-16.861208317029842,1.8008873634596991,2.1804285284029383,2.555708117236657,0.1440450671039945,0.0309740427858953,-4.959837161887934,0.0993807544814302,0.0499226623955886,20.92818759159747,0.1688221296449501,0.527601367855409,323.9923271323587,0.6239249532425649,0.0013471383911491,-0.0899086524793699,0.0010308297050482,0.0942916229593885,0.0010312592941475,15.003119709877184,1.553879898022997,4.951213364078033,12.06985338766522,5.69272599679986,102.30255022791818,C,[]
J1851-0029,0.5187235769552918,4.707721315965461e-15,FAST,1048–1452,161.67093482654624,13.221716670509975,40.4426374610198,-2.1827191457741435,1.5597715544249695,3.926248469648229,0.0980752105873858,0.5936032351446,0.6090276120388052,9.124442642679028,4.000580280444325,4.079096512819677,5.736025158706394,0.7304351465499668,0.0312898063477939,8.256854480703767,0.5678058378620854,0.6524403205411948,24.65753424657533,1.0160644680697035,2.113502935420734,131.33676496709302,0.135321859184375,0.0043676974406795,0.016031851506952,0.0033949678698065,0.0326225832439602,0.0033963858208195,4.632474920452256,2.186733726460759,6.894250790812176,11.722341355401486,10.821689955753133,53.66435413152978,B,[]
J1851-0114,0.9531816851831212,2.4830817031390047e-15,FAST,1048–1452,25.738464106952097,37.65463669511587,19.08056649597544,2.223238875870443,2.504654905656956,1.631087593462759,-5.887918388139854,0.389747173355766,0.5360808509883137,42.25034715237839,7.104266946386588,5.373471851537971,3.265920390283486,0.7924471708582717,0.0340996566115854,-11.194358837318209,0.7939346460301042,0.666565268996937,25.36203522504892,1.8714684685896408,1.761252446183943,97.40396617632553,0.2196465875906671,0.0055050425593349,0.0549946686843904,0.0046001123868234,0.0599308266320246,0.0046015052201738,6.130910179881461,5.714511062983356,3.380119736424832,18.21668551142753,14.694180619059608,56.7352031910913,B,[]
J1853+0056,0.2755775995829073,2.1385552571152616e-14,FAST,1048–1452,37.90722552469692,20.50438572998383,23.808214582974472,7.206877483384702,3.2124918165668657,4.441992333765555,7.543401296956164,2.9850439841832337,0.7751809227940374,-41.45140975400443,5.19866714157024,18.827442966024364,1.5357430347597814,0.8554550099621276,0.0020191175132395,-4.8973562359027705,0.3091498672327626,0.3097813171882055,29.64705882352941,1.1139399991562613,-4.235294117647056,37.57749904050289,0.7798633439513531,0.016931929003838,-0.3428563597402188,0.0114169136782855,0.3482047581668638,0.0114361635617207,12.146668359257074,3.625496998547452,4.400150309189695,28.013989532250285,25.19046012048557,44.3126003129583,B,[]
J1853+0259,0.585552887667,1.1225e-16,FAST,1048–1452,81.7695794923835,70.36547231950861,62.59319121220213,-5.930297453600446,3.93780565540915,0.979647048727358,-10.302537224608582,1.68923748986575,2.362366183480137,17.911896449731916,9.43195286369885,10.78714260463951,0.0962491623399215,0.7167699162350888,0.0050241852281806,9.579119451431923,4.62116492951349,2.9737856823361426,47.99999999999999,2.480435830923385,-11.999999999999998,23.837234536403432,0.3409210473069654,0.0104333895137201,-0.0960227454754713,0.0097384018718851,0.1416126308559591,0.009795313188447,24.26085137693705,10.723812293693369,15.429780114927071,15.815109834214956,25.69746277539141,132.95866353171073,D,[]
J1853+0427,1.32065850582,2.645e-15,FAST,1048–1452,167.01385754032555,9.116049341017655,24.06459284320036,-0.5522201546911254,0.3882175901731962,0.9539076898537524,-10.502386409281897,0.0761277444685042,0.094621324810296,40.62126506742369,0.777138305386913,0.7988626306669673,5.430452272128501,0.4934037679966963,0.0172802347425564,23.31577811737376,1.3014745714977316,1.2923667986286524,28.88454011741683,2.587076872042209,-8.454011741682985,129.61228285940814,0.3194012670357163,0.0049948336853839,0.1391555554314291,0.0039124541294048,0.1531001646921331,0.0039208231320082,3.3499981033987547,2.1750403449985427,5.423352062098798,14.377141790886604,12.96813983393944,33.180642184218016,A,[]
J1854+0306,4.5578200962,1.45125e-13,FAST,1048–1452,92.01031632257651,63.33065222147658,66.08225484642517,-2.0313590818940925,1.194919624246194,0.0703865026099377,0.466136445856035,0.3026684235114678,0.2930882604335814,-20.34978641960201,8.101358789189995,7.5216191248769455,0.2793299971880284,2.1576939072052186,0.0195662811668467,28.194184701384,2.3243158274307767,3.328114190670512,14.780058651026378,4.512341807802223,-2.2873900293255103,60.02477698815238,0.4005262705568637,0.0155631849002728,-0.0444959757576221,0.0106331231421528,0.1025398773814622,0.010691731912486,7.662685447629045,3.8810747444072815,3.9491756323049696,2.401620316823775,3.809244950254859,129.41290706790176,D,[]
J1854+0319,0.628540823296,5.51e-17,FAST,1048–1452,54.67159656070668,64.97957118922136,44.584408385527055,13.605165818221517,4.03482382069469,10.776300176724751,-11.101222297652363,2.3575168865937464,2.8659888466700494,-28.235382593273982,8.78163630973486,6.704235515571678,1.196211017849489,0.3349185943528314,0.0337870011434033,-3.4683157418852177,0.3882841098852423,0.3107340067677806,34.5205479452055,1.2469453944461757,-9.158512720156557,56.13535195370303,0.3516471200415568,0.0094225493973343,0.1508447807594189,0.0067409466216268,0.1578366968284974,0.006748208792427,20.31326490587565,3.199175600096537,8.267018656645867,19.90748452857212,17.793981593151397,109.56397957474842,C,[]
J1856+0102,0.6202171151349284,1.2217096012223867e-15,FAST,1048–1452,15.787070858420922,39.39065479507367,10.733884994240686,-0.2645297931225057,0.1773724290789856,0.5131242415316282,-0.0161470530340346,0.154060894790019,0.1664632424922017,31.686675698910243,1.845686038289173,1.7075353411198435,2.987656422845491,0.939093569114982,0.0305964223852979,58.92766612623903,10.637418588093148,8.088717158277696,23.24853228962818,1.214487776614258,2.818003913894315,139.10151314114094,0.0978375749142793,0.004336157452883,0.0321141164396768,0.0032269055377895,0.0431182175790252,0.0032282627555581,3.1427602969452755,6.382848092399968,2.1133995037934303,9.526910262427393,8.117908305480228,50.12453978931436,B,[]
J1856+0243g,0.5466,--,FAST,1048–1452,29.74507310670666,32.37187672827865,22.15903445359677,5.525106727036333,4.975490584901563,4.065908037677619,-1.4046667968179856,0.7016741419236193,1.865501140427495,58.34002156197703,9.233376740928383,3.3082271080697296,1.119791440046516,0.4354518629655057,0.0077150276716733,-5.153011488219889,0.4694272384237603,0.3362957622983771,25.36203522504892,1.082974435290099,4.579256360078268,58.67002971451731,0.514071541264742,0.0089998098340985,-0.0559309687824124,0.0065962219522405,0.0695551248236929,0.006601602510665,8.748353471549095,5.629113674130611,3.5427084068252994,20.778443704841475,17.960439790947152,54.53091118187543,B,[]
J1856+0245,0.08090668906,6.2117e-14,FAST,1048–1452,5.934517446186882,16.939226344155887,3.621239734920094,5.290045391478285,16.014543502062086,3.247224172747037,22.353283770634267,2.71034701974472,2.8496822526706005,-5.39556741450801,2.236719599405591,2.296034718989544,1.3637966541461046,0.4786689458306274,0.0055068115411509,-1.1214151259597678,0.1375870020301274,0.0988677252549541,150.23622047244092,0.7054345893281988,25.511811023622045,20.18000949877204,0.5912870132847865,0.014279825052692,0.2226816471767312,0.0091909194621653,0.2289570111104792,0.0092128573092443,11.250419286930487,24.63227419396611,4.699539620213759,86.7805744970823,78.27663748920824,20.560466079075983,A,[]
J1856+0912,2.1707012972,2.6283e-15,FAST,1048–1452,172.82278227488737,5.266198336811044,15.376420490174183,-0.2756645999877372,0.2015992995426239,0.571974163109457,-2.58715603915277,0.0821049464526617,0.088648891140219,-30.16261877154643,0.9932836687338772,1.098367764220253,46.84195840905119,0.8292910327006098,0.0346465455094815,25.96811392167936,0.7282397088668944,0.737402737263313,10.557184750733128,2.123638062884756,-2.991202346041053,166.6596786706377,0.3361343158627837,0.0065081502904734,0.0239097748023076,0.0051893190619235,0.1050474783168133,0.005213135669816,0.726107744871485,0.3967741084058902,1.379046698679986,4.275014048823763,4.626920207181534,20.642618826985228,A,[]
J1857+0057,0.3569290495376389,5.458509550019026e-17,FAST,1048–1452,86.74470102969812,20.266385330489285,21.827490372252925,-9.539042754243606,0.8218169844561594,0.1067171063466538,2.89960848419848,0.3256317210946902,0.2845595688476279,53.864341274296336,1.602520562128447,1.3595547133940613,1.435717006481559,0.3717657165525321,0.0002993956791628,6.024550755052109,0.241491629551418,0.2288465738925857,39.45205479452056,0.7042020368631011,-1.7612524461839527,70.01305745602671,0.4405834887719149,0.0042575827166637,-0.1239681399119923,0.0031203851285709,0.1337809879133907,0.0031249198292513,21.714405452562264,0.401164533711372,2.17957933548304,18.046379521380487,21.5688844137484,42.09387570274221,B,[]
J1858+0239,0.197644188243,1.4e-14,FAST,1048–1452,150.7577288442724,21.21153377012192,32.43588648770303,-8.868398608156724,6.356808051931495,7.990277462707155,0.2185623473121443,3.383548488955572,1.4183522738814571,57.73297878838299,10.824703718980508,4.167644647620946,2.324607736216018,0.916434207223864,0.0109357135738652,3.168696529399546,0.1522084968470998,0.2510205243065186,33.882352941176464,0.7888069853119355,-7.764705882352933,47.73467281887608,0.712812296636017,0.0131265657880844,-0.002857658693206,0.0090802453224088,0.0441407218923209,0.0090869993185004,12.848501747412367,5.154886788035519,8.426756221467372,23.512679994370963,23.512679994370963,53.64742025782495,B,[]
J1858+0241,4.6932329333315375,2.4317184644624555e-14,FAST,1048–1452,73.77274258177638,72.30061041593444,59.52367610629334,-3.846132656602944,2.88341123017089,0.3403968906922925,1.8350263002986265,0.9542477109312236,0.850169158564942,35.237688585079205,13.423436360452236,10.90166126940041,1.7073286493355018,0.772415985224328,0.065929562918404,14.314249444804034,1.5842255302815629,1.827845456637324,17.94721407624632,4.675052580963911,0.703812316715541,49.71009200962044,0.1613498532888086,0.0123794515870441,0.0162131919773917,0.00910699344586,0.1389158205279628,0.0091964508842038,9.351664666183073,2.933113233263114,5.067803070074604,7.138580737824533,6.08286226275122,131.8242865222278,D,[]
J1858-02,1.462,--,FAST,1048–1452,85.16859325462208,62.88315533547298,60.25617798669289,-1.2031927983526405,0.6865428623631775,0.0367648136918514,3.030630511969575,0.0697872660260841,0.0626772514643208,-6.2275826972641966,2.055471765508159,1.9358881882844368,0.9193846804798702,0.7896069417876297,0.023299909245769,47.45406967596897,2.98279523806481,3.767884524188141,8.445747800586503,1.436388574482685,2.287390029325511,90.68555945230264,0.2675600593105627,0.0062477390792971,-0.0219782537681002,0.004809957100804,0.0999224972287625,0.0048309032805785,4.37261188129014,1.807311315224256,2.259065249026515,3.5584897495062315,4.614208224579544,123.13933332216588,D,[]
J1859+00,0.5596363,--,FAST,1048–1452,166.33380253432634,7.94764108961968,8.838228983127578,-14.09809466683516,8.248607247043644,9.457850434828352,-18.75773208178356,0.9441313640985848,1.2065453980787026,-41.83678256813948,0.8398870987548506,1.0118744459072104,1.4281643493282747,0.0786478090322375,0.0025865001690423,0.9699575009999172,0.0155053396146268,0.017465367585212,133.85518590998043,1.0934646092183429,-1.0567514677103702,358.5802174835785,0.2412950221473817,0.0008431717717224,-0.0415983213053201,0.0008478332641881,0.0474490973478459,0.0008480017509078,25.45119678689342,9.772438916014195,11.888139010398437,72.65205693501251,42.35851486064854,16.785870072747258,A,[]
J1859+0126g,0.9577,--,FAST,1048–1452,102.96849437171196,59.89051596381415,71.96304863327452,-12.298741507570565,8.826171977374937,1.3399791360519693,-0.3442755665725165,3.695824807116529,3.2208138782595768,-14.568969793111584,16.72888314730659,13.435893170738549,0.6309815466176565,1.1267314581946335,0.0396598247785299,4.574895677396221,0.8748670545344908,0.7740017127633334,22.588235294117645,3.9956554736812864,-2.117647058823522,26.65319465551558,0.5790912428244228,0.0189271939262004,0.0577595453248873,0.0176334256794036,0.077409938166196,0.0176529845736013,16.62851981399425,6.1768515149881305,3.642791199896827,17.302783256956893,13.067489139309828,131.85356459708868,D,[]
J1900+0227,0.3742615751558604,5.7051214259716775e-15,FAST,1048–1452,14.916827851470288,34.739145346194995,10.608973593623118,2.640165713167589,5.394258703790529,1.867761954780987,1.9435213924894748,0.6597494735211371,0.5005410235325372,14.35140935387739,2.2129329434107703,3.225019423623205,1.73711185988815,0.2892089042273795,0.0092845124547615,-5.588325722540091,0.3996210457178648,0.2270412115899711,32.37536656891495,0.3672073056119783,-1.23167155425221,103.03064585131476,0.167439334673562,0.0028619044215331,-0.0443841214738429,0.0022569545380063,0.0516622061862503,0.0022577176551445,5.215432633519358,8.751500784832231,2.33531150527245,20.0666885479147,16.19572080597922,45.348118939818114,B,[]
J1900+0634,0.3898721267340766,5.123807676911798e-15,FAST,1048–1452,27.35268147216569,40.28268281100681,21.39514538353152,0.7473270986644472,0.7943773284436396,0.5798931174146894,-3.208212026412568,0.1450495375114138,0.1324839114445684,25.435571136854968,2.5633345155912544,2.4306782560371047,3.479947685414363,0.9807690318497956,0.0486481309151498,-35.22718874994195,1.931550296823936,1.806527238617555,10.9090909090909,0.3849840062222497,-2.815249266862168,66.74494218476632,0.3037209940874062,0.0075133379821055,-0.0977626916720977,0.0060455152040985,0.111458192052352,0.0060545944356802,2.6445490283973645,2.492709578699322,1.690756448654618,7.255132847526934,5.495602055738079,61.67782819453832,B,[]
J1900-0134,1.83233207264119,3.048959161480971e-14,FAST,1048–1452,82.1489303290096,64.5453232831027,63.55440781915788,3.4785734668185166,0.1353433483786124,2.384780068983573,3.624660845294864,0.4286780046928937,0.5800392341131104,10.953547115083744,5.160778750492479,4.019425309983361,2.111987743941236,1.2200373271408478,0.0672270360853235,-16.326692760119705,1.3601688669984693,1.0156795416094262,17.61252446183953,3.5903729462800005,5.63600782778864,124.10330607351122,0.2474236243138145,0.0065216404705604,0.0886011358042037,0.0052431010154012,0.0963875024328635,0.0052467571170463,9.420486451316668,3.6533995841911833,4.8359579048484695,5.385913291478827,5.385913291478827,128.0997311022606,D,[]
J1901+0020g,0.21481,--,FAST,1048–1452,86.20312962264576,69.2973610900067,62.10165312783923,10.26036438027774,0.5167619368197176,6.216470146658484,1.584874107663306,2.4026172224490674,2.317467668587632,-32.04555078381085,11.827381324835804,14.121609553027485,1.24693169446611,1.2114938393708634,0.010648484958377,-5.601821323114762,0.8370245065580306,0.7388635988151302,19.02152641878669,0.428681872327614,-0.7045009784735905,47.67225585688902,0.4340769302193317,0.0103770571696026,-0.0255696113368896,0.0083299716623004,0.0390936496096782,0.0083334225886809,13.979927530779031,3.300150364261146,4.568625876631557,12.504639274003823,11.095637317056664,131.39901421784597,D,[]
J1901+0124,0.3188191645837684,3.24929663925228e-15,FAST,1048–1452,72.74388252012245,38.0816727587799,42.594149047352886,-6.3773690643711625,2.9040111939252817,0.2896961342948891,6.060515041353208,0.7667664013408304,0.9940722805692896,55.41920629681933,7.47350684213994,9.253998325487116,1.214513515627835,0.7840759817654357,0.0067595214100164,8.597580320575066,0.6074780193723814,0.4646889708466144,21.83953033268102,0.633232517233922,-0.7045009784735914,54.124770403028,0.5940847592699423,0.0100493664589872,0.1956588330492761,0.0078131080127479,0.205760609553914,0.0078270116735189,12.048688579504327,1.1680298144215384,4.001272869751749,11.344272379905076,12.048773358378655,80.67582180613279,C,[]
J1901+0234,0.88524028123,2.3034e-14,FAST,1048–1452,92.5306949725552,68.04836737184553,70.11343259938748,13.608137468827806,1.4084350226695506,9.316085741853,-2.1031785709140216,7.065265574734895,6.827934891767169,1.728390194097727,35.3444720449621,30.888371215232954,1.055371034264218,0.7331425433538945,0.0123456659508289,-4.246107003394884,0.8102734927934598,0.7365152540932192,14.794520547945226,1.7665056403997577,-0.7045009784735812,47.74210680673075,0.3821797234482373,0.0130594740918599,0.063724693383384,0.0112303649538627,0.0725006505520244,0.0112355270709085,15.433343353986684,2.1543849326940565,7.040073328278223,9.500438844886611,7.38693590946589,138.161799971233,D,[]
J1901+0320,0.6365844782166424,5.227593392991978e-16,FAST,1048–1452,143.46073841894608,27.664000147066474,31.8777811390667,13.6977009630642,7.577181076159896,10.163409985133477,-19.236089027423635,2.7922445467133343,3.1780468548703205,-20.727869312186115,7.62562395220146,6.506065041082785,1.0585592778731472,0.4536341631210456,0.0144746495800103,-2.5142550366240246,0.192005955219058,0.1975254989943895,73.41176470588235,2.512502772502919,-14.823529411764705,69.18025485241604,0.2731439781830982,0.0046310768080548,-0.0770546701920923,0.0033715831266933,0.0851740079440656,0.0033755031518253,22.221019900766105,9.813005633312326,12.652268009852804,36.883147850953065,34.05961843918833,59.54178128613317,B,[]
J1901+0413,2.663079683044812,1.316273974714468e-13,FAST,1048–1452,137.87356600596564,33.56252345732753,44.03724016934497,-3.4610059004435367,2.6958838008293906,1.7832104286376325,5.990627890211586,0.2899890408531371,0.263799645011959,35.1454747827427,2.493678850030335,2.0645193280210066,3.023386439028233,0.6390341435525757,0.0561003799618884,11.111107150925694,0.4876700266156746,0.534934114873165,28.180039138943247,5.255792449991527,4.579256360078267,68.92069122973056,0.2845282342056338,0.0081201049784861,-0.0764946773720486,0.0065908473825105,0.113976788075925,0.0066198308994648,10.339727610398247,6.136566092235039,4.24515796105786,12.683387185710618,10.569884250289874,77.5997636266725,B,[]
J1901+0510,0.6147566940826142,3.1099513499336187e-14,FAST,1048–1452,97.83481769291367,2.54369144549203,3.659868493102806,27.50784925960248,0.7667581443586542,0.9853069935263576,50.245188442991086,1.9716214587090304,0.2280979627477037,-52.89374179087208,5.368182546399041,2.417482639265764,1.545194877406504,0.2709605075684769,0.0001565215682561,-2.144899899612988,0.0661426390815163,0.0883041065407002,66.35294117647058,2.432376076924819,8.470588235294127,62.05266250531269,0.4564348467460985,0.0070912204875622,-0.0865391272964826,0.0053971615854955,0.1006698799140186,0.0054017281809082,40.95543165550341,0.629378692169914,0.7940087865168558,76.36283550181463,72.12754138416756,6.203559938594836,A,[]
J1901+0511,4.6003689902,2.5338e-14,FAST,1048–1452,104.42689543613608,61.00563393133488,71.45578760234221,-2.1955574810979592,1.628287269249379,0.1298465920262876,-2.737578175976,0.1975721737344935,0.2335695772347326,46.5862378340292,3.5578941229506142,4.252494807161007,1.4836299940253577,0.5161396904979756,0.0495251617184593,25.279508882428672,1.7873886772428165,1.640289044688398,7.562286272594029,2.2519171964557465,-2.2862725940400583,140.98669774839624,0.2374500703596112,0.0062079522269754,-0.0163040390911806,0.0050129024694066,0.0485557813822689,0.00501837637407,4.284322805618694,1.950533540636372,1.3193685557123247,3.17724598252218,3.704847350377548,132.46142153367708,D,[]
J1902+0723,0.4878126283,2.1e-16,FAST,1048–1452,16.738270727047716,38.906071678880096,11.711180420839533,1.486565279437584,2.9298463095599354,1.0400912994892897,6.669784814482848,0.4591474320297362,0.384244517077267,-10.471516276747897,2.262858739155064,2.600854532348638,2.472374851963576,0.5076884189182023,0.0149860425872128,-11.101462943178348,1.1713782863731854,0.9900243901048889,31.70254403131117,0.9606894186223898,3.522504892367905,77.34419487613103,0.1961011391025567,0.0058544386253,0.1633584940857962,0.0043079224162227,0.179427468987605,0.0043245706281925,4.9711962837285055,8.48692599943937,2.8255153339339976,20.407553894717694,13.36254410998188,50.61725209971963,B,[]
J1903+0851g,1.231,--,FAST,1048–1452,93.18352803399496,63.94680445468225,70.8675167011858,3.243543904204082,0.3642717027988227,2.225151472773697,-1.968892803512896,1.118398147039982,1.1758988406506363,-20.06391562397505,17.16187880675845,15.711229118983493,0.6487190173941715,7.1113769619187135,0.0117600836893515,-17.64672469885932,3.94278212092161,5.971435606139611,15.529411764705904,5.114064293178972,-1.4117647058823477,27.61972859093756,0.2847124558954866,0.032291665529058,-0.003423553625761,0.0205636740117243,0.1722233911519466,0.020997690724477,8.388752720248238,4.103625320280553,3.915422505991195,4.0865398623364175,13.968892803512892,134.81432115586807,D,[]
J1903+2225,0.65118538418,4.45e-16,FAST,1048–1452,83.12013102489061,72.9723693878538,64.64373753014064,-7.4862960349781025,5.18492884289457,0.6144601498426079,-3.1400399848431366,2.287559319186707,1.3973707714506016,5.537565148265973,14.64479068994483,9.7089995563887,0.909915505046086,0.6907995781293199,0.0173141157416767,7.619976122109854,1.3641080707669069,1.3408275313164255,16.908023483365948,1.2918276919227785,-2.465753424657544,56.19427471668706,0.2459771102451527,0.0098968594614289,-0.0242583347081602,0.008971070568225,0.0640067624436763,0.0089872545971514,11.179140630972851,3.7107435703558815,3.434476352992244,7.719296344921404,7.719296344921404,137.61610691799444,D,[]
J1904+0800,0.2633559258520043,1.7291708601972862e-14,FAST,1048–1452,106.50290681726705,14.830252316830553,16.37529492923393,-5.479415660050729,0.7651678345466264,0.5030566768399662,9.750429832735255,0.6724722527780429,0.4649688361136217,-13.947762383585406,5.219141663298897,4.079447436935066,2.2768419008624905,0.193775420462368,0.0002886049846906,10.041093758023528,0.5399502690629419,0.5216555130039779,24.633431085043966,0.2589895778428445,6.5102639296187625,84.2325189166069,0.3122390562858231,0.0039148335156086,0.0619437299147107,0.0030113564740397,0.0643361521797744,0.0030118323450641,13.15214171088766,1.087213128057061,0.3866958634467149,15.908787603996249,14.501162970565163,31.205547246064484,A,[]
J1904+1011,1.8565699318203088,2.7609283813031515e-16,FAST,1048–1452,5.93579958592656,17.36008706866786,3.9381156546189873,0.9048087119084052,2.5962109806687543,0.6016993211509635,12.282032348490503,0.2234158874606571,0.2266099038911821,11.585764287111692,0.7724436618764603,0.775855331693128,2.842117153971463,0.3784500290273129,0.0097807431215,-6.5488246563640935,0.1756366649374339,0.1556949063197352,39.45205479452055,3.6400487053951167,11.624266144814085,113.95323189628223,0.4347052618143662,0.0044860424214159,0.0749454740887256,0.0036739818060302,0.084861543851617,0.0036762012449691,2.359066384840004,5.94067440079115,1.163351239694734,16.861288708568793,17.565789687042372,21.298202723286845,A,[]
J1905+0616,0.9897968110470422,1.3518280712383828e-13,FAST,1048–1452,111.316821141215,51.858652177799,62.37994789549862,4.928453581620413,0.3825604311864659,3.3929739499653344,0.9916435759431184,0.2685176771150958,0.3120985746408341,25.13174797556781,3.267342696476206,2.9213912475392405,10.308142897583783,0.2702841045129887,0.0344952005852405,-10.843511118465544,0.2695386395356571,0.1721059425610391,11.079628724963351,0.4839921437812073,0.1758671226184658,186.6792327314465,0.5343858042223248,0.0026696043405031,-0.1981728850668748,0.0020615395758261,0.2004752153994848,0.0020623511301044,7.068280509711879,1.975393627591921,1.7854358670433332,5.124520957477076,4.772786712240143,114.23860007329762,C,[]
J1905+0709,0.6480443321213085,4.941686457394704e-15,FAST,1048–1452,39.82398419296613,22.066808217103947,25.00446163965073,-7.246002705560187,4.346099965577281,2.6879073774069724,-1.1192245163053722,0.2939344918370475,0.2717213271170511,44.09599745954386,1.3382172746808365,1.2191091893672663,1.770050316621439,0.2818651504525011,0.0033245311155678,5.077558586681654,0.0887494013726488,0.0958352013880947,50.019569471624266,1.2673969656328157,-4.931506849315079,193.7131069777921,0.3157539584383166,0.0017614585024125,-0.0035205262721378,0.0014694914389875,0.0151453761750382,0.0014696778636935,16.325517590190827,6.103316278285226,7.81601175486967,29.6515141444854,19.663554348665283,47.07126985675468,B,[]
J1906+0414,1.0433616286550669,1.1460817523240608e-14,FAST,1048–1452,38.419734635137125,34.315679766940725,28.16217681984925,3.091548011542398,1.9460529468819083,2.2385309831468567,11.099758273620193,0.4611173295316924,0.3592606172941117,-12.077362078791012,2.5610250351785826,3.427471568239964,1.139529539585429,0.516748742479787,0.0043845244106139,-11.522348199213251,1.0783060320956164,1.0786865353538868,27.47553816046969,2.0648669921262344,7.045009784735813,61.16975995557048,0.3683018141386499,0.0091358497280359,0.1241032704392738,0.0076528008258375,0.1318024883770475,0.0076618665401644,9.33295602581268,4.35044167043326,5.220808841978925,15.67901463369848,15.67901463369848,62.477856586789976,B,[]
J1906+0649,1.2865643795569428,1.5228280705251618e-16,FAST,1048–1452,114.09594138900522,53.81661411561225,70.86995849093188,-23.175641315190944,18.07523429724445,2.9528701474456547,-3.3910908270720874,9.41222381616985,10.206029592948669,-14.222036096132868,20.848718042211345,29.68013562048779,2.556655373469844,0.4103608615045768,0.0471719191930248,2.319554101604849,0.1580830535985202,0.1512575540235299,17.243401759530776,1.2733185743045854,2.815249266862168,60.75021648217254,0.4385146431324535,0.0050789344730183,0.0942122470132839,0.0038188280933484,0.1132551778892809,0.0038276692156187,24.63406971440508,15.186779983180587,3.004213353524203,14.476134815341872,13.42041634026856,124.68657260654412,D,[]
J1906+0746,0.1440731553806599,2.026782986477119e-14,FAST,1048–1452,84.24263190256553,71.0911624388095,66.48102748629826,-12.661531456075291,8.954696969227227,1.2821916222073373,-0.4929065261913816,5.61027572153737,5.950479547514519,35.42510145602987,27.7834365581244,27.13541766501076,0.8526817675066927,2.36597792696516,0.0456354275909238,4.539213821982061,1.2405857189942688,1.0842038792401762,18.3529411764706,0.5831355520523661,-1.4117647058823477,36.85409491648296,0.5802859701359124,0.0226079464968524,-0.0665363920911145,0.0175701164067912,0.0850365372797265,0.0175909300310718,15.506389227452008,6.035742952851824,2.9474479131880167,8.683564062043919,10.095328767926269,137.57218992510775,D,[]
J1907+0631,0.32364802449,4.521551e-13,FAST,1048–1452,95.96573851902804,62.492246942629606,65.81896372700395,18.2711638219669,1.872648100171169,11.717473139647986,3.948295978708206,8.05390001246958,6.440335048697368,22.947281903004644,18.220280202251782,27.994153449416466,1.2006820758126562,1.488794817373643,0.00118038099427,-3.172369885138633,0.7214501237890598,0.8671255369569999,36.85039370078741,3.0794326623727444,-2.834645669291333,14.385084040775178,0.7040732798643978,0.0397813428956939,-0.1008164208058347,0.0332033035652024,0.1086091102013744,0.0332270999823853,25.43245605750658,7.08788766350761,7.261430789317614,25.208138498393247,33.71207550626727,128.31121066963357,D,[]
J1907+0709g,0.3441,--,FAST,1048–1452,137.4469152672498,33.12405957535873,62.48498025436487,-1.4407966638639005,1.098726948219274,0.7931638473589038,-4.67701909977731,0.2435562059102034,0.2475476139307106,10.711120387435622,3.421196861524873,3.336771506594002,1.899704782009426,0.4326293728270469,0.0327720870696464,26.896004202644857,3.2856894576568223,3.62186645212422,21.46627565982405,0.3405986141853543,-1.0557184750733235,60.472908296579504,0.1225015425389625,0.0064546190008629,-0.0204976741908957,0.0058020466822254,0.0588797687979697,0.0058098212158737,7.490676896419499,5.123086694425402,2.947614721188585,7.815649521923579,14.354438454616009,95.6090398297236,C,[]
J1908+0457,0.8467928462,9.8e-16,FAST,1048–1452,104.542017071366,7.014963734321512,6.966169324355278,5.187223288382339,0.0966249988592862,0.1734774454387464,-8.231833216132628,0.0450074487953831,0.0453112374090896,-8.131588858395764,0.3308043518394745,0.3427589957396613,1.409466083135519,0.1463353973445496,2.8953507345441665e-05,-10.706320251523849,0.1325484414180771,0.1121188681950506,27.259404005862244,0.4142478492822169,-8.089887640449437,163.27365101318105,0.4834825706164814,0.001412554768956,0.003382282772351,0.0011518893655505,0.017015761966719,0.0011520396247554,14.011803059391642,0.5484740137989642,0.3705260536460937,11.485374984574264,11.837109229811176,13.98113305867679,A,[]
J1908+0500,0.2910229194785753,2.592417512143023e-15,FAST,1048–1452,131.43510283882085,32.93282531882198,33.917824376505294,2.5448766785553407,0.7723280828697763,1.6208265012738257,1.8235267475335823,0.1770166071414698,0.336252525289529,-18.996472488617457,7.18964844967204,5.221133545186138,6.523957304193555,0.718307999153204,0.0141214111269984,-16.884552342005044,0.5287827284886966,0.5978097526374491,26.066536203522524,0.5684833476244266,-3.522504892367905,598.9821994651742,0.1427818943370728,0.0020260319513032,-0.0229297837590678,0.0014330450566782,0.0355942106859172,0.0014338514923418,9.897613913157173,5.800990355794815,3.233903910660948,16.265796806242005,5.698282129138289,66.85064969532728,B,[]
J1909+0616,0.7559927608522158,2.0580617211139008e-14,FAST,1048–1452,35.83330026383471,28.69080626985704,26.473473654688902,5.081020677081169,3.0174685738496567,3.686143033086209,-5.01671341564666,0.6669897414457866,0.4330596803789861,28.696614836946303,2.4075858816681084,3.791884175602654,1.1129669618117186,0.2882318065445184,0.0075409518429865,-6.610210027452841,0.3686967306178168,0.299204772981767,23.92961876832845,0.74270263067994,-6.510263929618775,91.16280305771755,0.2389455443028115,0.0027402192177437,0.0635423656295296,0.0024090732330474,0.0700272296536274,0.0024101071875794,8.980760766008494,3.807622488040911,3.779077406143414,14.51407837320965,12.402641423063024,55.16427992454594,B,[]
J1909+1205,1.229312421,3.4e-15,FAST,1048–1452,113.51053466014174,38.03692777896295,31.201906137918783,-3.4178530567594216,1.7283746517038403,0.5307215511596062,10.07454400170983,0.3312428067107422,0.3016315545270043,49.073816770597126,1.9249185029329183,1.9070869051682564,1.0428657349776405,0.5978983890203253,0.000988703021014,15.381188778009747,1.902822616153097,1.1771936261730325,26.066536203522524,2.4951453623409288,9.158512720156557,35.36450240063508,0.4269229963276061,0.0113385404930804,-0.0953196007155368,0.0083300192001817,0.1093445844371796,0.0083433400199549,12.568443576957971,5.21720165474562,0.7541766827940938,12.117236820207989,13.949299383314536,69.23883391688173,B,[]
J1910+0728,0.3254205036966234,8.308267149063707e-15,FAST,1048–1452,153.52711789541758,19.67731646497768,23.129986593322343,-3.923808019503517,2.886600881250991,2.924116132066538,-2.121271535277872,0.3597396866418112,0.3221250503766346,-9.337232889533356,2.0141116610966545,1.653775710229798,4.1363946956132365,0.5727942429514776,0.0183012370129977,6.514323620108499,0.2451181215183497,0.2373894393950388,31.70254403131116,0.635820924966593,-4.227005870841499,368.4861430943057,0.1529827937405356,0.001783191238899,0.1042503105555794,0.0014400514482687,0.1082468508125007,0.0014406810201839,8.475498265027218,4.092282479891275,4.919246150072862,14.434501458851296,13.730000480377717,42.80730305830002,B,[]
J1912+1036,0.409349485862,1.5762e-14,FAST,1048–1452,68.70639395332302,62.812235984154285,50.06063770412442,25.337861186753504,3.289823387174632,17.355297311817882,10.2761428460468,12.515565247975214,8.746934202496707,-25.754918752316364,17.895978348138264,34.84414732632503,1.1501664007284025,0.7836029039872132,0.039406214016854,-2.177171304213288,0.2051247475179527,0.2394178248511158,29.64705882352941,1.6408158665721713,-1.0658141036401504e-14,43.45436838707242,0.5854084658286605,0.0129498119465695,-0.1757991185867332,0.0107320416298842,0.1798200916629305,0.0107401034297517,29.20639134151165,3.891853197535677,13.2930395784321,22.276142846046795,23.687907551929143,112.8728736882787,C,[]
J1912+2525,0.62197624506,2.25e-16,FAST,1048–1452,99.8028648924327,61.82432740082024,69.58920306869621,-2.014118745913379,1.399882364616957,0.1243451189259019,2.0065588587663585,0.2210257497032102,0.2872793259899711,3.933822414449649,5.491017063461614,6.831411369716658,2.326850659544628,1.051860031269419,0.056533469117658,28.037500701016608,3.1796384344595374,3.2043447679151136,9.501466275659816,0.6101457875283864,0.0,105.0251583639903,0.1216482578880825,0.0043445610492783,-0.04942594414536,0.0032049203495087,0.0725764324794209,0.0032123828760024,5.108393059517977,2.580742882845186,2.039442139812296,3.9420427297340974,5.7015735215229535,131.41353046951645,D,[]
J1913+0657,1.25718110369,2.829e-15,FAST,1048–1452,72.65184805707605,75.93242782753586,56.9354122155651,-0.8445952655424338,0.6180048114238974,0.1262156197212262,-1.55774799343018,0.2243091804059851,0.293853127618263,20.45861587302856,6.639390504732038,8.768372330852134,3.9705823702179535,3.314386487026088,0.2310417315259192,64.75457378995176,18.848910066323484,14.699307218293718,13.385518590998062,2.564427010920539,0.0,33.1954460395716,0.175245378636795,0.0201252056164605,0.0681939387887716,0.0140836239606626,0.1122101543854506,0.0141503870806347,6.428735904890146,2.800533333699141,4.4731843313276896,3.021508366648108,3.726009345121689,132.86784004310095,D,[]
J1913+0904,0.1632505367862031,1.7620275453554832e-14,FAST,1048–1452,165.185502637032,10.656300707216332,15.091428329990435,-1.0280777349221082,0.7382867445175818,1.0615825993508126,13.10771925178705,0.2508293921448832,0.1721390884360989,66.64882372594346,2.266685007517765,1.1158990262895685,1.4300883882821989,0.1903484119942307,0.0009909596019113,14.250640203068318,0.5013480125412038,0.7359338685621921,25.33724340175951,0.1597440857019594,4.046920821114366,157.81588259067186,0.713850085582531,0.0063889462700192,0.0713893320768056,0.0046963143681037,0.0872637859416396,0.0047013637717636,3.4954221765161995,2.0563277896961445,3.038322166156979,22.78513860662575,17.858452389616957,25.747729037206767,A,[]
J1913+1011,0.0359108619640691,3.381612681640128e-15,FAST,1048–1452,41.60712126688132,26.91137037896473,27.68110851267728,-16.021881046016006,10.167215722608944,6.073226206135104,-20.61359411772955,3.4786187718023207,2.8151925008382186,3.340236522796161,7.950730487639291,6.7276805355139615,1.294934888434991,0.1864601095346993,0.0008046858509005,2.405827804259679,0.1431894813144736,0.0987098014730381,54.95107632093933,0.0703296195079488,-13.033268101761262,135.3329719532904,0.2180993717523426,0.0030483083225316,-0.0108140775362636,0.0027393176806662,0.0405780577628389,0.0027409371715131,21.749588299110474,7.81603659840736,7.095480035239042,33.64686221949079,31.53335928407007,54.592478891642,B,[]
J1914+0219,0.4575271458212469,1.0181236183637197e-15,FAST,1048–1452,56.106049560955526,19.49320938334182,19.73641982502076,5.541785815296636,1.0038595070508318,1.6121155362446746,4.045851306913497,0.0860211111954862,0.0722869219846726,-5.857725160188278,0.4954374841061097,0.5969278771301587,6.222335372411306,0.6262129114190182,0.0331600307991921,-8.59539008068629,0.1484896915021671,0.1042090938436253,26.066536203522524,0.8939595018205829,4.931506849315068,356.3451064465013,0.4491698818574532,0.0015719946209237,-0.0357794964125672,0.0011709274014724,0.0612799786773286,0.0011724278005372,12.443803587953171,1.5582082979708385,2.646689157086546,14.965616473254016,9.329608645465369,39.229629208362574,A,[]
J1914+1122,0.600998442042342,6.532502937371876e-16,FAST,1048–1452,34.049543163141834,33.92163476497228,26.68388798147593,2.086010277878216,1.4246104544026967,1.60866007839472,-3.76080804160504,0.1495680469039175,0.1104786561161841,-24.30240177115531,1.2533979565997235,1.608887536573416,2.023418182942977,0.3856360683169186,0.029592265395582,-15.382255368355247,0.6157519038886736,0.5531010350581838,15.48387096774194,0.592262807105874,-4.046920821114376,73.8918440060062,0.425456990393571,0.004917590936656,0.1519180229935545,0.0041098281748546,0.156391290750942,0.0041123661310513,4.911788158977446,2.7340717496221107,2.5968476253378365,9.78757905516916,7.676142105022535,60.605522746448216,B,[]
J1915+0738,1.5427074142695745,3.29693942381842e-15,FAST,1048–1452,151.90091296751942,22.37504332252888,24.900631933731304,-0.6652345094231897,0.5252691711037906,0.4795547838520342,2.793080639517701,0.0917959066034392,0.0788813763140416,51.10007922207011,2.509362519251866,2.101041072900763,20.15069934955136,0.6356906010989611,0.0595818741624327,40.56733899821692,0.865368632893933,0.9745486854351242,7.56228627259405,0.7539069119388118,1.0552027357107965,244.1059907157764,0.3539809573327321,0.0033127451633667,-0.1660499669528151,0.0026663002149041,0.1708683530748153,0.0026683405272188,1.9188785175532388,1.1507451799884256,1.207188084892118,4.463818304393133,4.639685427011589,47.275675256260186,B,[]
J1915+1410,0.2974941216695512,4.894202209264958e-17,FAST,1048–1452,106.3355088490201,49.40184409184428,36.47578465387133,1.694028194810229,0.211567259970679,0.8818209307815004,12.349570887099455,0.5599458297285711,0.4356075674753352,-8.713793079230292,3.929217897546309,3.6135151094222753,0.4953627770107769,1.3104609830060274,0.0065812826946789,-32.461577310923985,7.845698255611005,11.737849278916611,31.05882352941176,1.1935900199704408,9.17647058823529,42.657997351643054,0.3043336203297247,0.0148818593522137,-0.0391331927275874,0.0116552146206856,0.0959976358345761,0.0116940239584198,14.928054908136865,8.54745082983174,0.1829652747119435,11.64368853415828,15.878982651805345,85.87762874571561,C,[]
J1915+1647,1.6162314951259928,4.0549507728555475e-16,FAST,1048–1452,176.30695642656502,2.150553713638089,13.605453951177964,0.1113958030488776,0.4038765505425642,0.0649388290121055,2.8849217095095434,0.0249641536220579,0.0214442466404984,38.61239322600493,0.4764993414810945,0.5756371972439496,29.78438612146737,0.3639644351925426,0.0059207052011522,-33.129518125310085,0.4810694510975111,0.4801955658621679,12.662432828529576,0.790392911075107,3.253541768441627,179.96661953738837,0.3516030989387937,0.0020240443759199,0.0731117567994751,0.0015865271952819,0.1216572864286577,0.0015937265623862,0.4165785535441368,0.3117167486937873,1.462581841676391,4.907393619621908,5.468766614867599,15.756007664816051,A,[]
J1916+0748,0.54175211381,1.0708e-14,FAST,1048–1452,1.410934418739081,4.4223390593419705,0.9038166597387578,-5.434655335143344,3.4832895177388075,17.298859557099536,32.55523346950507,3.5051961281481496,3.3787497575122103,-1.0828653211745072,0.7660710042482015,0.7542095697326594,1.9609107389058704,0.1837911131192402,0.046900913332686,0.2599814421429932,0.0111094625904103,0.0081265913962991,311.3894324853229,1.0603451987282184,-5.988258317025455,153.75309339982996,0.1664931594843534,0.0018333470472978,-0.0277718689484594,0.0011753086365043,0.0329252582881844,0.0011754237582338,2.7986592453412205,3.8725535588808944,17.326886695236634,186.48869726598252,167.46717084719586,5.326155719080728,A,[]
J1916+1023,1.6183389208453556,6.809454243079566e-16,FAST,1048–1452,98.87243381155724,62.103967372750105,68.2498837008918,10.391214109847438,0.4305134544145659,6.984864528659513,-5.909130641150235,1.611640321944228,1.4395659103873095,-18.194585925229376,6.910867796456895,7.463839372270545,1.32368048368634,0.6284911935307926,0.0141285613164641,-5.477869882682013,0.6246393513371835,0.476250579861766,26.066536203522524,3.2294739260205336,-4.931506849315068,47.72003954854581,0.3108443061585264,0.0070765521823722,-0.0307229609074508,0.0060618693115653,0.0617780849992379,0.0060710561891736,16.347608881868993,5.569763476682376,4.675643776667894,15.578149202294,13.306390915122828,130.35385107364192,D,[]
J1917+0834,2.129676060260779,1.7493002201982466e-14,FAST,1048–1452,138.15760665334724,25.5756130593044,19.6226514089832,-0.7455121509428999,0.436878121916876,0.2583538063406372,-3.051854697538189,0.0493586388790086,0.0558841704707893,-40.38392205733989,0.3099405733748384,0.3466047009307758,5.85107117108359,0.1882348587106381,0.0004920655926179,51.26967908227249,1.6302920534474126,1.5792889719300476,12.48656570591108,1.040928595380686,-3.341475329750856,222.7140427187067,0.3634698472180722,0.0019293410412745,-0.0540139384911646,0.0014686976617554,0.0577362352656941,0.0014691294007007,4.25943744539168,2.324724815907259,1.2958399993056473,8.115707588734411,5.653567872075884,45.1982644682876,B,[]
J1917+1353,0.194636976966773,7.198265233119055e-15,FAST,1048–1452,71.80753993165432,1.0298831488980085,0.9862578715427616,5.641099693208805,0.0367950890449257,0.0371159128088045,7.005258619611276,0.0312359479678647,0.0315187037636848,-67.63883684546582,0.3124614262030576,0.3032140231628091,79.60499813168438,0.0979540392472131,0.0004269940988308,-9.664743683877436,0.0132184740111718,0.0141821703371434,32.1836834391793,0.0950395903350011,-0.8793356130923202,1539.8897643483683,0.4941152921731122,0.000260753744588,-0.0927405672067169,0.0001933939503889,0.0934742214702216,0.000193408562613,16.499160640386574,0.0716232954621815,0.07303640090274,25.559240055859444,13.248541472566824,2.01614102044077,A,[]
J1918+1444,1.18120133058681,2.124283974347295e-13,FAST,1048–1452,172.95897702454525,6.231987614631066,2.31692157616962,-0.1391099125265474,0.1231038149026038,0.0448000830369632,0.1844585938086784,0.0036160083618095,0.003581895478995,-5.774911246825551,0.1317470128647331,0.1345775469378649,178.09508072430256,0.1439410263698732,0.0809612323631085,50.48756918155025,0.3118525254206474,0.1640054308900005,12.662432828529557,0.5768210999821038,0.087933561309228,678.5033790505036,0.5296301105464016,0.0010124970137559,0.1250032368414234,0.000758409047754,0.1277728395034602,0.0007587054847941,0.7955347812629421,0.6263835929154902,0.2505268104049201,7.482944182475023,3.7897346074872273,8.548909190800686,A,[]
J1919+1745,2.081343459724,1.705e-15,FAST,1048–1452,148.13892371706137,24.65717042619829,28.232473792819206,-2.0261573648211035,1.547078248888412,1.3453244300014109,4.063880556850995,0.1124663189260495,0.098230275382809,8.075991448340963,0.8426077871171369,0.8011559405951925,1.8152797797880604,0.2683978389634756,0.0210638886953529,14.930004596112855,0.2453903540805679,0.3042008791977988,14.421104054714196,1.0180526780221937,4.308744504152413,169.28115608394572,0.3263805647109282,0.0043299100948684,0.0143243732117197,0.0033035378565284,0.0705687549589068,0.0033129485291876,4.404119377245472,2.203099484465603,2.36763581790248,6.224346116329285,6.751947484184653,52.8896442190175,B,[]
J1920+1040,2.215801738886563,6.475996319443532e-15,FAST,1048–1452,128.77680575951993,42.00640690197014,69.5025647326542,-7.303164001079876,5.798679611405417,2.337973784290911,-0.0404429322612158,1.292123917013665,1.410380252285595,-40.75412837584732,7.658111416051099,8.341718565536823,3.1071486720868955,0.4290554043020087,0.0571304617248356,6.132751289421943,0.5315224246919472,0.6302858389288142,17.595307917888547,2.168617856209072,0.5278592375366564,150.85599774636674,0.1778707676513533,0.0031798752297179,0.0229595739941603,0.0025528449651853,0.0347607674852677,0.0025535987628184,10.242282008979265,4.15248158775047,1.8360864251164235,9.285070264219714,6.550706861879979,111.50897163462434,C,[]
J1921+0812,0.2106504926780887,5.37409033723531e-15,FAST,1048–1452,144.93149256518518,11.820455684226287,10.786056964608974,-3.4186055301002125,1.1019215650413554,0.9179726507953024,8.700797102959353,0.902777206586478,0.4781199306486314,53.2287349146504,14.903499243725548,4.196502203872868,1.4905464770427477,0.3057984971080638,0.009549110869262,9.635257351926796,0.1557394415389801,0.1639386799574396,11.07962872496337,0.1029120978617993,1.2310698583292723,304.60773845061294,0.8025485577038299,0.0023224323188918,0.1031069272760334,0.0016021532618885,0.1052402192733768,0.0016025300442175,4.760407952773358,0.9758363562977096,0.9141820369202984,12.83367448449331,11.07500325830865,22.606512648835263,A,[]
J1921+1419,0.6181877554997562,5.60075370547291e-15,FAST,1048–1452,17.799741315276375,20.728690399877667,13.456928784060576,3.771192272017328,4.032860994786223,2.839033427566559,6.5386379744328496,0.3943526415270817,0.3040711521983823,16.900646795234042,1.299039798015713,1.740566195110718,1.06807121698948,0.2269536950588053,0.0121757308519405,-4.6477230534713225,0.0971949566589147,0.0905042514673883,32.02346041055717,0.6052551339166707,2.463343108504386,139.1839814166271,0.4519442864728369,0.0023952195908089,-0.0789647990130405,0.0018488973418155,0.0843450241916397,0.0018497507356157,6.549043683522502,5.484813779600911,2.8373491735813943,15.86415117091378,14.808432695840466,34.18561918393824,A,[]
J1921+1540,0.143,--,FAST,1048–1452,107.65930502439036,56.72299578367634,65.43359356591145,6.043061354866094,0.5129374165155163,4.316225616588081,5.800477924040262,1.0634735541551867,1.1437839463533273,-29.837012357882585,7.197972575228679,7.329275371681874,0.8285745866893445,0.6453824711803314,0.0396768546086662,-9.051239403209872,1.2925046498105166,1.2278928444560346,21.83953033268101,0.2884905270216059,6.34050880626222,38.65709098594159,0.3255982952144889,0.0133168826461079,-0.0744689120455806,0.0120836798943261,0.1178445676670238,0.012122871097902,11.862120027920616,5.398721740815164,2.46125439601904,10.755295070088906,11.08423526259213,122.1565893495878,D,[]
J1922+2018,1.1727634020200903,6.487501607004649e-16,FAST,1048–1452,4.423678880643795,8.14094978007116,3.331164206092111,-0.2121681269694437,0.1599114017814276,0.3845972225482807,-3.2489958127690355,0.0374208601846346,0.042312834318928,47.5161640606114,0.4541160283349512,0.5493264477743125,24.78088821538958,1.069195400560723,0.0427952357344203,20.82921407699129,0.4466599356552621,0.4193343545334933,28.884540117416847,2.2943394277580795,-4.931506849315067,173.8564489999145,0.4181471140415495,0.0024500138083266,0.0789734013928304,0.0019003030610546,0.0899750535350115,0.0019020553948632,1.1046653260219563,2.010274056004726,0.7844400161991558,9.784272288992227,10.48877326746581,11.472113986163272,A,[]
J1923+1706,0.5472092397047618,4.281962713861167e-17,FAST,1048–1452,6.296076866064287,19.512874144729995,4.167413482847699,-0.1300399608693925,0.0859793027236111,0.3860904545014461,2.4625895852787454,0.0720536594742502,0.0853259955368552,12.46628639913768,1.2368677423219996,1.5801067701699356,10.76654869075769,0.5796849144562657,0.0105128136384369,48.3191381258227,4.257292864890886,3.522780992402609,17.94721407624632,0.5411599189672651,3.519061583577709,62.59736122680575,0.1882911796963191,0.0040157410976978,0.1106267691446287,0.0036535595924136,0.1611653752296287,0.0036784176506469,0.9815949068106494,2.9150161661173835,0.6404624074306866,7.918642086275499,9.678172878064352,23.68028762757769,A,[]
J1923+4243,0.5951928585118446,2.532919952588029e-15,FAST,1048–1452,179.5004470906639,0.3528786761128515,9.443551059131892,-0.024215295883593,0.0174798596460731,0.460202014877737,2.23037018307314,0.0324364114308215,0.0279986116262374,-12.706109958515912,0.4770830691328491,0.4275348138120218,640.6787322112099,0.411895761641972,0.31839289227878,20.62938224854637,0.0695839134577092,0.3731071308693359,24.65753424657536,1.1627878624237298,0.0,438.8169714222436,0.2346603293286852,0.0013343118089843,-0.1278279417999272,0.0009410463409616,0.134870109849581,0.0009420768654876,0.1124906536945,0.0708770329189829,2.0533438281368253,11.036632413992914,8.218628500098589,9.796429735244743,A,[]
J1926+1434,1.3249221945599483,2.1948001526934282e-16,FAST,1048–1452,177.18743532247566,1.6514253530245924,10.901556414814053,-0.2373547614333024,0.1401029063640143,0.9190453385888656,18.71534049728952,0.1826744697718894,0.2023637251822378,-21.69224931786336,0.4321297586580463,0.5130724426668785,5.924173589734163,0.2565869613578844,0.0061706183630789,11.844899480676691,0.4821995955054881,0.352603036538321,50.72407045009786,2.589709630754556,15.146771037181995,256.16664287837347,0.3095021269272838,0.0033340893893956,-0.0717433147855504,0.0024327245548567,0.0904563972351825,0.0024368972248091,1.3070930988517817,0.7010226530237018,4.747705699691241,21.88559490042064,21.88559490042064,12.552981767838643,A,[]
J1926+1648,0.5798376648896764,1.7995295110629832e-14,FAST,1048–1452,43.9429345224017,11.731537834161776,14.769390901872791,-9.278647105004058,2.759651956797587,1.7616543813665384,5.892774920916373,0.6054186688989853,1.316930791524448,-8.548200326432045,2.9044981866152213,5.773403348414725,1.0473409616216205,0.1052056241547714,0.0006532354900588,4.303886525653518,0.0218022857144797,0.0234293721760261,25.85246702491452,0.283204169595068,-1.934538348803116,419.815248151182,0.701641770198823,0.0011109588179406,0.1046600758761652,0.0008256318868095,0.1071127892631266,0.000825848598898,12.335348811477994,2.154490041879358,2.094775310779107,18.819008433373632,12.839526264345784,26.50092873603457,A,[]
J1926+1857g,0.27873,--,FAST,1048–1452,91.05786536915144,64.05412975305666,67.48428519289183,16.87791241972727,0.7323545375518101,10.652645205602116,2.452870330377433,5.962479880988214,6.440493330574268,19.06952185333361,20.47934884074946,25.884317731195967,0.82963129559219,0.4603211035417663,0.0030117490577592,-3.443729990623988,0.4238616978964056,0.3787772812466912,19.726027397260275,0.6100562215300264,-3.8747553816047073,19.772884024232297,0.7731574762633571,0.0202363926064357,0.1170425132587952,0.0146190516047042,0.1367390841248858,0.014660682858761,19.461367422987795,2.4945172264756823,8.038330274414742,16.190639410612278,16.190639410612278,131.5384149459485,D,[]
J1926+2016,0.2990717782966,3.50084e-15,FAST,1048–1452,99.42847495032984,11.802905969176976,13.13223012763973,12.002618330014474,0.4884468302198677,0.6907930652807899,2.5332864259489,1.395485258320086,2.18009891941028,-29.22552767184031,9.438313172841774,6.188482536675707,2.327962706021,0.5297526383489362,0.0289426552139224,-4.74373914450154,0.2873868863219204,0.2848845850946322,25.362035225048945,0.5872562605713292,1.056751467710372,96.44212809028446,0.3903291367238088,0.007906683822711,-0.0911046994175101,0.0061023225822254,0.1029322913454533,0.0061102075731406,17.11057437082738,0.7498582955383757,0.5636516153526117,10.49998167581234,9.226045721447932,24.935136096816706,A,[]
J1927+1852,0.4827663596312356,1.1608885861561374e-16,FAST,1048–1452,11.294286705461689,22.01025848279549,8.401362808360943,2.922591233734184,5.343997696951431,2.1713700313095243,7.958154142418763,0.5954422302579161,0.7468979208422724,-30.759826316370148,2.6375643936232684,2.099180171131497,4.156497018104411,0.2025111138108499,0.0099496348344629,-3.841163944512264,0.1198206591701627,0.1056551832585075,25.85246702491452,0.2361675492749907,5.979482169027846,163.25944239651938,0.2862662823495615,0.0014698658517185,0.0960437577111021,0.0012532069832111,0.0973621069392905,0.0012533493282837,4.068088910778453,6.178984993644007,1.6852840149258437,27.654938187820623,12.442765769189652,30.41162129115643,A,[]
J1927+1856,0.2983150118864664,2.242433451942096e-15,FAST,1048–1452,176.71140101466358,1.9836623443373185,10.64214405245221,-0.852935519310769,0.5132802392635867,2.7644255326993123,16.07643752096802,0.3432685725543258,0.4044833216915151,34.41048819700228,1.228672783157137,0.9696236136783228,1.877035743753356,0.1149862926722815,0.0017245007913564,3.853650067881486,0.0923973622769391,0.1058456334680824,74.6041055718475,0.2914739570176116,6.510263929618771,310.8530626259386,0.1996649738491693,0.0019593067646625,-0.0181935957596567,0.0017274285485809,0.0517121158752474,0.0017291137104952,2.508468570231193,1.1702495918423084,6.986280766413606,50.38728796085073,26.457669192522268,12.625806396789528,A,[]
J1928+1809g,0.29446,--,FAST,1048–1452,155.37068824052602,8.29167738604437,8.002329738263427,-11.546803667123683,5.7178831658675335,15.330692055268642,-1.4849713759905114,3.732907658307752,11.166386859385554,38.86537803889634,5.194801339474999,16.421442467113437,0.7351529956932656,1.4353179076599891,0.0357141673967548,2.08197698321412,1.6381012549835812,1.0147660203178468,171.42857142857144,5.023251813941248,60.0,22.82161393530708,0.3787526378241519,0.0261051670051026,0.0539005594444947,0.0142753598941907,0.0752833862234498,0.0143150813528042,41.22284025503977,11.176373869232965,15.83192565689739,141.48497137599048,141.48497137599048,16.294007124307797,A,[]
J1930+1722,1.60970633781,8.808e-16,FAST,1048–1452,42.466364503075816,68.20928245511448,33.30414371437344,2.49562730086692,1.4319403160804511,1.914981020942227,6.408909979423854,0.4465704303062487,0.483437035501999,-42.35381484470945,4.446249413962995,4.517005352599114,2.888566645361148,1.5657938318835236,0.1203868693687315,-15.505479010160045,2.024617708993471,1.997525052901571,22.588235294117624,6.517566282310026,4.941176470588228,36.66693876366094,0.3514943999249217,0.0155500661581132,0.1343185948703466,0.0112272852931859,0.1486479833039185,0.0112607050671648,8.185392622102551,2.657620249217831,4.998155850616571,8.526557038247375,9.938321744129745,101.51342616948791,C,[]
J1931+1439,1.77922557495,6.328e-15,FAST,1048–1452,78.19761944492986,37.62783141257411,34.65035910693257,5.752803398433812,0.2239190468133785,1.8141622843406964,5.733346249666742,0.1914584013902915,0.2072288115496814,2.709422104578462,1.3492082136160677,1.3071420328753032,1.4975689599206072,0.2910959671652326,0.0028189767515316,-9.765469765761296,0.3699483522325124,0.3516910930235006,17.94721407624632,1.743731572850054,5.630498533724335,118.20511141935454,0.4834835564530426,0.0042213176038272,0.1183743473666198,0.0032957696235949,0.1201833228885736,0.0032965537197817,10.564419359384583,0.8312899800452317,2.090992694485302,8.372642437350024,8.372642437350024,72.27819051950668,B,[]
J1932+1500,1.8643318674855427,4.587967972001213e-16,FAST,1048–1452,85.0531255708181,66.01559035557288,62.46445546343477,1.8203426090192327,0.0939686887264357,1.1514572895108284,4.579320327529329,0.1283159827215332,0.130072229149821,34.93852063054236,2.424571190970333,2.3414159021475243,1.506434188146052,1.8945818017426608,0.0102789724508589,-31.363305670486355,3.213154122248969,3.897758918722033,18.31702544031313,3.677299130014097,1.7612524461839527,70.91405977836268,0.3307904204409085,0.0093222638574852,-0.0238826267304831,0.0079364958830969,0.0492258324671127,0.0079442737399695,9.314951936320806,4.648342400490576,5.242356917987945,4.931570816766129,5.636071795239711,128.48004581900764,D,[]
J1932+2220,0.1444697651444242,5.757173111382096e-14,FAST,1048–1452,13.54002115845976,12.019420474962365,9.934245136720332,-1.431634281731648,1.0462866417686327,1.199215036483578,6.713803446721022,0.0720693811797934,0.1087423415951436,35.78596150552129,1.0878722599705242,1.4567905040687137,3.1204451872930905,0.1218463416064987,0.0089708024444936,9.370928258831045,0.0559635106891445,0.043696539191389,23.917928676111384,0.070583426252383,0.7914020517830913,291.31687209553326,0.7413919028735462,0.0018115716737444,0.078831924639619,0.0012881168422783,0.0825002072293589,0.0012884830375722,3.008270884157862,2.218588251980248,1.5924457819758742,19.288302713941352,10.319079460399571,21.95366561168269,A,[]
J1937+2544,0.2009802024421819,6.429166572519382e-16,FAST,1048–1452,33.782492656186044,3.761834751582292,3.557594737475004,2.748020551843287,0.3075192070856012,0.2949978101299182,14.561556841580549,0.1098191045414314,0.1065687493405249,-39.55580901651787,0.6205725134618731,0.7077690328520134,3.239721864980144,0.08699196169034,0.0005314656693031,-11.597824042663618,0.2117369404624938,0.2075300646310616,42.91157791890569,0.098177206751596,8.353688324377131,340.3789666549582,0.298337095547611,0.000895431964646,-0.0284680123114551,0.0007070651432771,0.0369831594019438,0.0007072868614006,12.601023287326518,1.1069536304521903,1.088543479928977,22.03590955286535,20.980706817154555,7.319429489057295,A,[]
J1937-00,0.2401,--,FAST,1048–1452,78.54898540371893,40.91703736553707,48.51228347225575,-9.86097891068876,4.614568661028658,0.3024674504713527,6.827145659968384,1.8539660161762352,3.4362346203691723,42.34139152390655,13.376650730492024,20.378561201088413,1.790188632620195,0.7339523237763812,0.0015756018188783,5.722908764058647,0.5561018997257934,0.451275628749455,19.02152641878672,0.474451725084452,-1.4090019569471623,65.06397170950628,0.3111898093427964,0.0073570845946876,0.0154284152343494,0.0065142584906889,0.0423515851723996,0.0065196951979772,13.424759275860009,2.833888071336098,2.807691884308248,17.04240984783532,16.33790886936174,89.42932083779282,C,[]
J1938+0650,1.121561892,5.68e-15,FAST,1048–1452,48.468763153777246,49.69477172088197,38.65309317993764,-1.0726692416308985,0.8260404183405193,0.3478532441423774,0.6439657191663615,0.0810757215394515,0.0944756885602972,15.9803799780496,2.524148103106693,3.133705252928525,2.1866541944700657,0.3867675310191001,0.0395419557728975,39.98791174527807,2.458409610085262,2.25963411719669,10.376160234489507,0.5484966322656559,-0.3517342452369321,178.4709101194188,0.0932818785023043,0.0024154596344082,0.0396523113641567,0.0019906851167155,0.045520403225404,0.0019911282298299,3.997229481800164,1.2606627397801375,2.639717493973518,5.304444468555706,4.600975978081842,88.34786490081962,C,[]
J1938+14A,1.661,--,FAST,1048–1452,175.60432054731606,3.0408045666639225,12.271758846601102,0.1005967036262697,0.2750373837943376,0.069351438162972,1.8253210268395952,0.1140455959007562,0.1139492795738652,-56.81474518179694,1.0519487796635474,1.0323257862348498,65.82043452666463,0.4748540094219748,0.013714885254501,-43.65322909989664,2.158333628699147,2.72440884936141,11.964809384164212,1.6231391721589867,4.046920821114366,275.41523765578506,0.2313163754794998,0.0040005215393165,0.0788120133427654,0.0032451822941525,0.0919156796325975,0.0032493573689832,0.4640771914312356,0.3158587900447104,1.2489923217717696,9.259722961430189,7.148286011283564,15.312563413265025,A,[]
J1938+2213,0.1661155731566,4.24423e-14,FAST,1048–1452,130.99793699181288,1.9106515536229551,2.255054702615155,8.329475462846679,0.2501675840035151,0.2287929826802237,12.780724722435629,0.3710912007545186,0.3911402219058413,-63.15303827554629,2.322456266475271,2.337012470926439,7.182837607097578,0.0766762328451609,0.0002800371794666,-5.2098986323211625,0.0194344332103968,0.0230795084643471,37.459697117733256,0.0811174248962592,0.3517342452369352,801.9875770974681,0.4705239306735564,0.0005380715776676,0.0253435547661297,0.0003957425334986,0.0384037916055859,0.0003959015695362,15.54877195983657,0.3967992636328421,0.4495539824668766,32.03817464915766,20.07921031110197,4.16570625623811,A,[]
J1938+2659,0.883331781241,3.2275e-15,FAST,1048–1452,137.52978054194273,32.321904533288546,46.79744784875288,-0.8598415939304654,0.6419622267767519,0.4841511119397413,-6.499464711771638,0.1192439052890437,0.1218394742290902,-24.30214267182357,1.703291180895448,1.83491621528821,5.469246574957323,0.7638655502773828,0.0355378004721389,44.99428528795862,5.553231537846067,4.952977193606415,16.908023483365966,1.7675858509999007,-5.98825831702544,44.86917499942127,0.3080599091648039,0.0107338010978641,0.0562974438626784,0.0101283396606274,0.1550781013691743,0.0102044111622458,5.815706161457581,4.044860442085807,2.6842363479267743,10.05630828235753,8.26071715795558,79.11935238204143,B,[]
J1939+10,2.3114,--,FAST,1048–1452,151.74488431683858,22.19622524300658,32.56659641674207,-1.520748142420124,1.1820704683450804,1.344954280022827,-5.289462244353566,0.1590379153029779,0.1410844075686919,-35.60900490489121,1.339920493475084,1.3166611603346752,9.632897441099797,0.4676384335731107,0.0346667380287293,17.837871858572043,0.5413680732243407,0.773390728024161,16.891495601173023,2.263538836087372,-3.695014662756604,133.6214746230289,0.3922229912614067,0.0054396968123815,0.0243178059839592,0.0038731505791595,0.0611016542105807,0.0038811780131246,4.365867105542614,2.569980680008887,3.289375226913269,6.5211337986057645,6.873039956963535,54.76282165974865,B,[]
J1945+1211,4.756796379379277,3.7787276697442586e-15,FAST,1048–1452,169.49751516433838,8.006642254566799,15.862035826774076,1.8740652960115065,2.683769745163945,1.4263599610826367,12.869276830997247,0.2055386842388493,0.236353267704434,15.887584627294691,0.9893360554933892,0.8585330644273377,7.268928464898393,0.1010268888586578,0.0055490843322036,-5.5737823951186085,0.0763645750568997,0.0866527492412956,34.99755740107475,2.3272457025776228,11.255495847581823,158.96397728832187,0.4368717164853078,0.0021341118527618,0.0191383774917391,0.0015848055834737,0.0625729974539848,0.0015889947826372,3.4386250532045195,2.292909246784079,4.287513444450051,17.881489825623525,17.002154212531202,23.868678081340875,A,[]
J1946+1805,0.4406184769108469,2.409237937321763e-17,FAST,1048–1452,156.8175506997538,1.1346976253676928,1.3670055508004282,-16.817991132306958,0.8471311112602677,1.0267811608925967,-21.69582730552441,1.295801990796832,3.661904969520439,-33.46515479634403,1.9799243632185792,6.16574325288547,39.15541466741952,0.2794014518393766,0.0020683789663991,1.3605816834075792,0.0066719139451199,0.0078070052188612,61.29158512720159,0.8606807209839893,4.227005870841488,663.4257023771218,0.3764854726865616,0.00046478775113,-0.0924397434396768,0.0003344025058594,0.0926486182102792,0.0003344131816923,22.796397317529813,0.8072864891692346,0.9878447643291912,52.34161986912521,43.88760812744224,2.501703176168121,A,[]
J1946+2535,0.51516705131,5.641e-15,FAST,1048–1452,156.27193179148753,18.53907806293438,32.65379701938849,-3.435087941880367,2.661737174951581,3.78703722891578,-0.5255968033660575,0.3879790987785759,0.5057408930957185,-26.397420004326246,2.320662393771346,3.1168924311604904,1.9718773552901945,0.1633679931414111,0.0141889597564721,6.715818515175828,0.2088413898869134,0.2707212218314128,19.87298485588665,0.2522092863620618,0.703468490473866,137.65514721211346,0.2458318070092645,0.0023380563819971,0.0282577704507441,0.0019014005429903,0.0425877909396676,0.0019023459353569,5.469134059911203,2.280678020585974,4.745376490630968,10.286222108690929,7.296481024177015,51.19287508232287,B,[]
J1950+05,0.455934,--,FAST,1048–1452,77.63640808104915,65.30215955420508,58.71924421519037,-20.459580448975128,13.749467228632067,1.1821202724769222,6.252635228373867,6.417167014671451,4.821128791677073,20.29781726787898,17.84891883848231,12.889457378109835,1.2737377399634988,0.6612129863396972,0.0243896237202503,2.794502280525846,0.3277530142657738,0.2874314357636143,45.17647058823528,1.8176906722521136,4.941176470588227,49.007907551416544,0.6084354863445999,0.0124063024143168,-0.1027211410588203,0.010130601152437,0.1133712333662128,0.0101415770812333,29.07902333752537,7.006647977415802,8.762834063611232,19.66439993425621,21.07616464013858,124.02140376939543,D,[]
J1952+3252,0.0395311928547774,5.84480335158896e-15,FAST,1048–1452,51.12895154172775,9.982694331036932,9.582449424774277,-19.001653132457868,2.6981110591027786,2.2044726499719403,24.812714886993746,0.9307658234570296,4.067654343601664,55.19284636386482,3.0782859425822267,10.59788939806694,1.5854554100315126,0.2814239696410465,0.0001376546636175,2.3911894180342763,0.0682802639421429,0.0673008362773517,64.10958904109589,0.077600902478907,-9.158512720156567,99.17020698663892,0.4205401294026512,0.0031869489133215,-0.0316667121502726,0.0029014266013043,0.0439146532907519,0.0029025406063884,28.06858134584064,3.2859983297398525,3.3197057452572283,57.57201038601528,52.64050353670021,19.565143755811206,A,[]
J1957+2831,0.3076828651978048,3.109887224617566e-15,FAST,1048–1452,70.16383694923066,34.2633684642271,25.281545331112653,28.32946895701547,3.659855818856169,8.939373237869969,-17.46968955663815,9.84052668748561,12.530648764522802,29.051898586660144,37.457425087635855,18.06043482638498,0.7560239987684189,0.4781083140178602,0.0065130079246839,-1.9822666055614024,0.149953575593414,0.1765437404938112,27.475538160469668,0.6025142422966915,-2.113502935420754,138.20052719273536,0.2940775840321799,0.0035664622729716,-0.005625285362143,0.0031378317659104,0.0763098133815074,0.0031457280783637,31.39253622869548,3.410018055359771,7.835816689299075,29.09395570145223,23.45794787366358,59.54491379533975,B,[]
J1959+3620,0.406081181,3.6e-17,FAST,1048–1452,159.570496381644,14.920329026551713,14.522093485190991,-13.297738501314392,9.727043758673894,9.315620423587529,-15.291217482218029,1.317472604959411,1.1484387922965045,-46.58410200494203,1.6225683839768337,1.4272177552751444,1.132643309922775,0.276556508921441,0.0007213248437285,1.5175541489799718,0.0588450328374321,0.0572970408372948,121.41176470588238,1.588105871755672,-16.23529411764706,206.92418159397715,0.3247520586380588,0.0024371470932817,-0.0171339235250741,0.0018730258527471,0.0256770339607431,0.001873279833755,29.048585503195586,14.020425853981584,14.193023133351218,56.93827630574745,39.9970998351592,29.442422511742706,A,[]
J2002+1637,0.27649748362,2.25e-16,FAST,1048–1452,95.27021187143748,65.30231154353095,66.75244348845106,16.110137697946293,0.882960043075677,10.928305351399992,2.761931964522601,6.028909690072203,5.492100686353274,-39.09481033697804,18.91430483484522,24.544216142926267,1.2857475272666763,0.2909847748824359,0.0104185689328426,-3.588568243412601,0.4196993190978952,0.4712124783138294,28.152492668621697,0.2711223803180266,-0.8797653958944371,110.40665970816887,0.2171467750351401,0.0044094769680887,-0.0010852123393685,0.0035526587455257,0.0342221739500582,0.0035547771719583,21.11048526169987,4.926027128892595,6.9399243537340025,11.38363284428799,12.087445161003531,132.054755031982,D,[]
J2005+3552,0.30794290464,2.99e-15,FAST,1048–1452,7.490826672829423,14.028640962162656,5.407215720454473,2.3181488033498736,4.252524730302835,1.6704151612200515,-8.22390336952214,0.3999322936790301,0.4253958790605949,13.986449118876449,1.3884437534782652,1.2331404056825637,1.5546652120046878,0.1565497106192355,0.0071982337634182,-3.2230645597435887,0.0473724795543022,0.0359873809564925,38.357771260997055,0.3019629169399143,-5.982404692082117,110.11957727930812,0.801791806781813,0.0034767844350563,-0.1278123180432023,0.0023140512563006,0.1364717808471099,0.0023172350674556,3.6703067601512167,5.499439292416535,1.51620895096938,29.866132108525058,16.84560424928753,19.43585668261713,A,[]
J2006+3102,0.16369523645,2.4872e-14,FAST,1048–1452,171.2015089655614,5.815674890043397,18.959361929588084,-1.6122406548231396,1.06482422729853,3.427336448962123,-2.249994628496516,0.3366396063103407,0.4162132429092504,32.77475416562389,1.4321411841517744,1.516447327824089,1.2519331310035224,0.204577680185678,0.0021670056177958,5.436600402108522,0.1547496959388121,0.2409042862903501,36.5982404692082,0.1629525805732972,-10.733137829912025,50.5830543208444,0.8219450439363069,0.0089565720776375,0.2546911258283957,0.0068518615709011,0.3169160297880948,0.006954410388722,3.432178624198942,1.5235669429023004,6.065699539250134,28.18988806945069,24.670826485872983,24.77503681963148,A,[]
J2008+2513,0.58919550332,5.395e-15,FAST,1048–1452,6.582727143030155,8.164877716444499,4.932273961853032,-0.4666329542953907,0.3493198150260345,0.5627812357132608,10.615805269467913,0.0875312042717837,0.0941393293312327,37.74740030514912,0.394517488096973,0.5794199175305152,52.34055935944959,0.2322487415228451,0.0092750002330959,14.07600448966626,0.1638722790405324,0.1192340504457529,33.431085043988254,0.57547673118559,1.7595307917888432,563.8056576735761,0.2861100907637479,0.0008831535849715,-0.0501991922136263,0.0007383264370776,0.0530769692981253,0.0007384523347054,1.899108299396615,2.301718917275211,1.287475793017328,19.589412307591072,15.718444565655592,13.097151678297532,A,[]
J2009+3326,1.43836860189,1.468e-15,FAST,1048–1452,148.68814962611984,23.44965570069124,39.424827386784,-3.1154335051766027,2.2979362581970464,2.7778185512919804,10.092060199189648,0.5696821559279428,0.4433816182810179,-21.46836929627528,4.271751614537507,2.993810327279132,1.3662979005647902,0.4687507090288487,0.0217142272926316,9.562410912400424,0.9190180458528232,0.911871105016516,26.77103718199609,2.826659855509439,5.283757338551848,89.84912193694483,0.2028327747724371,0.0055348488008645,-0.0460743270133581,0.003989663692978,0.096941968456262,0.0040119399226947,7.887089613185972,4.178380617056762,5.488739715292393,17.48932047316226,16.080318516215097,62.87448308747524,B,[]
J2013+3845,0.2301936138594796,8.851044893216897e-15,FAST,1048–1452,50.265325566379815,0.2968715411665101,0.2309913238186922,19.9541525437166,0.1280948502750405,0.1031484448501487,30.81249283964957,0.7182279777271958,0.6875793136766113,-33.0382154277188,2.3583912721519624,2.605029764023989,1.6733921935292373,0.0823620771869926,0.0002061571856801,-2.253397952787102,0.0056259793853974,0.0048784162389159,74.39179286761114,0.1124245907061801,-0.1758671226184525,470.6771455289667,0.6210873537436016,0.0004061721448745,-0.0480198817685075,0.0003356744450262,0.0528758682744956,0.000335743439392,37.55593403946372,0.1187958258477727,0.0942441349745099,59.39090026515031,52.53208248303014,0.5278628649852024,A,[]
J2018+2839,0.5579534804225343,1.48105791128397e-16,FAST,1048–1452,179.3539002597991,0.3568861118692439,2.715900843690008,-0.0957938639589355,0.052915307655216,0.4028450685481277,-3.1454294218933736,0.0391455611537954,0.0401613133689755,-35.94420136463331,0.227897351753036,0.2340851393518335,662.956899520555,0.2414550894592366,0.0051457541982244,6.744548361199484,0.0194763556105721,0.0234334950959427,28.504398826979468,0.5448783961146871,-1.0658141036401504e-14,3737.428984798204,0.1053342817995968,0.0001340656032617,-0.054349135773298,0.0001112376415876,0.0600628194289617,0.0001112721969655,0.1966765182288704,0.0746222853054985,0.7399005545880055,18.80525346881418,9.655693351512136,3.072786955559252,A,[]
J2022+5154,0.5291969178083342,3.0633705281484593e-15,FAST,1048–1452,173.66740497508192,5.292701454846224,5.635661429104715,-1.5748400203853403,1.3158072528301288,1.3868707533208045,-2.7242171123656944,0.0721972510027053,0.0694009575430336,-16.595149069118232,0.2816538407092395,0.2722105158296379,11.475361092492488,0.0983632240782945,0.0116536191815832,4.013427261727258,0.0114040936935611,0.0111997295027332,36.58036150464096,0.2584028049311538,-3.781143136297012,1483.2628426000238,0.4783259936259126,0.0002727099441292,0.0265890058055195,0.0001992622819718,0.0306940234355827,0.0001992867461634,2.7412950039284367,1.2751754509905884,1.9125549665505768,17.940169795304072,9.322680786999223,10.92836288395094,A,[]
J2027+4557,1.0996513680443851,3.0944275828479906e-16,FAST,1048–1452,179.40132803618758,0.2782692348190778,3.358822306271861,0.0125668264463187,0.0706555269621971,0.0058115785867032,8.890636362711806,0.0126285067567337,0.0124167400831911,32.78704200212947,0.1222153827902303,0.1334913943252473,126.21576601765295,0.2176763391631055,0.0164138195195704,-47.63820664339335,0.5769118392809744,0.4197215420814828,27.78700537371764,0.5372712297980277,8.001954079140202,284.28608678744774,0.3793608666488051,0.001018920485573,0.0168184781127918,0.0008618884879735,0.1829372054479068,0.0008762590879977,0.1438345203663717,0.0683304129644781,0.8112737306057941,9.311610828299433,10.737241150205694,3.637091541090939,A,[]
J2030+2228,0.6305126466792664,8.853473084912216e-16,FAST,1048–1452,175.5670291090954,3.5300048879134067,6.7507912915565385,0.0824486957791543,0.1240678427960892,0.0656612694124925,-4.9116057103898,0.012770043964001,0.010383368426166,-21.892922045142125,0.1388106367875465,0.1826328638473811,11.233854011688896,0.2008358903809917,0.0142201786789204,-53.71280884982056,0.5671284484092141,0.7139631338250609,18.81778212017588,0.3079800679201154,-5.276013678553982,369.7653430259884,0.22077492790663,0.0008231748393681,0.0235360797628981,0.0006541821613134,0.0431875875345132,0.0006546725052617,0.7243609767120546,0.561049658672677,1.093803596131289,10.979021440726893,6.7582104978837085,10.280796179469943,A,[]
J2036+2835,1.35872676315,2.09e-15,FAST,1048–1452,37.57177299798615,29.42966990209661,28.722651304446465,1.326336678770926,0.6954016874345992,0.9922983480675897,0.665335529495275,0.0407209516767604,0.0307113129384294,10.709195974588347,0.7318108007863877,0.91665069826791,16.71821890981949,0.7298276365976122,0.0983236679984038,-26.34285515862005,0.4260122529294925,0.3456704331410272,13.724340175953069,1.3275021198256205,0.0,326.9445578730396,0.2863651998098913,0.0017056962008538,-0.0799678375736964,0.0013503592008822,0.1000556495260428,0.0013532939137186,4.4471816578297885,2.0561179701017327,2.714561292236534,4.712256350609641,4.36035019225187,58.15232120654307,B,[]
J2043+2740,0.09613056295,1.27e-15,FAST,1048–1452,119.18383886578384,1.3691678577850297,1.0345409824631844,8.570773407537942,0.0712686569706733,0.0999747640673121,13.075313700187364,0.4564891202985226,0.4542132125774376,-50.76168325960548,3.302446430583082,3.6480272151600346,2.4427587048020567,0.1526666921349608,0.0003533921281224,-5.8582435210507455,0.0173869410408631,0.0148246240353424,32.00781631656082,0.0469468257417841,3.0776746458231505,539.1127659076036,0.7505506470786825,0.0006871218568591,-0.032953830090023,0.0004746067032328,0.0364292410763311,0.0004746668059322,15.829132925729644,0.1848524245985754,0.1415840686462485,20.022065043616777,18.790995185287507,2.403708840248214,A,[]
J2044+4614,1.3927154635,6.3e-16,FAST,1048–1452,56.00002539239589,3.5698265848134483,3.567990062709079,2.2223232409674343,0.1166058422454834,0.1177136977693256,14.650136323661684,0.0557684779168745,0.0515468657964337,-8.284965239528225,0.4158853595299607,0.4694218980757441,6.786612316259588,0.1157349857459815,0.0002748421036065,-21.379554272673754,0.6564082961902749,0.5826998166995416,58.768328445747805,1.3619676382546049,-0.3519061583577603,189.4225076745521,0.3312047503522853,0.0022145184233084,0.0157637019458692,0.0017412305376328,0.1149492074683866,0.0017542757259848,24.69019513107376,0.955124779769682,1.048866922348323,43.68239438817781,23.271837203427072,7.137816647522527,A,[]
J2051+4434g,1.30316,--,FAST,1048–1452,176.92794488598787,1.814114124178872,12.13787601100026,-1.4278574989451638,0.8448395880456925,5.663006193709927,-26.336496274835497,0.4441075420706184,0.5211655318571289,39.02929023958305,0.587116686540945,0.6830556873276308,2.342435513805807,0.1158787069789033,0.0018898288211004,2.15070568246549,0.0382498894759884,0.0539837439350154,104.9706457925636,2.563272134635969,-21.135029354207447,83.84738195372017,0.4341943161999821,0.0029106081239367,-0.0183775314954979,0.0025402352874324,0.0357309203256236,0.0025411671403331,3.583001430017505,1.5275871626533268,11.574974899135764,47.82377611827971,47.82377611827971,13.95199013517913,A,[]
J2105+07,3.74663,--,FAST,1048–1452,158.25439033349636,17.432670541170637,31.01272740988849,1.116855289157754,1.2778878854789335,0.8879569710984603,-2.7198310061802093,0.1572075729569855,0.1597874326560462,30.248716396650885,2.3374709190080125,2.359552400843981,7.607004898312256,0.8168453048514976,0.0757744555093795,-19.00751506778572,0.9256676631469852,0.8865738280392428,21.135029354207457,7.368990798459872,-1.056751467710372,84.26016973990238,0.3286760135806287,0.0055344009034274,-0.0694732501694759,0.0039947637092293,0.1014005854287499,0.0040124371468082,3.973485319123609,2.69906860357012,4.44670853685642,8.199934160160309,7.495433181686726,48.445397951059135,B,[]
J2122+2426,0.54142115903,1.27e-16,FAST,1048–1452,66.3897329244455,26.98630975342455,36.62467412707405,-16.647000584148707,7.616617861716298,1.492384708584133,-0.4372359864761184,0.9464208962901268,1.3595767344388745,-53.781976460050046,2.960055942220862,4.287282891061054,1.059267461859845,0.3336809921994395,0.0033473619429817,3.198509125136054,0.0898967272381567,0.0867063969238004,39.45205479452056,1.0581679948490612,6.692759295499021,273.85098068178297,0.5464823645970688,0.0026507664928323,0.0421396710005849,0.0017808887398996,0.0489516643860919,0.0017814965054244,23.50101933042255,4.518647232928929,5.662300982233929,21.220014851446773,15.584007023658124,63.6109838804986,B,[]
J2129+1210A,0.1106646888626611,-2.0990663427466303e-17,FAST,1048–1452,118.5689799901722,6.71343552959577,6.923871557106551,-1.933324049748785,0.1543208363841954,0.1374441651779734,0.5730671770651621,0.0384381621881619,0.0387349573180197,46.17319489212274,0.4538894809849125,0.4978139708000384,11.277720714754537,0.1043239172897401,5.875604723115657e-05,26.03242365018514,0.647255024608004,0.6143387983500368,27.611138251099177,0.0540760989272679,-2.813873961895445,257.89693219420565,0.1570066187766189,0.0009792974856922,-0.0066025095532711,0.0008350987560129,0.0444544803691306,0.0008359910975787,12.378752347419608,0.8239587632077205,0.6772204520590859,14.02690205737781,14.02690205737781,13.637307086702322,A,[]
J2129+4119,1.6874182953084411,8.542141510024936e-17,FAST,1048–1452,114.0001554923238,13.06948129875144,14.571366261496337,-3.239770073133018,0.4367790339097457,0.2822189790048508,-3.8930079394906207,0.0292460804113146,0.0277929391252551,8.398302686140738,0.3394511700774689,0.3314663784449188,2.1297555129273893,0.3982309343937795,0.001742974355773,16.16477014876116,0.1826576666419619,0.1695253445695321,17.94721407624634,1.6505049397056597,-3.87096774193549,176.74227140639644,0.6961986641512183,0.0020505840050395,-0.028138589651995,0.0012764062054808,0.0920241711115576,0.001287168642709,8.905033868372588,0.927867499062096,0.5674979302464498,7.543942207136954,6.884210285531674,27.64084756024777,A,[]
J2138+4911,0.696171,--,FAST,1048–1452,44.2844212753814,47.9255232326369,35.01372271007373,7.346211705701726,3.222706525743143,5.673832926069699,2.894859318514825,1.2266271577418817,0.8560608256296383,-5.125938351979528,4.605375316279919,6.946668240872176,2.540270575749479,0.214137480800399,0.0204477899734496,-5.460626266158647,0.1728949043363803,0.1991275482838279,16.355642403517333,0.3404191528598108,-0.3517342452369321,185.81447067980983,0.2913115732177476,0.0017639824898706,0.0040014678940916,0.0014243513168619,0.0208073349894159,0.0014246597787635,9.520981517952478,3.083957715134668,4.009013156078029,11.248547642891968,8.610540803614967,82.93924594271063,C,[]
J2340+08,0.3033,--,FAST,1048–1452,156.75306607049345,17.474581569336067,38.15936369868652,5.606405890221709,6.5989550935884,4.1596110550393925,-0.042662339080933,1.645639391969314,1.8883575482065689,-47.23332676219397,6.5500867561246565,5.620878859005977,1.018406976833981,0.3085772350540416,0.0120560102517772,-4.040104858108222,0.4016644017290631,0.4612228857612841,51.42857142857142,0.5978529420945827,4.227005870841477,73.4153959579357,0.1373863070509727,0.0046051965688631,-0.0270342440538113,0.0038282560388173,0.0369231120942881,0.0038294254226291,10.463316478026227,6.0486460082019295,12.137323382577629,25.05244707489308,25.756948053366635,55.633945268022586,B,[]
