PSR,P0,P-dot,Telescope,Freq(MHz),best_alpha,alpha_Upper_Error,alpha_Lower_Error,best_beta,beta_upper_Error,beta_lower_Error,best_phase_offset,phase_offset_upper_error,phase_offset_lower_error,best_psi_offset,psi_offset_upper_error,psi_offset_lower_error,best_chi_red,Chi_upper_error,Chi_lower_error,best_K,K_upper_error,K_lower_error,w10,w10_error,w10_center,SN_peak,L_I,σ_LI,V_I,σ_VI,absV_I,σ_absVI,rho,drho_up,drho_down,PW,W10_MH,all_alpha_range,category,exclusion_reasons
J0045-7042,0.63233580002,2.49e-15,MeerKAT,856-1712,104.4574090435696,60.19127106163039,74.92154554308712,3.710143508289793,0.4172181531787049,2.699236045726796,1.328701842701411,0.9733800632596769,1.3463859234504958,-34.69371177909026,17.25005214191444,15.212763435139683,1.268343423148892,0.7229577815827699,0.0329450993718554,-14.964438562430448,2.618723997852692,3.262394765532214,14.076246334310838,0.7635313110765102,-0.8797653958944274,13.751294335785808,0.3285754448461948,0.0228136609042175,0.0110518051937852,0.0194326851648215,0.126427843270218,0.0195789164654539,7.705054934546189,3.6597568808849488,2.629359510556645,6.783247297246861,10.654215039182342,135.11281660471752,D,[]
J0134-2937,0.13696161051365074,7.836990207406536e-17,MeerKAT,856-1712,170.60344154114208,6.365850463654823,9.17437061079167,-1.4716331517629522,1.000748269299387,1.456602032093918,-26.013361645180083,0.8679892617102141,1.1739523368595393,-10.76240285258107,2.2991171555455896,2.8471287705477177,4.924655990320633,0.2026617022824286,0.0007099525042555,6.357237595339896,0.0829255288850099,0.1664134731715236,31.671554252199407,0.1338780196272594,-10.733137829912025,229.92055895099384,0.4975698468305854,0.002199341849295,-0.2058902400606584,0.001627489247264,0.2067668137013997,0.0016278083236235,3.136682978082563,1.4223452933700085,2.500832074828435,31.11600094136776,29.004563991221136,15.540221074446492,A,[]
J0151-0635,1.464664549333674,4.425913626891812e-16,MeerKAT,856-1712,110.12719410785124,5.86679895718261,5.40573089554529,-5.688185335039647,0.3277365908992626,0.2674445951120541,11.825703985041857,0.1219735868555051,0.1011208468260758,36.64788885004551,0.3765309959480802,0.3381850872614294,3.687297768475966,0.1593363034356021,0.0005129085430848,9.473189545132016,0.2153249746560064,0.1906145141652562,42.9325513196481,1.4321221799334902,11.436950146627575,200.061548683318,0.3633637135730923,0.0017714543974818,0.0022959788150144,0.0013675628521817,0.071655135914617,0.0013718326716431,21.25083853487938,0.7462347741966172,0.5052647730963811,26.077903398531603,18.2622725545476,11.2725298527279,A,[]
J0304+1932,1.387584446262276,1.2952352836766373e-15,MeerKAT,856-1712,179.94684977348098,0.4286715256759237,5.560649635359283,0.0028909146783036,0.3017812438144744,0.0233292894566403,-3.742180739425893,0.0069682520248988,0.0068534039260059,-2.490870105683182,0.0796255472360103,0.0783748754403523,31.170837865206728,0.4278282239974302,0.0023378712837995,-18.385260318332065,0.0309516023185807,0.0280704012915258,24.98533724340176,1.3550948637448506,-4.222873900293262,1456.7221212942786,0.3658042401483603,0.0003299128638281,0.1247069600881904,0.0002370656919535,0.1256465968019403,0.0002371049508921,0.0116124972732695,0.3004010584180131,1.2078162382572166,10.604350827402428,8.046675565559454,5.989321161035207,A,[]
J0343-3000,2.5970272275189417,3.9118392438753377e-17,MeerKAT,856-1712,166.4808470499657,9.954022912498544,17.672004753403712,-3.5110417690076794,2.58262879020997,4.405588123799401,9.44255524515964,1.050768437560297,0.7985361958547941,76.01769160068021,2.8796907479629112,2.1257756639843564,2.290044855184788,0.1795155067314868,0.0061823485069814,3.8172270305441938,0.101152410130735,0.131997494847893,46.09970674486806,2.53869534221366,2.463343108504405,223.5605771230329,0.1689551127231585,0.002842643623734,0.0014934063962341,0.0023048138259281,0.0366304239790079,0.0023065345451013,6.9476782987460295,3.198418512509576,6.908086781123678,31.436690142520348,18.768068441640573,27.626027665902257,A,[]
J0452-1759,0.5489392232937018,5.753107046225423e-15,MeerKAT,856-1712,73.4957295809523,2.635913221806504,2.4083941854278947,-9.337957359692728,0.1089872914952874,0.0970991061810728,-3.259125640170667,0.0284998829202733,0.0287812123619901,-12.52863735834224,0.1219895286396894,0.1207875312498441,66.7089923096497,0.1515637758219696,0.0006669951710591,5.909114938335521,0.023326503035598,0.018145153385098,46.45161290322579,0.5360796316172972,-3.6950146627566056,2084.0355802830427,0.1815022092584735,0.0001543143858375,-0.0021296681329691,0.0001209327175478,0.0225101226663705,0.0001209651833197,23.53507561463609,0.3411555961732241,0.3478743366566227,23.845635904100263,13.456416881823474,5.044307407234399,A,[]
J0459-0210,1.1330771746565556,1.3982561557678189e-15,MeerKAT,856-1712,40.59926218285193,10.796321950281891,14.590983522369328,2.131354415865151,0.5250512334205224,0.746915867624101,-14.036906826207918,0.9296004087456976,1.1870376464122394,110.61617138838211,13.297292375975983,4.43039985715788,8.139768146594202,0.433388060276231,0.0006165892072722,-17.498101786141323,1.1297060711248506,1.215784113169157,15.83577712609971,1.1073694887829857,-4.22287390029326,255.2561124692284,0.1796571232843239,0.0022180455804843,-0.0653376209382764,0.0018166101379344,0.1212513828468186,0.0018267897125098,5.67523179301378,0.9823524988744684,1.517311379113905,17.02810917224897,16.6762030138912,25.38730547265122,A,[]
J0534-6703,1.81756503106,4.2505e-13,MeerKAT,856-1712,87.16708035923546,72.35114526415657,60.85911774956115,-7.247001278290972,4.873377394921027,0.6621272950153756,-1.7357417404502895,4.247485749388151,3.5723095300907763,-55.22139158076944,35.26344421528465,40.41627029793364,1.4242670777443491,1.5440244896598294,0.0271628252078546,7.917568479298656,1.3964432541926834,1.571027626174324,7.39002932551319,1.808017988934632,-0.7038123167155419,51.578391774777614,0.2558532073399855,0.0145384133967336,-0.0090192859095138,0.0118324599964047,0.1394265273189713,0.0119631566582766,8.122856401756385,3.8084049975689127,0.9496568958431256,4.375037928133572,4.726944086491343,133.21026301371774,D,[]
J0536-7543,1.2458562416893693,5.754004087540725e-16,MeerKAT,856-1712,142.52910043278862,1.1729776283121964,1.0510386731227186,2.2488254274045016,0.0512182674462553,0.0576917833263519,-10.642983964554842,0.0061173390995037,0.0059339172881962,16.786870496881146,0.0484983660199631,0.0548047802468012,119.5587494289,0.1471320006571375,0.0008558106161871,-15.503791374367689,0.037817211101748,0.0281610998512356,41.17302052785922,1.2167217220063713,-10.205278592375368,965.6496061751798,0.5120566121414102,0.0003725008558388,-0.1154253376432388,0.0002827839632649,0.1161094489076,0.0002828088848672,12.35940575398554,0.3363913970467017,0.2974964254276258,19.26468484432023,13.986092468953666,2.224016301434915,A,[]
J0543+2329,0.24597476889006475,1.5422691027959168e-14,MeerKAT,856-1712,31.0849122253252,0.7161521536167292,0.5940464984122755,8.382752005699315,0.1927677728965182,0.1609844878489195,19.580784477096696,0.2647781411254861,0.2387104761526011,-74.18451171359037,0.9917023745735918,1.1594124514458173,3.6454990651510215,0.1126778046885079,0.0002290373500968,-3.5415650463913813,0.0102316397564448,0.0084039160258151,61.58357771260998,0.240213625875869,6.686217008797657,1756.9867540218693,0.5258864409030508,0.0003422452007928,-0.1119500551186697,0.0002824744164432,0.1123586466638437,0.0002824850139625,19.429282096091,0.3086811581070313,0.257039370171798,45.093980958035104,28.202485356862084,1.3101986520290048,A,[]
J0555-7056,0.82783808575,5.96e-15,MeerKAT,856-1712,94.5310450223874,65.76475219353358,66.39363743842316,-6.547858857923623,4.503905410982946,0.5210982282560712,7.317344709641455,2.064677291370831,2.5346499649092635,33.4575103031372,13.551716500813754,15.055090012420369,1.671172810542796,0.5645090769529633,0.0193897214844107,8.741976498500254,1.537741626382891,1.5647642314098107,15.13196480938415,0.8973350310230473,4.574780058651022,20.76039966475073,0.2431465429716525,0.0211632643946705,-0.0490072180456971,0.0163833833254535,0.1041945186260525,0.0164524142840632,10.001427825219247,3.571814593446262,2.756016938693115,8.197110105535883,10.308547055682508,132.15838963195674,D,[]
J0614+2229,0.33495996611057016,5.944943926843433e-14,MeerKAT,856-1712,8.736860363513808,7.439605988170717,6.184762060344671,-0.7887212343044729,0.5570989504477075,0.6538986740613972,7.551115400129908,0.0280265487056246,0.0565246684193683,106.36259091521752,0.4980537477065354,0.81425830830878,3.021905861815283,0.3074889842266231,0.0078290964389124,11.03471739794048,0.0467653033942703,0.0416446762307387,22.87390029325513,0.3271819702979474,-0.7038123167155508,474.51959680454894,0.7662942484590732,0.0010768175427973,0.1625929676674591,0.0007061705938324,0.1633105933201498,0.0007062692879501,1.833200039644404,1.374408018258852,0.9884352359484806,21.09950249690411,14.765191646464212,13.624368048515388,A,[]
J0627+0649,0.3465232908462588,1.697586640050596e-15,MeerKAT,856-1712,39.231651272999656,15.70788594177636,18.945908084437185,13.29126903908855,4.275819253345272,6.20041526946105,11.588359682655762,6.034476649101984,0.94831655127979,-10.56498285953884,2.647306657653946,18.421004308596423,1.0688672958576968,0.2386082172248811,0.021044685792954,-2.750993237677231,0.0567549425881361,0.0679456407715068,21.8181818181818,0.3387040362977551,5.102639296187679,236.4961432419844,0.7895869032107043,0.0030279886798508,-0.0240157141612328,0.0022431037512259,0.0276292094795419,0.0022433001919429,15.389589382508865,4.030748623003976,5.305966993672624,14.931468187054586,14.579562028696817,34.653794026213546,A,[]
J0630-2834,1.2444265229277962,7.122959439443392e-15,MeerKAT,856-1712,136.96250077639323,0.5953467875953891,0.6106776675120216,9.629335209600791,0.1079113285128325,0.1069750578546493,-0.2858958274167438,0.0094374206285127,0.0106624285080098,-13.439444116232233,0.0406221895233933,0.0363012337453838,300.10351502795453,0.1202759550056953,0.0007396243659627,-4.080004701475372,0.0018573846480594,0.0021549749937816,139.70674486803517,1.2152633749312245,29.91202346041055,4428.271063383147,0.5235244020624246,0.0001013898098449,-0.0510043642331035,6.227276375158828e-05,0.0511745510403148,6.227375772680096e-05,42.30574220757793,0.5662895604911898,0.5774262784644055,31.42959084207952,17.48536516965071,1.2060244551074106,A,[]
J0631+1036,0.28784107294900907,1.0273533936063281e-13,MeerKAT,856-1712,6.277018563445219,16.85887939259208,3.4112889419780363,0.8782301160572132,2.316515784182383,0.4751562081610843,11.872634376368437,0.2040269047273906,0.1090801922595083,25.299846198092283,0.837995464034254,1.4310606159818668,1.3309879163540612,0.2465215259518767,0.001641698993662,-7.133341175156224,0.1574034614447619,0.0916813504151834,29.56011730205278,0.282657110210553,2.2873900293255014,94.71632842526678,0.9237893369731628,0.0060001630166364,0.0727354548174993,0.0038715886673141,0.1257946152039053,0.0038937389440101,1.931363082206133,4.424564673169941,0.7479548273339316,25.069115314784867,21.901959889564907,20.27016833457012,A,[]
J0633-2015,3.2532108384,3.82e-15,MeerKAT,856-1712,68.07344284641168,60.45423922516842,53.194607019086845,-0.8939696015850405,0.6447557676486599,0.0729270427101067,-2.0137339377772188,0.0339430000999174,0.0299548535086398,73.65644599684806,1.0462768200508066,0.919112841172904,4.930508954489834,1.44087411304558,0.1140400622759818,59.45766696399689,2.35541108350688,2.569877443891407,8.797653958944274,3.193239304148133,-2.815249266862168,98.66592303356884,0.4287260382324315,0.0058326097706115,0.112746597872038,0.0039478530687408,0.126124521214503,0.0039551323098699,4.164566324215532,0.5943436958412279,2.750607016711087,2.541593175313875,4.496529991841544,113.64884624425528,C,[]
J0646+0905,0.9039134709677942,7.36088960304038e-16,MeerKAT,856-1712,9.879068672752943,9.974300575358606,7.879004229796926,1.586338217163836,1.5651304830510278,1.2632618606543613,-5.038184547808424,0.1429338969254256,0.1439277304272668,62.14764575447369,1.241636301336122,1.1321566877680311,3.950198800684444,0.243728968063559,0.0192912061584715,-6.197573399293193,0.0588435372806515,0.0463926162557966,32.02346041055718,0.8830936401057229,3.870967741935472,347.39692762692124,0.3684242646500809,0.0013950481029592,-0.0406115133677417,0.001139365119495,0.0422009530380657,0.0011394267207123,3.3475575825664947,2.7295533037223736,1.6856927201323944,23.513257861591395,14.011791585931585,17.85330480515553,A,[]
J0659+1414,0.3849286233650379,5.4941230462711125e-14,MeerKAT,856-1712,40.31302348132905,3.767329667726152,3.9544962507972334,12.310155595510135,1.0384211813300688,1.1363704633893228,14.282846439451127,2.052968419383774,1.0355455434638152,-0.1605413327981963,3.709778784534563,7.914325450511072,1.4217147465852222,0.1707436308568513,0.0006986774574437,-3.034485496468553,0.0396787894936956,0.0350823800431259,51.73020527859239,0.3770424451002311,1.7595307917888636,128.55450514596544,0.8349544948067662,0.003163037257723,-0.139549622320512,0.002092136374557,0.147011432682088,0.0020948768421087,22.25528850633028,1.198195723229396,1.3015907085961451,40.14794907874731,31.35029511980304,7.721825918523386,A,[]
J0709-5923,0.485268383925,1.26e-16,MeerKAT,856-1712,84.34457275032423,67.97246685005098,66.29360775857782,6.015093110940208,0.2448344551473606,4.200849640330839,-1.5924235200069743,1.902888756661945,1.466850793214415,11.723963904400712,16.622759697238926,16.57414720808076,1.375395242615484,0.8685811784562689,0.0355494077873919,-9.496405624407071,0.8974798257557239,0.7618346408157866,8.797653958944274,0.4769913863470355,0.0,87.33404901271022,0.1692839354343381,0.0058543630357041,-0.0301525674951027,0.0048228014004466,0.0408000301111095,0.0048250809236363,7.447942943117018,1.1795731210546392,2.9715300208398534,6.695062816194653,4.935532024405799,134.2660746086288,D,[]
J0711+0931,1.21409049248,4e-16,MeerKAT,856-1712,101.57383507844064,63.2361102506851,74.20688593178411,-8.21531818287882,6.1308722503469415,0.5360607666238462,-1.0007762131422837,1.7082167666464585,1.837162622274366,-9.702453633970617,11.251632351002682,12.51379956689513,0.952369303077625,0.4965610560652609,0.0331673826082534,6.855921672908058,0.8005684911287361,0.8530403572835956,13.724340175953069,1.1990708817786786,-1.0557184750733128,66.23759655991061,0.3466889123280978,0.0072259064335293,-0.0890427811948804,0.0055309812933658,0.1076266604237541,0.0055407103833175,10.663083613932551,4.197236323786554,2.0685172081216066,6.565206191549792,6.213300033192021,137.44299618246922,D,[]
J0729-1448,0.25170865575972134,1.1335591693680099e-13,MeerKAT,856-1712,55.07241900277304,6.995768690460082,7.814712742125742,-4.252761094722594,0.4034668868931779,0.2941226744242513,4.591279071276946,0.147549168705833,0.3273903413086687,71.77312506251111,1.6921353867042086,4.051066931853924,1.240864824144341,0.2248225874617511,0.0002542041478683,11.056021162972764,0.2702341035046061,0.2672790616769749,25.689149560117304,0.2515070036073562,-5.630498533724348,46.177395814829005,0.947220958647802,0.0078500678293537,0.118868694985039,0.0053971174813359,0.124835860092239,0.0054010989294663,11.084892275619216,0.8168436967507949,1.0578275242376465,27.64113244371097,22.71444622670217,14.810481432585824,A,[]
J0729-1836,0.510176205563134,1.8958309267479247e-14,MeerKAT,856-1712,108.81458911473126,22.65949697556593,18.21556588822827,-6.577550261383137,1.4281974580417502,0.4310820638102521,7.020670575147811,0.170560606461616,0.1517056404543399,37.93032560814023,1.2834597183249483,1.1266832066973578,13.047988458684586,0.243781905845335,0.0010108818224754,8.263504045173596,0.1436995569709918,0.1256819167615344,26.041055718475054,0.4983653737858087,6.158357771260993,412.437842519308,0.2642367029818988,0.0010547676727882,-0.0859933957149721,0.0008328960003842,0.0881559606154703,0.0008330610405688,14.15589948935798,2.1109919328410416,0.4654827633177854,14.938559138197656,10.011872921188864,40.8750628637942,B,[]
J0737-2202,0.32037007073732865,5.469360563558242e-15,MeerKAT,856-1712,134.16523174844843,36.12335572487831,58.92702454276666,-10.566666989957024,8.117755935465023,4.9979703544792535,6.7224234806718535,4.682691845921122,1.970329479312804,92.51565405807064,15.62186896342618,6.431858891583644,1.599307719095156,0.3321238803381181,0.0241418546112026,3.9117437978734086,0.4359642689492693,0.4256098874602516,28.152492668621697,0.3579954494220259,1.5835777126099595,17.97980133459476,0.6341597407910177,0.0231358592071081,-0.0400121830297273,0.0163634035352298,0.1588934703655733,0.0165777476786102,15.181465783549925,6.151726294468971,4.365290887348763,18.15937362729943,21.32652905251937,95.05038026764495,C,[]
J0812-3905,0.482595929159,4.49e-17,MeerKAT,856-1712,73.0059250313664,46.70688000910499,51.41037574546778,-9.66262622589843,5.820550859070886,0.6535569210762056,-4.053217787273058,1.371988017347948,1.3161730581547904,15.939429906762124,6.826147394440481,6.270469561981919,1.820267087715714,0.1893763057419355,0.000286048937254,5.697680343538697,0.6273577507516874,0.5380776872056758,34.838709677419345,0.4949789558492516,-7.741935483870972,31.147113019730977,0.24514266245287,0.0067660500643388,-0.0264975705669826,0.0054493554922833,0.0548507075001616,0.0054550840556649,18.805807180740302,1.9223912843916744,8.022729948582516,19.34854174351873,22.86760332709644,98.11725575457277,C,[]
J0818-3049,0.7637418483,5.8e-16,MeerKAT,856-1712,93.27029425510032,60.45543254641244,62.71771375190208,-29.29260309171144,18.50691734222077,2.199399613417601,-12.39641239464794,29.405165301159727,13.152017497063529,-70.59118073961722,52.40111463307875,36.94068889512583,1.4603045494789124,0.253675690884348,0.0058715195570131,2.0405334609724344,0.4202496370638293,0.3267428974287383,39.76539589442814,0.7779592757774023,-1.0557184750733253,33.71403936149776,0.1422762264955508,0.0067264112100102,-0.0553899952512293,0.0050551386597188,0.0685876046156979,0.0050598922341693,35.049767393194024,12.897833026941417,5.955790137864554,28.056236441568743,33.334828816935314,123.17314629831452,D,[]
J0820-3921,1.07356658405,1.2169e-14,MeerKAT,856-1712,104.82401061678466,58.55125533499255,63.893286592721424,26.488180170084416,1.954189326778792,18.97136422154652,7.708406721318528,12.91873172423436,10.096116504786384,-15.570999049844572,21.881801795031265,31.11388893384824,1.2469727259543149,0.2120380082448421,0.0084089149136079,-2.1674611692475523,0.2148216689020803,0.1856026203436016,40.82111436950145,1.0658589783164434,-1.58357771260998,54.57585762174448,0.3289229919991456,0.0050025644008104,-0.0300444576098773,0.0037960114633901,0.047405677616956,0.0037988905307651,31.84932585839774,5.957481822616987,11.15244180043668,18.441544551230542,27.59110466853261,122.44454192771396,D,[]
J0821-4221,0.3967301802158189,3.4812432408215868e-15,MeerKAT,856-1712,87.64914411703572,25.31243704424142,24.88514088269396,2.262032039061116,0.0763728896375637,0.3275808349333333,8.205298653920662,0.1703536415598403,0.1934765368714242,9.792018227829976,1.3185932936097249,1.295153559647808,0.9464547422525308,0.2112143942875991,4.213276377662556e-05,-25.3145983738747,2.0146656224409014,2.009967164339752,24.63343108504397,0.3927471387306423,6.862170087976535,60.16353875134049,0.3539031160021701,0.0076747456517064,0.0226967225716186,0.0059441490408235,0.0838939254504457,0.0059627797855424,12.519165908406336,1.0549070291604536,1.2364601077718216,13.30793795010834,12.252219475035028,50.19757792693538,B,[]
J0831-4406,0.311673518473,1.279e-15,MeerKAT,856-1712,88.60553811327122,65.09593958662182,65.39451828744578,8.691264316250109,0.3269394700714549,5.454608989512234,-2.526039682424668,2.2661476252476733,2.187719881146215,16.005609229418987,16.337526840205136,13.836410406449506,0.8651514865074795,0.442395972407375,0.0034477434290075,-6.615731210072664,0.7980991884801218,0.7025607090411343,25.33724340175953,0.3060618546141542,-2.639296187683292,94.6737802022338,0.119156376160795,0.0049362410945736,0.0255453855380555,0.0043552336957655,0.0431685481178473,0.0043577306639441,15.33933290645395,5.490870269158399,5.398093295571383,10.795834403832284,9.03630361204343,130.4904578740676,D,[]
J0837-2454,0.6294102885129085,3.486723113259293e-13,MeerKAT,856-1712,172.2748725792631,5.328992281292301,19.36556532470172,-1.504037209837227,1.036496228928831,3.715768601333616,12.91806553814762,0.5473882943120589,0.619860551367772,-66.82441582579614,2.189250164886417,2.3581154656291545,4.124593863874333,0.2231821518962036,0.0072423751457595,5.1213012518031285,0.0964796025537308,0.1634607285072906,30.61583577712608,0.6194784817390621,4.222873900293251,79.69458670665992,0.90821480659654,0.0093925987131462,0.1564499490587552,0.0057430300280308,0.1757987137833142,0.0057647311070086,2.6991315819118618,1.1246568408350328,5.568323579272851,24.3550156847752,20.48404794283969,24.69455760599402,A,[]
J0838-2621,0.3085806879669152,3.929623187415805e-17,MeerKAT,856-1712,42.97242885019732,45.2676240697939,32.8932775300274,-11.340155819486274,8.364636664409975,4.655734611247208,12.066868991900993,4.408693857539465,5.806321798105817,44.46189911110949,14.39554647259029,16.501617535373867,1.6549384977574535,0.3199265441591798,0.0128424071673514,3.4665854490821166,0.4536292236792825,0.3020361132977069,41.52492668621703,0.3133674430747543,4.046920821114375,35.05866411363417,0.2211160146436901,0.0106819349362313,-0.0549334972790177,0.0083527765948055,0.1303345376724789,0.0084068278529858,16.81171835537461,7.220560227811658,6.273149193311784,33.00528541418839,28.430505355537363,78.1609015998213,B,[]
J0843-5022,0.20895581408275532,1.7247573485044652e-16,MeerKAT,856-1712,82.60848114276159,70.5258017657358,61.88511554179482,-10.603765769182164,6.869927487285553,0.5818220144058,2.9792080436510124,2.895027559423272,3.729664800121345,81.4518540732987,14.53212693194554,18.001790448530436,1.930497996393844,0.3703152317812921,0.0038881846245466,5.38915347469224,0.9079891437950076,0.7096334483224949,23.92961876832845,0.2097205743886698,-3.6950146627566056,42.157916002689504,0.1634424738446922,0.0093557980968861,0.0828949570942423,0.0074584906947112,0.1165173651682537,0.00747885756399,15.754733534736276,4.80958120615318,4.754026270447282,13.712345873563027,17.935219773856296,132.4109173075306,D,[]
J0847-4316,5.977492737,1.1994e-13,MeerKAT,856-1712,107.9899461986259,57.33828835520633,69.7587543996192,-1.355752466885643,0.9947169584898136,0.0970830722509572,1.7987782583156606,0.076199882112699,0.0853457344723571,10.34108399742254,2.8752868847632485,3.079340479310451,13.46817982717951,1.7979746216432684,0.3100496171523517,40.19886918794529,1.1480233398775257,1.9933270079719063,11.61290322580644,5.843018763225647,1.0557184750733128,227.7645653963086,0.1775382969481288,0.005261770322195,-0.0110511343358817,0.0043322149898813,0.0664546274943014,0.0043425758340394,5.706422661895446,3.662264057144719,1.9181190680722968,2.3266374958523173,3.030449812567859,127.09704275482554,D,[]
J0849-6322,0.36795380205803624,7.908265316224467e-16,MeerKAT,856-1712,11.98521593507806,28.723390366514337,8.048357755139055,1.2428194447476182,2.809435132126331,0.8330723373649187,0.1002982729259542,0.2643163227400406,0.3439691712361693,-7.260575929352368,3.0416833498274265,2.359828225032259,2.357732275161455,0.3070742232280361,0.0046609189258401,-9.574145406532471,0.7222658699125617,0.5642747612659758,30.2639296187683,0.3630409309978929,4.750733137829907,69.40089371355727,0.347919087454992,0.0064774510168343,-0.0893339597736353,0.0053235630336223,0.1058498757068968,0.005331364532197,3.5165104653122743,6.810926720166861,1.8228588290416008,21.541930466076963,15.911431932352624,36.77174812165339,A,[]
J0855-4644,0.0646861308252,7.26269e-15,MeerKAT,856-1712,93.34001169315766,68.30133122839135,69.230781784701,-33.531789715830406,24.96631050331788,6.4800361658956405,-0.9937867460716774,21.5718069498828,22.998047949564977,-27.12596603909286,40.67930920692977,43.681490448552296,1.2654560074094898,0.2016549437637,0.0114267567879227,1.807208819842836,0.6222147457516141,0.5452133925828113,26.39296187683284,0.0919251662421088,0.3519061583577612,9.459200930731216,0.5658082235377148,0.0294583668675795,-0.0801932946426824,0.0226093149787005,0.18303746193983,0.0228911816958032,35.826482968783345,20.17103198985262,6.523485296575494,17.83319272606909,29.67413865223005,137.53211301309233,D,[]
J0855-4658,0.57507238258,1.362e-14,MeerKAT,856-1712,22.25904239770925,43.07181206078921,15.276042430714174,0.8720602517380377,1.4256009076686915,0.5940931481442568,-6.264019040780374,0.5979053090162827,1.6901755751666094,61.3115163078154,7.195282478095251,7.525284699196348,2.103899624875809,0.4440827017933704,0.0098443977458209,-24.888388694086064,3.0651202962162643,2.2066663519856107,20.76246334310849,0.5725084614100163,4.574780058651021,50.47748275881407,0.2812937333267564,0.010178722051585,0.0078586378228304,0.0085956661820493,0.0616530944387917,0.0086112184148017,4.093949037954639,5.445554947177084,2.5017609400301284,20.164312295912325,13.83000144547245,58.34785449150338,B,[]
J0856-6137,0.9625108717504657,1.6795670792134729e-15,MeerKAT,856-1712,139.0271076016024,32.49135047327704,39.79680552715325,-5.236446113069751,4.066090025885107,2.8005144631291854,-2.289324316589465,0.5111440601193942,1.022975153025414,-51.69162248078136,3.785317358402153,7.792607882999711,2.0578654718861187,0.5366240875403152,0.0467316104525963,7.184510562509668,0.2658481302582292,0.2828439315667026,22.52199413489734,0.9406255283783028,0.8797653958944265,264.1128864660082,0.1367829084224076,0.0015339134093662,0.048420258838276,0.0013092227893598,0.0519652998529217,0.0013094721534657,9.35016660387931,4.118942005675182,3.569931410371272,9.151494404565998,9.85530672128154,72.28815600043029,B,[]
J0857-4424,0.3267933498191605,1.9733909607815723e-14,MeerKAT,856-1712,37.13537258242079,61.33845313167842,28.893116984224623,4.287948998988252,3.0816763054463543,3.271415847392856,4.23699510151174,1.2348860938947404,0.9713790896320416,11.479287407233064,6.839440451719881,9.460972892810757,5.059691830066993,0.8173045252263469,0.0392303604300545,-8.074206902749005,1.5222221070877406,1.238111015233983,24.281524926686195,0.321865176230675,2.463343108504397,76.27461108264,0.1228380118462902,0.0044876719436866,-0.0513662824096642,0.0040245263140766,0.060957214820907,0.0040261541566515,8.785362752106236,4.383370515980355,4.203288380098241,12.858695981277128,11.451071347846044,90.23157011590304,C,[]
J0901-4624,0.44205834405094524,8.737657845470147e-14,MeerKAT,856-1712,37.05760136962492,8.681533930980294,9.96969729136756,1.6492315132940616,0.3278776783713304,0.4150900308752836,-3.994289353894791,0.1126979644248784,0.1357175604633078,-39.884281875470776,0.7768591107195846,0.867600382044408,2.065698615208711,0.2039490808674142,0.0007950515198604,-20.938366789349097,0.5016588453496809,0.5674516017131594,33.07917888563049,0.4346164395892007,-10.029325513196484,85.84934084817039,0.7719421913897937,0.0089067611022556,-0.3630642827783192,0.0063317683078784,0.3911995013459697,0.0064035177571317,10.265213801345046,1.8388054080061813,2.3748584901097654,23.27843791883248,19.407470176897,18.651231222347853,A,[]
J0904-4246,0.9651735869552593,1.8779784887568125e-15,MeerKAT,856-1712,6.182787312199585,17.870097856845412,4.265925103319836,0.1773776184838282,0.4973293847496934,0.1219828819257712,3.465157038144917,0.0297889396043919,0.0300936941348388,-13.931468526773932,0.5040008405082279,0.473586319426456,7.513149100431511,0.5911058857288287,0.0142873178485851,-34.78908383505769,0.70026445807013,0.5592892236605209,13.724340175953069,0.943025262138555,3.5190615835777104,315.6343914205949,0.266194162078489,0.0020072167643879,0.0041201005414942,0.0015588349775307,0.0618670633932602,0.0015615781415649,0.7698165338155584,2.0574154555528,0.4722727399119482,6.564168475051554,5.752547067470429,22.13602296016525,A,[]
J0904-7459,0.549553759115343,4.621346831282723e-16,MeerKAT,856-1712,64.56638373717055,0.6736805454280272,0.2947900450090941,-6.215276440029927,0.0482773271880345,0.0589479652890903,4.687695573258008,0.0940211638095664,0.0876783584039229,-4.714549355869851,0.6600678865711371,0.640109077339428,3.648081492802524,0.0624851232980963,0.0046544650550184,8.341461615544231,0.1046149481815508,0.0942319850115449,58.416422287390034,0.5373906618183811,14.252199413489734,193.38137384294816,0.3131542345796159,0.0021297333741033,0.0209126256347953,0.0016388484845682,0.0333622978599495,0.0016395120098051,26.31455276935992,0.1605845938925341,0.0715933264479613,39.47652730064229,13.661302611381169,0.9684705904371214,A,[]
J0905-4536,0.9882807496747109,1.498451360600487e-16,MeerKAT,856-1712,165.2477461224041,9.707075396842072,11.482006395668662,3.0357624748564564,2.1618113904041945,1.9784099958515653,26.94365447365685,0.2406043399415267,0.2779506861657381,49.43975467505944,0.7127276267144822,0.6053168815666155,4.3078403950102375,0.0689945505917997,0.0005081214371527,-4.8082237603423,0.0994756669747669,0.1131303445665219,77.0674486803519,0.9693947906307404,23.929618768328435,106.10393942707732,0.3744333110938491,0.0025332957250186,0.0189534636314381,0.0020628866205592,0.0587166317431682,0.0020659847316422,9.127966465272143,5.441464324598867,6.996426293466855,35.917261511780005,36.97297998685332,21.18908179251073,A,[]
J0905-6019,0.340854176542,5.22e-16,MeerKAT,856-1712,89.56470617369429,64.74605448941473,70.46795361920627,3.827229385272832,0.4278731648333127,2.691955829612044,1.7303717511920076,1.1389778376561446,1.5860644156610113,-16.130077140286918,21.78037135661005,14.670155200325276,2.881172992661658,1.2774469078436326,0.0237569468720315,-14.981269625143884,3.5549720144272605,5.4742359781420085,17.94721407624632,0.3366329232611185,0.3519061583577709,66.27753286226773,0.0685051627040845,0.0065834616377665,0.0356644244761658,0.0054442943138803,0.065501061007649,0.0054515219713435,9.751389976636151,4.498020919222595,4.813649387366192,5.483704495142296,8.24063568081077,135.214008108621,D,[]
J0907-5157,0.253558014505007,1.8349613181809107e-15,MeerKAT,856-1712,167.96691724180818,1.721696301511912,1.4115355473095406,-3.107445358976042,0.4460872682819898,0.3643737388360741,-29.55797574545824,0.1078431883432742,0.1912756061693059,24.356866575062284,0.4490045081155323,0.874612535376432,3.308626726820683,0.0876610805279263,0.0016253315255383,3.845820830311821,0.016759839202963,0.0120573087742257,90.08797653958942,0.2476295678573082,-30.79178885630499,929.8357947242508,0.3656854040626749,0.0004395199320939,0.031127136170667,0.0003271670209139,0.0516123276280913,0.0003274807961708,10.718864430302816,1.2661102415550285,1.042443299577751,38.88348894193916,35.36442735836145,3.133231848821453,A,[]
J0909-7212,1.3628904225986147,3.267104517725001e-16,MeerKAT,856-1712,111.75730073982704,8.69247606467735,9.119884244609551,9.541282954824512,0.3302853949254505,0.5620229010876194,12.676380339652743,0.6009730745752346,0.6135055526159103,-27.44674599084353,3.132781809940873,3.1709749737809325,34.7804196034588,0.2187879844577835,0.0004232815478246,-5.603115265142482,0.1378037854914149,0.1411718205205927,30.61583577712608,1.3312424566384555,6.334310850439879,475.1094610448975,0.3071436284971524,0.0015829343994291,0.0847686806940511,0.0011952571087281,0.0915408830474153,0.0011961106064923,16.662531945696006,0.986742552984646,0.8140672298708231,20.94617506106036,17.42711347748265,17.812360309286902,A,[]
J0912-3851,1.526085076,3.59e-15,MeerKAT,856-1712,142.3125061668007,29.96345318657626,43.49494265341701,1.0748761623539418,0.6220748801652751,0.8373431875867222,2.9254683436867737,0.1588971577455904,0.1519964099929014,10.683834412661753,1.929210871893945,2.010812626078211,4.237473301417821,0.7922502287899409,0.0511276231539161,-32.58987258722336,2.524042941657296,3.237527260890026,10.9090909090909,1.50271315694578,3.87096774193548,77.3726875117774,0.2702009590766846,0.0076598344646492,-0.0102160608660637,0.006415671927391,0.1141189612974106,0.0064627491669633,3.463924177122281,2.2028227876890085,2.0284314244437067,5.696232536078615,6.0481386944363855,73.45839583999327,B,[]
J0922+0638,0.43063215487791234,1.371636936644626e-14,MeerKAT,856-1712,179.9227905034366,0.6599617948499485,8.182668519469303,-0.0071342194074475,0.0609639902950931,0.7535932814501223,3.454453821297526,0.0215878019220818,0.0182229326386069,83.36553058116053,0.2735412490684297,0.2291600554460444,367.4025974767,0.7552944629628655,0.00250795902366,10.822413635699068,0.013197173976712,0.0146074215267439,30.967741935483865,0.4205462153537794,-4.046920821114377,1732.9563161559452,0.5518114695561276,0.0004542158395074,0.0862149466761208,0.0003292278871016,0.0875170797403579,0.0003292695130989,0.0228824022928509,0.1371427123125814,2.3175482555504616,7.149468484054121,10.31662390927406,8.842630314319251,A,[]
J0924-5814,0.7395054700038848,4.922525990333215e-15,MeerKAT,856-1712,40.48089969357714,3.981099790920709,3.386296666768501,18.32762560953934,1.5778216146955408,1.3838232897062994,1.7958794717187063,0.2443263655468253,0.2675757468920867,-10.217000191739384,0.528159385752728,0.4878288875773968,1.4404542529963151,0.0868499524338213,0.0023824960531557,-2.064538475597176,0.0148989781196555,0.0094528012312609,74.60410557184753,0.7222947550846797,-0.1759530791788819,545.2535166427158,0.5294623638903004,0.000580213593532,-0.0391379469364179,0.0004423839284967,0.0423724417840621,0.0004424376696607,33.31343943225496,1.8033514574473235,1.5916565078748055,37.86626070339027,21.32667126057501,7.36739645768921,A,[]
J0932-3217,1.93162674308,2.5e-16,MeerKAT,856-1712,91.74177508035466,63.00588154858268,65.21440203907682,-1.1564972815215435,0.6883222553871118,0.0498481474956893,-0.2714272185045063,0.103052790222293,0.103728558660485,33.444557958659345,3.7324393218634455,3.531264131858144,5.806994168876736,0.9383070637819576,0.0090553228487548,49.52298350767103,5.640258893984765,5.930084429851526,9.853372434017588,1.8927409960272268,0.1759530791788854,121.4197166546474,0.140674160303517,0.0076615507319247,0.0114449553156616,0.0057975089477588,0.0627185081936851,0.0058073188567275,5.059533947867966,2.62452715015552,2.6140700079096986,4.318348039618872,3.61453572290333,128.22028358765948,D,[]
J0932-5327,4.392158712729238,8.372319240486655e-15,MeerKAT,856-1712,72.96687128817476,57.59986077783901,49.13423384704315,-0.4046048718588421,0.2351456133238143,0.0257584066443372,2.190326864544605,0.0501208869600251,0.0671112251549801,38.16990168444208,0.9166595580133574,1.2065328596435094,4.196038539803257,1.0705884260414242,0.0273830080551862,135.39873222499784,11.213264552206482,11.136867039401338,7.39002932551319,4.312528909798181,2.1114369501466257,95.78564226132836,0.3120147330979022,0.0085612991690508,0.0434471565674994,0.0063021007888262,0.13968726341901,0.0063813638117516,3.552146391916843,0.7082606029685206,2.0170467429022025,3.0700922604390324,3.421998418796804,106.73409462488216,C,[]
J0940-5428,0.08756856188944391,3.289948939320421e-14,MeerKAT,856-1712,109.87026067146942,28.415153355249743,40.113772304265495,-17.21096101467631,5.724628425970391,2.3352536675272013,-0.4327386309961634,2.7705971416131203,1.56292424101804,13.51212486460259,8.221343227184313,4.365577287796526,1.155673132387797,0.166480479916703,1.1751018913042088e-05,3.178418153669129,0.3787165516304678,0.2926534235472191,39.41348973607036,0.0928318903695755,-6.1583577712610005,23.674762066002145,0.6366271806430908,0.0129472775667046,0.0117925064285213,0.0102434824886275,0.0883465410367859,0.0102775708287068,25.815778375489053,4.660868775614063,2.2587481745605498,27.19189480008888,30.00714406695105,68.52892565951524,B,[]
J0942-5657,0.8081705414061132,3.958097966778341e-14,MeerKAT,856-1712,27.20780607509061,33.939297884739005,21.02393898459725,-1.4908738857431778,1.1394884692635905,1.3630065250748011,-0.3651055826905577,0.1027804621147375,0.0977756537866234,-25.58419328658828,1.6344610327693232,1.649801385036838,12.247680423287155,0.8470248552158104,0.0768626900507261,17.57337178301792,0.3913439931504072,0.4197981297988669,9.853372434017588,0.7895258810939921,-0.8797653958944274,364.5749832897982,0.4135155769392889,0.00241937045912,0.1095985632295195,0.0018242717248023,0.1121667459054871,0.0018248485623058,2.652631993441096,1.921957661468858,1.4237767991239256,4.38562755513935,3.00440177037384,54.96323686933626,B,[]
J0945-4833,0.3315855987755,4.8291e-15,MeerKAT,856-1712,95.09202044898196,26.194634537000223,26.15901865756776,1.3780503654436085,0.0515605185880378,0.2355847661346313,7.125687472807531,5.180059715972442,0.6550927006149525,-18.41332214498296,30.88390160290345,5.6329830096371865,0.991134473268049,0.6135830256752403,0.0007795450518418,-41.41732558399078,5.208606114596769,6.319252811576689,14.076246334310838,0.3298986544839697,0.8797653958944274,51.34361746870486,0.5180955948897534,0.0106044478589581,-0.1414407867783581,0.007822544319351,0.149409095533826,0.0078322110027669,7.136424520862956,1.0105768529676071,0.3991428028169487,10.820702135564126,12.58023292735298,52.35365319456798,B,[]
J0952-3839,1.3738159316842975,5.773465485083609e-16,MeerKAT,856-1712,145.3663127937375,23.63737783763512,27.78051384266047,-9.588188272272449,6.3922312462717485,5.992375888688727,-10.527275286194982,1.7253807273117978,5.251282894066655,-5.992831126630989,6.919079837982757,24.79753394568465,1.880787600694384,0.2422813730330131,0.0028484712675551,3.412037258233491,0.158337063132278,0.1688638967321356,28.152492668621697,1.3451815070280368,0.1759530791788757,137.09406485599197,0.2552592706432653,0.0036437978585959,-0.0240449172166053,0.0030086654819818,0.0409138023449861,0.0030100079671504,13.061396373461989,5.023417801924628,5.949605899041455,23.01994390789585,18.093257690887057,51.41789168029558,B,[]
J0954-5430,0.47286602029833075,4.388073865395831e-14,MeerKAT,856-1712,116.15792125893748,33.97184530949596,28.88179976203621,-3.345867887661857,1.5251159441875086,0.4386903233565635,-0.8070423908724792,0.0756495789512456,0.112831645320702,15.004203167624008,0.7300766622460806,1.0774193934709846,1.2162404409898904,0.3512350718733752,0.0005195119078851,15.37924523424028,0.4729551162744236,0.3891082960064516,16.891495601173006,0.4635274347626773,-0.1759530791788854,114.9462364655007,0.5615702772175057,0.0049327880877668,0.1144393337817485,0.0038838479278273,0.1232637543049176,0.0038878095233382,8.380165039838964,2.893497176436356,0.7076418185310759,9.428743270637868,6.965400162133471,62.85364507153217,B,[]
J0957-5432,0.20355669753617672,1.947046114965105e-15,MeerKAT,856-1712,92.14875995716208,67.38635456220422,67.94030293599538,-3.071559673816368,2.0355497681694894,0.1548840416681964,0.8300117387442805,0.5245183962221185,0.5979839253074795,37.37154519254234,9.89262772371945,9.575105235943576,0.5402853979350615,1.3597255707174951,0.0140547067001327,18.649458777317264,3.212613516568595,2.460370203052843,10.9090909090909,0.2038965800554271,-0.7038123167155419,43.818963562702606,0.2604026423429371,0.0106998140800521,0.0839925853827895,0.0082418970423181,0.0999005684829562,0.008255484803656,6.259074108075672,2.668886082082066,2.5409715687947942,4.173120243143105,6.988369510005272,135.3266574981996,D,[]
J0959-4809,0.670085886865293,8.517367351775822e-17,MeerKAT,856-1712,120.773497265284,4.078749148993055,4.388154639534747,-10.686592691753225,0.5908597863523877,0.6062417493895929,-20.957918354841546,0.1595378167986538,0.1281445288014531,34.03910306772765,0.4338427631377186,0.3828957541189126,1.6198205911249346,0.1029534083762255,6.033855426368362e-05,4.633369558999656,0.0857572090412563,0.0880808345834687,74.95601173020528,0.6576126437114852,-20.410557184750743,100.49306246027882,0.3980489578091773,0.0019836871918837,-0.0817502597427791,0.0014987718601968,0.0850748139501914,0.001499199675681,35.30427227240144,1.2347835382351513,1.150126660019424,36.96964856012012,32.35586463636079,8.466903788527802,A,[]
J1000-5149,0.255677098425,9.595e-16,MeerKAT,856-1712,97.41849744034344,54.52246842330929,51.039008952674266,17.812309064173597,0.3321950709436194,9.359373441795604,5.563441727688311,4.64816799492219,5.621432111606804,-28.848400577189643,17.42656111471339,18.80995048056553,1.004890919699748,0.500048834873972,0.0256674726001547,-3.241680369085832,0.119064393916926,0.1094212699895527,16.891495601173027,0.2510188921910974,-2.991202346041063,96.6021678699349,0.5964214798519858,0.0047005988217423,-0.0618040597488759,0.0035994123276647,0.0766323207463086,0.0036030956813983,19.552404271957595,1.5992233514710734,7.745307487651184,15.944673399242555,14.88895492416924,105.56147737598356,C,[]
J1001-5939,7.733640264889151,5.986900093846146e-14,MeerKAT,856-1712,29.68156885182433,29.130174984671005,23.768408726342702,1.5171324932327803,1.128991619717566,1.2023599404205652,-3.1972807195745485,0.1380489770716004,0.1346884505970114,39.98793902606292,2.0901118743115177,2.1131652658258275,20.456110546667297,1.199768090726053,0.1468494585208155,-18.70304345501501,0.352372273238565,0.2580774032917645,7.39002932551319,7.553666793487842,-2.4633431085043966,542.3417137911254,0.3407480582310588,0.0027600252089586,0.0112442189476692,0.0019107862708374,0.0302748557237526,0.0019121455763641,2.4090074157033103,1.4053096227443458,0.994971923744095,4.428952273826747,3.725139957111205,52.89858371101371,B,[]
J1002-5919,0.7134892535,1.04e-16,MeerKAT,856-1712,74.85533484586105,36.96732895042149,35.07516144599687,7.823175705043623,0.9435622382762164,2.937120482326632,17.524470704340825,1.432754110283259,1.045876944145494,-74.85827465681567,5.527516394544733,7.813753572339735,2.6353684093194865,0.2301018165778057,1.9813611285002253e-06,-7.091503224885937,0.8879432561389926,1.3741851990533007,31.319648093841657,0.7536693625584628,11.260997067448692,24.253389288286737,0.3372898293532493,0.0132112346712088,0.0731548665700038,0.0102836900642336,0.1284549107046519,0.0103455952307489,17.223807119281503,1.2104953733111166,4.094859534050388,25.0904531090329,21.92329768381296,72.04249039641836,B,[]
J1012-2337,2.517945020504389,8.809495481970016e-16,MeerKAT,856-1712,90.18484618556548,67.50882877402982,67.02645338246654,6.470675450840738,0.9563890520631366,4.172369471919631,1.4594842574146272,3.215572830403553,4.1311179600582175,-30.90042348419386,39.66906675083396,33.4517794873234,0.7302442943532078,1.382862939368276,0.0014723833191169,-8.873487236719514,3.016284776594498,2.68631017161257,13.020527859237523,2.5118768131798683,-1.0557184750733128,47.93091358647998,0.1306764116912052,0.0091982109404427,-0.0085340803277916,0.0076591629467875,0.0560860299378967,0.0076719019010262,9.168248513543109,2.4664627871043234,3.081973145956995,3.2912488804152806,9.025466662106702,134.53528215649635,D,[]
J1013-5934,0.44290102297840733,5.564743448957339e-16,MeerKAT,856-1712,120.92884039311024,7.565464490162526,6.874495468826311,-7.266865118857671,0.7035760682594718,0.5447919695698946,-8.388425895649696,0.1072831396597102,0.1146265058097473,-5.388663066395469,0.4597149080656342,0.493821697419003,1.368948116764932,0.1554359173777548,0.0001066944072958,6.781561989529475,0.1077200779138589,0.1091119681902714,43.28445747800585,0.4328155125503229,-9.501466275659826,270.71751375473696,0.4715592219591727,0.0020428468046405,-0.052836769925692,0.0017724850783563,0.0717373402641319,0.0017742989691921,20.51499714938916,1.4173521665166031,1.0259014065725904,20.9957383272242,14.661427476784322,14.439959958988837,A,[]
J1015-5719,0.13992048394908696,5.736552444149783e-14,MeerKAT,856-1712,126.51895628336705,15.826883115821287,19.36605525666332,-29.332091966257643,8.26761114035822,8.604313736557017,-8.262571896523355,7.999765092763589,20.735235218290576,-54.11341753881676,12.934795091560282,39.83273036888033,0.2519153134502445,0.1783006048404847,0.0001394800559081,1.6405549593916162,0.1295822844306635,0.1313740889886328,51.3782991202346,0.1465815255622751,19.17888563049854,25.75222928834624,0.7694959881177013,0.0063031782405377,-0.1943796396675017,0.0045886621830421,0.2123188189287852,0.0046051148130206,37.53468640206273,6.850741415493813,7.39553045882644,39.40626691118612,57.00157482907468,35.192938372484605,A,[]
J1016-5345,0.7695861785235945,1.9267259307875987e-15,MeerKAT,856-1712,110.82188144892945,51.68547819378768,60.95437690486663,-4.205392487597598,2.863535381738151,0.3498347405952504,0.6240317401657558,0.5094651045387286,0.3923710739406113,89.50083020960041,7.836776105628374,5.311161652501284,2.82196754997428,1.0733057902420216,0.0638144605630035,12.74599380671567,0.3181798432793794,0.4532178155534954,12.668621700879754,0.7518614505678473,-0.8797653958944274,346.7604625098335,0.1952705090505542,0.0018406525480529,0.0389755691470866,0.0014211546104515,0.058743315696254,0.0014228766590976,7.324666647674972,2.8929845722373324,1.0503777042683042,5.7266710363534346,4.319046402922351,112.6398550986543,C,[]
J1016-5857,0.1073864584587657,8.083424258880554e-14,MeerKAT,856-1712,9.985210696117615,29.078674084895404,6.8342482250075,2.370983330557896,6.634171566718573,1.6284513271155467,8.5650157748685,1.7780697235282528,1.987619765166384,57.1573085558176,4.518733061210575,4.137628537506963,2.0489209475015886,0.2579248679172905,0.0071967719332195,-4.191332180477962,0.4581743720406663,0.4186436206877566,35.5425219941349,0.1398894627625202,9.501466275659835,11.327208393771436,0.6295984678456781,0.0237276226037025,0.0062065225702997,0.0181278667680222,0.1884296163838834,0.0183956567684932,4.153657841836655,9.506128311243634,1.7050075745293942,21.05768439656939,19.41152381457433,35.9129223099029,A,[]
J1020-5921,1.23830534423,4.047e-14,MeerKAT,856-1712,94.40240040970988,64.74081918899432,68.62293022298796,-6.31290595619459,4.067125158482957,0.2263060240305003,0.509514547937234,1.190315305545154,0.8940794369052312,21.206205896235744,10.42480866375885,7.813827389297067,1.866101462659549,0.7074871684909187,0.023924449501157,9.067532411109774,0.6471351519291062,0.7665367546254238,14.076246334310838,1.2126149517774474,0.1759530791788854,134.60836844047597,0.2088921957339982,0.0034234831007152,0.0146419452769409,0.0027553386626298,0.0253814475192781,0.0027560519662778,9.450625717427478,3.2706014532122643,2.596616528068059,4.593124748250444,4.908341527409371,133.36374941198227,D,[]
J1032-5206,2.4076223113451127,1.7891345391548855e-14,MeerKAT,856-1712,40.45215881889664,33.47963877295631,29.970725116483614,-1.1448124437574303,0.8222933428716028,0.536422818696423,2.196708032039782,0.0399741608620636,0.041629216024321,30.169429777926048,0.755539355529514,0.8094411818977321,9.961649642312263,0.6151200620805515,0.0468405718208178,32.47406536043801,0.7446980275407711,0.9168801283196756,15.835777126099693,2.354642753330608,1.759530791788854,184.55156477737972,0.3123891483537156,0.005412965693243,0.0104581053607497,0.0039681316858552,0.0647127726421113,0.0039786831802168,5.201498192929021,2.47112578003939,3.4263551470477127,4.665462055936752,4.836004219723064,63.45036388943992,B,[]
J1038-5831,0.6619933522797068,1.2587867840637537e-15,MeerKAT,856-1712,41.22989728063452,29.15918844535976,30.18325954117036,-2.144376546505293,1.5172076313524707,0.8988532064238002,-3.623520787885013,0.0620773836176598,0.0617680075320521,10.26207685643048,0.8572225579859634,0.8102791728187224,1.2795465289353865,0.4533895785323025,0.0304894186843174,17.614179523652957,0.3434342178538898,0.4201067434381258,15.13196480938415,0.6471223803795297,-3.519061583577709,223.89431939798573,0.3543711226207545,0.002334684742457,-0.0886912805430224,0.0017047674241583,0.107493254216165,0.0017086463856232,5.326422583622303,2.095168637238096,2.843363630839708,7.670441608999379,5.5590046588527535,59.34244798653012,B,[]
J1041-1942,1.3863689665029715,9.448510426541065e-16,MeerKAT,856-1712,104.3560678531837,1.9375529077758105,2.040432755450297,2.928755591879336,0.0208635597116297,0.022269377513139,6.926457250809087,0.0086978832128901,0.0087839831384597,-13.522811633749216,0.1135289426422527,0.1145743729935944,611.2029134156395,0.2889970606529459,0.0004739813833793,-18.960549677125584,0.0741582085208953,0.0724781966890439,21.466275659824028,1.3539132915342431,6.334310850439877,1346.2930596925016,0.3328123706641693,0.0003597169714882,0.0705034748365426,0.0003181978293275,0.1131709558531283,0.000319373360912,10.73143374145966,0.1012670907447099,0.0944236999154516,9.91765959685014,9.213847280134598,3.9779856632261072,A,[]
J1042-5521,1.1708682886600488,6.7175557826840916e-15,MeerKAT,856-1712,153.89113331815912,20.39719324808744,24.215307158484137,-1.828860963561843,1.4167264295579032,1.386190619638478,1.7233320290313818,0.1194879604746916,0.0955061860822714,28.574929406976366,1.706330071227299,1.4380609892073792,5.348975626134067,0.4263898476685357,0.0366011586003098,13.789403688990475,0.2299146046330307,0.2207783465928532,16.539589442815235,1.1437487030488975,-2.1114369501466266,420.9198158217959,0.1875647145269725,0.0011438159374098,0.0254838185704534,0.0009356225757204,0.0362631120352687,0.0009359090674013,4.174728942412088,2.1720322239598824,2.658597387840323,9.993126750439,8.937408275365687,44.61250040657157,B,[]
J1048-5832,0.12374026167760617,9.614492749917854e-14,MeerKAT,856-1712,179.80841048400794,0.1702775260651776,4.056368943087165,-0.0334122853168195,0.0298183160097325,0.7076652751246912,1.9358571755830247,0.0232779624660104,0.0237346387754335,10.409887166275997,0.1192132389795865,0.1254570729863786,38.5336086287092,0.1195112853652489,0.0606766219377092,5.734093552506475,0.0036661147214589,0.0210287413800056,43.63636363636361,0.1208584952105339,0.1759530791788766,573.0774267131816,0.7044482456211448,0.0005783039876776,0.0449185882093684,0.0003841471376854,0.0568617201262316,0.0003844045089782,0.0853942800034349,0.0510271120595861,1.6692623143500365,24.281898231301504,14.428525797283912,4.226646469152342,A,[]
J1049-5833,2.202328278863169,4.3739553128185525e-15,MeerKAT,856-1712,82.61363744015321,66.56097711042582,63.04833849707878,-7.464197761159576,4.970044042312615,0.1684353947344083,0.985416865664648,0.9148177460139436,0.7174019827882547,39.85386262864993,6.963882484352766,5.315943002455931,3.670263235086917,0.6514099812211063,0.0384757369251045,7.633957331445821,0.3043384268733966,0.3384161891887833,13.020527859237523,2.152083304949474,0.3519061583577709,279.9075966799958,0.2774934981488024,0.0017307925255627,-0.0750193522086965,0.0015065632181845,0.0812600361557028,0.0015073216092551,9.821181675298371,3.2829356261215903,2.163650719164139,10.310930062145578,5.384243845136785,129.6093156075046,D,[]
J1052-6348,0.3838304235316973,3.8746683829501317e-16,MeerKAT,856-1712,83.24375825668514,72.13232535383224,64.98341794624702,21.893260090338853,1.8543832586124367,15.48663674618268,-5.1858871154460005,16.446898648169135,11.54742957897156,-49.13580981225033,46.17500330465239,44.480063168390345,1.813693884829907,0.6262442644207264,0.0144144002205226,-2.6632141204843567,0.5585203823784517,0.5259244565312531,15.13196480938415,0.4096368390874363,0.7038123167155419,22.685380740310624,0.6867666403551033,0.0269552567707488,-0.0639618089367542,0.0190400588556212,0.137311779521159,0.0191739296735509,23.14188529055501,2.139373460899456,13.278161164517956,10.99233872834922,14.15949415356916,137.11574330007926,D,[]
J1054-6452,1.8400035413768,3.1384632809227857e-15,MeerKAT,856-1712,87.50092122709394,49.22251560653699,48.01521410769615,4.26682973749497,0.0559779218968712,1.6600507463946998,-4.595218940769486,0.6924456805339343,0.4341205062987239,48.09669105083669,9.545805452121847,14.201389659065171,4.427820229858074,0.824639998043815,0.0103025828928169,-13.427821788613972,0.6358746967475142,0.6209355702625565,9.853372434017588,1.7992883038932717,-0.5278592375366564,193.02083467847348,0.2807911566951291,0.0037851655156299,-0.0687324176123391,0.0031396368315188,0.07972667757312,0.0031418090701422,6.516583698286296,1.1612921341283764,1.4817477532541676,8.290233603526081,7.586421286810539,97.23772971423314,C,[]
J1055-6028,0.09966083348,2.95322e-14,MeerKAT,856-1712,47.1069220728804,99.80879772522016,35.679683904268245,18.02762756877435,10.483678499308766,13.48318753865955,5.616901226920056,11.88836896072744,13.04864050359081,-23.901892994484022,29.33590226521536,25.604668588067995,0.9257737407436112,0.3568574479372434,0.0164466469944379,-2.367311836438999,0.5476285415276825,0.4780433230121552,32.37536656891495,0.1029255295575636,3.3431085043988142,29.06192696956119,0.2121256337606034,0.0106533748006185,0.0308052622542198,0.009155464005251,0.0666412679518509,0.009168066047741,22.398786962281942,9.91170306358497,10.020305745812196,21.303919887449464,18.813382165336485,135.4884816294884,D,[]
J1055-6905,2.9193969868,2.0336e-14,MeerKAT,856-1712,76.50781267426558,69.67307310914015,59.69457464943702,3.740729120642421,0.2282220848500666,2.642844222075106,-0.2887038327003522,0.4251665222657464,0.3889709306866081,74.22674726805843,5.76905937047934,5.899303750524652,1.98600961715728,0.6518089989026237,0.0414070443627228,-14.90461205680627,1.4436029438347795,1.155865103282439,13.020527859237523,2.859357759047891,1.0557184750733128,130.29666645669744,0.1422126065476487,0.0038233232891128,0.0332732008471397,0.003149924167861,0.0625954662056039,0.0031549415280243,7.3917859861571555,2.3140627073801934,3.256910251522065,5.03943697053026,6.095155445603573,129.36764775857716,D,[]
J1057-7914,1.3474040034364363,1.329670404504215e-15,MeerKAT,856-1712,65.82151435147156,56.59913223379748,48.63960340604862,-8.537524182326369,5.7726297763915575,0.878746922813729,-1.5828530551435818,0.7400006126012015,0.7368733698691785,19.832506589416106,4.404611002685222,4.591994177655373,1.85208532462537,0.3668646867114569,0.0381018134588118,6.145034076985411,0.1338095563857759,0.1894466135376573,23.225806451612897,1.3163307465003866,-1.93548387096775,360.36447081929606,0.219907853178386,0.0017013043649688,0.0124065584198091,0.0013128793203839,0.0200180559039797,0.0013130279297311,13.292982635733312,2.462952972508995,4.445255204593448,11.965534041630615,7.037398509689032,105.2387356398461,C,[]
J1103-6025,0.396586748928,9.904e-16,MeerKAT,856-1712,89.7672667238015,68.29123301383098,68.69007458349972,-12.885720822640854,8.669598365477404,3.5696919748405467,-0.989392274637126,7.767906287340883,7.715274478609507,10.672421634833212,47.41016915510198,43.38269886210976,0.8558437401638024,1.359580381699678,0.0012303937415848,4.484123553508529,2.1146717241733493,1.9240533540643807,8.797653958944274,0.3951594122158248,0.3519061583577709,49.361311206680845,0.3070465028768496,0.0106691694032916,0.0483284299424281,0.0086425161773064,0.0603101542359391,0.0086482176801647,13.60316206718911,7.534085212146944,3.4804787997898323,2.705622388119469,5.388219254109263,136.9813075973307,D,[]
J1104-6103,0.2809053015394,1.9667e-15,MeerKAT,856-1712,96.08456036266836,59.659653576459945,64.98936239474942,-12.716207533517307,7.637068938868497,0.3734023737901832,3.027140196157222,2.978574654369236,2.3687127241260035,-18.99911142625342,14.917685144314394,10.287563972088464,1.0105498209089463,0.3285540245800611,0.0080565855880276,4.517339779584637,0.1856681194882501,0.2810649133728722,23.225806451612904,0.2779676391410685,-1.2316715542522072,61.13149980172525,0.6135082817109253,0.0083337342702824,0.0659793125015096,0.0065327936024353,0.0876983600850527,0.0065424874614939,17.204765178393878,5.58461104137197,3.65867115969877,14.464090342784797,13.408371867711466,124.64901597120937,D,[]
J1105-6107,0.06320213091790895,1.5844620797882356e-14,MeerKAT,856-1712,125.49416986282696,5.053211108398855,4.839502839608556,-3.4452208261149075,0.2723874776346826,0.2459944002353875,16.31022589554391,0.2809169320684752,0.2375858045110739,49.472763354119,4.095241202019658,3.142004451430772,1.3700507377671631,0.2379477656770983,5.7767302508171525e-05,13.548301804124844,0.467390126249759,0.4063736901098487,23.929618768328424,0.0637646847849672,8.269794721407617,38.53985266087259,0.9596607785664256,0.0102104870006398,0.0604910631173277,0.0068428340972849,0.1158726923551992,0.0068737409479603,10.517068862421642,0.5980465389642594,0.5086848327431825,23.524302141878213,19.65333439994273,9.892713948007412,A,[]
J1110-5637,0.558254373368017,2.0607720388551204e-15,MeerKAT,856-1712,157.12295253129454,16.147729401851166,11.302931377903434,-2.6407596036511625,1.8494266368407897,1.198826012584035,-3.179209707931385,0.1031482694835452,0.066722064341719,-21.83585180955604,0.7553968149412889,0.4792157689844138,3.609342405414342,0.2108422766539668,0.0066170385104147,8.437686907544464,0.1176081487827165,0.1120560354262476,27.44868035190616,0.5453188778447706,-4.75073313782992,428.27698054928896,0.2841105634756595,0.000970751191074,-0.0792895634455946,0.0007686307504468,0.0874327906891691,0.0007692964012039,6.197090838217715,3.0374623715480857,2.291479824300486,14.61615985455894,10.721083547200587,27.4506607797546,A,[]
J1114-6100,0.8808654186783504,4.6013760684709824e-14,MeerKAT,856-1712,6.288566115627478,7.3563025117708625,5.14279998366316,1.2568219361777035,1.4617209004780254,1.0284660705553983,1.1327777685976197,0.2537715308874844,0.2868166245078705,31.41349002459221,1.1917599959457237,1.0359225561325545,4.137670569015123,0.1507052125796582,0.0149229708466869,-4.993906523316422,0.10239819181065,0.1452002749186185,44.3401759530792,0.8607969868232583,7.565982404692085,273.0140734137262,0.1719335467032098,0.0013268308925759,-0.0125629534829362,0.0010821343177051,0.0175349897500448,0.0010822185799964,2.9262988463543125,2.84257701242316,1.5847722948513254,27.89948029591852,15.5827647533965,12.499102495434023,A,[]
J1115-6052,0.2597818896541238,7.228858737429397e-15,MeerKAT,856-1712,76.2322160475187,62.45023817993146,53.76405038386656,16.609497254809288,0.9690879565725332,10.481885449328562,6.957924465828256,5.087217996395374,10.824002016454282,10.033309722402455,32.37199013265449,33.80086646739517,1.3110855651149866,0.6110318319176702,0.0124997853905652,-3.397858024506456,0.2890067782687398,0.262628300710289,12.668621700879754,0.2640113368518172,-2.639296187683282,34.711098037664385,0.7144727066042849,0.0135125769019721,0.0131079270173896,0.010257487222913,0.0370425496379543,0.0102634814244801,17.75804808697496,1.2212491781378751,9.066749247967532,15.931531503951415,15.931531503951415,116.21428856379802,C,[]
J1116-4122,0.9431654757017838,7.96581518179059e-15,MeerKAT,856-1712,145.09420383654367,28.21812647866957,30.666807841273226,2.4685507787296426,1.439580863530971,1.966293961922268,-2.088974670161352,0.2212830989195497,0.1724216051048399,-27.45548734204,2.3094497062766166,2.7047613922282885,63.96936472920165,0.906411573759442,0.0766207887976619,-13.28570721628044,0.2978023579856721,0.347485940638899,16.187683284457464,0.9211249147531364,-1.5835777126099684,842.4929540471206,0.0962437134028841,0.0009571023216301,-0.0095725731708327,0.0007461444462255,0.0179732471575275,0.000746249430878,5.117013091750971,2.6495888876457943,2.62890937783634,5.783989332917948,5.080177016202406,58.8849343199428,B,[]
J1117-6154,0.5051058030695322,1.2504268193026576e-14,MeerKAT,856-1712,45.08938109539815,29.673205695248136,28.54368936972614,2.7216768663659834,1.0892359388627555,1.642304896602299,-4.929729484559271,0.1314244041526304,0.1285161431257488,48.27549288431116,1.2617603093281031,1.3092146484043852,5.296451006963969,0.2921532339885848,0.0008708555373502,-14.914574032931869,0.7324812642470313,0.8369598297809855,23.225806451612904,0.4943375375285334,-5.45454545454546,151.7288274673822,0.2393756365884635,0.0035314774484025,0.0413983041866561,0.0030044625709754,0.0847657826053904,0.003012345336564,8.8365459161132,2.7971493777577394,4.3848523947390685,11.4339068790771,9.322469928930474,58.216895064974274,B,[]
J1119-7936,2.2806022645615562,3.682463867366187e-15,MeerKAT,856-1712,163.25625214620567,13.403115877833583,17.59246070971571,-0.8052820876565345,0.6420600015432553,0.7739652256205591,2.607701484848348,0.0548616850453309,0.0487764941692372,7.636111799615841,0.7332889249149739,0.6744312014239444,14.30114304626292,0.7227649848713398,0.0775760264177538,20.498390028067902,0.1929004867989263,0.2085933276425784,9.501466275659816,2.2275978227629216,2.1114369501466257,498.9991856520494,0.3251341746691133,0.0013009495557615,-0.0615140680257503,0.0010784350831527,0.0650871061082122,0.0010787274138957,1.6149416206743057,0.7871855083054186,1.3139731377879384,4.895091514173859,4.191279197458317,30.99557658754929,A,[]
J1123-6102,0.640238352798685,6.446660249827991e-15,MeerKAT,856-1712,165.6284423292384,10.240680134842876,26.061122486369072,-0.8051587343517994,0.5724166268611484,1.335854702538775,4.524830491399314,0.1524056918834535,0.1185097825334962,15.106093122297702,1.430297444906186,1.282640367888808,1.728027250433383,0.3413863288287602,0.0103485061530292,17.663347481780516,0.62202113643038,0.5518902036716327,19.3548387096774,0.6268383412483846,2.4633431085043966,139.44789261219978,0.3141313683541624,0.0035499625358604,0.170195185260751,0.0029835477433351,0.1715959482166946,0.0029843292490206,2.5923993185102026,1.4934334435871013,3.855844325517495,13.498437529522471,9.275563629229222,36.30180262121195,A,[]
J1123-6259,0.27143812865944167,5.252278895696599e-15,MeerKAT,856-1712,78.70035344755146,72.01833007668273,62.57822636588607,19.492240343000525,1.4112161938056786,14.306927817950957,0.4130950238143249,6.255081587269177,6.176636531011025,-11.627220060989814,19.518375782872468,17.93454116017277,1.0009324658535503,0.5123601681519245,0.0203687928851379,-2.938798368481862,0.4101079365913223,0.5053237654111018,19.3548387096774,0.2731750722430153,2.4633431085043966,40.14843903739512,0.5484594255968891,0.0100443774958617,-0.031018206041351,0.0077884475885884,0.0743030783125911,0.0078052350393644,21.739919288309228,2.4086941938026656,11.019813908216102,17.128637545808466,12.079573597886544,134.59655644256878,D,[]
J1124-5638,0.185559973402,9e-18,MeerKAT,856-1712,91.79125432300062,65.74070186679113,69.03350221578772,-19.638279641586724,12.84372983560208,1.634973852474129,-14.872521810297952,11.902367026192916,10.321840653814428,-46.47549290010738,34.45327359626556,35.45825178232815,1.8834304732457865,0.3596721283822499,0.0032882029512193,2.974020173102576,0.6493546646319031,0.5292870143486206,29.56011730205278,0.2178522645811721,-9.677419354838712,14.985725264128032,0.2558345243918433,0.0144828558130446,-0.102442382308999,0.0112344639593394,0.1496872978855881,0.0112984007719345,24.44582144636991,8.873279789648532,4.867679266538447,12.937037939330212,23.142316531705568,134.77420408257885,D,[]
J1126-6942,0.579418751784264,3.293842240806603e-15,MeerKAT,856-1712,99.11551218914111,6.601097460734891,7.761424080876154,10.086253740322991,0.3562746608362701,0.3720454276624618,1.2426002669644518,1.1769713612084387,0.6333357253502321,-0.9063996302689344,3.48462395502156,6.2648317792615495,1.6591479281425006,0.1223658849056137,2.0353324277966323e-05,-5.637914753550668,0.2681155306280347,0.282005470548186,66.15835777126098,0.5666629212942061,21.994134897360706,185.1959387435392,0.1489270651977035,0.002996496555674,0.0112922658725933,0.0027586358911066,0.0402987236985949,0.0027608154162726,33.549083109240364,1.1252618895109396,0.7927702495769967,53.1269011993112,8.104770354940985,14.362521541611043,A,[]
J1141-3107,0.5384334657027542,2.016879032190541e-15,MeerKAT,856-1712,59.93776801405937,49.429749775414905,44.19000253274017,13.337520905942228,2.8793972759164177,9.367535726973202,-12.07440088516044,2.648210040920306,4.300094870932608,17.369426493987635,21.34338239387419,9.773734863909883,1.672870608290912,0.387005001994587,0.0144282937573043,-3.7517582930229416,0.2885686777976897,0.2785021232525615,19.706744868035194,0.5294972765177606,-4.750733137829918,84.33747683660943,0.3288308720308198,0.0048483858634023,0.1274750069148381,0.0039644985701939,0.1293571930677797,0.0039653978800576,16.09542931370324,2.498424619789692,6.9300046025713,15.417509389559264,15.769415547917037,93.61975230815509,C,[]
J1141-6545,0.3938988148377834,4.307370965352239e-15,MeerKAT,856-1712,141.9632431774297,29.335489028852123,52.005923859812384,-8.93452340062478,6.749745086020948,5.769278006940116,3.4727097041917725,1.0089912296117554,0.8948831292100898,36.10307756425183,3.904120671254155,3.367142979491007,2.6977370598153554,0.3357871903078755,0.0307963990606512,3.967446628487835,0.1087155035061178,0.1423598522332692,27.096774193548384,0.3847093081839519,-2.1114369501466363,672.7243614506791,0.132505744472256,0.0007531334041366,0.0560217100516545,0.0005843084341467,0.0572191982212993,0.000584352988573,12.75262076460725,5.179421750638587,5.8740962140444255,10.686785950526076,10.334879792168303,81.34141288866451,C,[]
J1143-5536,0.68535848563,4.85e-16,MeerKAT,856-1712,63.71847986132152,73.84361757196899,50.349707985437135,-1.374789352073241,1.0181649713300422,0.2301769564740348,-0.5014089863789011,0.2006067006172565,0.2066800456646802,9.683880893700952,6.586343793255807,6.23154658620183,2.185994247802112,1.033513503941006,0.0808765939849864,37.37154635656173,5.880041878727248,5.694632271114479,12.316715542521983,0.6755381687162085,-1.4076246334310838,73.04572604918769,0.0925825067470172,0.0050796591262605,-0.0193960747408638,0.0041140503863055,0.0382961952641812,0.0041165768661849,5.657456924051565,1.2374765389477864,3.731507807465605,4.953136468166549,6.008854943239862,124.19332555740613,D,[]
J1146-6030,0.27337450864355883,1.7883950046299597e-15,MeerKAT,856-1712,4.4169690390240826,9.375265765878815,3.220632409505874,0.5900776350361869,1.234942274248817,0.4297958124733359,-4.114743214957608,0.0703758069655551,0.0618769235280609,-37.07331775024915,0.396576095568399,0.4476848917293878,13.408246961703504,0.305564469846951,0.0114538030673596,-7.478123380433421,0.0871399389207674,0.0872470190127678,31.671554252199403,0.2670811723999399,-5.8064516129032295,342.3310377466949,0.2654481084801424,0.0009811790766082,0.0326069532348168,0.0008205002492485,0.0787958167270037,0.0008224183646144,1.422391116997919,2.625684708527599,0.7291751547374409,16.11986089061424,10.137456198532137,12.59589817538469,A,[]
J1148-5725,3.559937231991271,1.1101682111848684e-14,MeerKAT,856-1712,150.16242111456643,22.20646625342673,57.41056869678147,0.3418933876461306,0.3361943554431054,0.2488216262639109,-0.4054184371245684,0.0804665305796036,0.1068932169549411,-6.754901508834342,4.121628097486655,4.058613046163547,16.580682869321297,1.3724761493443118,0.0843944024598961,-83.38062165885448,12.860059692954763,14.946352849402714,9.501466275659816,3.4977913980672146,-3.1671554252199385,90.2199294077277,0.1831746900655606,0.0090773097464872,-0.0790512162122651,0.0075998053085762,0.0914609164552806,0.0076086741779091,2.375575317637084,1.6716860565500975,2.381310313791565,3.993408542347568,3.993408542347568,79.6170349502082,B,[]
J1151-6108,0.10163317676014806,1.0279081549029036e-14,MeerKAT,856-1712,137.5175759269613,25.515083138533555,22.65212711087329,-5.708544826686633,3.3335461198175684,2.359939117913485,-7.789194336853821,0.7928527072866212,0.6997002706228486,-31.726659629513065,3.139463753473162,2.425368126838947,0.9278302252997286,0.1128829870586198,0.0002063338439849,6.789751626900551,0.6371717460681188,0.5847255197372911,36.95014662756597,0.1147868212122853,-12.668621700879765,17.211753182816373,0.582467264697821,0.0157155956126521,0.0365696557852506,0.0110759768294767,0.1327931514328428,0.011181380101846,14.281254310403623,6.0199771116618965,3.974043145738957,34.26359158689985,30.39262384496437,48.16721024940685,B,[]
J1152-6012,0.37656956576,6.685e-15,MeerKAT,856-1712,104.86076791593368,58.947211396693504,69.49885110536462,11.14117012620984,0.9776240067512152,7.941926505087776,3.559712562523327,4.030367476483324,3.8397623476978815,-4.353856335437477,17.18986369534229,20.155413459210408,0.9966207884457264,0.3750304932655642,0.0213021167942419,-5.002156919442249,0.7985508571744235,0.7881239786962748,17.94721407624632,0.3790617651504001,2.1114369501466257,39.99960801198191,0.2877476677016985,0.0099590009578208,-0.0344742151983956,0.0077171611944348,0.0556675486610873,0.0077249284536957,13.94649067178323,2.825008186551088,4.9608508553687205,9.284862217535313,10.42188265049986,128.4460625020581,D,[]
J1159-6409,0.6674855607641537,2.628668145588957e-17,MeerKAT,856-1712,179.4368356488858,0.0733081845192771,5.503049087825843,1.335744568460024,13.028115584745242,0.1761205104077365,-129.02440899559642,0.4304618599624632,0.4593230289928556,21.951043170932213,0.3780074329681682,0.4236666797729604,1.6149824078349917,0.0495151478896223,0.0075720622747939,-0.4216422154841153,0.0010796685738051,0.0056600488560152,135.48387096774195,0.67191503285671,49.26686217008798,39.987527056409256,0.4461374471025384,0.0039577402078856,-0.0668205921586398,0.0031320355722206,0.0902608346166667,0.0031364518482247,1.1151786178606613,12.908337746736764,4.999889753734575,229.14171104838232,245.6813004911976,5.5763572723451205,A,[]
J1204-6843,0.3088610148481538,2.1701341930773243e-16,MeerKAT,856-1712,97.00021432777513,59.27154853778889,60.226362133593,4.513708311278475,0.2091244472088531,2.66425320814987,1.1987841334306468,0.6756413626142495,1.3954180190604832,-14.467068923839076,19.709543167577777,10.819581243768187,1.682223498737863,0.5779897498017394,0.003027815810731,-12.612145169919968,1.6833757710590174,1.9473936084826,13.724340175953069,0.3086965268739975,-3.87096774193548,45.90275304731683,0.1690817088067676,0.0061119932816848,-0.0818547917525652,0.0057597127008332,0.0974614530659467,0.0057677577217454,8.13740427191806,2.981205004331725,2.187229080272504,10.172391171553803,11.580015804984892,119.49791067138187,C,[]
J1211-6324,0.4330841129386243,2.6363693478549624e-16,MeerKAT,856-1712,140.33817766249322,31.037630461162024,60.36845703883357,-4.804086644955685,3.6794661194492697,3.0291212535506595,7.498944253532789,0.9719809941347606,0.901439724619758,43.45376047659155,5.901721818735979,5.474672144786439,2.3377953816876094,0.4120180335125396,0.0343914274389089,7.62105370707035,0.5481557006032771,0.671663450309687,18.29912023460409,0.4359315902241735,5.102639296187679,40.02887680942696,0.3178973517193137,0.0091999507965928,-0.0697755076085969,0.0066731561987587,0.0970388862384213,0.0066910143472881,7.778615423074443,3.2109824337248494,3.271634425954149,12.95348970807824,11.193958916289384,91.4060874999956,C,[]
J1215-5328,0.6364142211735557,1.090322079974952e-16,MeerKAT,856-1712,104.78342171378011,9.015310313351932,8.55248835674243,3.406683673541023,0.0612450605299716,0.1206997544818602,-1.7999875961026088,0.0915131943588716,0.1168767144513129,6.235552750288998,1.0050144600738946,0.7695566640673572,1.3291824344729268,0.2243724538818052,8.916443474893399e-06,-16.27148056940807,0.6825038580239422,0.7892975983055415,32.02346041055718,0.6262785883682526,-3.1671554252199474,80.47161587180152,0.3489689546087545,0.0033224166085591,-0.0035448236078984,0.0025554830360604,0.0904420622476801,0.0025664249155203,15.720067170885214,0.8843651585012908,0.497212189316626,16.323179559322618,16.67508571768039,17.567798670094362,A,[]
J1220-6318,0.7892120794006706,7.759536388735708e-17,MeerKAT,856-1712,75.52278579296593,31.391471397280867,30.34218064288396,11.323204789748138,0.6376100397147386,3.2994787382083413,-8.193358544210431,0.5198995470513061,0.5066977384443643,46.070707204459765,1.9663209838552616,2.041145625313007,1.1604001692013235,0.1985623924974662,0.0002398604181885,-4.931399491272557,0.2152175542877206,0.2476892817219811,37.30205278592374,0.7863051182755378,-9.32551319648094,49.467602774884085,0.4430681934310269,0.0046201588902034,0.0300841964755642,0.0036707720851301,0.0546510333404244,0.0036752859521991,21.60198173531528,1.094204372013334,3.676845812797664,17.67174409508575,18.72746257015907,61.73365204016483,B,[]
J1222-5738,1.0811635266,1.5e-16,MeerKAT,856-1712,97.63431884270751,54.86627244925691,60.94512264179073,-2.184298942048996,1.19302026004216,0.066877378728237,-1.945277952002511,0.1892065668072837,0.1828918201015192,12.13113092643843,6.086017655306037,5.677375234181852,3.239115362598387,0.6972978640907646,0.0214554275837812,26.004533966391605,1.1905211180649538,1.6083782974211047,6.686217008797648,1.065994851863606,0.7038123167155419,71.87095875361223,0.5146221729689577,0.0111058345826814,0.5585563833370583,0.0098366440361174,0.5769295259227504,0.0099201204782062,3.9750503949413,1.3680541352183648,1.050978944835942,5.992198773116877,4.9364802980435645,115.81139509104764,C,[]
J1224-6208,0.5857612081215525,2.0195819116449624e-14,MeerKAT,856-1712,85.78945993490905,68.8255076996029,63.657359699269215,-7.697069254811167,4.823756447218598,0.2631994937679298,3.532157861575536,1.8146826919362784,2.62766144217252,-42.095898915513466,15.704395476303652,17.830971670611362,0.8429619584952321,0.5421730263421782,0.0114848187949688,7.446129087960574,0.668889073503272,0.631395010844356,11.61290322580644,0.6104545875271018,1.7595307917888547,26.836852842783728,0.6145054218514452,0.0168279561898955,0.0766613683453397,0.011603064245939,0.102452532721076,0.0116358673549632,9.60436500950178,3.452598080088478,1.7168423383933031,7.579078682689902,8.282890999405444,132.48286739887212,D,[]
J1236-5033,0.2947598816657899,1.5519979569793192e-16,MeerKAT,856-1712,91.27238057322212,54.045355927866765,58.5013416412891,-13.204418368215055,6.509986323501378,0.3977378074498592,11.062347800820913,3.085580977601282,2.7441494649767346,47.95179369228174,14.83249446264869,11.209317131957611,1.3153410471398903,0.3128490112039159,0.0021888157854261,4.376706948357489,0.5836618655927355,0.4810052377592257,21.466275659824028,0.293439740302921,5.982404692082106,50.50471782992099,0.2319762054102735,0.0064469779176537,-0.0133290292363061,0.0053380433031214,0.0411614592525089,0.0053420628228461,16.971756859673256,4.784027363045581,3.009889340335376,16.516893255366362,14.757362463577508,112.54669756915588,C,[]
J1245-6238,2.283093350802984,1.0920219445567271e-14,MeerKAT,856-1712,50.296621698537614,67.34708950678476,39.65810505477607,1.381855024710848,0.5157494177442425,1.0582535276846587,-3.0314922370840285,0.2078023411533842,0.2565320367902735,48.8424697468455,2.1923343479017348,2.370826061681136,2.4332499379815307,0.7703169459628487,0.0407074138391876,-31.903102871840183,3.5695075225825867,3.6502710821743314,13.020527859237523,2.2673306095702137,-2.815249266862168,54.11575375738895,0.1927174250079514,0.0089682028238783,-0.0208686933696385,0.0078657543143161,0.1500594843505482,0.0079489198046661,5.242489828977148,0.6744436064420423,3.3683819798736137,8.405457909543546,6.022694583125082,107.0051945615608,C,[]
J1253-5820,0.2554982178300254,2.104671178832963e-15,MeerKAT,856-1712,167.86369859176375,9.147964693536975,8.429788816513792,-1.2524527091312398,0.9427860934465347,0.847679655218081,6.512450451207631,0.0848964179913274,0.0382585591554001,44.836569925934,0.8833354382361449,0.4522619018022453,2.529171343704864,0.3162384207743267,0.0129099948153976,9.618495561157689,0.0412982096841751,0.0647996983178984,26.39296187683284,0.2495774387611426,-0.3519061583577798,430.0065937777261,0.6208806331713633,0.0012512168527251,0.0685795117233773,0.0009800823577271,0.0720919592276179,0.0009803187888281,3.164103507094208,1.7034929365585316,1.825302849504862,17.597494439477416,14.078432855899706,17.57775351005077,A,[]
J1254-6150,0.184502203069,6.24e-16,MeerKAT,856-1712,98.37136999310634,60.047899190857,66.35571639747134,10.921061637461587,0.5417330985485638,6.889456491054755,-7.447376550066727,2.657562297324054,2.2662374747534297,37.45706166382666,9.725259545585182,12.188078467755176,1.3190022903519132,0.2727375808026813,0.0056926688444964,-5.2220206901226325,0.5757260904349639,0.6949952858130395,23.577712609970675,0.2093314379381415,-7.03812316715543,16.908195273003127,0.6181521381321089,0.0256750369588661,-0.3816665111555447,0.0213146109299785,0.3999038734378336,0.0214499277117869,15.805284437375246,4.473581284487741,4.494897597722656,14.30954663804326,15.013358954758802,126.40361558832834,D,[]
J1301-6310,0.6638296477,5.6433e-14,MeerKAT,856-1712,91.5451173933426,65.84586154208233,66.95952928514444,-5.904330659383984,3.776333659678226,0.2734475129231875,4.327753602565695,1.4149257853254094,3.5359926058146245,33.61843309610179,17.060839381541655,29.241978708956434,0.6779080890495508,0.7385390294687748,0.0049302128122238,9.717687904847034,1.392130972314385,1.293053693234807,9.501466275659816,0.7206586048427976,1.0557184750733128,20.593702070458782,0.4462124603803745,0.0201246729182617,0.1837683696248391,0.0171574826356935,0.1934852558911098,0.0171872578664257,7.576078608653804,2.7186862261641225,1.4381204676393322,6.967049790248977,8.37467442368006,132.80539082722677,D,[]
J1305-6203,0.4277736633168621,3.215752712002212e-14,MeerKAT,856-1712,18.51144073409114,29.576448843706224,13.731806552912431,3.97977611401028,5.661660237556545,2.934356496223673,-6.721586139776312,1.0749194041869483,1.2815968140879992,18.73149593565049,6.858339471619214,5.369653935118041,1.7722639401073843,0.2542456932274939,0.0077151339311272,-4.574554523139022,0.311582445855592,0.2237695831144899,28.15249266862168,0.4315286334389197,5.1026392961876805,38.61451087737488,0.4382193857710283,0.0072664873698889,-0.0211993665073299,0.0063747431114859,0.0440989146440446,0.0063784993371723,6.310056038853225,7.037148360925659,2.5909744473216225,23.43712866177043,25.90047177027484,43.308255396618655,B,[]
J1308-4650,1.05883304424,5.259e-16,MeerKAT,856-1712,151.2011550829895,21.413166800019013,61.80204039821733,-3.53542169000002,2.60336561536573,4.30370183514461,-4.860464462194287,1.2142069932429962,1.2420904590918465,23.0490683814242,6.420622301650926,5.90257404641903,1.1886409773179831,0.5779477750808764,0.0226977565318549,7.812070408368804,0.8811402044004382,1.18510214466575,21.11436950146628,1.105442078545205,-6.862170087976544,26.451428468901515,0.3121424570607117,0.0132816624048957,-0.0375051888043255,0.0100684497920694,0.0979736901941001,0.0101220109432132,6.416728653370864,2.7792188735582752,5.722035164000122,10.447453426368767,12.558890376515397,83.21520719823634,C,[]
J1311-1228,0.4475178450619975,1.5085925667371416e-16,MeerKAT,856-1712,60.06042284456994,60.60971480426814,47.62291967954441,6.53087289417021,1.245452448313122,4.93050881616008,-2.267554450396557,1.2543152001079907,1.203273816797053,8.507956601646413,10.573730080668083,9.726520618413414,2.906756796029504,0.4504505223425732,0.0478235769048298,-7.618807162603027,0.4962985372122697,0.541933052051486,14.076246334310838,0.4380786859680748,0.1759530791788854,144.20490596659968,0.1805600209001089,0.0041990432205129,-0.0388463132094591,0.0036676549394012,0.0488761266780153,0.0036689439447505,9.061982933851295,1.0030042843075984,3.5362172223336743,10.889255330161946,6.666381429868695,108.23263448381256,C,[]
J1312-5402,0.7281543942054414,1.466027392278917e-16,MeerKAT,856-1712,63.97583512775074,40.3476124634833,41.78733976792715,-4.705365587991325,2.682431817669753,0.5477583885707258,-1.5484260433185175,0.1855750244765948,0.1957040754362362,0.2773870854605729,1.7949358278331695,1.7882591865625226,2.43424109232524,0.2514024814626872,0.0152416333032849,10.954393738389976,0.3396540063168523,0.43258491271094,22.52199413489736,0.7146840243636486,-2.28739002932552,99.31246492357737,0.3103448068901339,0.0031370218592623,-0.0897432030379321,0.0026037970655027,0.0992894389602245,0.0026058383886784,10.960450443297892,1.2512009375280189,4.923688140523555,9.888524103309058,9.888524103309058,82.13495223141045,C,[]
J1312-5516,0.8492425970196725,5.7048668610672575e-15,MeerKAT,856-1712,76.72288127840274,39.04702373345886,41.93146301394743,-7.796561301970994,3.19092933840484,0.2517180577947924,0.3664327603519774,0.2772186366737434,0.2772390133938254,-27.94391522745476,1.7808664380083383,1.7803701082110202,1.4421818162617013,0.2403570016261358,0.0054855908357733,7.174543484457495,0.201030241015049,0.2023999143661381,22.17008797653957,0.8297744336251897,1.0557184750733128,308.36887297460686,0.2269727371001757,0.0013348843162323,-0.0028346603208289,0.0010718619607637,0.0146148598567935,0.0010719805790916,13.141380963024858,1.53668872804387,3.519579963869568,11.42242354463335,7.90336196105564,80.9784867474063,C,[]
J1319-6105,0.421118114249,1.5012e-15,MeerKAT,856-1712,173.95343486499866,3.7502334014911582,21.54900496611413,-1.4405507155475157,0.892577751397396,4.94725195238965,-2.039514596369859,0.6438419046209525,0.7103786836006947,31.057089192044007,2.537374044243588,2.811657587869324,3.400651746746089,0.2196512469944296,0.0038348429714547,4.190052936933844,0.2191971857488663,0.2254798064987264,32.37536656891495,0.4140235063450868,1.5835777126099595,85.93039014583448,0.4259227701529209,0.0045678942707434,0.1338102658257,0.003421152909176,0.1398231601285722,0.003424162229526,2.3767049562631453,0.8852776560238749,7.013481337833468,20.162681751795063,15.23599553478627,25.299238367605284,A,[]
J1320-5359,0.27973768328216575,9.245768712932751e-15,MeerKAT,856-1712,145.78673625101527,21.249188696972624,17.924047780610806,3.498724197425218,1.363576375479639,2.101459690655985,7.023989283775152,0.2257347747617499,0.59466507324706,-100.8845902376725,6.347070806860501,2.9732786878262374,0.8866044245826931,0.2283912779273987,0.0009082143154199,-9.2136455729497,0.1940891503423643,0.2344393616913667,25.6891495601173,0.2738033445512897,-1.0557184750733215,148.1029228600148,0.2538795926915564,0.0022342526804102,-0.0954201804583123,0.001740647321201,0.0966970746085328,0.0017409066525612,7.714285101083789,3.4865925431189284,2.8131438352163323,23.03571948905375,16.34950248025608,39.17323647758343,A,[]
J1328-4357,0.5327029454210568,3.038918932097425e-15,MeerKAT,856-1712,26.17098955769832,20.97780619035079,20.74161650412396,-1.6999637395230356,1.3345447728608169,1.1168921078699507,0.6842767027010325,0.0832923983612687,0.0539048094450486,0.2339195034293564,1.0688527124395018,0.7419851389771648,2.79957238026193,0.3879588666658762,0.0403718276555946,14.86743293440478,0.1989994132066765,0.2247634783278727,21.466275659824028,0.5205924982710253,1.4076246334310838,263.3978622706558,0.3174411731755899,0.0015320380655625,0.0664309461531809,0.0012216004678568,0.0726570198476077,0.001222291640165,4.887692510337138,3.0546296367904424,3.0187262064337674,10.048861127210982,6.529799543633272,41.71942269447474,B,[]
J1331-5245,0.6481166471,5.1e-16,MeerKAT,856-1712,169.34537238464767,7.441966646971224,24.628884579633365,0.3969863728876702,0.8270665777035306,0.2772054831337299,0.4521644726695575,0.1267424345129407,0.1241901227221701,22.34681312310072,1.2631101880093922,1.1749595089527212,3.4255611097090224,0.4031965679458271,0.0121514899549879,-26.68457187610316,1.5318648871065117,1.8238635209141911,22.52199413489734,0.6592810456947203,1.2316715542521983,34.29719603609429,0.3799833655055109,0.0073869132106733,0.1683232877580773,0.0053215367169264,0.186599523418195,0.0053429784022881,2.0783981035599304,1.3865463829298792,4.399433491759254,10.632879515600226,12.04050414903131,32.07085122660459,A,[]
J1339-6618,0.55817922185,3.5e-16,MeerKAT,856-1712,137.16546185340016,29.37804879857552,26.863551498075736,-1.9540532762880745,1.3302431356932043,1.1076783370766394,10.842738217204852,0.6261201484173107,0.359552033748125,67.81007707064296,8.018192424036698,3.7997370371075903,1.6236241998705083,0.7281248884538598,0.0009864285093617,19.93907062666856,4.114147277807465,3.7219228163457423,23.225806451612883,0.5748358235825604,5.45454545454545,29.86861558602961,0.3005383203636536,0.0087692841417958,-0.0558485048170804,0.0077331494135064,0.0775334254491605,0.0077444324486093,8.264960752801048,4.791564829412259,2.8919355206264634,20.52015757204355,17.353002146823613,56.24160029665126,B,[]
J1340-6456,0.3786289845463553,5.0557305133628136e-15,MeerKAT,856-1712,138.59728213895147,31.255254926459656,40.25293708899024,-1.8093594484946447,1.3297927070576478,0.9774997142634604,2.1949453443749243,0.3163549543569237,0.2117253601213784,23.32874478957268,6.39091017538674,3.966389040772764,1.4800856151093646,0.5514740298508745,0.0139616152024546,20.94592994534483,1.8018059246939409,1.7001297735861272,22.17008797653959,0.3719267346529271,-2.1114369501466355,92.12734180428616,0.0756419011395412,0.003049884217365,-0.0378311698635207,0.0028135355810064,0.0474642232509694,0.0028146958787635,7.6700913345374575,4.895805500585697,3.4865176050687543,11.872364699213623,13.279989332644709,71.5081920154499,B,[]
J1345-6115,1.253086931080839,3.25203403413864e-15,MeerKAT,856-1712,175.73286062198187,2.7814754379169244,12.889762391561646,0.087599885781375,0.259777367958063,0.0570575098259122,1.1984642996629011,0.0407723600575069,0.0473612676641208,18.38577412863141,0.6877382444158116,0.6108470062314453,50.384293304746514,0.7724495992420373,0.0159399585318666,-48.666700816248266,1.4611743428275403,1.473543230276526,10.9090909090909,1.2246068552564966,2.1114369501466257,262.27654078879914,0.2413210149845358,0.0023513586153567,0.2337785705296968,0.0021309958524474,0.237569081624516,0.0021325719220504,0.4109692510868681,0.2717095215449251,1.1959229725888394,8.478955055175799,5.663705788313632,15.67123782947857,A,[]
J1350-5115,0.29569970634618814,7.575131097212345e-16,MeerKAT,856-1712,69.90702020662494,68.05703050203792,57.22048175703566,6.886281188617068,0.6538613423766941,5.308570766909802,-2.910992821444294,1.259610350989504,1.1999658742006396,16.99013501071387,10.59045235580145,9.25310708294256,3.9989923512548335,0.5819380098961977,0.054882250686532,-7.832720248271613,0.6509077257478451,0.5960302892284624,15.48387096774192,0.28913112357781,-1.93548387096774,199.6837393459685,0.1562694788402814,0.0028339454217477,0.0284052613295529,0.002539387439233,0.0344000025649607,0.0025398191655378,10.116665542589852,1.7782220269324678,3.93596431840892,7.661725959274202,5.902195167485347,125.27751225907356,D,[]
J1352-6803,0.628903384365165,1.2281274965654877e-15,MeerKAT,856-1712,104.79911597224154,51.123537382008266,50.43667182302941,8.321594885727777,0.3935322025623691,4.699708097947493,-6.202732383387527,0.772782482773855,0.8161043921818507,-29.88508241909837,4.873091026945964,4.413737440937691,0.6580140350340201,0.3668641846953276,0.0053684844720239,-6.680253177995119,0.4623212565954846,0.4790708541213613,26.744868035190617,0.6308820629776902,-5.102639296187691,42.56879767515216,0.3905318646882725,0.0066489637262692,-0.1025959492012845,0.005062027048702,0.1152290595283222,0.0050681764835247,15.123996753716463,5.691197750303798,2.084199190085904,10.953465521217437,14.472527104795144,101.56020920503768,C,[]
J1357-6429,0.16630802362022878,3.6105083181903467e-13,MeerKAT,856-1712,150.14736565536802,22.07131038055684,68.88114083965118,-19.081447647174265,14.078350383042896,26.55530957729901,-5.692076689810108,12.258029185261636,25.215632374371285,0.2058400671538862,15.80440625258845,38.37631659663741,1.0612913856117665,0.1575876502114017,0.0094553391136877,1.5226454154682614,0.2203063520375441,0.2684475172005895,40.117302052785945,0.2429691019183857,2.639296187683291,8.987225670901193,0.7566282189228146,0.0255662512717319,-0.1803396698279317,0.0183952097043738,0.2132714900391265,0.0185123265899432,22.73679300318521,11.36281123709789,25.535003851801,36.48386554611511,40.354833288050585,90.95245122020802,C,[]
J1401-6357,0.8428053217935702,1.6825440069057732e-14,MeerKAT,856-1712,107.06245849549003,15.195759679191925,14.485437054184516,-4.277394451369925,0.501260497703579,0.2054564129048275,-1.3697502447781655,0.0351617743336869,0.0481271463149854,34.66690681256678,0.4447423414425557,0.6131001827840379,120.29294867775224,0.367185622342447,0.0062159226949347,12.817345985271237,0.064791511867627,0.067125793029696,21.81818181818182,0.823060555878011,-2.287390029325521,2202.4292727326133,0.2815685095489838,0.0003696387310681,-0.0084815247278441,0.0002897850062632,0.0129088734052621,0.0002897989880832,11.372173111086529,1.0366652789036102,0.3528201052314129,9.01148142677608,3.6571402741036767,29.68119673337644,A,[]
J1403-6310,0.39917024384684624,8.591444762242717e-17,MeerKAT,856-1712,95.3952917728463,64.77588560348842,71.57920467987913,-30.15882367807659,21.23852421764776,2.227780823071217,-2.769442648528603,15.414340470217564,16.268571051043388,15.83465089091441,36.08420889470212,32.90401244128491,0.8764045388015541,0.2485713211290375,0.0069013859823001,1.9816327240389493,0.3154311238838463,0.2798883911859586,32.72727272727272,0.3993435080344443,-6.334310850439888,44.9527927441321,0.3092442111453967,0.0064608803164446,-0.0123117291274005,0.0052995379653517,0.0475792786082863,0.0053050535997457,34.104442399355186,15.72900845861685,4.584936623303964,13.946099873465538,18.872786090474328,136.35509028336753,D,[]
J1403-7646,1.3061988506936013,1.1967144854542496e-15,MeerKAT,856-1712,34.62660361041432,34.71511229266885,27.39483735876296,3.853801218998384,2.653869836949213,3.0059854027590656,7.066470306562847,0.3503365174262534,0.3336442100753949,-12.86727336427298,2.2636286654360163,2.4312133095231765,1.120574424106107,0.3706579611178124,0.0281221974458363,-8.45438167722104,0.3630503431402729,0.2586480506376016,23.57771260997065,1.2786028338008162,6.686217008797646,145.28540198107552,0.25260953173655,0.0030867363721247,0.0740987577752935,0.0023206162017139,0.0780776607709195,0.0023213305979738,7.994735778618178,4.179946321122584,3.9100963628635528,11.465297286034984,10.761484969319442,62.109949651431805,B,[]
J1404+1159,2.65043929892,1.3768e-15,MeerKAT,856-1712,73.94968141109307,71.67405455671197,59.322299919552485,3.694414880235657,0.282358064932223,2.7467111294312208,-1.1957412788590347,0.5111478118664272,0.5357303136163267,8.091462369558368,7.652022450840381,6.905185066855691,2.261735312847262,0.649818049346782,0.0508102471065528,-14.91454598278518,1.5095314302741514,1.384311206584682,10.9090909090909,2.5911373514706133,-0.3519061583577709,214.2528434852913,0.0834893822112221,0.0023795174181143,-0.0218010989798167,0.0019175069501314,0.0254263943538726,0.0019176896188616,6.44955982845527,1.7436827717521242,2.6884393682138183,6.298380575046713,4.890755941615629,130.99635447626446,D,[]
J1412-6111,0.5291577804692954,1.9007780119995144e-15,MeerKAT,856-1712,66.0419622177134,71.63891687686927,51.80996678335916,2.624169933723102,0.4110117669724293,1.9473883758251345,-2.146442147603489,0.3544029082035482,0.3580377658065696,21.25736214159436,5.913947091603067,5.006769677601984,1.4525471554273746,0.5962834425918486,0.0311038189003909,-19.959706861703253,2.530344920318136,3.042328273158695,13.372434017595296,0.5374767239091487,-1.2316715542521983,34.96317579470853,0.2455880160365025,0.0102105872913401,0.0906726046286083,0.0087852525863303,0.0950187707866721,0.0087887725437696,6.704290968258125,1.605091086662184,3.572093005738392,8.656706077222251,7.600987602148939,123.44888366022845,D,[]
J1414-6802,4.6301880619,6.39e-15,MeerKAT,856-1712,164.7220030306375,11.91367809082638,17.71441246278249,-1.0289655588988604,0.7995060392775453,1.1046724712244047,0.4485620775779125,0.0409058966340211,0.042305533974131,7.695067517568553,0.4866089125722297,0.5152987058109204,19.220766919414263,0.4420782944467234,0.0370103212772328,14.673376805189273,0.1352296160954669,0.1589350338730533,19.00293255131963,4.523650255254921,0.5278592375366564,337.68374634544443,0.320396327334672,0.0017344910604314,0.101677369400942,0.0014298899089778,0.1264180221295655,0.0014341518165066,2.779274063436341,1.5891619201275666,2.638766673057329,11.181699907489929,6.6069198488389045,29.62809055360887,A,[]
J1415-6621,0.3924793799001631,5.780199348283145e-16,MeerKAT,856-1712,104.810188823137,54.98517934605681,61.50155995374141,6.331225916827036,0.3426754219721335,4.067667367478903,3.0960068675522256,0.7987836180310048,0.7200256425824296,-12.693282083836577,5.145413740037612,5.861013445456322,1.865079187148133,0.3641349419744573,0.0117514171346804,-8.766893614558725,0.7133140262290887,0.7080253514566461,17.94721407624632,0.3846677003160032,0.3519061583577709,117.4367177242684,0.1545590420705571,0.0040146744106789,-0.003876192855359,0.003029129895838,0.021180610312338,0.0030299489470392,10.622083573179554,3.789706019232243,2.3058932233543663,9.254364638813218,9.254364638813218,116.48673929979822,C,[]
J1416-6037,0.2955835864299678,4.289142443211799e-15,MeerKAT,856-1712,143.50625984053838,22.89306347352968,27.087974814139343,-7.353877653635525,4.591438727072845,4.901698126718696,17.99861352544776,3.865865998069296,1.3201188152682803,74.39025887171857,22.80635189738473,7.49730075811722,1.3942786050044564,0.2815299751329685,8.061660849212338e-05,4.646465860160619,0.4780285768208099,0.5641419869945024,26.04105571847505,0.2931112882243671,6.8621700879765335,56.69703709998163,0.2491054198754226,0.005460633830453,0.0471925679329967,0.0049839778955847,0.0700721353431311,0.0049888643009045,11.132946156707895,3.931496505174376,4.891549307934127,22.749346663277667,22.045534346562125,49.98103828766902,B,[]
J1420-6048,0.06817987659,8.3167e-14,MeerKAT,856-1712,173.05604488094673,4.512424066354555,19.008676294512355,-1.5833937117695411,1.0334694547483805,4.30793300534332,-8.780028292962221,0.5936779518886723,0.6624361129283116,-0.1389177085166588,1.3018884907733772,1.3708328552346372,1.3846730341179936,0.1001331331382082,0.0020693956312725,4.3753175859953295,0.2485313781166791,0.2977323920997126,61.58357771260995,0.0819466635705033,-9.501466275659835,13.937614837851696,0.7758416538705801,0.0175002197022923,-0.256724633087341,0.012114460451361,0.2826110038894362,0.0121925279175414,4.371300420882449,2.1404028480695376,10.014479043155156,49.10853475689116,48.01756494985372,23.52110036086691,A,[]
J1424-5556,0.7703748458743364,7.804227851500183e-16,MeerKAT,856-1712,92.31423830613195,64.88883365174861,68.24471702618933,-5.397035054735241,3.5531136691527507,0.3809320319328435,-4.425681652469155,2.9746229454983366,1.1146950642801237,-18.52015341884731,25.725486714272552,14.476435147335142,1.2382473270048555,0.6379133524684799,0.0017200149386067,10.623202645521427,2.184746090039569,2.080419388241417,17.595307917888547,0.7622916887070194,-0.8797653958944265,61.21382364118328,0.0790145262174333,0.0054410689231587,-0.0047108422797763,0.0050462606805739,0.0333440972114454,0.0050482533135925,10.318233802733518,3.968672469103845,4.05980027805083,8.472602473583521,11.63975789880346,133.13355067793793,D,[]
J1424-6438,1.02350369913,2.4e-16,MeerKAT,856-1712,38.112304216533175,29.79525656815494,28.46934997715227,5.850054181543932,3.204835528243528,4.276552766817922,-5.338598820195465,0.3479359600523688,0.3509984571631328,-36.53788104689391,1.547793007506293,1.6437689479796944,1.0132821080546064,0.2076202098595179,0.0056229351913077,-6.055456987027042,0.3049866601401847,0.2588665483281405,31.671554252199407,1.0329918437084806,-5.45454545454546,38.31804226785499,0.4488807141436527,0.0050798808473028,0.0723245656976312,0.0041119731378651,0.0841215625451901,0.0041155136393579,11.893814853918348,4.650829403222912,5.476950568221811,15.599817602091932,15.71983049174971,58.26460654530721,B,[]
J1425-6210,0.50173030986895,4.782932772982658e-16,MeerKAT,856-1712,90.93229281525102,66.66456133705988,67.89719000818832,-5.939800151893671,3.8644204817511607,0.6638319014169909,-2.6015596690910963,4.499332247910691,2.417042479306597,27.85748148286152,38.86338515336942,27.45938072807541,0.7897604699923726,0.8535992353819921,0.0010011246553418,9.662099300419303,2.4491809409446983,1.958352068794837,13.020527859237523,0.520122309216594,-1.4076246334310838,28.07608746842203,0.1967001912494791,0.0157641875443385,-0.0052799291046166,0.0126660813095895,0.0654324904106312,0.0126918426617437,8.807556621824586,2.996302760823557,2.5126316028267075,4.888949698416607,8.408011281994316,134.56175134524818,D,[]
J1427-4158,0.586485556229,6.212e-16,MeerKAT,856-1712,68.50544901737828,69.46948665983274,54.15797061988313,-3.127016011122135,2.3029076641184907,0.3881945826377682,-1.8886021301381464,1.0289326906265357,1.1154331742175498,32.06972911332153,11.291739078704474,10.893396526312197,4.072952626744653,0.6894470676041067,0.0502324633043986,17.056986978871713,3.071705586419004,2.615281067708981,14.78005865102638,0.5877790866202856,-3.695014662756595,43.35285010345491,0.1008910848281187,0.0076215538970146,0.0089510566988551,0.0057191381390365,0.0497906900076839,0.0057279051423083,7.482353023038058,1.614724778453302,3.9629399889702497,6.287429109610283,9.19644185813164,123.62745727971588,D,[]
J1428-5530,0.57029274315259,2.0865765546694203e-15,MeerKAT,856-1712,35.84815016031748,28.613586788932245,26.04421596910821,-6.666081203461282,4.72788606726332,3.646244379696349,-0.402765705434111,0.2614493137167717,0.3059585155852555,-3.9914399821054696,1.3124117203750751,1.5049503145824366,16.703220253032438,0.307089151034976,0.1418759483963469,5.0450130944204,0.0154371989152197,0.043291089914681,26.744868035190613,0.5569432395473324,-1.93548387096775,1290.02895456191,0.324173546994277,0.0003442174371679,0.0065140246065743,0.0002772286207038,0.0175369397786357,0.0002772715639645,9.769788634647508,4.146791357172516,3.916979321874543,7.515122857615736,7.163216699257965,54.65780275804046,B,[]
J1432-5032,2.0349894792,5.924e-15,MeerKAT,856-1712,93.51819974081955,65.30051480944019,71.59674015854354,-5.005708262771183,3.3645828094797743,1.012360843126995,-1.834322599369596,3.051276031325412,2.7650549324357927,46.39291481691152,33.01382256419537,37.43604702907432,0.169080830709274,0.9686506046153884,0.0064173951866105,11.43906317308934,4.135501201106285,3.75200060900063,9.501466275659816,2.056261882785823,-1.4076246334310838,37.63208828584064,0.3606876487486319,0.007605071034489,-0.1162689889390145,0.0079447770158792,0.1533039748133025,0.0080010811312996,6.899646463182024,2.433098740863052,1.823350737598461,3.0659941536217943,4.825524945410649,136.8972549679837,D,[]
J1435-5954,0.4729966255163412,1.547936491240409e-15,MeerKAT,856-1712,91.88642334326978,64.23603040176802,67.08867149664876,-21.528542086078573,13.484204622553705,1.122772605460085,6.713433358896282,9.688836318732116,10.4827065738607,13.184669166448856,34.89098952402046,27.448571026051173,2.0208315125602723,0.3252096752404974,0.0040686129385036,2.723581098732437,0.3055619429028047,0.3106446252757053,33.07917888563049,0.4651966872527883,3.3431085043988142,83.68826159818863,0.133941624101858,0.0037589841940129,-0.0063777215452118,0.0032883196920363,0.0344324333466648,0.0032898404895725,26.964587856332123,9.335949045069771,5.355260346225951,16.038946555377212,16.742758872092754,131.32470189841678,D,[]
J1443-5122,0.7320614134218955,3.457073470117565e-16,MeerKAT,856-1712,59.00414160844772,40.44408559874244,41.35137114052965,-16.442156164022734,10.443862418114875,2.750393942986051,4.859497843077744,2.3357180091407104,2.1269667914695867,17.136914071340673,6.663400310316735,5.838891440078264,1.0551444531386112,0.112880259715046,5.509306812934156e-05,3.028486064686908,0.3377581226382515,0.2961114535471467,45.043988269794745,0.7378573414455504,2.991202346041064,39.14938049751586,0.2703674770984004,0.0054332043710584,0.0331327910277234,0.0043528225617462,0.0495299227779132,0.0043559128161669,23.81046610613292,5.844097105711772,7.464176852546412,27.90935121551176,23.68647731521851,81.79545673927208,C,[]
J1452-5851,0.3866429281059257,5.070205209288485e-14,MeerKAT,856-1712,52.53661060244646,30.069384896996752,31.236766260995537,4.584828996924661,1.620390106070782,2.6072138745257885,9.813932200732337,2.764063278668917,0.9066440651783054,-64.3151337993529,16.589206066058637,15.168298477606712,1.316769594107707,0.2910120856453038,0.0008459046091506,-9.929846207977922,0.9485874473877408,1.0247263975738647,16.187683284457464,0.4433232242349227,-0.5278592375366564,16.253302764368325,0.8281412147506872,0.022851357203354,-0.218610610123423,0.0161212233920768,0.2296864622190128,0.0161652980436634,8.044404674166653,1.626776403528265,2.739465240762664,23.71422545586431,18.78753923885549,61.30615115799229,B,[]
J1502-5653,0.535505609654032,1.828020188061532e-15,MeerKAT,856-1712,88.39990130230461,69.47949518801869,67.0480814636821,10.842431616460924,1.4864725774210292,7.2355410804207985,0.3001530754941761,4.824671803942213,9.03339691173928,-25.0870603950304,53.85576412054369,41.03246838945058,1.463728705510245,0.9019459855619334,0.0027223384198813,-5.314001833186051,1.4927828394394915,1.4664863061936604,11.964809384164212,0.5256424614701827,0.1759530791788854,98.50632557371058,0.1042665117083464,0.0058111716734702,-0.0371872796923588,0.004644708115311,0.0490546132918964,0.0046471560363327,12.372573034737393,1.928910451286726,5.522680351392902,7.16232316347071,4.698980054966313,136.52757665170077,D,[]
J1502-6128,0.8421042276292402,1.3558038677722479e-15,MeerKAT,856-1712,24.76571661772132,42.35448724653854,19.27866314291856,5.179916226356901,6.539412331827756,3.996737393300584,-2.781309447924188,1.1738811909383189,1.0412862020195996,-17.313414371835528,4.072542633963685,4.745544890745229,1.6210151788282148,0.2951378808062677,0.0208133433563324,-4.63992735371912,0.3515057886770485,0.2968116834114003,25.33724340175953,0.8499591952538235,-3.6950146627566056,38.28383530545264,0.4770405041747447,0.0084659686702055,-0.044285211015342,0.0062937409829168,0.0611897965472865,0.0062998486149391,7.767238789239141,7.600295220514631,3.214604603072469,12.174702282281098,13.582326915712184,61.63315038945709,B,[]
J1507-4352,0.28675875072636364,1.5843530525195184e-15,MeerKAT,856-1712,6.859974240746068,3.979339162574109,5.937762722010809,0.3562070481026737,0.204143380231288,0.3082205564384552,3.21037555553923,0.0155706284015937,0.0202142121599249,-28.799709759456192,0.3589333249993132,0.3305270092147907,91.58475692739069,0.3804053902249933,0.0737650493752681,-19.21253498044275,0.0987305237269637,0.1188996721980366,39.76539589442814,0.2800650965457842,-1.0658141036401504e-14,716.7494299505915,0.2561119024893384,0.0013640098370124,-0.0548505411686454,0.0011084410117405,0.0662200651726255,0.0011093774629186,2.4494476328322,1.3500500896768648,1.9338774347724943,11.832076435304618,6.905390218295825,9.917101884584916,A,[]
J1512-5431,2.040532908461736,1.957556967179268e-15,MeerKAT,856-1712,78.10832544055647,30.641031750128988,29.18675991324279,10.594187460122644,0.4311652660462606,2.6780464863662736,7.552504724386916,0.4075574586476662,0.3753016277482137,-7.787968740572916,1.549212618313761,1.6514745190824571,1.13638198621674,0.2228528398339961,0.0019535774793018,-5.322438110623131,0.2269339396226186,0.1956704499215042,28.504398826979447,2.013469026036761,7.038123167155419,69.09606626697867,0.4914527020230068,0.0038940329944422,0.0635676039543834,0.0028761427741968,0.0701943522695737,0.0028779704621416,17.665622870439503,0.9488744320202348,2.5136719808466106,21.831659498487,13.358956337290136,59.82779166337178,B,[]
J1513-5739,0.9734776671189312,2.7533277856492668e-14,MeerKAT,856-1712,74.67982792375719,65.99556476954189,56.33681552337238,-3.6550243165510894,2.449782870705304,0.197107113684896,2.6504178890308934,0.2316191073282367,0.2232453448647589,45.12976803194209,3.0304231415841727,2.939685300856283,2.0455966862811974,0.4662669687614138,0.0417142992294472,15.129103206445428,0.6978271664019147,0.8467286418414037,14.428152492668609,0.9532845228838402,2.463343108504396,134.5306326841926,0.2271219691669749,0.0032105709968057,-0.0726293001121253,0.0024827396188704,0.0833250706035834,0.0024851084263253,7.800763955616381,1.9667826251414136,3.61744268379328,8.08271994088112,5.993526393429717,122.33238029291428,D,[]
J1517-4636,0.8866132708442906,2.0987632474301507e-15,MeerKAT,856-1712,100.04273822145684,61.62572451852304,71.30421771640547,-5.248986627831918,3.6069565609344414,0.2353036787331106,2.580997658422211,0.7618417567403188,0.7931453449379209,4.0247487438272245,8.278764210865788,7.913197949633396,1.996172876491152,0.5548426990587181,0.0408815037834442,10.763389057962302,0.6748883233832377,0.7710281609277345,12.316715542521983,0.8708535310521663,1.0557184750733128,92.72790933819692,0.2292048236263981,0.0048407769231204,0.0266939691603641,0.0040050637177089,0.0414503272040796,0.0040069309291922,8.050900942864006,2.9450021665173227,2.155353326603326,5.220293846105493,6.276012321178806,132.92994223492852,D,[]
J1518-0627,0.79499667457,4.18e-16,MeerKAT,856-1712,72.5963758575631,61.26398323306286,51.935239681811154,-4.605375322312385,2.8724004848766373,0.2987802812894653,-7.997716374578923,0.389287693558737,0.4906941153105375,46.82160437323872,3.288658665966757,4.348717938844992,1.0523506447880588,0.406549647653984,0.0080314920671995,11.884324663126607,1.0735705825436668,1.206598797246805,20.762463343108507,0.793493304569167,-7.03812316715543,47.34396736154268,0.2919848652592875,0.0118108649974638,-0.004919913724784,0.0090460711816834,0.0829633040940343,0.0090754753823967,10.799286502334708,1.9470222005774576,5.169415866570478,9.773544622488531,10.637012562262203,113.199222914874,C,[]
J1519-6106,2.1543070606364485,8.372434196360532e-15,MeerKAT,856-1712,109.7358352470952,48.87092435303569,52.32153765007496,-3.2082413862679724,2.004763350745791,0.2984165724119516,4.481584629364938,0.3803236555289073,0.3031525674354682,56.90683464544624,9.033399541551177,8.562904385569361,4.783540504519286,0.8040987565179254,0.0406881524832298,16.818681633513563,0.7741249477045358,0.9926684390426868,9.149560117302045,2.1074132158838523,0.5278592375366564,170.91852358387743,0.1902711136598988,0.0049273221843,-0.0339524004698738,0.0037948155967051,0.0469386986379195,0.0037968326407378,5.402504037318459,1.959602886822689,0.4796908162538491,7.12088081704822,7.12088081704822,101.19246200311063,C,[]
J1519-6308,1.2540519522896627,6.002319129551748e-15,MeerKAT,856-1712,101.38959930822196,58.94037488716761,77.94972555600157,-7.864406781704771,5.435435298226677,1.1725297155231402,0.4283186190905939,2.4428875645262216,3.065511043586692,-26.79397241397735,17.34224865763226,20.729595669281515,2.2062855738581617,0.5941704999149593,0.0229542507136426,7.164458055965237,1.4927796414012109,1.7671245491705951,16.187683284457464,1.2308474255327613,-0.1759530791788854,99.35592987732096,0.1258119761073531,0.0052131123697402,-0.0024060390236022,0.0038289070132465,0.0301093824228711,0.0038311483034689,11.23153734401022,3.994267488036979,3.0557040941366043,5.882864073636044,6.5866763903515855,136.89010044316916,D,[]
J1522-5525,1.3896046876,3.3e-15,MeerKAT,856-1712,53.55494863676145,51.13928268139979,41.9732052865574,2.5730152688743964,0.7670544876528176,1.935397076461225,6.111965511006583,0.2490057924670505,0.2932301336307432,-58.59072355195862,5.7133213241940695,4.668957696435378,9.372719643881084,0.8550612952917405,0.0682723210965043,-17.91896255223363,1.5926233901252758,1.3744624427000218,10.909090909090898,1.3597507264721862,4.2228739002932505,158.01078709715114,0.2098814260126534,0.00884395390885,0.0126979630299648,0.0069617530045264,0.0933914653437922,0.0069913219545047,5.14719372328155,0.8207517286391718,2.407421687521805,6.287918590185468,6.99173090690101,93.1124879679572,C,[]
J1524-5819,0.96104262694,1.26016e-13,MeerKAT,856-1712,134.5880563580864,35.412798729776114,72.11601566233097,-0.7200128972487794,0.5449268838997487,0.357793170813053,-2.283186381011112,0.187215765772629,0.2015564330600643,1.3430308842589085,3.346765595989484,3.22665190931187,2.2389139758087224,0.6855386397588008,0.0536486023580753,56.6733552436766,9.13480454741778,6.982632040165797,12.316715542521983,1.0013775707104666,-2.1114369501466257,26.876236235453742,0.475742473110488,0.0274908210365129,0.1628046489706068,0.0204819126015537,0.2231838524815172,0.020694467443672,4.470112241843204,3.151121092901493,1.0232932841396154,8.098045290543133,9.857576082332002,107.52881439210708,C,[]
J1527-3931,2.417605394365937,1.9061230323075623e-14,MeerKAT,856-1712,161.8224899498019,13.973246437183946,26.378800957545167,0.4434851540810123,0.5469724004039781,0.3388957847503869,-1.1577191921704832,0.037043497085923,0.0285502427852555,-21.616300316282423,0.9295515498417152,1.2534677165945567,25.365204574513594,0.8615989307630265,0.0749039879559454,-40.30413360806239,0.7171294507757153,0.801700529221911,7.39002932551319,2.362404937991464,-0.7038123167155419,284.0936705808275,0.2061589984846706,0.0030869587820724,0.115873927633421,0.0019527917350664,0.1364843145331658,0.0019612326632551,1.222149767055951,0.7611194215002812,1.399311528645424,3.4451092214959944,3.4451092214959944,40.35204739472911,B,[]
J1530-5327,0.27896001991585656,4.6798994516278416e-15,MeerKAT,856-1712,58.02059458963307,51.530408798460535,43.61880979826038,-3.098884473284705,2.1813827999063657,0.6018933848142116,0.8422388691212118,0.3849677382583055,0.3688584495822501,-23.61991950736269,4.8599910274674905,4.32160549599681,1.112495017401009,0.3312288443739788,0.0083587261580175,15.6908689151708,2.103903072857637,1.745569104580822,24.985337243401755,0.2755497387591927,0.351906158357762,65.80219886742802,0.1598020828782483,0.0067186617875418,-0.0010674193081305,0.0051712490631615,0.044270071904717,0.0051760048188576,10.856400573311037,1.44543218632984,6.712493646775635,11.298523594221884,10.594711277506343,95.14921859672091,C,[]
J1531-4012,0.35684938398949206,9.601547807167471e-17,MeerKAT,856-1712,94.46475498354457,63.72965279734258,68.42675192188821,5.687954868135432,0.4747735342635222,3.6992824651747016,-1.1171031481977771,1.6588608858245446,1.429112181506476,25.15133700611621,14.78748906655239,14.930975990156156,1.6791637868431033,0.5358597670994756,0.0076677603710253,-10.059123978668108,1.6936043459702184,1.579965087351436,14.428152492668609,0.3528346698380651,-1.0557184750733128,63.100803280764126,0.1355068149030742,0.006864692386349,0.0317071703878011,0.0050301884878168,0.055983492166636,0.0050353708751919,9.138283734096412,3.011389631205482,2.996889794992963,6.571648602743228,5.867836286027686,132.1564047192308,D,[]
J1535-4114,0.43286892152332024,4.073543440019374e-15,MeerKAT,856-1712,159.19762963604043,14.416831863430474,17.67541008917874,-2.427260853632365,1.6705039503763608,1.8629328942396024,4.001051475783214,0.1043050375324012,0.0809085664989366,-2.926170607803499,0.7050322063421972,0.5124072925350758,0.765795993620431,0.296470742587813,0.0034599270958495,8.38576282223331,0.1027154804039014,0.1037513389120849,25.68914956011728,0.4231884775191424,2.111436950146625,213.15921175217304,0.5201946144636043,0.0017538929384999,0.0479335327606953,0.0012892290355976,0.0548217275652818,0.001289749220015,5.378235823230743,2.524729060857132,3.3813037957619807,13.678470830621912,11.21512772211752,32.092241952609214,A,[]
J1535-4415,0.46840160422,4.05e-17,MeerKAT,856-1712,98.30147018637294,5.082905011961415,5.3710566921023855,-11.360439230825524,0.4316934578144931,0.3985244696214316,-28.762219043763466,0.3103091030328002,0.2858510003266623,-34.96732525303993,0.833389119079051,0.7954337365644051,1.899157412393652,0.079085864012226,3.789904607542916e-05,5.023453271850216,0.1621914512831814,0.1511371561047276,104.1642228739003,0.4703156954988308,-17.419354838709673,41.82549154670373,0.3386402420019536,0.0043385010505422,-0.0406491538630996,0.0030617973465196,0.1154727147188144,0.0030817977305209,53.16437622305262,0.449434867600408,0.0891222289071958,62.01735100857286,60.609726375141776,10.4539617040638,A,[]
J1535-5848,0.3071794647036714,2.715111169859043e-15,MeerKAT,856-1712,80.5861145952096,60.95361044280885,56.098570868563,8.387758826654306,0.335630111942919,5.051865586409448,5.440908671221598,1.5654637615464342,3.791911299935782,-45.23955973217926,24.471052515272483,20.13981527453153,0.763988598792837,0.5323901498893568,0.0162864134126269,-6.763016849210621,0.5484667708071349,0.4867481775672715,12.668621700879754,0.3069132170249183,-0.1759530791788854,46.245237211050735,0.3944395717128696,0.0089431942717615,-0.051234207893718,0.0077532056160248,0.0738354141231464,0.0077628780786506,10.491551316914004,1.413058853264224,3.735329675203473,10.895454125767047,10.895454125767047,117.05218131137184,C,[]
J1537-4912,0.3013118508870651,1.9415191613064884e-15,MeerKAT,856-1712,32.440250733149384,43.39028278364627,25.156737092936265,4.261524468711704,3.986738588655621,3.271644742891942,14.651295470535956,0.950861625360714,0.8127376801333845,-8.272810497314314,3.484181024228993,4.874097694111342,1.227608435939772,0.1973792057225389,0.0092863274401642,-7.218765755326042,0.9168124941829756,0.9829072128753776,41.52492668621703,0.2996371293578434,8.6217008797654,52.02112997829673,0.1650467286001178,0.0061569644585783,-0.0584316920764268,0.0052753308868336,0.0773539406150135,0.0052814644736488,12.46833971372124,8.584921491804709,7.181703776923063,19.753934766723635,24.328714825374654,68.54701987658254,B,[]
J1537-5153,1.52812410566,4.172e-15,MeerKAT,856-1712,85.75781023763456,66.47068165760665,62.72443504394265,-3.646854367479404,2.229790665872156,0.1331228208622139,-2.071386520719428,0.4470965586557685,0.4754651579405826,7.419366935282893,5.461044074055248,5.754370691219073,2.101808578017955,0.6386132826398856,0.0109187473776253,15.678554255964244,1.107902499226288,1.5433494979425149,11.26099706744867,1.5096478050612545,-2.991202346041053,65.40984123623022,0.243814406742654,0.0102442355241448,-0.0683200383674969,0.0082773177882225,0.102294061189763,0.008299027355205,6.6810819954354255,2.2815711264261425,2.5087904491579245,6.198408200688189,5.846502042330418,129.1951167015493,D,[]
J1538+2345,3.4493849533157874,6.889090546017426e-15,MeerKAT,856-1712,87.90865546039517,70.10072377938432,66.78038843927567,-2.367518599530216,1.632442030470914,0.3211589275966542,3.01625258447494,0.7811342712036917,1.0004654909322128,-33.739390472187864,13.685938544328828,15.634223848803416,0.096248436837374,1.0744588741455878,0.0025756059834364,24.191536627102508,6.422255633118301,7.016523172277182,8.445747800586503,4.189132070808159,2.639296187683282,13.526456070064828,0.3047098322176649,0.0262980090511232,-0.0783371139491398,0.0178377462721749,0.1271376407614577,0.0180143577943002,4.8349792616392415,2.020781557849895,2.07163743920522,3.544111822011596,4.247924138727138,136.88111221866,D,[]
J1538-5732,0.3412157952248712,4.5334819879542305e-15,MeerKAT,856-1712,113.23064080602076,51.036637111947925,60.56326982229925,-13.985188670113743,10.01554727556885,1.8541483853969247,8.930250229285317,5.1018403922555855,7.605687759043715,59.6180981697711,29.298977143749127,26.608366127727137,1.5158748236323485,0.3579035834032367,0.0139919048774825,3.802377227965197,0.3860247798384963,0.3602065922652815,11.964809384164212,0.3645983536809025,1.5835777126099693,22.518181567047392,0.748839591927106,0.0214239372454138,0.0492246871503244,0.0140050132227348,0.0816184558936678,0.0140399590294548,15.111849382948764,8.32377358860386,1.8081192515188995,21.071012692628432,21.071012692628432,111.59990693424716,C,[]
J1539-4828,1.27284159978,1.267e-15,MeerKAT,856-1712,49.67058837194006,71.81878668003196,39.41425851045608,1.9775196868580576,0.7817034627509982,1.5246358760596603,-2.015301303765106,0.256389433617463,0.3092188571831591,-6.008206790771319,5.431739244659222,3.800400765950198,162.16340362189993,0.7051404661944218,0.0515418375808565,-22.091977621949624,3.61255546054544,3.187660183538888,14.78005865102638,1.254640832052323,-0.5278592375366564,72.9275345114906,0.1439476080733144,0.0062325350128911,-0.0016017512148272,0.005098264603556,0.0444107515201093,0.0051038478560209,6.045506873256605,0.5914746262765969,3.62202566930658,9.581283708457182,7.117940599952785,111.23304519048804,C,[]
J1539-6322,1.63084630957,2.016e-16,MeerKAT,856-1712,179.8648235704443,0.4773897193819891,7.082795140556101,0.0071043532888171,0.3734922582261004,0.0252826375273468,4.806383240952252,0.0297841784295149,0.023939279401711,-7.84831990565964,0.2595875915930001,0.3300658537743643,39.75841834628787,0.2624984545647351,0.1362265761060825,-19.02724977266393,0.2766493581690135,0.0542323163773268,21.466275659824028,1.5945869419745118,4.574780058651022,201.3177209259985,0.4753775923219085,0.0016715053928673,0.0541501067191753,0.0012869483162174,0.1288472420139613,0.0012968450349614,0.0256167998719463,0.3556460609618641,1.3203793437249671,8.853304062066618,9.0939100141797,7.56018485993809,A,[]
J1542-5303,1.2076209283621493,7.77544649943044e-14,MeerKAT,856-1712,15.73922900537735,25.14229546062204,11.658850241278508,1.4181397424804056,2.0821841142825552,1.0448090908609229,9.323710918562002,0.56076552305829,0.412074018761551,12.784052530275847,1.8539800450242008,3.065901450020748,1.1023837938727226,0.3155310069347612,0.0103965250811681,-10.960564631116696,0.6653002406465731,0.4899850906196601,25.33724340175951,1.191728746509921,5.45454545454545,68.7463593465856,0.3376289375672972,0.0060786109089899,-0.0274430996004079,0.0054398167670412,0.111989898653992,0.0054688201502578,3.848012461842473,4.848640650035051,2.1176020591474933,16.88969332325408,14.42635021474968,36.80114570190055,A,[]
J1543-5013,0.6442550645,1.0132e-14,MeerKAT,856-1712,73.11337838551464,65.30153270782881,56.47817736618447,-2.6414825147999887,1.82058181127779,0.1787602546515079,-4.8932930349148,0.8615018890100412,0.8606436132803337,7.961391478454788,8.422282574150751,8.901149159022127,0.9652578927584102,0.7474868629479469,0.0355100545089626,20.762845732441544,3.836862784078104,2.5649367585007035,14.07624633431084,0.6727388648833803,-3.343108504398825,26.41245953413393,0.2317850902096637,0.0142862769466877,-0.0525527602858959,0.0122616608151289,0.0890247336435938,0.0122946671379079,7.187526254143255,1.7693440288065287,3.962561505230296,9.99593233110248,9.99593233110248,121.77971007401328,D,[]
J1548-4927,0.6027407866088303,4.0538435025110766e-15,MeerKAT,856-1712,85.0470014540351,62.7029288576453,59.036383036596106,-7.937858578012422,4.406961773771313,0.1962797619331002,5.014883921113305,1.6649506708386357,3.2017811852766767,-5.547158646579078,18.30275472621544,21.669768588822485,1.2874137520093216,0.4838177796052159,0.0130376210556608,7.214142360028605,0.436499734951723,0.5013992223619539,15.835777126099693,0.5908503485045,-1.4076246334310838,114.6101980586948,0.15496243419753,0.0037429811028944,-0.0347599704643038,0.0033301412226538,0.0383568025876646,0.0033305725544879,11.13943950586589,3.180437663372475,2.6840658205089274,9.413710900585444,11.525147850732068,121.7393118942414,D,[]
J1549+2113,1.262471311613,8.541e-16,MeerKAT,856-1712,86.86415560806435,68.99937743683864,64.87909869234042,-6.395683759399883,4.070624283532066,0.6029071422209888,-0.5176145653784072,2.398997434849212,2.545515720200954,-9.284662555988136,20.364271979366528,25.291662166284283,1.1443720881543913,0.8190085818834947,0.0088681791116553,8.963696668935246,1.64807173799805,1.9678671233178104,8.797653958944274,1.2373083859440497,-0.7038123167155419,117.90672505798526,0.1497244290402232,0.0059238628066,-0.0207591456170593,0.0045654544386441,0.0338808573261377,0.0045676571838189,7.745854216987208,2.970607678999963,1.3007758370983091,4.212629228135002,3.177400097378188,133.87847612917906,D,[]
J1550-5242,0.7496713392678518,1.7752849411393122e-14,MeerKAT,856-1712,82.20086480764776,74.47592484606257,57.87504258021763,-5.143351877978556,3.3413357860972,0.5009521646174351,0.3610434641457005,1.656925342780364,1.5976772335651994,19.81890358884372,16.4944255048002,17.87734200696583,0.6779336548266582,0.708333252560671,0.0023764543869343,11.051567192323567,1.8356466793160244,2.3856874015131115,10.9090909090909,0.771758931963505,1.7595307917888547,29.97793985807753,0.3077945923263425,0.0145710261540263,0.0576722689678307,0.0115503687954748,0.083124618598182,0.0115708398558313,7.431015220221714,2.4848724111711658,1.9419452942396973,5.4454081487575206,8.612563573977459,132.3509674262802,D,[]
J1554-5209,0.1252295584025,2.29442e-15,MeerKAT,856-1712,72.85014115185297,25.41077012702684,22.033319379888475,11.649126930082309,1.9570841202229976,3.128099910689901,13.337506802227372,2.882129331847944,2.094545712785882,14.92671757638712,3.2169226246932467,4.664740826894036,1.9369866892759413,0.1660371245911205,0.0002870649860586,-4.732306725321849,0.5084572269605623,0.8172245335125794,60.87976539589444,0.2101682378582798,13.020527859237534,7.154937374326948,0.7356827171459315,0.0275121990513151,-0.0726541302536798,0.0171716088110696,0.1847249677458926,0.0174779275852666,31.972863464257088,0.8920077407218289,4.337511230911598,28.9973308491482,41.31404639167018,47.44408950691531,B,[]
J1555-2341,0.5325783201179226,6.937032065210744e-16,MeerKAT,856-1712,147.24645060649226,22.500344986831635,19.084740169314387,-4.706796529219489,3.1719525633483707,2.228580303955396,5.841872441962778,1.1279263603645902,0.3934608020186232,76.24167277773583,10.90474564553702,3.922497140787968,2.773034091442784,0.2682650643337241,0.0051180890597839,6.593323485069802,0.1689307075343027,0.1856581583507148,26.39296187683284,0.5206230993247409,-9.769962616701378e-15,222.0634157109956,0.1821687562979128,0.0017421925423368,0.0194780330770007,0.0014564364367511,0.0380130107930631,0.0014572172458941,8.908029150878525,3.722719325372055,3.1470946175228147,23.965039597388003,15.519291796801475,41.58508515614602,B,[]
J1558-5756,1.1223416862753752,1.8640565367572154e-13,MeerKAT,856-1712,101.9658784028498,58.09506311679617,62.18868207480352,2.7614180583173784,0.0951643676869737,1.7835762049085453,0.1943627947345819,0.1519900911501461,0.2117624811864511,6.183811767053707,4.185844789164752,3.283943989800457,6.242710067836035,0.6712942190859472,0.0713061497990681,-20.305697218223912,0.7721854802997115,0.6393772716565707,12.316715542521983,1.097754347349231,0.3519061583577709,178.5556173335471,0.4374307793074485,0.0046632684941265,-0.0355646272717496,0.0037118847773621,0.1330475080892096,0.0037481718255649,6.596959922397917,3.214409902417143,1.768686301436295,5.260182659810868,4.204464184737555,120.28374519159968,D,[]
J1601-5335,0.288479334214096,6.234733691522089e-14,MeerKAT,856-1712,89.65838242288221,69.90703648742733,67.68414295180919,-22.1622257974664,15.620350276233076,4.177600024456563,2.648355870149601,13.85729376753843,14.423786210664954,42.74507660674027,46.99330246581158,43.306322598430285,0.7355041898992418,0.4929098838996066,0.0008921229108465,2.6508534549668323,0.8216309838261737,0.940210470577395,11.964809384164212,0.3277317958547099,2.639296187683282,16.82295128362372,0.6800201025294024,0.0233866069489192,0.0673809847047784,0.0173080492743456,0.0853126536229646,0.017329466866912,22.914305372690315,14.070754571390047,4.1165658463294585,7.047182849621738,9.862432116483903,137.59117943923653,D,[]
J1603-5657,0.49607951018613516,2.781758090389164e-15,MeerKAT,856-1712,122.78481415520652,36.244094938842295,38.39778443288617,-2.6256310818282937,1.5114324583310346,0.520888001615015,-1.042296482615089,0.0718787188878904,0.0953450525665888,34.959336285171666,1.3030891346047682,1.7425639406085125,9.6316091378227,0.3292678329543435,0.0433582385912956,18.35216194721686,0.1697071590777561,0.2796665808321634,16.187683284457464,0.4846008812990141,1.5835777126099684,404.2058627088375,0.4605515263050346,0.0024632994916965,0.121239547825173,0.0018391451200481,0.1586725334582613,0.0018498704201342,7.383005194495181,3.379313832599921,1.0910770107841077,8.608278887307165,3.681592670298371,74.64187937172846,B,[]
J1611-4949,0.6664383124808082,5.311470551109175e-16,MeerKAT,856-1712,110.9945411577702,55.42086335185439,77.07734659112242,-27.553162330024115,21.26327735172449,3.797461294911351,-11.2871048190232,24.79424114470764,16.66997126503404,-72.05538042335291,43.42358279032472,37.067014577876805,1.8805620480698968,0.2529513912731751,0.0288613973567573,2.018314354702827,0.2812087983704177,0.2472080498869917,32.37536656891495,0.6701954626999969,-3.3431085043988347,40.67853094592393,0.1764427029746589,0.0074670331967055,-0.0021393001862777,0.0058584262182084,0.0666395213435825,0.0058726473522325,31.809008181031896,15.5797866013103,5.180071003870252,23.427867282366297,24.13167959908184,132.4982099429768,D,[]
J1614+0737,1.2068033926375523,2.3595756141673107e-15,MeerKAT,856-1712,56.99256536250493,67.43355615888595,47.141760341736536,4.729618687632895,1.072354438733809,3.7609651246839215,-0.3840899939023958,0.7659765498726592,0.8408316196390357,-12.399272263396815,8.854915256756904,7.346388396924617,11.21067484351848,0.7745811623047736,0.0876737959016082,-10.170554609956074,0.8256858994761895,0.8580060244433501,10.205278592375358,1.1802770826468547,1.7595307917888547,183.00547650909,0.1806056607160219,0.0040302842773107,0.0267266383586038,0.003280228221195,0.070737785875948,0.003287050908811,6.451099185869629,0.8609828017753953,2.5964558637170225,6.190541606805617,5.838635448447846,114.57531650062248,C,[]
J1614-3937,0.4072924230915118,1.5876890167833332e-16,MeerKAT,856-1712,36.39857855244444,37.39340332027543,26.993539330214723,2.5355746605354983,1.7951259458919862,1.8576461847862151,12.935995036970512,0.8667761067938144,0.387148546266447,-18.15595033929287,6.14005170539134,12.269966971469454,2.318831383031628,0.5974806433753646,0.0124973348319152,-13.413272399232008,1.6940256536326146,1.8505797497152443,25.33724340175951,0.4086798403489296,6.8621700879765335,42.35919750234831,0.1575573327096195,0.0075759143002525,-0.0828155317563108,0.0064658165937713,0.1109972944384125,0.0064850894162152,8.132963733358686,4.44757426555924,4.723052550996232,15.223385066296023,18.74244664987373,64.38694265049016,B,[]
J1616-5017,0.49138412183,4.6592e-14,MeerKAT,856-1712,91.56752911237484,66.98012680095447,67.14881046143233,-2.2307052115434,1.513144810800815,0.1672644174818836,-3.590848899613028,0.9961010479679296,0.5305519464165735,-7.010841789693156,26.13353691897291,10.72672534064948,1.333099380025232,0.8799174581793721,0.0048809150065931,25.68192774626401,5.538774894188627,4.046914580978228,6.686217008797648,0.5566249119447042,-0.7038123167155419,17.012864001544127,0.4468543310475137,0.0290428116675642,0.2804007716545558,0.0229623548472953,0.2994730224055411,0.0230845723132242,4.018745063436268,1.5658309804096828,1.4294440298179751,5.878238928938539,6.23014508729631,134.12893726238678,D,[]
J1617-4216,3.4284787258172216,1.815195224175777e-14,MeerKAT,856-1712,90.91419283677854,2.0082328758154944,0.1920398113597343,-3.417522516676909,0.1041426500839133,0.1323823605474268,-2.237303824862124,0.1510453846557671,0.1642349165707211,-33.00913246105996,2.1722194789991853,2.5319875091479176,0.8078522560796544,0.0891123378620045,0.0050023666282544,16.773106851328627,0.5273854729956291,0.6344453599340092,158.70967741935485,3.385721206482499,-0.7038123167155419,66.54121796603535,0.2898751294220771,0.0071999032727334,-0.1124049714547468,0.0080109933717475,0.1670577033308196,0.0080783236847885,79.407108219232,0.0124402934682317,0.0059287370323552,104.91812139507924,76.76562872645754,2.2002726871752287,A,[]
J1622-3751,0.7314627228,2.57e-15,MeerKAT,856-1712,94.57934194643978,59.88792628508479,57.38646915229259,2.3319445691775305,0.0650105528118625,1.327571223092399,-4.216166242559898,0.1601443694142332,0.1472928166830724,8.795989056186876,2.0729185943150945,2.250310715326964,1.0532478211922836,0.548615248133268,0.0020189445542586,-24.49828679097591,2.7023830306923315,2.246134849570677,15.13196480938417,0.7452003203101107,-3.87096774193549,33.646495509845344,0.3514650457733736,0.0092433697136324,0.0852286950825846,0.0069272856255718,0.1149495856881666,0.0069504711934318,7.88032374635983,3.98816541504513,2.655900549664693,7.559274746958722,8.263087063674263,117.27439543737738,C,[]
J1622-4347,0.4576814710404071,5.0514252122364406e-15,MeerKAT,856-1712,145.70963531442385,20.682224151725023,22.668831798661245,-2.6432056028566446,1.5591962301465023,1.4451416926460272,8.786853485023332,0.6499814257627001,0.2120447908088572,95.6856659563519,11.936771970506824,4.951714916246431,1.8832760184544124,0.6046119444127387,0.0010488980785339,12.216664722018512,0.4909725906089353,0.5996495513016882,14.076246334310838,0.4535262828549271,2.287390029325511,58.10139587182776,0.7616421637642218,0.0106340562301258,0.0540884408699883,0.0083277147221693,0.0702618906874545,0.0083349283141114,4.873173780222719,1.8174397551742825,1.9262734940319468,11.778055831064384,11.426149672706616,43.35105595038627,B,[]
J1622-4802,0.2650724667660084,3.1400719107661484e-16,MeerKAT,856-1712,25.887302839461707,30.893796882251824,18.68917429455852,9.31381562595494,9.79894226827926,6.667756296509719,-7.4049977123876545,2.198403408978684,4.889931201479865,64.38945053780813,14.527997774962884,5.592428001028175,1.4504216418433988,0.1510774340524507,0.0011457092589137,-2.697711569355548,0.2693665524886639,0.2189604154072961,47.15542521994136,0.2908712965139531,2.6392961876832874,19.51356947609868,0.4524147049592829,0.0104726110435142,-0.0466863117460621,0.0083870105370335,0.085569120991444,0.0084066440588692,15.02646451114771,11.170888086158476,6.178809264893917,36.085349618546026,36.789161935261575,49.58297117681035,B,[]
J1622-4950,4.327020260966019,2.7760746803154232e-12,MeerKAT,856-1712,96.5901957036722,0.0923680960697481,0.0701879270529133,-20.493531385257743,0.2308997622408419,0.2309825763450241,13.28953438246306,0.3439200905794806,0.2760647422185656,14.573620748439565,0.6667957969192564,0.5558506913017673,6.8361252547415,0.0392134617024284,0.0013935323668388,2.8374401419220603,0.0313549538756725,0.0307744832743481,132.316715542522,5.237188122511149,39.94134897360703,13.657734017169602,0.4463573474565345,0.0075715776338571,-0.3040579395102307,0.0034081163359714,0.3082793670895821,0.0034373755527339,68.76472827858953,0.0518597581925056,0.0520088096554338,117.79550960580674,106.88641869671584,0.1625560231226614,A,[]
J1626-4537,0.37014666000757174,8.294250996449779e-15,MeerKAT,856-1712,113.43505592216442,53.582512050935634,80.4196417273964,-13.031799188613402,10.02550853492711,2.562885062907202,-6.504266719956778,4.256878830202564,4.784187915997457,41.25968772877035,15.80798416898687,18.598615447043954,1.4504815277831136,0.3914341990398984,0.0298274767756787,4.068935014138231,0.9818860992211976,0.8131931659445208,29.20821114369501,0.3650734625267835,-3.167155425219949,70.65841597176119,0.0857684173019915,0.0046434282781666,-0.0201855396128584,0.0038637411182333,0.0345803561976755,0.003865321488966,19.075526660807192,7.399365884188458,4.966188841765824,13.718342966291084,14.774061441364395,134.00215377833203,D,[]
J1632-1013,0.71763732795,6.6e-17,MeerKAT,856-1712,76.65428581795351,75.29667349994517,60.0364487877122,4.23727013655015,0.4922096534363911,3.0766603187580435,-0.8872471271563076,0.7231583707613216,1.0025779061286624,11.865919800990216,10.16661028558134,9.26217958708324,8.833270426675622,0.8561719541344939,0.0349976419121098,-13.16870425690858,2.9690575364220653,3.283240189228799,11.26099706744867,0.7145872262978206,-3.695014662756595,50.20017840243833,0.2200513655892245,0.0122324548932664,0.0927308232978016,0.0106896670049189,0.1481846259926776,0.0107558679070198,6.959794159264943,2.0870762445043827,2.7152058941871897,6.693698740059528,8.086359910966852,135.33312228765735,D,[]
J1634-5640,0.2242012102704704,4.159928746789534e-17,MeerKAT,856-1712,87.31747050271863,70.9115544456559,67.63067699365686,16.44279545111308,2.6279443784147283,11.757695764060768,0.1055332965718633,9.678858604320617,7.597624925038856,26.603102642582733,29.05745513467061,36.87259726657014,1.0083731166302676,0.328672277705623,0.0076752129383317,-3.528974658027097,0.9578002081515052,0.9425659252121004,27.44868035190613,0.2237174671864329,3.343108504398823,47.64281821136666,0.1099151835994982,0.0061830441386419,-0.0095542975295648,0.0049981529181666,0.0481516962843617,0.0050032082737718,21.345719216550325,5.133962654790382,7.827161663890008,7.812355266477983,16.961915383780028,138.54223143931276,D,[]
J1636-2614,0.51045375561,4.058e-15,MeerKAT,856-1712,79.90463030416363,36.957351454327295,41.08021661262262,-2.219990315152045,0.7275725931868626,0.04704399936108,4.071161352357297,0.522402701758014,0.3400828268502645,32.66177213337672,5.5631853805368365,10.520756941641771,2.726998397585729,0.6950573466205774,0.0008687789020549,25.41578901678832,2.8887587425686867,2.201043743947885,9.853372434017588,0.5039103219188621,0.1759530791788854,67.6274694665551,0.3634607686300923,0.0073817447056622,0.0844472022033691,0.0060779559799779,0.0950738829117957,0.0060836092671985,5.317913051079032,0.4382583884469341,1.5762547465849814,8.469988331829434,8.118082173471663,78.03756806694992,B,[]
J1637-4642,0.1540664111624651,5.943561872821736e-14,MeerKAT,856-1712,62.790524930179785,28.95849383380905,23.326434009822748,19.570834314012856,4.902313212033235,6.674770813710182,5.688802464576178,9.4358179079081,3.627400834972821,-5.463919399557547,8.90994543464576,28.81438846664248,0.8472491378492003,0.2130552448165362,3.180731234675438e-05,-2.6549706030859053,0.3102376350084106,0.3553327082664386,33.07917888563049,0.2492806621485948,-7.565982404692086,7.569853747476287,0.8846594608147603,0.0280231111275403,0.1990801467127363,0.0211794047778921,0.2334388475386667,0.0213214282520813,25.07462096023064,4.078647525339074,5.348586445441398,34.369154370734535,36.83249747923893,52.284927843631806,B,[]
J1638-3951,0.77113024025,5.9e-16,MeerKAT,856-1712,81.14813541072292,67.8898504764812,62.513165764380666,11.124019081697998,0.7380043120719613,7.6567679786550435,-5.240675671183523,12.797683204723558,3.430783930754683,50.802940067755074,32.29815240350894,49.71114336313858,2.223707459544902,0.5639974941242851,0.02894006033284,-5.121404100211299,0.6022903832766575,0.6859230841026172,11.61290322580644,0.8165400799880742,3.1671554252199385,23.856365658487057,0.3661199144630872,0.0157886229119581,0.0793060764781444,0.0133870372163708,0.140705295643496,0.0134794500441673,12.539571827321646,1.3279083896985655,5.933676323693866,12.102845759160058,14.214282709306683,130.40301624086186,D,[]
J1638-4344,1.12194419355,2.5e-17,MeerKAT,856-1712,164.0401363481293,11.53263451837256,37.681602836074816,0.7414160232277585,1.403528043691038,0.532485948984176,5.121742730755825,0.3430305387579082,0.2918311123916348,61.40789754713574,3.306320035910609,3.872626187326695,3.7180732617589225,0.4416701611463551,0.0180922452481686,-21.249488738515577,1.837706401094529,2.021179983972875,16.539589442815235,1.153335786108824,5.278592375366564,30.41854929733445,0.3557189526271521,0.0126898157490913,-0.0636467400874553,0.0110791688871855,0.1136353826823473,0.01113334602417,2.340535272850678,1.551748369223771,4.3272520860317165,7.761038918439107,8.074738207660586,49.21423735444738,B,[]
J1646-5123,0.5300752074095164,2.0989185495615066e-15,MeerKAT,856-1712,124.36923502626829,45.15468330094318,64.48047107768332,-3.8226832673202713,2.985471192809796,1.0919499233156822,3.6321456176342144,1.1914767925352878,0.6561556192443083,21.493665947349538,7.946707237426139,5.466560492661195,2.3911474266458765,0.5256515261714965,0.0528617769594359,12.380832139164832,1.3821621027594535,1.6140495493185103,15.483870967741922,0.5505770791667962,2.991202346041053,27.601912394305035,0.197825022680991,0.0110469236497119,-0.026952386644308,0.0093721994576152,0.0564425186757512,0.0093827828251401,7.565260837094652,3.5759489688058483,0.6369580091809803,10.494315705610749,8.734784913821894,109.6351543786265,C,[]
J1648-6044,0.5837651610751737,4.333721683696916e-16,MeerKAT,856-1712,133.24037998206956,19.961550603034,17.042840288763173,-7.183661733031619,2.8315150756368075,1.8840377650566549,-10.411949286850689,0.5671957998240149,1.923159094400136,-93.59052985827854,3.576681653496763,11.825748498831516,1.189129534819669,0.2248571462746598,0.0005406246920698,5.825542867945739,0.2899871823705791,0.2686739371397753,24.98533724340176,0.5711484375551505,-4.574780058651033,163.5012115793068,0.194670635081331,0.0026876660475195,-0.0285775572844497,0.0021213383544,0.046156260266249,0.0021228052769239,11.983721040324534,2.9369635634619287,2.056252412529356,20.08936864168939,16.21840089975391,37.00439089179717,A,[]
J1653-3838,0.3050399832825131,2.789434655419054e-15,MeerKAT,856-1712,170.59090892194132,7.006737122861551,17.28475780910091,-0.6187610070552811,0.4596965334073506,1.0941418079085306,-6.231105305849509,0.1131950634998748,0.143457586673092,-63.75281054441646,1.3023953077234864,1.4099933641226414,7.5861297126067955,0.3638919650763128,0.0151717083175357,15.138380046201684,0.2478840685042644,0.3102044428021795,24.633431085043984,0.2982108403765088,-1.2316715542522072,215.60784614522345,0.3545663037698003,0.0026119744774678,0.0361687161676911,0.0020423396594814,0.0683646812675097,0.0020460868241479,2.164544893382478,1.3245200150465877,3.50658854538784,14.500900027257126,11.333744602037187,24.29149493196246,A,[]
J1655-3844,1.19343919921,2e-15,MeerKAT,856-1712,55.90397495704654,64.44498619094546,44.386012559247575,-2.251391743369675,1.7071812004800029,0.5082493036409712,1.7417970468984223,0.316621792169802,0.4857337328641293,23.68599579330252,6.861147256455226,9.53416144862803,1.928087076551993,0.9352307642294344,0.056156266684094,21.07976230968633,2.742611148684581,2.2482833264867885,18.65102639296186,1.1878999576335754,2.815249266862168,50.72493844762958,0.1848670344462595,0.0092972568848998,0.1597814300866548,0.0079940729776804,0.1707409397544975,0.0080047259206843,7.940106097413287,0.5497678296483955,5.138376697605343,7.900154818159414,8.287528466298049,108.83099875019305,C,[]
J1656-3621,0.7301344131599777,1.2858814918346097e-15,MeerKAT,856-1712,106.02358388578251,57.12977053441215,69.55792349529779,-10.55059160075044,7.429263621372672,0.7602860365033273,1.8191532762898257,2.053855479871856,1.3048543980672216,65.46665887686919,10.93363689244785,6.468412830069298,1.0399634094022552,0.3298201035558272,0.0214366083462964,5.2492023644525485,0.4404828271348275,0.4055393834002041,20.762463343108507,0.7373481937818285,-1.0557184750733226,37.95992654637114,0.5637882509638963,0.0102393581814004,0.0197046528154357,0.0084501127469399,0.0432171463715425,0.0084562372639744,14.662898188205173,5.388496728670195,2.910688332058741,13.95991573963294,12.90419726455961,126.68769402970992,D,[]
J1700-3312,1.3583105103469157,4.712850111021424e-15,MeerKAT,856-1712,112.82126577321164,9.299065140557715,9.170567295244169,-2.177551310424975,0.1874912193007969,0.131233725258169,2.032139919280787,0.0214280738767871,0.0230909172699953,-29.312252945078665,0.3348111506264324,0.3377949198592986,15.730152539883855,0.5746103473432189,0.0001551396275001,24.25813743352319,0.2511426930921701,0.2704385230202071,16.187683284457464,1.327036868969307,1.2316715542521983,343.5679987714591,0.3785844968542988,0.0014009921982143,-0.1520273781569373,0.0010836869441821,0.1535248505467225,0.0010838951308439,7.826072908148004,0.5617491064955275,0.3700482599505327,6.782873057110695,6.782873057110695,18.469632435801884,A,[]
J1700-3919,0.56050353306523,5.026627369257688e-18,MeerKAT,856-1712,52.48209702587828,65.23331355590065,42.77255020519982,1.9972272510046407,0.6401021514295773,1.5786510800187974,2.108744665235729,0.3323803539403895,0.287915282525053,27.89805862017375,4.028243094596721,4.647506853377397,1.72993485793472,0.626074379050612,0.0599945451126371,-22.758602850147582,2.7045979097672017,2.9665224141460627,12.668621700879754,0.5672837915539751,1.93548387096774,36.73638513277372,0.2617242289632959,0.0108189798316426,0.170925266328999,0.0096647465497423,0.2022358207930571,0.009707333565906,5.466894625429084,0.5194040526920211,3.1783926180141244,5.457237739456346,6.161050056171888,108.00586376110049,C,[]
J1703-1846,0.8043425117987315,1.7310058121532624e-15,MeerKAT,856-1712,118.0967662893342,17.8204739454018,16.069241806602477,7.198198030508812,0.7416477282591609,1.5031753423182206,1.4087423227560092,0.323940511557264,0.4976486718187719,-70.45037878235777,3.527575927323696,2.3713384360946463,15.331841837829575,0.5666739947524544,0.0005989441431122,-7.040216663523402,0.0649474440194755,0.0660045789843861,16.891495601173006,0.7855471237308626,-1.2316715542521974,834.5424209947075,0.3427435188492362,0.0007252559973258,0.038062732839391,0.0005733928131617,0.0408200875982947,0.000573457529522,10.162766628004778,1.2399618207076342,1.179834733223474,8.622818569090313,8.270912410732542,33.88971575200428,A,[]
J1703-4442,1.74729348943,1.43e-14,MeerKAT,856-1712,130.52131513428364,40.11219955347909,56.18199477578902,-1.914774176307367,1.511543166481522,0.6946728510589621,-3.20677206232975,0.4082323493961044,0.3588743114680253,-15.29979600558259,3.488225938637651,3.2001037230139566,1.977771480052856,1.1521692617532846,0.0901462331577258,22.75062783562638,1.9348032139644824,2.1179279734661627,12.31671554252198,1.7268595099712991,-3.5190615835777086,64.2904618718396,0.2489694172679292,0.0087550131820674,-0.0601027145762919,0.0072616246122256,0.0719643657973132,0.0072674392667833,5.117670093519525,2.938377462858241,1.131583085174943,5.414928817435637,6.118741134151179,96.29419432926812,C,[]
J1704-5236,0.230708506176636,5.0639611061893305e-17,MeerKAT,856-1712,94.27437786128196,63.742658382894064,69.48730132048809,19.49072617694699,2.244789274532355,12.799927038155044,6.012258448735089,8.636812446182219,17.772648521212133,-28.864583998676032,45.84187766335784,39.49388301424603,1.4828474765175077,0.3203075089467699,0.0009841134101518,-2.9887779750034955,0.6350308821704473,0.8484965934569657,28.85630498533724,0.2480672433124006,-0.5278592375366662,21.703056767469203,0.1513226707224637,0.0097369137216089,0.0031453999274853,0.0081494131530106,0.0772728361336148,0.0081720709327034,23.94845548560392,4.729633815597295,8.677849352272338,16.745396278647103,21.67208249565592,133.22995970338215,D,[]
J1707-4341,0.8905982927634628,5.693515156677586e-15,MeerKAT,856-1712,99.17966192158534,61.31304398754017,73.85980976102047,1.4546776748385708,0.1117926974316463,0.9849024527512352,0.0768917074770275,0.2778127927138495,0.3220631583532839,-29.66707558053951,8.261953998316322,7.08278435636965,1.178073511691662,1.1129046967296832,0.0594293213364318,-38.88701116141036,5.147200373180958,5.940948734153047,12.668621700879754,0.8775219076325197,-1.2316715542521983,74.51447795906932,0.1346999508669023,0.0080141361537402,-0.0324478948468892,0.0060174239607335,0.0881440473785416,0.0060391975335222,6.4069045620315,3.904038128571506,3.272934580374915,3.266216796921797,6.58715563709579,135.17285374856064,D,[]
J1707-4417,5.763777003,1.165e-14,MeerKAT,856-1712,13.147666081550334,27.149000548001474,9.330348734656011,-0.2792859921932039,0.1968975076048399,0.5020132797662934,7.174419426014997,0.0907548404227327,0.0976611403347105,-27.801019025554066,0.80162270959541,0.7754346465573008,1.655027275254232,0.4121355838978262,0.014697248142514,46.664123622851896,3.7860208285625054,3.16516725541657,19.706744868035173,5.678920952124026,7.214076246334304,74.68433793340334,0.3629394838493715,0.0078614508572823,-0.0158684644271732,0.0059443867734412,0.0741928857157104,0.0059614831977323,2.2326880794245394,4.12312789265045,1.5446869887804549,7.781592304190267,9.109903296982736,36.47934928265749,A,[]
J1709-1640,0.6530607213871698,6.3099797822492815e-15,MeerKAT,856-1712,179.49606893329,0.1087867779572206,4.557857110685319,0.0566759856116957,0.5125329626696756,0.0121633367408177,-0.0210922317134921,0.0376696226766248,0.0380426297667434,4.593132641150168,0.322017470215826,0.3187193546223286,641.1878130380392,0.2132386466901152,0.0482596426144255,-8.891325777866415,0.0446506048689805,0.0133060758021148,30.263929618768323,0.637755649756759,-1.58357771260998,5539.8523653543225,0.1054896028677445,0.0001170499371302,0.0193444208381344,9.981744793530588e-05,0.0200533613930263,9.981898588072385e-05,0.1372637906476204,0.4306945622661023,1.1877440987327572,15.6809162786343,6.137265539547499,4.66664388864254,A,[]
J1709-3626,0.4478586307863153,2.265781954611934e-15,MeerKAT,856-1712,37.42754310622943,35.507597288008974,28.995910689891133,-4.075523056131274,3.082570347160328,2.202854399026989,3.3617554473102382,0.4949900512267033,0.4667620212902763,64.28574571178088,3.144078336557513,3.0170367578294304,0.7879418691886338,0.2571567373069489,0.0143917269626149,8.551376161084514,0.5362997355200587,0.5055072227150834,27.44868035190613,0.4548845862370063,2.639296187683282,34.97830513814327,0.3918070824962017,0.0077279002318588,0.0286707415384841,0.0056989447121466,0.0579492643104021,0.0057075456866378,8.910615223379107,4.717200217173181,4.697717934988009,17.613954860799982,14.094893277222251,64.50350797790011,B,[]
J1709-4401,0.8652381563881876,7.381037437335405e-15,MeerKAT,856-1712,97.23671468142813,52.863281506500485,55.21786606463956,-0.7662893417572557,0.3996360265152229,0.0263393651494699,-0.7527323422655967,0.0706953243211612,0.0732650986184382,-6.829424443696867,1.2669792720539936,1.3684838178863448,3.1061248136280426,0.7284884577903301,0.0050041345097686,74.17702865426025,5.949492448690222,5.330078938721414,11.26099706744867,0.8469887252811249,-0.1759530791788854,144.19103386091405,0.1970867542553882,0.0041464075770512,0.0257476608868723,0.0032527044976519,0.0328808636626812,0.0032534795668205,5.64246562742385,2.7029242484810485,1.824887876517424,6.207277796811047,4.095840846664421,108.08114757114004,C,[]
J1711-1509,0.8688051661952018,1.1024634290923216e-15,MeerKAT,856-1712,119.71071655318342,48.32973074273916,55.24654385235425,-1.3476769496610674,1.0310355289465494,0.2531020787603606,1.5428140326266038,0.1204929952692026,0.1147500376379353,10.31370328506867,2.786495100593857,2.590983100036757,6.005064617053901,0.711279831197956,0.0607398880249219,36.92887841539172,2.709088021056729,2.7289349765928392,10.9090909090909,0.8499783384680077,0.3519061583577709,166.12438466422483,0.100141967457438,0.0028132324614884,0.0062813119143789,0.0024860246342934,0.0581322009063151,0.0024905064124552,4.955103309574056,3.162988309046114,0.1445517039618263,7.701171803887595,4.885922537025428,103.5762745950934,C,[]
J1716-4711,0.5558245279813777,8.331456562284311e-16,MeerKAT,856-1712,60.53413310743083,74.05792635486661,48.43628460196189,1.480190530220035,0.299584258441975,1.1290690553736693,-1.5849488209930818,0.1835704614860467,0.2038099792190544,7.753719027726345,4.303957626499044,4.13340328244841,3.1636779176116274,0.9314359567443766,0.077525626102243,-33.70515851206216,4.16806142606913,4.362972440507058,10.9090909090909,0.5510323203315666,-0.3519061583577709,57.19169193433068,0.2255599761370365,0.0106088537144126,0.0488260029456759,0.0084405538894606,0.1945476750905025,0.0086037322824724,5.006403705136213,0.9030806600369032,3.10390459425409,3.872338850318593,5.631869642107448,122.4942109568285,D,[]
J1718-3825,0.07467469866132408,1.3174173247892454e-14,MeerKAT,856-1712,142.81840913690723,12.076955049418473,9.613230825411932,-8.98488314950601,2.9417027837308805,2.3521185367300266,22.29460692301755,1.1026171172288066,0.9369686484545774,-18.05982197299596,2.854368123479629,2.175691147970745,0.9045912811427408,0.1074566330500791,9.327054714947104e-05,3.869681670318757,0.3111917994451918,0.2358818269728368,53.13782991202347,0.0771650706912558,12.668621700879765,28.905908845784545,0.9031619549125188,0.0140278548523297,-0.1770805159758408,0.0096303088944287,0.2008065998002106,0.0096656767794641,19.66225924693514,4.259502190681287,3.1747228868565016,39.36205560336946,46.40017877052488,21.690185874830405,A,[]
J1719-4302,0.2354754715465329,3.9208661322877056e-16,MeerKAT,856-1712,79.90848136095808,66.96280473431666,55.658139931641145,2.3054647990075603,0.2476379231108643,1.4224988859840773,2.736126479261026,0.6906164334346521,0.6558180366589501,-58.98551807200708,23.671216822093783,11.14285214835985,1.3139397274437234,0.7207524449537219,0.0026883579566996,-24.4742790082823,5.026707633108995,5.623782433178427,12.668621700879754,0.2399605982183567,-1.2316715542521983,33.53871692632708,0.1545464817462671,0.0110542841338094,-0.0137635459036392,0.0096857793339587,0.0569143380105992,0.009699412655651,6.668083138518606,2.602031140574202,3.1283322379902168,7.838765775448705,10.654015042310872,122.6209446659578,D,[]
J1720-0212,0.4777154228575718,8.279760487586904e-17,MeerKAT,856-1712,143.37053037496872,26.726793090602428,30.54904422772546,12.705518406241874,6.909839528846325,9.053448357593403,10.22358188849668,2.096224230316439,1.7960662910921297,-20.892120475309287,4.562782631108295,5.4194282524435415,1.404780759718551,0.1006590799029409,0.0042398033617701,-2.712727476625272,0.1229897477141066,0.1142319126996596,66.86217008797654,0.4730028082313672,4.398826979472146,59.772265382467445,0.2584281797741055,0.0029104970595577,-0.1104457125596595,0.0024331712004371,0.1163701169563828,0.0024346985284756,20.69378119325821,9.010411355084548,11.039862213244271,36.792496844508406,35.73677836943509,57.27583731832789,B,[]
J1720-1633,1.5656060490100163,5.798007246183135e-15,MeerKAT,856-1712,40.41347786300415,33.70858307075687,31.19687227548163,-1.5973955426542208,1.2010044694282789,0.756014030400399,4.340436658361744,0.0518852474175055,0.0526098581634295,47.595859980830376,0.8581028020009853,0.9019415624154874,9.164087311429723,0.4524050304012998,0.0422350860998257,23.25636280065356,0.5232467156857901,0.5378104440679579,12.668621700879752,1.5292758606558328,3.343108504398823,458.43392699185625,0.1681903309454142,0.0015445539636134,0.0296281842462006,0.0014274661139697,0.0459191116395773,0.0014283528078781,4.341525718917054,1.9467021425917848,2.515088802811086,10.61557507184352,5.9240143709717135,64.90545534623851,B,[]
J1720-2933,0.6204489895848166,7.460003717018357e-16,MeerKAT,856-1712,27.957582772448305,37.85680735622107,22.01572386415887,4.249291645415673,4.204933841693539,3.314683962276724,-2.578067524821938,0.3964753723665382,0.4192895221764479,16.315430494389773,2.3589595047934644,2.1679948885739115,4.216245671402823,0.3356077631862213,0.0266429376730235,-6.3271533023727775,0.3046576604423299,0.2786182794410852,25.33724340175953,0.6072646678436224,-3.6950146627566056,149.3079055593506,0.1599562308646639,0.0018663961324176,0.0544127408833052,0.0016347461297636,0.070062979732188,0.001636624741141,7.620576876404423,5.794671834022952,3.402056525497567,9.792143771156242,10.26650725523672,59.87253122037994,B,[]
J1722-4400,0.21855409582721647,3.738158770751207e-16,MeerKAT,856-1712,97.06724979010716,59.23461714479092,65.2732952047964,5.631592565419025,0.1548031791007833,3.352625549941534,-3.187852402747895,1.483769546675417,1.0069619673508257,-0.4978723015740094,12.948897376464725,14.991404004525712,1.5374907609564965,0.4756664917205264,0.0112067812434422,-10.112970183821808,0.7242658595685079,0.6391689809095151,12.316715542521983,0.2252536871491737,0.3519061583577709,29.637241502715405,0.5866727290760394,0.0172494063589085,-0.0964677387387566,0.0124252246547578,0.1144847504740069,0.0124516913115703,8.275841544640308,2.241280601594553,2.4206285898222384,8.642397857293345,10.050022490724428,124.50791234958731,D,[]
J1723-3659,0.20272489920793296,8.028497404798864e-15,MeerKAT,856-1712,77.13218877225192,61.083474116241504,51.90773511015263,17.499420259096652,0.9901601035450902,10.379579765059605,-0.5669589518273548,2.778448751324414,1.916376458723254,-40.6807605349204,5.845926584476494,8.912011398280299,1.4658743511857792,0.1974268432076686,0.0026128933503442,-3.2420982583088183,0.220667246251474,0.2325700930242611,34.1348973607038,0.2016924439029854,0.7038123167155312,51.351216951198296,0.4471064147411905,0.0058433328129821,-0.1907146498266193,0.0045405279864684,0.1976009235373178,0.0045463478484123,24.36635146979511,4.752251385324363,7.624853809129737,22.13098826224889,18.33821994889479,112.99120922639412,C,[]
J1727-2739,1.2930999462602275,1.0699815707045482e-15,MeerKAT,856-1712,144.6981500076848,25.809382091676724,26.69170238983708,-8.49470597142269,6.107510749672628,4.865476294707362,10.024595354991858,0.6348354732897352,0.488144868852137,35.01460008352434,1.9850380523087097,1.4645876605668136,1.0615953429192395,0.2285590570872502,0.0028878400203546,3.912074828789992,0.1205288550093528,0.1575906838138614,34.13489736070382,1.2753359880389206,8.797653958944293,70.77393550468248,0.491670242564643,0.0040546640220147,-0.0855737711393311,0.0033091348226428,0.0878560113285632,0.0033098422842606,13.7322795385419,5.525892600418094,5.4957170789281005,17.942483918041702,16.53485928461062,52.5010844815138,B,[]
J1728-0007,0.3860037238349235,1.1226558621092773e-15,MeerKAT,856-1712,121.62617782269136,33.79502574715269,33.35873866143676,-7.716135755989354,4.005148828111471,1.620310691356481,-12.641838873526872,0.4669760869284509,0.5333800063365999,-19.945491693407707,2.467291679620196,3.049018374715054,1.509535365216608,0.2173550705227642,0.0007291395558024,6.341829775911371,0.4154799261920283,0.3919337385992856,34.48680351906158,0.3796165636119137,-8.973607038123172,84.03135501254926,0.2074842018922718,0.0034900657446979,-0.0130270033966407,0.0029141414676609,0.0359622195773118,0.002915577815961,17.067657740401035,6.100010284544051,1.945902413096613,24.078789020154428,17.39257201135678,67.15376440858945,B,[]
J1733-3716,0.33760015449182973,1.5043467337592793e-14,MeerKAT,856-1712,4.853307477153564,3.24493160327037,4.079255917035923,0.9271575410961124,0.6280591464885911,0.7792753232516864,26.49819183475845,0.2294593167891641,0.2858595190041875,-33.331032100120744,0.2913187416291194,0.25042651789839,2.1010278131613505,0.1026948103332974,0.0167315680395034,-5.228579878389769,0.0719638051183393,0.0539754594579742,80.93841642228739,0.3302964513175802,19.882697947214066,164.4744571614821,0.8043648011965627,0.0031037482467471,-0.1494031995384028,0.0023072640305557,0.158266564537844,0.0023104537050491,3.77488010937156,2.224671498846908,2.580664682989311,47.78851441540362,38.2870481397438,7.324187520306292,A,[]
J1733-4005,0.5617805367938467,3.64597019422637e-15,MeerKAT,856-1712,106.12206342876227,57.74037649166007,66.73392448851573,-3.634233929883306,2.608896821758192,0.3177445093648741,-4.213888725188942,0.8803041904239293,0.7651543024624479,-40.19487171904736,16.396079815589356,11.66966508602284,3.7839907709409086,0.6377203214566078,0.0396801159101047,15.155709550230496,1.6379601476612873,1.471896229439615,12.668621700879754,0.5544964207871456,-0.1759530791788854,68.10391083523713,0.1644986045754485,0.0068639988120759,0.2557485627687704,0.0055989709844206,0.2576644323999648,0.0056020142760823,7.1319121906872605,3.1564214907015287,1.840279092969501,8.260809546303307,8.612715704661078,124.4743009801758,D,[]
J1734-0212,0.839394324968405,4.210023342481815e-16,MeerKAT,856-1712,162.55829419017272,12.710845596872218,42.34951144677656,-0.923579117406864,0.6651568520563602,1.795351763469749,2.497957007874864,0.2278358002375804,0.234684887991285,-34.06283821925956,2.91202042145515,2.9645904243002263,4.333639547814941,0.434789027002969,0.0185839008375783,18.59538781807656,1.7092262546600914,1.6173401341328209,14.780058651026382,0.8438781059021517,2.991202346041054,40.890221460236,0.2812785199983313,0.0079904812679094,0.1272043849757681,0.0068251095805234,0.1702349713744077,0.0068680024715535,2.450365731302373,1.3279274484723889,4.194144800157659,15.27330398919257,7.531368505321608,55.06035704364878,B,[]
J1737-3102,0.7686722733910539,3.7333894438332496e-14,MeerKAT,856-1712,75.33979115425454,67.86379776913246,56.55447904468424,8.02579083782075,0.8931702293281063,5.594123580906796,-3.418839063252748,3.104869646927357,2.353371366837365,79.2216786048104,22.192508829732944,20.583687185962766,0.764470108634344,0.6917554537122628,0.0165973993286179,-6.929177628881591,1.3497214001821076,1.220434981775484,14.78005865102638,0.7822470943838863,3.343108504398824,34.11183275686827,0.2168858500425542,0.0113127200628513,-0.1843547299407996,0.0096893026939801,0.1869773302391572,0.0096936062356872,10.81959127916346,1.985942278048036,3.974982757687481,19.078663110173554,13.800070734806994,124.4182768138167,D,[]
J1737-3555,0.39759057907288814,6.116743755258834e-15,MeerKAT,856-1712,40.21507839545546,38.69093597064585,31.960854772390995,2.9459131878539373,1.590854728849474,2.293189186205173,0.6544030202310528,0.3199419182216099,0.2476985948309793,-14.485529570977532,3.174164078625598,4.219356204219032,1.423728591720206,0.652549383492347,0.0465649664465754,-12.5631065372947,0.546781181340986,0.4112307012181393,18.65102639296186,0.3895273265240446,0.35190615835777,124.26036025871466,0.2592447698281162,0.0033648111016688,-0.0363491910160863,0.0029009252752258,0.0478100077686985,0.0029025749679163,6.859831641916263,2.932891044501481,3.6107181710486302,9.37492249296542,7.516573108207586,70.65179074303686,B,[]
J1738-2955,0.44342528829597977,8.202174368125531e-14,MeerKAT,856-1712,83.90759019110476,70.64036172130656,63.92173921009391,10.41794381709391,1.196725333557442,7.111289509306968,-1.7500579702894168,6.417914326439576,4.992918810941031,23.77432791430252,36.132640061273705,33.01391107618543,1.5179452851226418,0.5512326041070967,0.0202031766650452,-5.498908225611454,1.1198718281093685,1.251385847072311,7.741935483870961,0.5638398940928872,0.8797653958944274,11.991805625507858,0.5822959252704587,0.0336534102039128,-0.2231347874531925,0.0265726604109275,0.2334431818883053,0.0266396135738545,11.111842872078675,1.2847996181258272,6.056918820994673,6.500791108119325,6.500791108119325,134.5621009314005,D,[]
J1739-3023,0.11437172844730296,1.1395144600551142e-14,MeerKAT,856-1712,110.53746846611476,54.3891500503382,74.68390685939895,-17.78178236387586,13.124145055152038,1.984371537456901,-0.1590258853752626,5.277197592863328,2.815667222006363,31.58567602705798,16.38393946612402,8.266936908278097,0.7633005440334397,0.2784211331191426,0.0217945035787417,3.0663582445523656,0.2748208722762353,0.3097944371303565,22.17008797653959,0.1174307521426906,-1.7595307917888643,30.79953789446133,0.8529875808093298,0.0120030721875912,-0.083963573193081,0.0080079313081701,0.1127866471759371,0.0080321799915762,20.80810693903552,9.639410234435465,2.9605234112317818,16.20461047826111,16.20461047826111,129.07305690973715,D,[]
J1740+1000,0.1541010803937552,2.1332160650321663e-14,MeerKAT,856-1712,132.16970468701578,1.900692471667668,1.5941202696087942,-24.132073641464203,0.9546754487266044,0.7982994752279282,23.27968259526638,2.554096743383603,1.9771181624139944,40.11239110880594,5.24492449278673,3.8643027995002086,1.546973229882598,0.0818367106451629,0.0002017092380641,1.8128293287345527,0.0167142708109289,0.0167478282534891,60.175953079178896,0.1510607273076499,5.329070518200751e-15,114.6461097096468,0.9805449806701826,0.0029798636930839,-0.0372181036267465,0.0018899468010972,0.0801874844848389,0.0018953554558321,35.150040836651485,0.8251309814222915,0.6902252642006782,58.29434535186463,41.75475590904938,3.494812741276462,A,[]
J1740+1311,0.803051666099923,1.4513248832035537e-15,MeerKAT,856-1712,179.4079628261863,0.1117578253777651,5.537829421845657,0.0283324511447032,0.2651276293999589,0.0052726077803667,7.583487223523912,0.0171875898534308,0.0179418090782368,-12.014166879531972,0.1648131955111083,0.1614356761163939,59.66782125156628,0.2518424862067618,0.0640818659419437,-20.895709290689723,0.2161768088523636,0.083123391313606,27.44868035190613,0.784556116405237,5.806451612903221,346.79301526457925,0.4382838440251638,0.0012626169203278,0.0420658584753277,0.0009574741195391,0.0545771134575463,0.0009580587270881,0.140923263049483,0.1712503914488953,1.3180380518884536,9.518971094491652,11.630408044638278,5.649587247223423,A,[]
J1741-0840,2.0430845901925956,2.274710673751228e-15,MeerKAT,856-1712,86.33449308764233,3.928941425149517,4.206812139259952,-3.942478144609606,0.0213111719335579,0.0069670728740791,-5.119695727617558,0.012140678288536,0.011576669164877,42.192330366536375,0.126873289624946,0.1254066333111438,61.412910744713685,0.2648850623509204,0.0001102686256544,14.51465608244482,0.0564308951824426,0.0626552744441006,22.17008797653959,1.9953331835318728,-4.926686217008804,864.7924156235979,0.3793583993217684,0.0007385979918516,-0.0417743614130201,0.0005783512402562,0.046088264678922,0.0005784535403986,11.712503952402455,0.0465560319025402,0.1035789944355963,9.132503685872187,8.11089807365861,8.13575356440947,A,[]
J1743-0339,0.4446463677529486,1.5561784982332133e-15,MeerKAT,856-1712,97.4625079612254,64.95368111116336,72.940686741662,-12.222150486878371,8.815183335521306,2.0622525543428694,0.7342382689335221,6.377120637853681,6.330957159792382,-28.031911534681427,28.481347414770795,32.35325652943169,1.6439342822933247,0.588564316140544,0.013583025752144,4.683597804598978,1.5358643958484643,1.5200951492646433,15.835777126099693,0.4467539729355429,-1.4076246334310838,41.33079388565315,0.1804631590404222,0.0108225470343636,0.0206184187875895,0.0097652059186286,0.0776738289493324,0.0097876866081493,14.55337554213708,6.281674406130864,2.7495423056368216,7.948314515267826,9.70784530705668,137.89436785282538,D,[]
J1743-3150,2.414652314520231,1.2078092235653096e-13,MeerKAT,856-1712,129.46233767914447,35.247603878421074,34.43589697725565,-2.836749069979853,1.87045441526464,0.8424012211178442,1.6503560233651424,0.0660413730528521,0.0572956357698868,-36.82723733207972,0.9178042816091504,0.7894147082982812,3.4645409972498484,0.3647603634077594,0.028113219566578,15.599848568568824,0.2069237681909328,0.2491615549615122,16.539589442815235,2.358594109190844,1.0557184750733128,469.3277876008024,0.2293577468205299,0.0010434068302375,-0.0343873043158185,0.0008194811237041,0.0359730591723786,0.0008195303926006,7.100059698710367,3.457989974210464,1.676799320553627,9.216338428057218,5.345370686121737,69.68350085567673,B,[]
J1743-4212,0.30616750582447877,7.941622984823736e-16,MeerKAT,856-1712,116.9840729991796,33.738340464167564,30.28955404947702,-7.708773354213872,3.638785110355284,1.311749500963617,5.996498460635474,1.0599044137785985,0.5930959052582985,-16.2767176938174,6.614554721057527,3.4732149890196453,1.093116933882208,0.2424506263220651,0.0011517036828552,6.643405849698992,0.4305060382812318,0.3351916338508269,24.985337243401737,0.3003717591645088,3.1671554252199385,103.95991747591655,0.26713832555836,0.0038789878908242,-0.0578877818814787,0.0029148149653668,0.0683430657588663,0.0029174022234084,13.821029277338615,3.983036629636836,1.117355487292305,20.600604032482988,12.506762390254236,64.02789451364458,B,[]
J1744-3130,1.0660763311910035,2.1230965699652268e-14,MeerKAT,856-1712,70.58574202679897,62.6886554531943,53.051098641895344,3.3795311152619574,0.2937398906010715,2.329026274521101,1.5281880720311969,0.4078979431541081,0.3389872891409822,-33.40641295408647,4.364868143353142,5.888121966083844,1.4960185473449916,0.5714934448286904,0.0300127504792169,-15.999049765818288,1.058599474681925,0.9647282334836014,12.668621700879754,1.0468704230454096,-0.5278592375366564,94.76624324448458,0.2142949559706589,0.0049372914591354,0.0054318791497198,0.0040763655404925,0.066093560045986,0.0040855188987453,6.914382748501532,1.3130177989001888,3.062336060750536,6.982733526576647,6.630827368218876,115.73975409508964,C,[]
J1745-3812,0.6983528638,2.426e-15,MeerKAT,856-1712,12.112658206677066,38.5207212717536,7.87162400153951,-0.1943062867417901,0.1262820234279739,0.5152027873172662,0.0657528330073266,0.1481942998907139,0.1601613675865234,-17.146876665511417,3.236694512029896,3.436137700203382,5.916002044057401,0.7667612376399981,0.0145279897793697,61.87477974963596,20.421177836942903,12.402865031398887,12.668621700879754,0.6947812284076252,-1.93548387096774,51.38159034125908,0.1745468497527657,0.0087135579984137,0.0183378577611774,0.0070749593218577,0.0540476858978907,0.0070834407831724,1.3322152418743254,3.560891349376756,0.8468787007072704,6.92792292098386,7.631735237699402,46.3923452732931,B,[]
J1746+2245,3.46503778264,4.919e-15,MeerKAT,856-1712,74.86032879369871,45.50532212119752,45.80483510431537,-0.993176835028932,0.4664430405342857,0.0634650537231648,-4.306385786452841,0.124195343005951,0.1270132065520561,-55.535692393601565,1.4260189916066397,1.5663193312257206,135.039663405418,0.3930182512362989,0.0008213544765851,55.68991047474811,8.375202315136796,7.499038884352025,13.372434017595296,3.400842507821404,-4.398826979472137,99.5882195874006,0.1949553186255061,0.0057405635297666,0.0863853186298963,0.0041867847128112,0.1070709658080812,0.0042073675852524,6.514561841450589,0.6347678102701215,3.169166911321512,8.353306607567207,5.8899634990628105,91.3101572255129,C,[]
J1748-1300,0.39413433542657617,1.2126980900705257e-15,MeerKAT,856-1712,5.265449216193264,9.720915074041248,3.9180389844363366,0.2594540858251439,0.4746234903500517,0.1929718504624735,7.222271772960362,0.0660801905244801,0.0581890792978061,-52.941496916914765,0.5281707974021757,0.5377408613159389,15.577256692805502,0.4540845535253446,0.0148778896291652,-20.26585450063751,0.3712489287079386,0.4905501816167401,25.33724340175951,0.3853479986440571,7.565982404692075,206.46753694502445,0.2634694224136603,0.0015696191367589,0.0338573322256594,0.0014591566800616,0.0664808349510755,0.001461326917657,1.2164067060436825,2.1029305976201043,0.802195565715152,12.32491106914804,10.917286435716957,13.638954058477584,A,[]
J1750-3503,0.6840136478767852,3.6494224297573123e-17,MeerKAT,856-1712,15.806079342365871,31.8552133929346,10.340361183927222,8.01058050032401,15.934936954806446,5.238428822424652,-18.987195123968032,3.335430229185341,7.458959686013166,-6.581764154421403,15.65542015737399,6.165910134367204,1.1132924656719514,0.177878461178309,0.0010246053136184,-1.9545796925958328,0.2042248413424061,0.1431093312132583,63.34310850439885,0.6970795165184926,-8.269794721407617,33.51670422303367,0.2231168554370516,0.0046147571441488,-0.0503338760160516,0.0041280179983317,0.0671935505643658,0.0041320058632941,13.128882830268497,19.15449332369019,5.207313585439678,36.758456121035465,42.03704849640207,42.195574576861816,B,[]
J1751-3323,0.5482308811146329,8.869439991718017e-15,MeerKAT,856-1712,14.649653173484042,26.35008982669148,10.616303364908369,1.288243541223728,2.1228795837130368,0.9283963628164638,-6.643977936797339,0.2308428508357822,0.2357383449196133,54.62136040188648,1.242546405054199,1.3276436667297062,1.9212450012903268,0.2356522367119593,0.0093070577617568,-11.249251631735486,0.4840918027823147,0.4044228162629419,28.85630498533724,0.5378414787653845,-3.6950146627566056,104.20108471787611,0.3486167065011405,0.0044675290070216,-0.0133905400940116,0.003983855781217,0.0659810588107764,0.003990888219957,4.005840621533254,5.794820664625036,2.291115610120611,23.007614300433687,13.506148024773871,36.96639319159985,A,[]
J1754-3443,0.36169095775379345,5.730454564129193e-16,MeerKAT,856-1712,82.41502465129442,69.00760094493712,62.37589901143512,8.058441342792307,0.4112746638323443,5.474699485207665,-4.953132372804662,1.9515620014298047,2.0195345881687965,34.06002320180747,16.618094981819276,13.029324882780266,3.131659706609672,0.4564530078651945,0.017663036005274,-7.0711106967747925,0.8241854361680145,0.7431151104131795,19.002932551319653,0.3609097789175094,-2.287390029325521,47.64527057647943,0.1868109921138794,0.0075690852350505,-0.1136789407462597,0.0064743587296298,0.1240777665648293,0.0064801738604338,12.438577421400476,3.4994522688977683,4.405529714612863,11.111490144065652,11.815302460781195,131.38349995637225,D,[]
J1757-1500,0.179354019096,1.5039e-15,MeerKAT,856-1712,67.26069235061625,43.48145526642784,44.56628390095407,-4.811159869030965,2.727031009918256,0.3714719966719366,2.39286887895657,0.456311441107168,1.2159540591483002,16.603897883705812,9.29268206306516,15.444421299353127,1.5178946109160076,0.582435921270879,0.0019381370824085,10.996206553601422,0.9988820076968512,0.7249855694321035,10.205278592375358,0.1840483501161024,-3.519061583577709,30.981253508907905,0.7124302711395089,0.0147121983394649,0.4221448248770356,0.0116972756621336,0.4351216696657526,0.0117635184134318,6.667826155151319,1.5630171524345453,1.5689630555918992,11.7183820754375,11.7183820754375,88.0477391673819,C,[]
J1759-3107,1.0789555507012243,3.773401656318827e-15,MeerKAT,856-1712,19.08826168392,21.639003284773,14.805341491550616,0.8905976000273685,0.9003866604336193,0.6873270747505191,4.8003833643453016,0.0725048721248553,0.052284418060652,-12.895147120423472,1.452006186127088,1.9993755619339928,22.14573133228495,0.6956277311819292,0.0449619319900627,-21.039655427106545,0.491175175963221,0.4198019633398857,13.020527859237523,1.054154763089676,2.4633431085043966,328.7897004525854,0.2127515798145365,0.001870358941244,0.036830066663411,0.0014222860236255,0.0634880807037778,0.0014246653643699,2.350441578390356,2.0871037641557626,1.3274832539709254,9.551116502175208,7.439679552028584,36.44434477632362,A,[]
J1800-0125,0.78318548958,1.1537e-14,MeerKAT,856-1712,68.42573419020569,57.75100377064301,49.43553416892304,11.547692062218,1.1930577430553964,7.614402258026013,7.31374495991892,3.01465264184998,1.6278943731223403,24.86275906791557,7.671117888361277,16.53916149532199,1.097500484154277,0.3913481452712901,0.0157728886779406,-4.645445580698465,0.2779896825644741,0.2776913244592487,29.208211143695006,0.7733455656290993,2.463343108504388,66.82582248432207,0.3109614807639883,0.0052582201531242,-0.0699185320199303,0.0039801303107885,0.0894387788167978,0.0039859549163994,18.163302374856247,2.496523521568653,6.4575847606051,13.120196572822142,18.398788948188702,107.18653793956604,C,[]
J1801-2920,1.0819110108335954,3.2923069469880176e-15,MeerKAT,856-1712,179.40941190494414,0.2874397422841355,3.078302727880555,-0.0788614370291983,0.0382748058221923,0.411593223601761,10.067475428836266,0.0651902045374956,0.056001440367071,-20.54182697958844,0.2954338927515962,0.2403457639040631,335.7041292064186,0.2381228642562973,0.0187842559565751,7.488803724798607,0.0297111169362436,0.060528669032271,23.929618768328424,1.0568216579284389,7.917888563049846,444.00452297369577,0.4446292322067086,0.0011313406441485,-0.0673206143217624,0.0009105040247352,0.1023180471122275,0.0009132961562514,0.1529612164669747,0.0507395397741843,0.7224474529523028,13.76249009159286,12.354865458161775,3.3657424701646903,A,[]
J1802+0128,0.554261603931,2.109e-15,MeerKAT,856-1712,118.58272397746282,48.13854051262968,77.01664549723196,1.6816636018532398,0.3557526292957982,1.2382438746043738,-0.6526563917681396,0.4168238284220706,0.3179946815828782,51.67912474191053,7.2178255091801375,9.62625071964608,1.9042017628883825,0.6007603546919948,0.0422783245461888,-29.922875768285227,5.890177973619636,6.739822812491976,13.372434017595296,0.5565390776258119,1.93548387096774,41.80809892046823,0.1042648960207183,0.0081932014714917,0.0102551940031811,0.0068117500022167,0.042450114970277,0.006817101387811,6.060551678427045,3.8504106973687886,1.2637625786528006,8.570544954817986,9.274357271533528,125.15518600986164,D,[]
J1806-1154,0.5226195208187171,1.4087723031804757e-15,MeerKAT,856-1712,43.85471599095912,5.011360577920456,5.600760178075475,2.0006295904039906,0.1878951629216616,0.2307671637743045,-8.797571835895475,0.0280734685330337,0.030395830258552,-16.65190359402691,0.2335228190327889,0.2271988895451393,27.095638447170625,0.1751062076340623,0.0005910270435016,-19.84596464064624,0.3329133524914418,0.3441769726886257,33.0791788856305,0.5110149177392186,-8.26979472140763,198.9525309469024,0.348883078940106,0.0011895232692715,0.0006085808960646,0.0010581900189895,0.099139717963573,0.0010628458437124,11.813444885756324,0.9703648803295584,1.1841357564949169,17.771343120116253,13.900211132083154,10.612120755995932,A,[]
J1808-0813,0.8760452134572837,1.2401999545384508e-15,MeerKAT,856-1712,9.007977533407178,17.81907404803421,6.538920681714172,0.8211127238194944,1.5626967527322808,0.5949165713907103,-8.535252515695841,0.0907811666501139,0.1072124130705702,-1.3197052840102397,1.453942736466228,1.3599858700932517,9.295162163540784,0.5488749824990364,0.0168770579823434,-10.92568738741303,0.216495113615009,0.1457754549202441,22.17008797653959,0.856350955909647,-3.51906158357772,225.8688976681735,0.2400720284878884,0.0016934651948232,0.064746483550937,0.0014061711550027,0.0817844355256827,0.0014078260546613,1.987136773223806,3.329280683634433,1.0222114137800424,10.11883022830581,12.934079495167978,24.357994729748384,A,[]
J1808-3249,0.3649170524975376,7.042442162773162e-15,MeerKAT,856-1712,172.70361456964076,5.353493646577448,16.34506323753905,0.6345057580563485,1.3683320170448643,0.4652268113603519,-2.2674564440649947,0.2757528990164846,0.268087645205608,-39.18394957693697,2.540438686184437,2.6539155747818697,12.228935770394491,0.3172360642631027,0.010904133949035,-11.468499939127296,0.4274502790266581,0.3284649954987149,23.57771260997068,0.3574409960677608,-8.797653958944286,128.54630089036928,0.257557265635605,0.0036297205459863,-0.0733170606798135,0.0028271994241742,0.0959392997629764,0.0028330315695399,1.5630580645939538,1.1738880191584014,3.141109543655417,20.782396928369025,13.04046144449806,21.6985568841165,A,[]
J1809-1429,0.8952888666594765,5.201207042266256e-15,MeerKAT,856-1712,15.105448423105456,39.36425891413451,10.494554876940413,-0.1712319420755454,0.1181859085964538,0.3597519442068966,-1.7534943082713266,0.0775895678124545,0.073103285912067,-28.88471361618381,1.964706285534465,1.5712186095964356,12.459340051968876,0.4930177307257803,8.843871404510946,87.19804944349379,12.425604742598368,9.485492768061505,21.46627565982405,0.8762615282342981,-1.0557184750733235,149.41357210388605,0.1142463098097608,0.0040967574125541,-0.0307253870054801,0.0036596328010815,0.0991968422111263,0.0036758589910698,2.782964367624401,5.939762585420109,1.9203888386390195,8.979643521640687,7.559945921174547,49.85881379107492,B,[]
J1809-1917,0.08276415832565091,2.548206095482889e-14,MeerKAT,856-1712,116.67643236129776,0.6188480032152057,0.712798522740016,16.59235036223156,0.1690956917391979,0.134137497490105,-22.68488753900329,0.3119300272032177,0.0991870220696959,-26.306704790351787,0.3939418761682347,0.5536872886273834,2.551453615844276,0.067798466106375,0.002291783158633,-3.1291316177127184,0.0464296736022542,0.0425433149330163,109.0909090909091,0.0876190721246008,-21.29032258064516,23.89077204346115,0.8500952793461526,0.0086583070458664,0.3727190445511876,0.006428871142087,0.3811650469126092,0.0064477393117084,46.75423882531685,0.3374401947140296,0.3830585817948168,57.72566964574745,66.4972042545458,1.3316465259552217,A,[]
J1809-1943,5.540742829017983,2.8280684406845844e-12,MeerKAT,856-1712,81.89618027182496,0.2687509329735604,0.3059241126799605,10.505542452563985,0.0297522232772706,0.028466825401507,9.79142998614896,0.1089021325915844,0.1155792587566608,-40.27803935556711,0.7105934495533504,0.6257760392860519,29.6407635859165,0.0455765477415326,0.0001250931878686,-5.42977454717417,0.0149160360078539,0.0157576469942046,75.30791788856303,5.414138426602506,-15.307917888563058,288.1780912635092,0.720079898402285,0.00170850697504,0.2857142936584357,0.0011834769164528,0.2972586191996806,0.0011876898627461,38.99389841152845,0.0117699266163732,0.0131902831924537,65.92046224421347,58.88233907705805,0.574675045653521,A,[]
J1809-2109,0.7024168725886758,3.821903325283982e-15,MeerKAT,856-1712,105.1743548034445,60.42922120782107,74.70802078967262,-3.125120560536544,2.320915803241377,0.2301799613732669,-0.3422257796635961,0.6000548501697331,0.8231428766841205,-40.62583279995892,12.78216147701414,14.095844669545151,8.31280666144357,1.5729894675695435,0.1541862226575432,17.703483054724003,1.445629219257139,1.8847564646151067,10.557184750733128,0.6881127525448287,0.5278592375366564,125.94685735803807,0.1030768454370013,0.0039963119136464,0.0297948433936161,0.003381554881991,0.0358134759318318,0.0033822225220689,6.006493210615979,2.697824396169203,1.9787186897289264,3.000882724735228,4.037240442420191,135.13724199749367,D,[]
J1810-5338,0.26104978958605507,3.857392371560049e-16,MeerKAT,856-1712,164.7082704201551,10.37306244729038,20.509189766491488,-9.688329896210991,6.553500794497968,12.516122544996474,0.7651622295274687,0.6159326555612032,0.5952456324986837,-22.90741508673105,0.843985014143481,0.8181112396749519,1.91342733388554,0.1632015145497642,0.0009527574958534,1.5671519479775915,0.0137026038146004,0.0267474282969917,42.93255131964811,0.2549929306529419,1.2316715542522072,455.24879376121777,0.4349658645454258,0.0007951233721667,-0.0043248853758564,0.0006084987861213,0.0515114407427076,0.0006093409595356,12.037312823898503,5.444298814458968,12.762478473888269,28.03788950225474,15.721173959732754,30.882252213781868,A,[]
J1813-2113,0.42646775262274644,2.078446387267251e-15,MeerKAT,856-1712,95.66301109374928,65.43651981486114,72.16565649109401,-10.048809941102036,7.310130672509473,2.487404644651349,-0.9532048192810548,5.887345447176897,5.916367241125778,1.0819621856060522,29.98988813341457,37.67083061784261,0.9210028099444096,0.595549843754922,0.0097559690875372,5.703113135845871,2.4281755210495133,2.128579127022828,18.29912023460409,0.4450418810290537,-0.1759530791788854,26.546295994445096,0.1459384097261702,0.0131355012655235,0.042164562425019,0.0100882291251673,0.0822505183364129,0.0101178195393314,13.581891195154824,4.985463181438981,3.6950788503890304,9.222999540688672,12.03824880755084,137.60217630595514,D,[]
J1817-3618,0.38701939745435454,2.022982893164113e-15,MeerKAT,856-1712,92.9999610335894,8.562059667191434,8.81295402164406,-4.378332443961648,0.1488136361463947,0.0697426298607464,5.672766206653595,0.1595348154456566,0.1913449782097593,-5.107538087290193,1.8473394174117548,2.3233642050932897,6.148100539852598,0.2489614194155525,0.0001216581165168,13.08100392696826,0.3050152599277851,0.236060799926193,31.31964809384161,0.3781045775938711,4.574780058651022,348.0708958836259,0.1903278863008388,0.0014072976502605,-0.1212925732659245,0.0011562339314445,0.1316370176582317,0.0011575100379908,16.255181608298926,0.2050464861769975,0.1475815805621262,16.32136869070709,12.534936294630128,17.375013688835494,A,[]
J1819+1305,1.0603638016829289,3.607208299556056e-16,MeerKAT,856-1712,41.39754177209364,22.981622928223807,26.58421923105944,-3.331477604076264,2.020839994690769,1.1332025305294793,7.007817209087616,0.1508923011703178,0.1628852620458838,-6.231236061642978,1.1542843490379813,1.2528945825676685,6.883382710467798,0.2427992990852159,0.0005608686551044,11.379302864014958,0.6253094253324054,0.459392779122556,31.31964809384161,1.041468136698681,4.926686217008793,93.09774739371052,0.1960114222211217,0.0026320428389796,-0.0284523061401844,0.0020037403765403,0.0607778600908373,0.0020073101880051,10.524842446656177,3.780894913036311,5.683610249837963,14.22189345542192,15.629518088853004,49.56584215928324,B,[]
J1819-0925,0.852049474774231,3.167269188969017e-15,MeerKAT,856-1712,18.687395602128003,29.1316213630976,14.49793898739014,1.4855668319531858,1.994651382398324,1.14754567638159,4.107184603504677,0.1956280458340327,0.1588077678928448,-7.944417893028183,1.609926701972431,2.1341110655594457,2.5343002405993795,0.5069494676927149,0.0318989745681737,-12.358844049207908,0.4713882138501528,0.4273939176962962,16.187683284457464,0.836729552308266,3.695014662756596,94.45732677846756,0.3024118067641558,0.0034971594986783,-0.0055674136571735,0.0027075472704788,0.0793861898580466,0.0027179167108648,3.071718880343319,3.468973605035276,1.4996300769116853,10.265542374765667,7.802199266261272,43.629560350487736,B,[]
J1819-1008,0.30148984927807604,1.3209025497918634e-15,MeerKAT,856-1712,140.5261286395198,29.205434922242432,54.87946734646496,-5.254519709820918,3.789528220113645,4.14966597756719,-11.091886183719357,2.368349016461213,2.530325413541421,-16.599617651141656,17.253900947456984,17.296987503972993,2.8071902680261087,0.5280872681744171,0.0153081083769976,6.941745803111012,1.0230514091472849,1.1904074719804134,27.448680351906155,0.3404497494051148,2.2873900293255014,17.223730536649587,0.3133099407256932,0.0177673387739144,-0.0208561531093036,0.0156044718099456,0.1521515356621781,0.0157554994740654,10.572350482679282,4.801718774915319,4.901918677656292,21.12121169691583,27.455522547355702,84.0849022687074,C,[]
J1819-1458,4.263213477392262,5.626794892130834e-13,MeerKAT,856-1712,137.55513481226444,28.792943059149422,35.913924888097554,-3.11582697049086,2.059724095701372,1.805921294180136,-11.077725740107848,0.4379041355776358,1.098565816681404,-74.85106018213882,9.594956232876882,13.491245799260284,4.755506325257585,0.385898224581271,0.0007245887331848,12.416243243303231,1.5857185125662046,1.6003354676918828,17.94721407624634,4.681913157522184,-3.87096774193549,19.438332370503392,0.3522364015604401,0.0164237968292942,0.019496292903875,0.012550440701548,0.1412366638747817,0.0127093613692029,6.963363363301659,3.1594239358990848,2.622908759016443,15.828458877937756,16.532271194653298,64.70686794724698,B,[]
J1821-0331,0.90231562918,2.53e-15,MeerKAT,856-1712,134.07408751489348,36.82962979207818,71.08529377066529,-4.207189146025139,3.292249142635764,1.9606088483135595,-2.1948206994156028,1.0133209981701017,1.1360057937451566,26.74862405373169,9.290230848499654,11.47748305726642,4.794467777916257,0.5397066930065666,0.0579587530440752,9.792915872443784,1.530984208039719,1.3121793769486343,9.853372434017588,0.942010698037952,0.5278592375366564,26.456860964543715,0.3066856840407326,0.0143422041050203,-0.0958029418747333,0.0120280450548329,0.100581799323626,0.0120334379790243,5.576127133554333,2.278159269844162,1.6816356375599035,9.408896945749907,7.6493661539610525,107.91492356274348,C,[]
J1823-0154,0.7597783116616478,1.131476050843792e-15,MeerKAT,856-1712,27.34322846777756,31.853906534625107,21.69530037463885,0.656127300722274,0.5840302376684304,0.5146103119754019,0.7610045130911502,0.046424127666551,0.0439873222102747,-30.696202225534105,1.4426246999754966,1.5804826623207298,11.972844966503787,1.471449904829612,0.1239980933356292,-40.11060811513315,1.8010940878368942,1.4223072875736236,9.501466275659816,0.7425847986111118,-0.3519061583577709,245.7980130842765,0.1896840301153028,0.0031224671835664,0.0660037627514076,0.0024295133949196,0.0960715301974489,0.0024353750596937,2.301118253054825,1.861744612513652,1.4840431870558828,3.0483945424166614,4.807925334205516,53.549206909263965,B,[]
J1823-3106,0.2840567050047825,2.927085910217749e-15,MeerKAT,856-1712,137.14999613483778,3.886678179730779,3.814920243497255,2.574673658625623,0.170073350018431,0.1885596064708563,3.7930083979841793,0.0625947087416545,0.0871175366298997,-22.603963296188603,1.7924552596711472,1.3426987124175265,6.1286316451519385,0.363657345260326,0.0016731828632305,-15.139359703043002,0.0730515425968647,0.0815805912988025,26.39296187683284,0.2774229047635815,-1.7595307917888643,763.7187159699262,0.4378056917417914,0.0008493570713507,-0.0479509980304585,0.0006310170372236,0.0563765400698866,0.000631303902935,9.11196732935096,0.6608521927314781,0.615255135882194,18.749020128189464,9.5994600108874,7.701598423228035,A,[]
J1824-0127,2.499470453902642,3.906532022998154e-15,MeerKAT,856-1712,166.16543622922595,9.789003998657392,29.64771579706664,-0.4926788911331217,0.3476702313262025,0.9512185930861704,5.295210263437151,0.0906110593398814,0.0684948013680548,28.05563230275936,1.1476588341907323,0.9770986302616508,18.84468062529385,0.5470618016687538,0.0204588597192838,27.808564667842862,1.0600989696214853,1.382010444906285,13.020527859237529,2.442041658049011,3.870967741935481,325.37127971295126,0.1764298094577428,0.0051732308342552,-0.1021754752460619,0.0041268542339296,0.1457777371975419,0.0041522716594364,1.657757676975955,0.9695281959436356,2.9151789853173264,7.934506451120433,6.5268818176893495,39.43671979572403,A,[]
J1828+1359,0.741639520385,7.286e-16,MeerKAT,856-1712,137.87860315837054,32.419566625625265,60.58474617570556,1.663627832842148,0.8065982386283723,1.241768508371048,1.1032331260896804,0.3051064413733242,0.3093480034088486,-6.232214499287368,5.2245330490660615,5.511874176702834,1.3181079620266023,0.6616833901683676,0.038676487014821,-23.10245625050959,2.629485234085301,3.278546977590341,12.668621700879754,0.7588388102741607,2.639296187683282,31.98059593884063,0.2594892105766059,0.0113859386529674,0.2336190281394526,0.0094503276486672,0.253586726709065,0.0094977553467488,4.49691621802832,2.59087951213323,1.936537043166649,7.166561595317937,8.22228007039125,93.00431280133084,C,[]
J1830-1059,0.40509398295297266,5.992989861215669e-14,MeerKAT,856-1712,45.01757551233671,22.437597638275044,24.734574848072626,7.637261873528335,2.542777239156416,3.955078770108803,6.525227244681496,2.355613214386741,0.8859490798050089,-54.00496031370584,6.601108223960409,19.49201723132888,1.418488753269997,0.5190649494583885,0.0089708689023881,-5.322184915149962,0.1262889308252912,0.1056752080193463,12.316715542521983,0.3964951993034625,0.0,148.5280981305293,0.8319749751474612,0.0055063130998343,-0.1371798801527916,0.0034384623578333,0.1418404312207228,0.0034413431855953,8.927947503216458,2.3850541249069983,3.247693216649509,13.035491174300258,11.275960382511403,47.17217248634766,B,[]
J1831-0823,0.6121331804246037,3.136297845927318e-16,MeerKAT,856-1712,126.10664488908688,42.58554556142329,54.16465159603699,-0.7444985664381806,0.5658798727501437,0.2143316230200452,2.219641507754861,0.0714672573852026,0.081720850762875,-49.89888111581679,1.272658346412264,1.4794714949567762,4.108914014846524,0.5816082159530058,0.034963522424845,62.17849103977259,5.141810849232989,4.750211058423986,12.316715542521983,0.6087032061349357,2.4633431085043966,52.08762783174157,0.2911113371515038,0.0081877464063575,-0.1450199512787154,0.0073459549558131,0.1935801098995471,0.0073953156488646,5.05317692661984,3.602767631022294,0.8373055846482544,5.698247055294985,5.698247055294985,96.75019715746028,C,[]
J1831-0952,0.06726684611517557,8.323852043182743e-15,MeerKAT,856-1712,105.25029859588751,8.770042988347768,9.372463602386972,-14.305066371054052,1.941237231136624,1.7834279607544818,27.472709862554456,2.8286470633980336,2.7418970838855508,17.90017824365713,8.138442563983041,8.248531955400175,1.1937892961142695,0.1272553011414052,0.0002112513795766,3.904677081978352,0.4841397669752871,0.3620246701206402,61.2316715542522,0.1049966711763644,12.844574780058648,8.01990751589252,0.6778089195745307,0.0238064172508761,-0.1878461301283501,0.016199906060004,0.2458641737088867,0.0164050506364754,33.43387231230508,1.2626200657122333,0.884859612972255,60.37593566900605,48.411126284841856,18.14250659073474,A,[]
J1835-0349,0.8418645185892316,3.058195268950651e-15,MeerKAT,856-1712,97.176375569783,63.61492325243012,73.9692030350856,-11.15671844578198,7.795629927597066,1.3282567277491315,5.551895850730867,5.245534624738747,7.1192471836399935,46.62735071070172,40.23450691554744,33.668759947028725,1.3159214337759677,0.5188366347301512,0.0169096165657649,5.127652552863869,1.2573716246674396,1.1566200239984048,11.61290322580644,0.8364790538334334,2.4633431085043966,53.2976914737433,0.1480973293878426,0.0091536208096626,-0.0954350391663111,0.0071969833329405,0.1172159366472314,0.0072143425873539,12.571961803118656,6.000956181479961,1.757103787232068,7.839285880056378,8.54309819677192,137.58412628751572,D,[]
J1835-0944,0.14534738034011652,4.38488370329321e-15,MeerKAT,856-1712,66.24797775439842,52.74274523109754,44.87672596365792,14.695459018333745,3.27992250516008,9.259429330236609,-13.612764894181142,4.7987684541048985,6.34982379622617,-28.6999751040565,23.19012705236375,16.01082899055026,1.043850686002765,0.3575437351059329,0.0023219044899374,-3.608059897804852,0.6718104923809713,0.9819932096100614,26.744868035190613,0.1958514954188038,0.8797653958944176,10.518284632629644,0.3464819778161887,0.022117060529483,0.0439174158850762,0.0166367323128292,0.1217145441617831,0.0167607040996257,19.47603644292109,2.935306155988592,6.845866190093919,36.310712108257405,43.34883527541282,97.61947119475546,C,[]
J1835-1020,0.3024521567005404,5.921316940386767e-15,MeerKAT,856-1712,36.56506669267132,43.08144811463288,28.876052844084555,2.662052513125311,1.798526021759705,2.064927535345057,0.4896623238704882,0.2418468345044176,0.2679776295518016,46.41026020659796,3.137617773222182,2.794741650443654,2.814050103094522,0.4052432912464341,0.0355484177531799,-12.826719566468755,0.7703239841608305,0.5873338693876686,16.891495601173006,0.2961365406771834,0.8797653958944274,138.12100499532875,0.2171514330608086,0.0029245610256375,-0.0582731439633637,0.0022187239834493,0.0616968153241385,0.0022193555099458,5.825719715597295,3.1243032866114624,2.950394830760528,11.29919398111484,6.372507764106045,71.95750095871743,B,[]
J1835-1106,0.16591763483912988,2.0589181489609764e-14,MeerKAT,856-1712,111.19472028721331,17.610410868848803,18.86205438919103,-10.44519521096752,1.8325552160280072,0.8652730925702841,4.645812382076077,1.1186679824036716,0.7535629680477376,41.11185319385493,5.897127012163473,3.869693172583944,1.1461957704692318,0.2255853532468232,0.0003169349823954,5.142764295313894,0.1169033234690211,0.0962442175696471,27.096774193548384,0.1625555964997029,-0.3519061583577807,123.92675179462611,0.6019919864965518,0.0036200977536111,0.0831576559779688,0.0026992831837486,0.0864869877574285,0.0027000451619048,16.676790302603777,1.744456939552008,0.7002385307857141,34.02997660494997,12.563700945125923,36.47246525803983,A,[]
J1837+1221,1.9635361612516231,6.193703728908248e-15,MeerKAT,856-1712,140.93957423368337,31.542454587624093,44.61155188459651,2.2625870431294337,1.260224882707187,1.7942297111668686,2.3003219454414405,0.2725433631098162,0.2475967914938412,36.61539995478655,3.484898714751523,3.96223477484493,10.710741223017749,0.8203858736334411,0.0859026247321814,-15.96125437562778,0.6942701064356402,0.6688695746563607,9.853372434017588,1.919543449965001,1.93548387096774,217.39088278068544,0.3016889363482413,0.0038582988942471,0.0380325599117035,0.0031119172998062,0.0584399783262411,0.0031155453067995,3.778850383699932,1.6765388209522671,1.7330375128746165,4.23580581640918,4.23580581640918,76.1540064722206,B,[]
J1837-0045,0.6170379253525852,1.6863778553697825e-15,MeerKAT,856-1712,94.00212493250388,46.73318622004602,44.27478244798498,4.198797729300095,0.119660747185053,1.4150011837916718,-6.584760085549196,0.6245127878482011,0.7106252244249474,24.54965130672268,7.060195638417685,8.65395285440874,2.081220292890057,0.4673787513252119,0.0015057977359309,-13.624674398942789,1.3509448074747752,1.5899915359051349,20.76246334310849,0.6060412693914761,0.0,93.11189965619737,0.1745719809293954,0.0054990159956369,-0.0093640813445796,0.0045362035489691,0.0572848850024352,0.0045433750159934,11.141349359745776,3.606142102716224,2.020107705897567,15.206460965314584,15.558367123672356,91.007968668031,C,[]
J1837-1837,0.6183614585853084,5.517611992681915e-15,MeerKAT,856-1712,84.46460892488884,70.47397684769254,66.00377551197994,6.71313460810841,0.4395143919465401,4.660436158244769,1.947713789758513,2.285030950036549,3.4704300623680115,-2.415943807911382,26.54302989134274,26.824264238980348,0.999933057453407,0.7133716916833831,0.0209277803015149,-8.514545238135195,1.3037659009474636,1.0619687993626936,10.9090909090909,0.6237704824635123,0.0,38.63315286461872,0.2980272742300668,0.0132695044280034,-0.0345663157284048,0.0106856755268972,0.0790154705971139,0.0107136684196731,8.645291109817347,1.6784409431630491,3.2735567337450995,6.34654076923065,7.050353085946192,136.47775235967248,D,[]
J1839-0436,0.14946065576197806,8.096361453282935e-16,MeerKAT,856-1712,87.177619336298,68.33838041646072,67.67109711689503,11.987101480079394,1.8126094850654315,8.510801691119033,1.4913463098188622,4.956024624581049,6.232714096193558,1.9609214135137163,27.32283755062333,26.123706157357866,0.9937965514828034,0.4656111833135573,0.0102613737463388,-4.808993433334144,1.4882560502136055,1.4925349865387831,19.002932551319653,0.2124849529935401,-1.93548387096775,9.451858563143656,0.4026505923598008,0.0288718910040183,0.222215215078024,0.0204408951549079,0.2707963062979609,0.0207497595553248,15.276120176841122,3.2915211961362347,5.800271351670513,10.816859506299792,15.391639564950834,136.00947753335575,D,[]
J1839-1238,1.911430772996209,4.9469670660176224e-15,MeerKAT,856-1712,8.93728597829301,19.90844300324506,6.375906095186774,0.28928683084442,0.6137586600495958,0.205947347806218,-2.3883795064464177,0.0445531704315937,0.0419430511044391,6.935405546476771,1.26426066127161,1.185600429008648,38.35701326191846,0.9219886798028724,0.0318038776545677,-30.769202818284,0.8537011390948166,0.8156130856834416,11.964809384164212,1.8678342673424075,0.1759530791788854,278.5314137660318,0.1847853609715726,0.0020462816300579,0.0647017925751126,0.0017826960026842,0.0893375484404402,0.0017855012084948,0.9871070024187492,1.955727949508292,0.5853293028107044,6.083394169203013,6.787206485918555,26.28434909843184,A,[]
J1840+0214,0.7974780753035112,8.294337441452077e-15,MeerKAT,856-1712,86.14258612922023,71.63046064410088,65.70153043988134,-7.128848207616813,5.042423580852131,1.528267188323098,0.1315472585612829,4.428444651159659,4.0946856346356295,14.403371669743764,38.0076485846888,44.96534117289606,13.36397457106446,1.1748529385169793,0.0008587780137503,8.039691716209054,2.969743926297797,2.804620605265041,7.39002932551319,0.8070509523409843,0.7038123167155419,36.78530201103784,0.2742408596092846,0.0145175632116574,-0.048779689986174,0.013297980518072,0.0751055812753095,0.0133151383595143,8.014206802005962,3.848734650578404,1.6014515809537402,2.770843446244565,3.915373562553083,137.33199108398222,D,[]
J1840-0809,0.9556736347129944,2.3500068219538746e-15,MeerKAT,856-1712,160.63208394618368,15.239554155810168,18.550458064402303,-2.751171264025884,2.1560187103436013,2.409102654396066,8.176930053898635,0.2670945941609872,0.1974132397349182,50.33352412541558,1.8012103887976707,1.3648732667958186,3.201380837115741,0.2888796956259498,0.0192642717054982,6.9092279048517975,0.0867073103413549,0.127430055046096,21.114369501466257,0.9335150120933156,5.806451612903221,440.9364686868745,0.3181498054349976,0.0013853133893067,-0.1069885449037956,0.0010695963287082,0.1079488620284267,0.0010697459188075,4.632191784913142,2.000346859362754,3.179303452639702,13.983381666801856,10.816226241581916,33.790012220212475,A,[]
J1840-1122,0.9409616166112345,6.408588633366073e-15,MeerKAT,856-1712,88.94129061960157,71.45938543114701,68.29216000362183,-5.059650608239283,3.635121469339967,1.248630591012625,0.6910459027113367,2.983677347698244,3.308605586295091,-19.12856658307883,47.21672611446573,37.831383224890295,1.7035335290824518,1.0432327988655024,0.0003140447095346,11.33685415962971,4.13557849736338,3.982823355498524,9.149560117302045,0.9455828310666982,-0.5278592375366564,41.20402218883533,0.1171874585433037,0.0135508987753717,-0.0594343614472122,0.0113531556197318,0.087276483313749,0.0113742458283009,6.814171476117211,2.503824691130826,1.838537288966408,2.626529773679077,5.4417790405412445,139.75154543476884,D,[]
J1841+0912,0.3813203489970439,1.0903500374230782e-15,MeerKAT,856-1712,130.1033314561544,38.63732280265344,44.24744511695248,1.842404241081468,0.5472761909779964,1.3674956613461686,0.1817307694047288,0.0711182075612212,0.0631949421294835,-38.81208101408658,1.2162759441031668,1.368020288397517,7.212864538420519,0.6098975861586808,0.0627709169188364,-23.790748216664813,0.7580580117489575,0.6307718856666078,17.243401759530776,0.3734613502559788,-0.3519061583577709,131.31575385954517,0.2741323050271556,0.0030627729606073,0.0219819981890555,0.0027693236139205,0.0556041285729518,0.0027721723263081,6.756927526364049,4.3581937719558255,2.0528323428238022,5.98818238230795,6.691994699023492,82.88476791960592,C,[]
J1841-0345,0.2041060756914787,5.786292098760407e-14,MeerKAT,856-1712,40.69687394160065,32.47025409374107,30.879622224822604,-11.040998700045408,8.170542927057298,5.044511418756471,0.0509587035588641,1.5411059020558948,1.5775521019966678,-5.155246592199768,5.1055257927034265,5.039735299068559,1.3171095331956375,0.1603133364292637,0.0085850624437646,3.4047955831563645,0.1435456482558526,0.1370438669445994,32.72727272727272,0.2149533118040665,-2.463343108504408,24.76955905838604,0.9476144381923808,0.0111884396732658,-0.0408249277463065,0.0073189179607491,0.0767323439767223,0.0073329809097435,14.437181350562394,5.654768238319757,5.115174188596165,21.34128128420403,22.396999759277342,63.34987631856367,B,[]
J1841-0524,0.4458097013268157,2.3324208707831865e-13,MeerKAT,856-1712,75.69972114409579,69.69570960738822,56.09184012734405,15.16728008969379,1.773984807902366,10.514744478261818,-13.173888487381788,23.000606655507703,10.03564108010852,95.0662261314145,27.441246377416743,56.34558823158463,1.0503660761046356,0.5866226813062221,0.0081195857091547,-3.703645369117552,0.6453112368815259,0.7903461722135647,15.13196480938415,0.6060773884652387,0.7038123167155419,10.325122162092084,0.4439991971049485,0.0287376194083771,-0.1935061048958787,0.0237005841748808,0.225874976336021,0.0238393715453976,16.916331671655247,2.129020424330283,8.29330441753068,29.537524851018137,32.00086795952254,125.78754973473228,D,[]
J1842+0257,3.0882557929477428,2.9590500954284363e-14,MeerKAT,856-1712,54.11746059345416,68.42895689872648,44.29656596790471,4.931326431405554,1.242783941377522,3.8964380524762574,0.555986450891676,0.5272952336751678,0.4245630750716933,25.446349548558285,3.747634118971721,4.613382910985088,1.595558070285289,0.7099419558855355,0.0609914808073146,-9.425368037065352,0.6055542269792973,0.4986956370681881,16.187683284457464,3.0219732956508927,-1.2316715542521983,157.16678863076987,0.2225625526188688,0.0030170425160225,0.0667816294346154,0.0024870227072709,0.072470026169491,0.0024881572065638,8.35888383535889,0.8282741665700684,3.567433949840765,5.658625747079355,5.658625747079355,112.7255228666312,C,[]
J1842+0358,0.23332620667927467,8.1149931569010035e-16,MeerKAT,856-1712,89.51197871825009,60.43175628110505,56.96787893797573,-2.158395292058144,1.2164479507955108,0.1313063268228247,-3.943167022263952,0.4622373829762969,0.9689741515136068,-113.3620598526858,17.373030856944155,8.98946072119712,1.0027249742086537,0.6408086396431252,0.0007020940502553,26.55086148098624,6.551115186283862,4.801911185134976,10.205278592375358,0.2525967960504636,0.3519061583577709,20.89993254580514,0.3013970950777073,0.0149170941577011,-0.0304152808914082,0.0115222353687178,0.0629689057424746,0.0115668670533702,5.538323315129407,2.1597413713320206,2.1123544830693497,12.212961743671569,9.749618635167172,117.39963521908078,C,[]
J1842+0638,0.31301640103785405,7.603191143930395e-17,MeerKAT,856-1712,66.39000970287351,54.12148790292285,48.18723344592635,7.823922366552607,1.2055400993837546,5.244948728022947,-6.504606561735234,1.2242986821955144,2.010768312571126,-27.58515952046321,13.468519577638013,7.7419874139241855,1.9373038191823444,0.3930775541238207,0.0069878326112124,-6.7310522913727855,0.6804837587571919,0.7630532915931632,18.65102639296186,0.3287216680128635,0.0,25.283007894063008,0.3336109680706248,0.0105049096296748,0.1438585477350988,0.0083932271565952,0.1606787343393361,0.0084160627954264,11.752161473631244,1.1658319694896206,4.219229913005057,15.830119758216163,16.533932074931705,102.3087213488492,C,[]
J1842-0359,1.8399447011854722,5.081480151634165e-16,MeerKAT,856-1712,56.32437331892826,0.1313619637879455,0.1197857663609625,-5.366554373652163,0.0073736935365777,0.0075419452923606,-25.59580185358955,0.0283606589647611,0.0277070876522174,30.65675685457996,0.0784767523030574,0.0729206113365172,25.130966377753133,0.101079628076409,0.0034780941809309,8.897844742792126,0.0256409240753416,0.0246350005053219,81.29032258064514,1.797419887878208,-25.689149560117308,387.28213694384993,0.5091186227247195,0.0006736438576788,0.0378901935246511,0.0005155428486966,0.045435066194613,0.0005157175874384,32.892531124853654,0.0556395897029443,0.0508791234040552,51.46090449288575,34.217502733354934,0.251147730148908,A,[]
J1842-0905,0.34464963868504694,1.0474674220565111e-14,MeerKAT,856-1712,117.82800938433884,48.835698201383806,66.03308031112618,-9.410622940629604,7.061680603773549,1.843152810914024,-3.812539578791105,1.7283911461890344,1.3884932919792612,8.992988306816793,7.891355958341885,5.707488629434735,1.205543542958791,0.2830282270508568,0.0176807509430587,5.408592487213895,0.5087768526410565,0.6664744462149184,22.52199413489736,0.3404727249654489,-5.45454545454546,65.4925196560285,0.2062405116383372,0.005827988612832,-0.050785663349437,0.0049922521175674,0.0900245057978468,0.0050057496079672,13.97808333159166,5.401403534601303,2.007373048516308,13.254909101560807,11.49537830977195,114.86877851251,C,[]
J1843-0000,0.8803355288482932,7.773543648148296e-15,MeerKAT,856-1712,6.50777131486007,14.317440737350616,4.65442882478269,0.6129349804716736,1.3148666890218743,0.4378707148039735,-0.3043339120376789,0.1014328385517092,0.0818153287533167,7.557870551616453,0.6252124597156872,0.7596034582405995,6.456961770372779,0.3796264622096856,0.0143505749446104,-10.594780432859055,0.1097194944815367,0.0937230540828597,23.92961876832845,0.8599117333077271,-1.93548387096775,453.4073137629723,0.1501001753154522,0.0007997570653431,-0.0045700890952999,0.0006100721204562,0.0279530735752858,0.000610328286256,1.5426582062180874,2.955390745537664,0.8010172838269938,9.021179284443251,9.021179284443251,18.971869562133307,A,[]
J1843-0211,2.0275328923333866,1.4429387035108376e-14,MeerKAT,856-1712,164.9084094850187,10.531000486259188,19.97210818362961,-0.6409294069764249,0.4456304338341247,0.804789617469539,7.221195779329291,0.0873443585894797,0.0803862081998731,-34.135854723265545,0.4798627722641271,0.4885984431509342,1.3302376528297513,0.27887044921785,0.0071565675159903,23.275575377524447,0.5253224075518723,0.7541691989085848,22.17008797653957,1.9824937217884933,7.390029325513188,199.69080448197647,0.4094072305524571,0.0028985596056522,-0.0761115537132565,0.002261437869278,0.0806422257359403,0.0022623134726977,3.010086553044524,1.8754659483710592,3.4498703339238346,10.212398125370344,9.860491967012573,30.503108669888803,A,[]
J1843-0806,0.5364237815304105,1.7142446701818405e-14,MeerKAT,856-1712,88.54460815753808,65.58870682628364,67.53931278464358,2.767690645615826,0.2143100383907383,1.87738148175998,4.568795445865489,0.5344903206624361,0.4164649452216258,-6.89912173916496,5.665867689535762,7.094350603959185,1.2176311166996123,0.5253117483727696,0.0082166703850732,-20.70302812050545,3.907689986208542,4.684118331961358,16.187683284457464,0.5681541434517535,5.806451612903221,23.816618260387266,0.2508498004745768,0.0151178247199665,0.1058786234391314,0.0130085034764331,0.1228663454734844,0.0130304684939252,8.553218017443706,4.210805249099709,4.435185672618081,6.152373158475458,9.331497809266462,133.12801961092725,D,[]
J1845-0434,0.4867603820270815,1.1318416932547652e-14,MeerKAT,856-1712,71.03897034381754,15.69762704737856,17.47252950738514,-2.3435532555894905,0.2674156563510119,0.0741381376495913,5.550853582656743,0.0981036211989918,0.1084275661266964,77.36944821178338,1.0032223299135836,1.0446130861552234,2.719847551040208,0.3193661551715809,0.0004709005712033,23.128132903289227,1.779379434205261,1.4628989288216658,24.985337243401737,0.4765432243946815,6.334310850439877,141.1601704431382,0.1751694306905711,0.002285252347617,-0.0446508180934451,0.0020036290969036,0.0712996510714436,0.0020064999662795,11.957329257898136,0.7165594153666188,1.7955755374459017,12.413023670633276,9.245868245413336,33.1701565547637,A,[]
J1845-0545,1.0923560859236454,1.3503917659448746e-14,MeerKAT,856-1712,84.3702102751723,70.9995653856578,63.41757390122974,5.851241001792396,0.815438704633074,4.042530004465185,-1.8452379319974976,4.02680494609374,2.737537112607081,70.13698197897514,34.16477012635784,38.12212536933184,1.0821422782846004,1.6239019751934638,0.0119020174410031,-9.761800409313588,2.4970248716047143,3.30356302505259,13.724340175953069,1.0748362032260972,0.7038123167155419,81.08321186316707,0.0691746061500442,0.0054841539446883,0.0250233073614587,0.0043725286036803,0.0369912448822927,0.0043741984511143,9.010013022996649,2.6981814282264,3.1954449041594293,3.428815644607467,6.947877228185177,134.41713928688753,D,[]
J1845-0635,0.34052942130624014,4.494458371003825e-15,MeerKAT,856-1712,119.94156847350092,33.59263286841572,55.649801367811634,1.9551821906344868,0.3905997401298025,0.8978692887224313,-8.192333029814334,0.6682961549717579,0.8124194874436608,9.337409556225762,5.575608409074352,10.009913364987764,0.9696005583102674,0.5207830166298879,0.0045269365802833,-25.39836331596964,5.61656978979628,9.546742995839203,24.633431085043984,0.3552835626029554,-2.6392961876832928,26.59274747826505,0.151668465545123,0.0111172755628074,-0.020116154832186,0.0096306846880242,0.0770585295469562,0.0096555361840587,10.739446931719888,5.10166668065583,0.6173957722412237,17.16594006793749,20.33309549315743,89.24243423622735,C,[]
J1845-1114,0.2062210872139195,2.0055202340478104e-15,MeerKAT,856-1712,102.92840063683649,59.543516486953024,68.36106530738184,-5.477561285423098,3.855718227382004,0.3255068740287701,0.5020629632793658,0.7292148869169259,0.701596970075307,15.597410745192946,7.686284427752913,6.667303559637766,1.3972473243225254,0.8108549072248863,0.0310876117821894,10.210476478721684,0.7817674518848285,0.9750670571261216,10.205278592375358,0.2035712401207366,-0.7038123167155419,67.72593237427184,0.4422738432911153,0.0084745611190684,0.1741345358587739,0.0069181212724057,0.1818462006629669,0.0069262065090342,7.429949870719598,2.755109325195533,1.3536016938463384,6.308514576182587,5.956608417824816,127.90458179433486,D,[]
J1846+0051,0.43437952041599404,1.1218300430982268e-14,MeerKAT,856-1712,84.27279305059996,71.69761108691283,64.51489206391065,10.050437397903844,0.7663146679017867,6.989902532324757,2.3471897237465296,3.086774320316694,3.41937108043855,-9.904700174622995,17.401403311681563,18.9546872681598,0.4671525938779644,0.5144726036060836,0.0061722187066327,-5.701562014244836,1.1408635332677433,0.981970830826458,13.724340175953069,0.5197582609054822,-1.4076246334310838,14.12395477737551,0.5537023570320516,0.0227049892715133,-0.1861720103295587,0.0167158792397063,0.1973874480970281,0.0167572746344125,12.164403889808066,1.9908300022023089,4.977156726136929,9.913172128438603,12.728421395300774,136.2125031508235,D,[]
J1846-0749,0.3501095728522712,1.2615595302248153e-15,MeerKAT,856-1712,71.14369644799761,66.76740021723641,55.98296156346821,7.726238312764839,0.6745058624223459,5.679730186964282,-0.6170649102717101,1.006447516529148,1.177361212464766,35.03356406766526,7.617183470654858,6.112036696052531,0.7281540892800892,0.4967104911568517,0.0250820866297802,-7.039067309304312,0.6542787411871451,0.4803708970038949,20.410557184750715,0.3439479877206882,0.5278592375366573,91.31391205604572,0.2313829461414014,0.0048894734371164,0.032143440305338,0.00382163161825,0.115114380414082,0.0038433965722887,12.517015955228509,2.596693113348876,4.87769524370076,9.590671948394869,8.534953473321556,122.75036178070462,D,[]
J1847-0438,0.9579988205764289,1.0945410066281281e-14,MeerKAT,856-1712,152.87662785374727,21.299658665849904,39.82197022254894,-0.4622560438360072,0.3610450920931646,0.4880998846805079,-0.8102549066662533,0.0777646519210094,0.0710741914119438,19.43660178373469,2.4426117086645185,1.996371032617013,8.246362519484503,1.2908163279789484,0.0805936558799516,56.509565001715146,5.606865944840045,4.580912629597371,9.853372434017588,0.9380890400424888,1.2316715542521983,135.5259055869263,0.1317467848757537,0.0039737272624581,0.021230478729136,0.003336628059329,0.0451806314981687,0.0033395671375269,2.3098866804255254,1.6158229928707886,2.26008840182899,5.912894202853932,5.5609880444961615,61.121628888398845,B,[]
J1847-0605,0.7781674459389979,4.6324159904820575e-15,MeerKAT,856-1712,68.78720462165674,37.56930341334002,34.318287153892115,15.182368579310545,2.2986901222879546,6.6763122543265006,17.798911884523474,5.062508409991676,5.495928965541738,-11.347271823835314,19.172579180538825,25.95401965834208,0.9013839761351944,0.3112921670074262,0.0013704319002957,-3.559644009247607,0.3381954717879534,0.4740506404414124,28.15249266862167,0.7613966947904612,4.398826979472136,160.82952124452132,0.1092667017026602,0.002915607671129,0.001543191292942,0.0024825266277795,0.0318277384804439,0.0024839885512745,20.40369495313506,1.875732338889092,5.194997765760165,19.030583438775672,23.253457339068923,71.88759056723214,B,[]
J1848+0604,2.218605206885199,3.747523870890193e-15,MeerKAT,856-1712,130.45595741790217,40.15753312769596,56.56213489754539,-2.019444498538961,1.5884602083304895,0.6839785945803656,2.0349082373058525,0.206615417590215,0.1732519179977731,68.38550414224741,3.9842550454917927,3.1176871377148814,3.029042563147399,0.8033404289138906,0.0815668878414235,21.592903840837806,1.218721274157712,1.3326282097229658,9.853372434017588,2.173225089318536,0.8797653958944274,127.83970001979874,0.201692030069278,0.0049469620254495,-0.1130117004828258,0.003960662339023,0.1569654983809137,0.003982563225388,4.306293761458648,2.165317259088585,0.8985072208901765,5.026110583346906,5.378016741704677,96.71966802524136,C,[]
J1849-0317,0.6684224572537321,2.2055226851452065e-14,MeerKAT,856-1712,118.98440036917106,47.98990964114574,59.083106989930464,-9.069505722703065,6.769789509117195,1.560624511555453,2.538696458447256,0.7515308967689647,1.1098569268066032,-47.67583948383134,3.718112739551664,5.670257537326847,0.9609932300890162,0.2939691971404584,0.0273218235157125,5.54930976362877,0.2770534875847268,0.2871683212528291,20.058651026392944,0.6707418911083829,3.1671554252199385,42.3084497607133,0.560078906719061,0.0068391249281189,0.0391914747391801,0.0052003886874774,0.055859308278579,0.0052044443332939,12.856628366536214,4.974740213336579,1.326705989698501,11.009690638326926,10.305878321611385,107.0730166310762,C,[]
J1849-0614,0.9533841881748211,5.4092921207498026e-14,MeerKAT,856-1712,80.9057986059669,63.79069348808913,57.61690842205746,2.550105349188187,0.1289793442151099,1.5738477193969524,2.415494952389099,0.2865259721814035,0.2721726350407749,9.032248365273135,7.276969953864713,7.084471936516483,1.5081314743584049,0.7981451758487965,0.0174675731118392,-22.19290418174472,2.218301121214875,2.286849305338418,14.076246334310838,0.936334163108761,-0.5278592375366564,93.63168328850088,0.1673989017044892,0.0065438620544922,-0.0790449767521518,0.0054882490402972,0.0871000790005313,0.005491201289896,7.42373002898261,2.735566984400862,3.568654365847196,6.462415773503465,7.870040406934549,121.4076019101466,D,[]
J1850+0026,1.0818440452741702,3.554697994110123e-16,MeerKAT,856-1712,5.771677750010795,22.35239038572677,3.092355239986495,0.8540364906544451,3.2886679395764054,0.4533935676086227,-20.98460530478574,0.2911188701315197,0.302482725457196,18.839204671548863,1.553974057402549,1.3161070201731064,3.2275885345317983,0.2479230274378299,0.0015243758994318,-6.746942067729664,0.5705899182360481,0.3683989704991743,36.95014662756597,1.059380127962902,-13.724340175953076,135.06289556444918,0.2156702425883828,0.0035744776340322,0.0261606265543306,0.0028204620967061,0.07074564579591,0.0028276305938023,2.157845367660619,7.185890284464483,0.8763036975495939,23.975807650826795,23.975807650826795,25.444745625713267,A,[]
J1850+1335,0.34558315187250604,1.492434410110434e-15,MeerKAT,856-1712,87.82632790255771,65.92073601600832,66.29573416477443,11.343140427812434,0.2530931795266813,7.253776114611361,-0.087195721772082,1.7228361565370685,1.7290547654628852,64.80747843776973,8.623783162859894,8.645605668313053,1.0566204298083088,0.4109857898548106,0.0185462076955331,-5.080628012043706,0.3424416341494982,0.212677715115821,15.835777126099693,0.3387478858958583,1.4076246334310838,115.41789132779977,0.6043518165406784,0.0045614652483572,-0.0954843739282389,0.0035828001404024,0.1031903008249914,0.0035855059814378,13.817364176451404,2.17231561464716,5.27455961888385,6.949365809748615,6.597459651390844,132.21647018078275,D,[]
J1851+1259,1.2053126551233628,1.1348961118783686e-14,MeerKAT,856-1712,156.13234573928816,18.52533510533783,34.739534537191176,-0.8126586702606582,0.6257023673975775,0.9039338487046698,0.1111241023889928,0.0774571311475692,0.0715167043213736,38.96218614177612,1.9762091888715856,1.8108551853764825,28.01558014210233,1.3032521105906412,0.0843266554963335,28.52871111727856,1.009873839782678,0.88658231798766,10.557184750733128,1.1774891114781547,-0.1759530791788854,371.6680381434275,0.2146627698093761,0.0024331577988348,0.0398381442922041,0.0021422822185392,0.0542642488199173,0.0021436901258388,2.316342322953362,1.357720544544507,2.330560103579355,3.231984402009831,3.102326448430046,53.26486964252901,B,[]
J1851-0053,1.4090657647977658,8.527180792044453e-16,MeerKAT,856-1712,45.46887975340651,60.12178007368156,36.131912231265474,1.984844129382876,0.8646936076543761,1.5324839631761882,-0.0112176758728989,0.2579105963854825,0.2436891250029613,-30.64376560577441,3.60263359549754,4.187372351929781,5.349568455796383,0.691173046119804,0.0681650920673941,-20.58226734007341,1.7555865563871895,1.5103595105088772,10.557184750733128,1.378401544294085,-1.2316715542521983,170.64308602202777,0.1065901246746986,0.0044136178472764,-0.0803029680508782,0.0033668007813387,0.0969895049902651,0.003371792478336,4.309450808821324,1.223439302344612,2.1721512894136423,5.795233937030321,4.739515461957009,96.25369230494704,C,[]
J1852-0635,0.5241590399033976,1.4628345323003548e-14,MeerKAT,856-1712,116.38845730808798,0.0913998312414605,0.1109735517890158,9.80252864056628,0.0188036346759474,0.021232472216651,-27.478695031470387,0.0321679615644399,0.0362213323465745,-35.464119593268826,0.0874371476416726,0.0903088379610821,22.841500859654968,0.0813105869052108,0.0029685881677039,-5.261589398907846,0.0140619321798203,0.0163038484668875,101.34897360703812,0.512624660200414,-29.032258064516142,184.58813033609772,0.6580178130823765,0.0011738607915727,-0.0148802036418274,0.0008793720855341,0.0205340373446432,0.0008794522503233,43.896064468625454,0.0429155903930439,0.0519653667110056,47.30136361955599,39.91133429404281,0.2023733830304763,A,[]
J1854+0319,0.628540823296,5.51e-17,MeerKAT,856-1712,64.74302672303527,75.33108649854164,50.9922816202267,13.109870532200718,3.337504284018335,9.914670006775028,-16.32979936699696,6.01664599044512,5.100347369453473,-19.077132778128096,23.76620903119195,19.398425110229944,1.0671433279042282,0.3252705947117613,0.017925552996219,-3.987332839167188,0.942650528073974,1.1497240755384823,29.912023460410552,0.7152228043519439,-9.149560117302055,16.71930020053594,0.2694632091961277,0.0190193681540274,0.1495862469121726,0.015419662539622,0.1870554273997051,0.0155135499913865,19.267979013125803,4.602341203327518,7.409829998998757,20.72862634646909,25.30340640512012,126.32336811876834,D,[]
J1854-1421,1.1465948471179677,4.161184883535995e-15,MeerKAT,856-1712,174.0075021087208,4.0095509748866505,16.531768776823412,0.4547853516674522,1.2106661055389494,0.3038296140573338,-0.6970261873745199,0.1265417086170897,0.0917086450318935,-5.591374535185102,1.1740567662925423,1.5604038288256223,21.225529730914165,0.3185317777425105,0.0095158630735561,-13.152669738706187,0.2353106254307473,0.2506960906568274,21.8181818181818,1.1208003330672092,1.2316715542521992,227.75316866531068,0.2635921569078376,0.0020187839577483,-0.0004895246416635,0.0014571907091817,0.0214787782970852,0.0014576585365959,1.184150609853726,0.967726772736301,2.97464826769225,11.430164017286534,8.966820908782138,20.541319751710063,A,[]
J1855+0307,0.8453581389340017,1.805013421537896e-14,MeerKAT,856-1712,123.41833246579418,45.8483022478533,63.53678323878446,-3.9980267720472895,3.1181477763419503,0.8960170502366003,-1.880370274076228,0.4101117223583803,0.5260669896294297,-11.13142745259784,4.621669430809319,6.062143358681047,2.628768489041548,0.5076185037889562,0.059203964758435,11.971404604151838,0.9347848322000464,0.903946691220746,13.020527859237523,0.8330766897299913,-1.0557184750733128,73.86225337217112,0.3536082412771504,0.0058698942309678,0.0827361719585881,0.0048226778854461,0.0889831503313467,0.0048253912201789,6.842104858572369,2.9124533906968826,0.5793179974353806,8.03872804533722,5.9272910951905935,109.38508548663776,C,[]
J1855-0941,0.3454013274128613,2.3891433935727743e-16,MeerKAT,856-1712,171.6517337939561,4.926122294689662,26.664206799824967,-2.2908437493045906,1.3451405824066622,7.182831922700126,0.3606342301182579,0.961130324826974,0.8728007714926989,23.24180391082564,2.3618439267766007,2.2192853406018003,1.0850520141748985,0.1298587191818641,0.0012852548103341,3.632275496598092,0.3020359681508053,0.3169987441074453,47.5073313782991,0.3498084634465293,-6.3343108504398895,36.39246118795624,0.2893649739191958,0.0060409391756576,0.0239550456815589,0.0049373644063262,0.0554921143135291,0.0049440837024693,4.490735309136409,1.7393420726643307,11.468704986741631,32.91195387821209,29.04098613627661,31.59032909451463,A,[]
J1856-0526,0.3704843373416218,1.6596766223956637e-15,MeerKAT,856-1712,169.1772439927786,7.184881425718459,36.43872396590808,-1.2434139627477645,0.8212827395184927,3.8087817028897337,-9.18241691423522,0.5903687833000824,0.6134050270849123,-0.3918330669782675,3.001703993471693,3.332217754029017,2.523764193791214,0.3229014786262425,0.0054756925160477,8.653075659560098,1.17324320945551,0.9692798807176946,39.76539589442814,0.3719102193718043,-10.55718475073314,42.009822839368255,0.1038704099903672,0.004593816877229,-0.054683874204763,0.0036873207033059,0.0694313836688306,0.0036911084559594,4.112826169915377,2.220654842578864,10.977037654840831,18.79412267520759,20.905559625354226,43.62360539162654,B,[]
J1857+0057,0.3569290495376389,5.458509550019026e-17,MeerKAT,856-1712,98.86874903126392,31.03248312021464,30.02791308499421,-9.907791718736586,2.4683981891220093,0.3866031995572889,3.886666628948952,0.6376701028794347,0.4930575200257188,38.038761566599234,3.076839931911664,2.4437920339333488,1.1027320078495375,0.1808576004807194,0.0008084823834622,5.742336995989564,0.2995437610956379,0.3220529712076612,36.95014662756597,0.3634235662280968,-1.0557184750733235,33.88721444640911,0.4539155329684906,0.0059163505026554,-0.1244672370853618,0.0041315496648401,0.1387632620971898,0.0041417699398082,20.90519794902084,3.0591025972437,1.636032281773538,19.19458451751201,23.06555225944749,61.060396205208846,B,[]
J1900-0051,0.385194193016695,1.4245442113706494e-16,MeerKAT,856-1712,88.81444191702646,64.77088215528907,65.66231017780095,-7.880502623005064,4.7356204672098485,0.1883890800219845,4.539220787871158,1.414887457566942,1.6905737626824218,-16.991478102528344,9.626649389984582,10.748180988916236,0.9630727683476712,0.4414561306471943,0.0079461188781541,7.291987078485265,0.4469247059646646,0.5497152812410029,18.29912023460409,0.38102640084215,4.398826979472137,62.00827766003711,0.318674097760968,0.0082442418549311,0.0001226884440055,0.0065852490578336,0.039030103252621,0.0065905543430077,12.042132386498167,3.770005870608212,3.6309680221167233,6.122798500481127,8.586141608985525,130.43319233309,D,[]
J1900-0933,1.42388919185353,2.3173872722641523e-16,MeerKAT,856-1712,158.94477491163244,13.001418025308112,15.3008609193744,5.404901314829719,3.402899387867688,3.284693015330792,-24.7752138499547,0.3222613893892507,0.2831422533410084,-8.917409945121204,0.8030882615332899,0.9006753852978822,3.826608750535397,0.1135541994559896,0.0002233466818668,-3.814145451500536,0.0849083976083435,0.0857577721820606,75.65982404692082,1.3961079100683436,-20.05865102639297,111.4006037198964,0.39905659660095,0.0022035705983497,-0.0271131211176764,0.0016348187207936,0.0356368325359475,0.0016353413078083,12.790748035313374,6.655905752777437,8.543352856190072,30.22975930450015,33.39691472972009,28.30227894468252,A,[]
J1901+0124,0.31881916458376847,3.24929663925228e-15,MeerKAT,856-1712,88.27744566296705,52.213335248330864,55.443754206508544,-5.26575544178726,2.3154133485745056,0.1626166507590802,6.391507345298654,0.758090143335842,1.0051980663221798,24.56837825639357,10.484552363854188,12.685735288285134,0.964902293733982,0.6317007989489168,0.0031480020607468,10.891236694374712,1.2370200358991283,1.2199151242835151,14.428152492668609,0.3470474092267399,1.4076246334310838,20.30784688873264,0.5558408989552158,0.0171649027110662,0.2294996287654509,0.0129794685677284,0.2329924351284576,0.0129907440486647,8.912545046765846,2.096917417384402,2.527452109230006,12.197958958201877,12.549865116559646,107.6570894548394,C,[]
J1901+0234,0.88524028123,2.3034e-14,MeerKAT,856-1712,88.97240474676663,69.8958209784888,69.02828924771205,12.406582635483474,1.566713706819698,8.759248140959983,2.114858677724209,6.06720694436069,8.063226242578715,12.775888060755795,36.12095727250542,41.55946729536651,1.025310015786143,0.6567254976896073,0.0063664469232551,-4.653714908951347,1.2297372679613972,1.307940995744035,12.316715542521983,0.9377200405751472,-0.3519061583577709,23.79692683639573,0.3570413644524844,0.017508688138784,0.0782902080924721,0.0147718336157716,0.1119796622742117,0.0148134387189832,13.834340566783958,1.952288173024733,6.776621984069613,7.92131029062743,8.625122607342972,138.92411022620087,D,[]
J1901+0716,0.6440005421843733,2.2871899439710568e-15,MeerKAT,856-1712,138.7411477643798,26.11819167227543,23.235626751893548,-2.949827053704789,1.796900010273399,1.1725114705525552,-10.980788653641586,0.1690786091572285,0.4208911054969171,-47.6968594755109,2.277274478100516,5.430408368474751,3.591306950929724,0.4209933650351787,0.000817460997438,12.814678269375168,0.635748186913446,0.6185105075151647,28.85630498533724,0.6303958706582858,-5.45454545454546,145.23141604265268,0.176664190865439,0.0031453116873336,0.0192730283612297,0.0027736658534046,0.0560297833106326,0.0027775103335733,10.20748147014795,5.183842501480196,3.325230665532961,12.916272524609326,13.97199099968264,49.35381842416898,B,[]
J1901+1306,1.830857453,1.31e-16,MeerKAT,856-1712,16.636781114850244,40.37171496300181,10.712311778983205,0.5372619431484599,1.182645403748969,0.3430758250369995,9.2370711561239,1.719365621211276,0.8197046456049897,-131.90936839927846,8.17861286810789,6.73244714429967,6.343654653174905,0.4517134570640353,0.006784879479313,-30.533007431739875,4.832135512861001,3.840232331017269,13.724340175953069,1.871254845201282,1.7595307917888547,32.38305054938817,0.3006823160144994,0.014578622307283,-0.0267108071019401,0.0109103095827751,0.1476438968140872,0.0110454263752863,2.065238867467938,3.782596236184888,1.154300562822436,13.635898135596037,14.33971045231158,51.08402674198501,B,[]
J1901-0312,0.35572653714483016,2.291499692958138e-15,MeerKAT,856-1712,28.265528933976,25.82200962095904,18.98429226234929,5.299351698119987,4.088476379999908,3.518459248656721,-7.858835093631242,0.8511348133154479,1.3061225798979734,42.77730018208128,2.5464395538076303,2.3888698834408686,1.9554126845262283,0.1576141756206364,0.0001292614815617,-5.127348212922427,0.3321149639818932,0.2644790376603581,68.62170087976541,0.354738808156706,-4.574780058651022,48.3588497431,0.4342154015185444,0.0114670122085448,-0.1544177454662397,0.0092656815599422,0.1966737139359492,0.0093144974184211,18.164275507782428,11.119873725559971,9.653194751994524,32.43442003833357,29.971076929829174,44.806301883308336,B,[]
J1902+0615,0.6735066579164285,7.710256682336225e-15,MeerKAT,856-1712,164.43577415078337,11.744861177170122,29.213843087560463,-0.5490052331459419,0.412428048037591,0.8987571693534226,-1.8741380256858924,0.0732703498824411,0.0753832896130284,-32.45953802548117,1.5913558884080885,1.6310486933922306,15.30806699927312,0.6135860175013033,0.0315923748322592,28.002914633460293,0.8662968731961307,0.9705898296959994,13.724340175953069,0.6578071095939305,0.3519061583577709,619.212007174824,0.1081792401798611,0.0015571354758296,0.0425617109057651,0.0013274215454976,0.0475899327600554,0.0013276853743396,1.950446373958892,1.2194603601280047,2.9708475292996086,9.440120430377968,4.513434213369175,40.958704264730585,B,[]
J1903+2225,0.65118538418,4.45e-16,MeerKAT,856-1712,81.78050038026733,72.1391568738935,62.8448935044304,-7.653137399697682,5.238137248329265,0.5181678134141681,-3.002257087789953,1.795689225180532,1.2686781298501937,21.800501782755266,11.653636264398129,8.645508842777353,0.8084821174785028,0.3423955312058353,0.0075036945038537,7.431748503558566,1.161978150002808,0.9617237335606764,16.187683284457464,0.6503814371242589,-2.991202346041053,46.63108230021307,0.2397657989863131,0.0087023844970544,-0.0079108100645653,0.0075226677656984,0.0376649508427876,0.0075274029051306,11.005315560441904,3.565003895900916,3.105718372508938,10.89803616734202,7.752990225619861,134.9840503783239,D,[]
J1903-0632,0.4318893087444903,3.380714879991255e-15,MeerKAT,856-1712,30.43584670995017,28.98906964898128,23.03123530555464,2.9921076691019173,2.185408362405705,2.2389136893550208,-0.2263400181113695,0.2118325835402152,0.1916862295310892,-22.89276767477241,1.604457393243237,1.708248676691941,6.22333515453818,0.3427356060296977,0.0176830214176062,-9.704767126212117,0.3398187957991272,0.3243448381413749,19.354838709677423,0.4221591765903078,-2.8152492668621774,231.80659984197064,0.2227744838144262,0.002007180294571,0.0369891615010675,0.0015884153444259,0.0819325336090863,0.0015926413914128,5.920719271017029,3.3768229259168647,2.7410017244443,10.154891653442876,9.09917317836956,52.02030495453592,B,[]
J1903-0848,0.88732464056,1.33e-15,MeerKAT,856-1712,81.16075318846177,76.49603350148723,62.28603126146666,8.711465405390182,2.051567894315074,6.383012976973841,0.5202690814643276,4.4273508573364,4.73493015984743,34.30470848781504,30.384817032599564,29.365939111016573,1.8587581206667136,0.7317047174905424,0.0190864453513428,-6.524048162877826,2.408385286191721,2.5201575425104847,9.501466275659816,0.9017646713350036,0.3519061583577709,34.71425812469796,0.1963826349952424,0.0141325353189732,0.0437209331514714,0.011102023173188,0.0803544172854388,0.0111257065663646,9.913478852162024,2.141116106076154,4.769368242786471,7.397619481585519,4.934276373081122,138.7820647629539,D,[]
J1904+1011,1.8565699318203086,2.7609283813031515e-16,MeerKAT,856-1712,68.78622260542569,17.486811703987826,17.336668954417753,8.280344095287028,0.8380076231490037,1.5421297956184006,11.98249666806981,0.2718528761249246,0.257389204728522,-42.12292259359332,0.9678873101236364,1.0130270984386414,1.1587623993090697,0.1898085083763745,0.0004342648487656,-6.473114939766777,0.223278980654376,0.2960936351271055,36.59824046920822,1.8234013858995293,10.381231671554264,93.47829276438128,0.4342810502788492,0.0035655593670748,0.0714111393818426,0.0031193097861352,0.0833116808501542,0.0031217221001127,19.32990795516333,0.8438532432026449,2.259430072689168,17.78894828097303,17.78894828097303,34.82348065840558,A,[]
J1905+0616,0.9897968110470422,1.3518280712383828e-13,MeerKAT,856-1712,84.06167553711032,64.8447664759681,61.64031215718995,5.080164907655656,0.1033707061694153,3.16006966080168,-1.1193720321542389,0.5932704384473981,0.6301314837743417,48.40742849222176,7.813245072041518,6.65740247249358,3.995460365897377,0.5850561816545214,0.0248059496260282,-11.232521079381112,0.4377657049622261,0.3641552707077071,10.9090909090909,0.9709668394755696,0.7038123167155419,105.06478104944745,0.5291613643627098,0.0064948547052553,-0.195098616225368,0.0048592693524212,0.1993704014080203,0.0048631776160799,7.445528279728941,1.741560013975545,2.51784830191843,6.925823645057459,5.1662928532686045,126.48507863315804,D,[]
J1905+0709,0.6480443321213085,4.941686457394704e-15,MeerKAT,856-1712,35.14304958522387,29.98775782610437,26.808284218161013,-6.712361526076581,5.007737792773927,3.769323305608165,0.028123353801621,0.4619731706233139,0.5725298684188544,15.804295544037384,2.0225968018057365,2.528976725594873,1.0912281103406123,0.1988543259972988,0.0113342388988386,4.924667506943342,0.1698546752718517,0.1539182065932864,46.45161290322579,0.6382180207082045,-4.398826979472148,76.65610553555044,0.3416342845578311,0.0029497788459284,-0.0086242699310766,0.0025336650852133,0.0298084965861388,0.0025346227312297,13.847581795760776,7.671782893130118,7.1565472275268815,19.55891514265793,22.3741644095201,56.79604204426539,B,[]
J1907+0631,0.32364802449,4.521551e-13,MeerKAT,856-1712,102.33632014286243,30.27928288145964,21.855082782793104,14.177134226052436,0.4643942884132848,3.109461374492204,9.191713973080684,2.6477491124163564,2.8000329744402954,-60.381699307007054,10.567420919678987,11.530675991439324,0.8739239546439879,0.1553541313474835,0.0001183475277237,-3.988683789230102,0.3088537560480389,0.3003603718185013,30.61583577712609,0.3743018831814257,-1.0557184750733235,15.762515020172144,0.8407056299040226,0.0168010161623505,-0.1023592405451574,0.0123409278470585,0.1255897473103268,0.0123720015539749,20.194111338795192,3.003611736208608,2.025561460542939,32.2415673455147,30.13013039536808,52.13436566425274,B,[]
J1907+0740,0.5746984232594555,6.657584382675348e-16,MeerKAT,856-1712,82.23259043255007,71.20342761271758,63.200213517171015,-7.057128189104283,4.795052543185996,0.4287127349670001,-1.1072587072116318,1.5060355772021787,1.5212482591835066,-15.867518627041983,11.23745871216789,11.919978577499762,1.269611215105169,0.5903570609756219,0.0171904309332302,8.064736621102458,1.2782000906319215,1.0914876709646686,16.539589442815235,0.5671290370306513,-2.1114369501466266,68.78387146209461,0.1815193933771392,0.0058801377236804,-0.0127480472001005,0.0046652685499782,0.0331494917910077,0.0046676824003742,10.74574546301421,3.432089453897042,3.379481402798553,6.561804161757081,7.866348330911528,134.4036411298886,D,[]
J1907+0918,0.2261071099878,9.42955e-14,MeerKAT,856-1712,110.31926000715252,52.8638108455194,61.89945663404372,-2.448427614342512,1.7034607666569088,0.2069070738247176,1.994237781591408,0.2029280903479393,0.1743195896401626,43.155868711660645,5.2618611646229,4.323451755025872,1.853711929219937,1.028510841570463,0.1015991370508613,21.95153688783524,0.6464273583207678,1.0391907307863164,8.093841642228732,0.2223329325424673,1.4076246334310838,84.93348300392812,0.5948256226655653,0.008804372931494,0.4806598359938472,0.0069711250875389,0.4823487065604404,0.0069759213290874,4.540483743282307,1.9104721149096648,0.7026429410222892,4.28162781091692,3.929721652559148,114.76326747956313,C,[]
J1907+1149,1.4201603414272963,1.597873855530207e-13,MeerKAT,856-1712,143.01780504130988,29.29417251065439,59.33018216097618,-1.5179723514231171,1.1810877541726,1.0826966391673607,2.000505473045831,0.4397122896941292,0.3567593519211298,53.24158012599408,7.4485674304693745,8.096717388960037,3.609605039154288,1.0203729563885,0.0035803781209899,22.708761413660568,2.7970246761651616,2.546164313270556,9.853372434017588,1.399226433933569,-0.1759530791788854,74.76289469281454,0.1394525476838985,0.0082014592294599,0.0743032559459034,0.0066330859170701,0.0902955885859431,0.0066431314240451,3.3751149812449324,1.737184841497155,1.8555584161996097,4.991707819086884,5.695520135802425,88.62435467163057,C,[]
J1908+0500,0.29102291947857534,2.5924175121430228e-15,MeerKAT,856-1712,80.98172638704649,63.14061498158621,54.37339579242915,1.1783624848113543,0.0596167866077523,0.6883540748738808,-3.587980732910718,0.0811032409684426,0.1108226102358438,-6.038478522246734,2.623949055572365,2.11626298663856,10.1819765257899,0.514440333239337,0.0042226271134246,-48.02554560228147,4.612031466915425,4.775255662905941,16.891495601173027,0.2844955752086103,-6.158357771261001,219.9776051637846,0.1188155209389963,0.0039787867860424,-0.038419259582147,0.0032497585533929,0.0511696129695299,0.0032516247129707,8.43689215400797,3.421018257312545,4.404938106827662,4.819652287162916,5.171558445520687,117.51401077401536,C,[]
J1910+0728,0.32542050369662345,8.308267149063707e-15,MeerKAT,856-1712,123.05335058018832,46.36525206349019,76.00472842685386,-8.910555155216464,7.0200168936938,2.314940951044015,7.349566927670871,1.9978857494794564,3.5307679409527983,-4.096075353585057,8.89668234168267,14.583588588165508,1.05018893055333,0.3838397778191396,0.0392314891264251,5.411260548283752,0.666799455857884,0.7063725071078029,26.04105571847505,0.3217679437651672,7.565982404692075,63.03235071769059,0.1123688921782396,0.0063361027513494,0.0870226197442114,0.0048531292225377,0.10538327628399,0.0048620360092597,14.472741077956067,5.983311053790143,2.549006880689864,14.644567969689811,12.10030006550078,122.36998049034403,D,[]
J1911+1758,0.46040581878,1.31e-17,MeerKAT,856-1712,87.97999323218426,71.66750988864618,68.30609983276895,12.78957470667742,1.7635546568954457,8.948624763711711,-5.367551389557589,9.324745171044787,6.8876630789181394,-35.818317904337846,46.36829697067004,46.24939979238481,1.2107386846367592,0.7368944345634769,0.0041368592090571,-4.514495164172227,1.0596231223168249,1.1901958292799677,12.668621700879752,0.4857596904942323,-3.343108504398823,24.45266039319798,0.2656145768783957,0.0159172556162894,-0.0209223351318968,0.0133711134885489,0.0640672931605195,0.0133935987770898,14.25813051045776,2.120828735614656,6.95320169807743,5.191598310378703,12.581627635891891,139.97360972141513,D,[]
J1912+2104,2.232969028273125,1.0177511379890628e-14,MeerKAT,856-1712,6.208484873265332,3.015959850466888,5.430025516905249,-0.2083513698430386,0.1823132606828557,0.0990445790900247,6.190208756010835,0.0224809517939856,0.0192442307692592,-2.646148365521079,0.2839185872800636,0.2585332294541733,90.08086685515978,0.50125176037605,0.1115119575456873,29.739934563832698,0.4307435100543664,0.318954872264019,16.187683284457464,2.1810566416146573,6.158357771260992,507.7793359406325,0.3824849846699085,0.0018812000680479,-0.109057019090676,0.0014764885541966,0.1150086569968706,0.0014776920750472,0.8847403719072608,0.4140552103191914,0.6565140425793837,7.421880310263034,7.421880310263034,8.445985367372137,A,[]
J1913+0936,1.24196459936,4.32e-16,MeerKAT,856-1712,120.73481136865917,47.445302767170034,66.3797588623203,-4.627126737445314,3.51853485966331,0.9807884828099364,2.8504704438551123,0.6636809458887578,0.7254426988146201,-34.2808375838512,6.444136594308194,6.662537289925972,1.0579561833429632,0.5764248983206011,0.0468759506780422,10.654926965188077,1.2749523335184172,1.2379515885252683,13.020527859237523,1.3279533074142733,2.1114369501466257,22.42800994391707,0.3942139185432641,0.0149492173281706,-0.0660981726037754,0.0120624111407295,0.0926951396097002,0.0120843759213683,7.358754025390143,2.958610719519709,0.8088547655443644,12.809353603065697,7.953109740042791,113.82506162949034,C,[]
J1914+0219,0.4575271458212469,1.0181236183637197e-15,MeerKAT,856-1712,9.67360393722716,16.76089878565211,7.292248156225419,1.097659183143865,1.822965158411388,0.8257384607253793,5.526540482535073,0.1218158031245773,0.1020606103972534,45.23532427371199,0.7221536153470183,0.8255982029079334,7.206012651641952,0.4050366374103697,0.0244755980897579,-8.771665857526939,0.1472042906127022,0.1082675630198473,21.8181818181818,0.4474632348279911,4.750733137829908,183.99876639227065,0.4218802497597794,0.0021379616773586,-0.0310531592712982,0.0017885617988039,0.0732779436493782,0.0017921758870113,2.2206936188167203,3.154721513861745,1.052504079343896,9.221555145291669,9.221555145291669,24.05314694187753,A,[]
J1914+1122,0.600998442042342,6.532502937371876e-16,MeerKAT,856-1712,27.973519233405348,36.730557948974656,21.872781270501928,1.8176538477681563,1.7520419906851568,1.4043386058957457,5.951882297848868,0.175992369706166,0.1741172109218656,-8.999462957846553,1.806879934347713,1.9208821566576155,1.6304611371857425,0.5112971937933479,0.0344684946654003,-14.788219258726825,0.783118010254384,0.6800444343592282,14.428152492668609,0.5955103229625899,5.278592375366564,58.20948646468212,0.4294628737987812,0.0062845414877262,0.1470043976924576,0.0054804856031318,0.1576833577858836,0.0054881823757586,3.927109216132093,3.09972687480196,1.9745407081311577,8.943084643889922,7.535460010458837,58.60333921947658,B,[]
J1915+0738,1.5427074142695743,3.2969394238184205e-15,MeerKAT,856-1712,137.23724651695966,28.7451269045944,27.553813846881383,-1.7607534601462207,1.1379593009104256,0.7203402910033943,3.0367137444568275,0.1586306498889458,0.0822651256626971,-23.21155961261648,4.320003496132934,3.2174323041861435,6.116691200677722,1.0161441645953548,0.0298669352586884,22.09730475783918,0.38389547035964,0.4833745499933215,7.741935483870961,1.5070419752586202,1.2316715542521983,391.3470958816955,0.3547359936597241,0.0023900990796388,-0.1769152189821903,0.0019372062850446,0.179161815923026,0.0019380658204149,3.199044653308304,1.2727612332667348,0.9802693787106984,4.972197615424568,4.972197615424568,56.29894075147578,B,[]
J1915+0752,2.05831378861,1.39e-16,MeerKAT,856-1712,81.75997144255865,70.25594109779084,63.40035565719617,2.4503450942469875,0.1294446551641046,1.6841706317669356,2.496276230116343,0.339230445055823,0.607080726871446,-17.838718671930724,15.341692574306656,9.59503601404683,3.233140692086541,1.30028024104746,0.0404037465278479,-23.148399228424925,2.336757860995501,2.727035762795815,8.093841642228732,2.0364657328208504,0.0,61.5063429231025,0.156774736789978,0.0091466372173019,-0.0410472723800002,0.0075127274928651,0.0861003000061915,0.0075385807090279,4.704765444212454,1.6539050105186062,2.004709967013784,6.543197051230709,6.191290892872938,133.656296754987,D,[]
J1915+1606,0.05903000321781323,8.618315947564403e-18,MeerKAT,856-1712,6.983448494589037,18.695759236524488,4.379237987980966,-0.7983049940418692,0.4982305484437273,2.001875604226643,-11.328759226010698,0.4683100448883834,0.5701168340023912,-56.18900499590009,2.238138084168895,2.497101383371657,1.8857661928084053,0.1627165861928736,0.0046628259405856,8.726484304186554,0.6322113494438408,0.718726061657474,47.15542521994135,0.0688274475451561,-17.419354838709687,15.329669338297816,0.4120059702844252,0.0122050493093177,0.0083091715212065,0.0089511581872486,0.1482141288499963,0.0090634565148692,2.796206896969306,7.244941341774451,1.778152601971003,27.55687127252304,32.8354636478896,23.07499722450545,A,[]
J1915+1647,1.6162314951259928,4.054950772855548e-16,MeerKAT,856-1712,160.7750018109949,14.948542113061508,26.69576055815613,0.5692566372794506,0.6676316037893041,0.440602991395166,2.92724465005716,0.0434534597966322,0.0489108827147948,31.481852417592616,1.0629443710416346,0.977250135860576,4.068720050491202,0.917494843411859,0.0654452439575878,-33.14249837821996,0.9435818469468488,1.074745000167589,13.372434017595296,1.583633501536584,3.343108504398824,122.12561812906488,0.3050831486303952,0.0053341713838526,0.0711339992976803,0.0042175236460336,0.1340199432774049,0.0042437850848199,2.2423611218908714,1.524161034552563,2.5704881419128265,4.638737754634915,5.342550071350457,41.644302671217645,B,[]
J1916+1312,0.28184551757161114,3.65957835146812e-15,MeerKAT,856-1712,173.52178094761118,4.598517851298169,15.557624158985618,-0.1819158061964705,0.1290283567354456,0.4238537493608882,2.6082570396527136,0.0371066103684221,0.030352036475111,28.97359492372036,0.7593135979459866,0.6313199107809737,29.27947946341672,1.1191404623645305,0.0297610925476305,35.53531695691904,0.9316145059826012,0.921953984814202,17.243401759530776,0.2756042182009685,-1.055718475073312,194.25622563959547,0.2230097671240338,0.0021328117412563,-0.1486815116731428,0.0018124250637849,0.1576458292910677,0.0018150124725527,1.0019861825792384,0.6551195004035961,2.2551545379396147,5.599459385693766,8.766614810913705,20.156142010283787,A,[]
J1917+0834,2.129676060260779,1.7493002201982466e-14,MeerKAT,856-1712,167.02551418205925,9.999493568772865,20.626799339318865,-0.2366157802122476,0.1819943012844196,0.3546061726887327,4.600132374612065,0.0648352759925492,0.0558536599944554,48.721683815863074,0.3940804445278232,0.3450920639279076,5.582177521648725,0.7237726211317907,0.033172539004302,54.3662854266547,1.3638404078256985,1.8748400523626645,12.316715542521983,2.0829351466779578,4.222873900293252,180.95304824619527,0.3787030736700925,0.0026807902642931,-0.0603545065909518,0.0020270758700707,0.0628420808159248,0.0020275926658427,1.4142863273414408,1.007063921051376,2.0148230963991667,5.831803928864264,5.831803928864264,30.626292908091727,A,[]
J1917+1353,0.19463697696677304,7.198265233119055e-15,MeerKAT,856-1712,74.1451287196281,4.950431158374784,5.716632723582976,5.850987049410042,0.1454823898655437,0.2184260541367759,6.815739830226874,0.1515860462729001,0.171138345015219,-20.520635346137684,1.6118039508834237,1.454041132800235,10.3604685277079,0.2411388289764584,0.000354460175556,-9.436352350071784,0.071395571634147,0.0674225765361526,28.152492668621697,0.1901148159334615,0.1759530791788757,489.5997338797969,0.4717310355538099,0.0011109825631994,-0.0862876447997544,0.0008823059246285,0.0882992791362585,0.000882470649932,14.906966952067156,0.2135018890098313,0.3640739815161846,20.36412692700108,12.974097601487866,10.66706388195776,A,[]
J1918+1444,1.18120133058681,2.1242839743472955e-13,MeerKAT,856-1712,175.96909177047434,2.6409575374309213,11.933394087257255,-0.0756044995158913,0.0494816008349954,0.2199263721155221,-0.0272153803024178,0.0067094587623938,0.0068165783297711,26.98300789964557,0.2600739415401278,0.2560492605242466,90.07614707524014,0.5957687453005747,0.0142065047612618,53.27176410726098,0.5382313084893866,0.5849769919671672,11.964809384164212,1.1538280410457282,-0.1759530791788854,430.5326406898607,0.505281920390044,0.0022764817782688,0.1092582379299306,0.0017879852199673,0.1126816490417347,0.0017885994428761,0.4309416885617224,0.2640458720409119,1.2230004866738924,5.833666993205639,3.722230043059013,14.574351624688177,A,[]
J1918-1052,0.798692542358,8.653e-16,MeerKAT,856-1712,77.95577255510692,70.47392066569729,59.663217410383,-1.289507353284148,0.8923270544533437,0.1016280269556544,3.638130278038446,0.1556319167137814,0.1937208864940229,-7.436081901330061,5.336239975144416,6.653578979366992,1.329752305484141,1.0521916015191353,0.0285261637238884,43.45787389102084,7.559092991652932,6.158554547209299,8.093841642228732,0.7983662159640922,2.1114369501466257,45.77758029324836,0.1442296315687318,0.0078835884004757,-0.0887893912168164,0.0072698412218968,0.1125798980683812,0.0072878721072147,4.153204842493263,1.6500830821845531,2.374216872120948,4.165989515575102,5.573614149006186,130.1371380760803,D,[]
J1919+1745,2.081343459724,1.705e-15,MeerKAT,856-1712,157.1379188545668,17.669613068892374,32.21501799109197,-1.5027382137337293,1.1542913782636868,1.713450973997829,-5.759757506009573,0.1577965351923422,0.1520208953668387,-30.090906640234326,1.268263670171212,1.2482979822899374,1.5182875701162413,0.5382248353198404,0.039319343140141,14.814807388429688,0.3344105177057646,0.4167362199334672,13.724340175953088,2.036648494462184,-5.630498533724345,157.62017120331575,0.383732903814955,0.0045581645694094,0.0291052186862693,0.0036078682305506,0.0417424327288678,0.0036096653182445,3.1303325903041728,1.530543264237665,2.9754746052602847,6.28761674354623,6.639522901904001,49.88463105998434,B,[]
J1920-0950,1.037824001161,3.928e-16,MeerKAT,856-1712,39.538803566444,56.41726760339653,31.172188693247683,-2.417797675966604,1.8558931952078623,1.375168583703207,1.6908647968325377,0.3872306238090082,0.4094600412072999,-29.58656752368406,4.436320742083229,4.482021846744061,1.2992201771887315,0.4331487776790936,0.0320031918077008,15.090327296374852,1.68178279290672,1.6881838265906524,18.65102639296186,1.1852097955187118,1.4076246334310838,16.49461805883891,0.2756031692727295,0.0127689362923116,0.0540031053935222,0.0102167251325335,0.1246287664084282,0.0103107978829611,6.262688502955755,3.356577134652504,3.633098403213322,8.2011287264513,10.664471834955696,87.58945629664422,C,[]
J1921+0812,0.21065049267808872,5.3740903372353104e-15,MeerKAT,856-1712,99.68178647524444,56.121408938971456,64.76601978338422,-16.012418180965465,9.66155284328887,0.5243318216011552,7.996527064471451,4.427344043505169,15.130159347824396,11.941917799171309,37.42648917091986,47.37540830915787,0.9064974933962728,0.8095170753240999,0.0565887565782083,3.573581209942835,0.1753462227871929,0.1842174474385403,8.797653958944274,0.2069370200430512,0.7038123167155419,91.5467831671313,0.7910978022363362,0.0086134825748646,0.1008684530868245,0.0059040062717739,0.1055199015329462,0.0059075757655012,16.601335178213223,8.903553563220239,0.6947359235720214,12.043447885585817,10.635823252154731,120.88742872235568,D,[]
J1921+1419,0.6181877554997562,5.600753705472911e-15,MeerKAT,856-1712,32.19981015825589,25.38554955254442,22.484572719174103,6.584795871590879,4.068891999986581,4.511550648619584,5.946068428054612,0.6726141483391093,0.4089862313070265,2.805422483887222,1.7527438104364306,2.9991827164121108,1.253826704789328,0.2267181791317418,0.0042477207516107,-4.646873712474764,0.1614613549201706,0.1130101640549865,29.56011730205278,0.6065574622714329,1.9354838709677304,102.63937232244736,0.4743824917768135,0.0030424447233335,-0.0783794801997071,0.0023986882284624,0.0849055807658957,0.0024000870827097,10.778069641645208,4.829589252617876,4.224099540761617,17.383018574682186,14.919675466177772,47.87012227171852,B,[]
J1922+1733,0.23617759307948819,1.3382647145183574e-14,MeerKAT,856-1712,8.881356918174149,16.51845069488528,6.681761982638687,0.859181888915926,1.5393911829076938,0.6470325337518819,0.7125549858828815,0.1247656725102605,0.1209960256990452,7.0373536868941216,1.3125743446778024,1.3648911310305234,5.551712447684478,0.3071266436070949,0.0140344281230664,-10.296032471299148,0.2679433272262272,0.2878335734491823,23.225806451612904,0.2324271947305361,-5.102639296187689,80.22226015978916,0.7050776577961884,0.0058457645632084,-0.1895025346670745,0.0046868887558865,0.1960141186459795,0.0046918205554484,2.061359125782096,3.245094697518768,1.08117183060096,14.612848241014854,14.26094208265708,23.200212677523968,A,[]
J1924+1631,2.9351864592,3.64212e-13,MeerKAT,856-1712,84.49909057869067,73.24635477952927,61.95292783507025,-4.508164580071302,3.0557990328032005,1.241377726262904,0.3054924103856438,2.5191060019789253,2.3300362887460446,-4.27989880118556,28.520998970703268,30.10092061184261,1.490995127518694,1.297358039641911,0.000171794059804,12.66386840999595,6.148537901637246,5.183610929715537,7.741935483870961,2.9566938890294843,1.2316715542521983,39.528756568143926,0.1349002107659439,0.0139219739136149,0.0411387306762083,0.0105964427270207,0.0690685258672234,0.0106152829947505,5.918360135637199,2.132505637991378,1.568046364636077,5.149053044159806,4.445240727444264,135.19928261459953,D,[]
J1925+1720,0.0756589884532,1.046782e-14,MeerKAT,856-1712,82.78636126235938,75.32987991632297,64.52701583674323,21.65180871947409,2.6934141576799533,15.36001949249234,0.2160174515923003,11.22647844813118,12.30178182218461,-65.3562705631056,35.437789281952675,36.31937961468133,1.102355381034992,0.3183820371672703,0.0034451660085959,-2.68883084300864,0.6358857218722727,0.6365470301418976,17.243401759530776,0.0951991663806374,-0.7038123167155419,12.307828489789957,0.8532914166521396,0.0294366577756093,0.0436062968727704,0.0189002506473362,0.1227113587738303,0.019028492034528,23.27970625032435,2.993803256171732,12.691961776419069,9.893436806431,9.54153064807323,139.8568957530662,D,[]
J1926+1434,1.3249221945599483,2.1948001526934282e-16,MeerKAT,856-1712,169.5589290325781,7.779823874602812,16.2194407859821,-0.8266161405044974,0.6174184186887848,1.2575939878749418,18.674881613428408,0.1403474871484142,0.19410262293799,35.61164777461893,0.5575064193583046,0.6848829097831555,2.2285859006070567,0.1756871367367205,0.0082484899238646,12.561742289258309,0.529407863090988,0.5187568115838239,45.747800586510266,1.2967032712916733,16.011730205278596,151.0070272084924,0.3014695234932021,0.0034997468347152,-0.0699269738718091,0.0028188308434719,0.0908330317433094,0.0028238671696659,4.355993358863633,2.89882760046166,6.062361089342482,18.099311934958696,22.721802434542774,23.99926466058492,A,[]
J1926+1648,0.5798376648896764,1.7995295110629832e-14,MeerKAT,856-1712,98.7249247977001,17.55545865945966,17.297236500227214,-13.441795290482132,1.340360337652184,0.231388441746164,4.295399999757691,2.0204140975035108,0.9463827973244254,34.38644936325636,9.314526957605716,4.064532950508287,1.6363579858295203,0.2968135956988227,0.0015508012975185,4.252081401160425,0.0455633378573123,0.0459911399804564,26.744868035190613,0.5665081934324422,-1.231671554252208,329.6524158299631,0.6822081452435808,0.0021377955588114,0.0995289765441647,0.0016254990571598,0.1047196297800293,0.001626319106911,18.933052425481783,1.0721415640633702,0.3688896081515849,16.788068621458578,11.157570087734223,34.852695159686874,A,[]
J1926+2016,0.2990717782966,3.50084e-15,MeerKAT,856-1712,99.2180776603687,60.003465805427695,69.59852680135026,11.118547468847462,0.5294323560575886,7.365095755345729,5.101334948120149,2.139218904252034,2.089722910037503,-42.39570438660407,9.548782592015804,10.937922327900443,1.631298568965154,0.3561687945801395,0.0048158957199191,-5.118687729612964,0.5743975285856324,0.6799939413983092,19.3548387096774,0.2990577455071512,1.0557184750733128,45.4181497231146,0.3581049641418308,0.0124281975567348,-0.0593424692044648,0.009583564436005,0.1063235107084923,0.0096170155741313,14.520175445336564,3.178084155866551,4.800339913961789,17.242097411463263,15.834472778032165,129.60199260677797,D,[]
J1926-0652,1.6088163395494997,3.9083179217461904e-16,MeerKAT,856-1712,10.846804510189608,32.47280472196158,6.2455092825665455,1.7140057490623437,5.10435098276657,0.9869951785957684,-21.39306284486854,1.1599626041497686,0.95622630744057,28.90959007035264,1.4903060265302803,1.523890687275884,1.1660245507190177,0.1595204675745267,0.0019294359643937,-6.29154173954865,0.7247887699436415,0.4106033101189243,57.3607038123167,1.6204800453849506,-21.81818181818182,39.579465690564575,0.3502713575547354,0.0080453670725394,0.0321158216229954,0.0066136705847154,0.0817834926566102,0.0066317925470252,5.994745648368237,14.418627888889766,2.8573667937460656,23.826878504105068,28.40165856275609,38.718314004528125,A,[]
J1927+1852,0.4827663596312356,1.1608885861561374e-16,MeerKAT,856-1712,98.97798052424416,59.2416792784107,69.79101856236763,14.502978078812564,0.7459752760610563,9.20939992689276,5.649414697247444,4.024468315242514,3.7126318810283534,17.54037815314969,14.666832883955747,14.944068782390977,1.6004997364087643,0.3048726822588981,0.0051442255910201,-3.944204384125041,0.4795387453665061,0.3990838722498413,23.577712609970654,0.4799821771319187,5.630498533724335,52.33070828276367,0.3038999568699398,0.005962946341097,0.1034775466298786,0.0048696416344851,0.1157764952010324,0.0048757588199696,18.37285744207693,3.690445757102233,6.132866448739968,11.066127824746676,11.066127824746676,129.03269784077833,D,[]
J1927+2234,1.431066414236,7.71e-16,MeerKAT,856-1712,43.058413521448834,47.99141259267224,34.62517211100486,-3.066708250459332,2.397308275176532,1.365992402781966,-5.416389932038899,1.142966168973386,1.6168515855886127,3.5867093117386446,8.262934280102536,10.752894154448049,1.5491779732910436,0.5705490501200794,0.0609937830110431,12.761896232971884,1.4632653345031308,1.55194935668516,22.873900293255133,1.4037289526999313,-5.982404692082117,106.01739387104304,0.0837768410730855,0.003300075303367,0.0061030335638401,0.0030981760302062,0.0405197884281559,0.0031002134514244,8.16820718422196,3.691385312120545,4.849587279929438,9.463310753153266,9.463310753153266,82.61658470367709,C,[]
J1928+1746,0.06873567800760332,1.3156386344027712e-14,MeerKAT,856-1712,138.84950540226106,21.218298154340204,18.66839885313182,-12.264567904450864,6.034881665106589,4.449082525850635,-1.7847278801283035,2.3977471171781723,1.3237122986979817,38.42186458002369,6.838811309114043,3.734821638230727,1.0457772711213158,0.178381654103251,6.170883286515938e-05,3.097731390707529,0.3093998826640649,0.2380656469953175,53.84164222873899,0.0752065072410378,-9.853372434017606,19.79144882447024,0.8456397405490126,0.0157383706868421,-0.2841406692511357,0.0110222837977232,0.3030895471610038,0.01107432439495,23.086006726208275,7.182337610319476,5.289017903456303,37.4528087767632,41.32377651869868,39.88669700747202,A,[]
J1931+1439,1.77922557495,6.328e-15,MeerKAT,856-1712,97.69937327743216,59.449943035224166,66.32345464863639,5.903691822045928,0.2520529230035331,3.599295652030505,-5.199465312905513,0.8879034096238261,0.7288872797149182,29.955466974281272,4.875031440249394,6.293440927851794,1.0141758451122114,0.3675206212091655,0.0049109285460591,-9.634621201465317,1.0111566389207276,1.135532433442641,16.891495601173023,1.8872783885526367,-5.102639296187688,23.58307679737152,0.4715758736214438,0.0166455199127189,0.1229050741741171,0.0141280985404984,0.1530195210828816,0.0141786138770907,10.182125988458704,3.6329982225867137,3.021739184182657,12.57179568416194,9.24638613401988,125.77339768386057,D,[]
J1931+1536,0.3143587790436493,5.01103767899966e-15,MeerKAT,856-1712,115.36934999155794,49.074029695395055,68.926823383078,-4.910765108892461,3.533938346406087,0.9622621957913982,6.144334425992363,1.4657537192675338,1.6684802160022087,62.10492301679157,13.425012540337676,19.246012843059432,5.678168780821699,0.5131479521192475,0.0168546024686708,10.55515322504111,1.901912844608626,1.941820169479275,19.3548387096774,0.3420923504915542,0.0,20.338244350685606,0.2118343430133551,0.014129461849721,0.0042041447926171,0.0114876225531864,0.1063368415143811,0.0115693940279151,10.171902150769322,4.616072962439636,1.9305001951106373,14.062222989042208,15.469847622473292,118.00085307847306,C,[]
J1932+1059,0.22651892659397,1.1568281848656886e-15,MeerKAT,856-1712,19.63550249306533,32.15897839374216,15.872097855063457,13.254093055261718,19.46570395437429,10.70130539508544,-0.5150408698546531,3.300754449699291,2.1202944733294355,33.49718321762332,3.0995368110579946,4.834399904400055,0.6298816173338951,0.2138802121503276,0.0164651763625679,-1.465675169204057,0.0442491525651653,0.0404008614441504,73.5483870967742,0.2212113910114437,-3.1671554252199385,2713.8531103639984,0.7291729041754674,0.000166131794928,-0.0274742708360894,0.0001165698408472,0.0365890247282639,0.0001166875429224,20.437991532653605,22.00288652555262,9.60294132143818,16.526771075133233,9.162378484984046,48.03107624880562,B,[]
J1932+1500,1.8643318674855427,4.587967972001213e-16,MeerKAT,856-1712,51.308292667338414,66.12608817307154,41.062661475143,1.4183820432670868,0.4868635639212755,1.1020656279312957,4.2477535991101805,0.1301036298293976,0.1329863976227701,-10.469865151060128,2.382666519776736,2.3619597032765167,1.8818928207433607,0.624342664406671,0.0510193248402066,-31.532492419143537,3.3164066010387003,3.725176533621117,11.260997067448669,1.8556780911156583,4.046920821114365,50.7254107032245,0.2726286594031147,0.0119212108882114,0.0255376215546692,0.0095009225865401,0.0896644945921958,0.0095459281807245,4.658150365220661,0.5370672320482026,2.8932566571820373,4.775612836646837,5.479425153362379,107.18874964821453,C,[]
J1932+2220,0.14446976514442425,5.757173111382096e-14,MeerKAT,856-1712,19.72372130983809,11.417135724801074,11.19162035155924,-1.7289806779371015,0.967588459103808,0.9056890413530714,6.540564842219457,0.0606933596088472,0.1803401176946248,41.807940710107246,1.0387342512528974,2.701987957649713,5.689366428934289,0.3664198802539191,0.0075880849196074,11.185435499410046,0.0835698084196217,0.0740458591040642,23.225806451612883,0.1411309538885705,0.8797653958944274,386.5640041716685,0.7498623555686645,0.002018982205724,0.0700787762768812,0.0014850791444202,0.0739375787079727,0.0014854893274152,4.124167757117457,1.9825223541425467,1.8500057016606093,18.68132730556257,10.235579504976052,22.608756076360315,A,[]
J1934+2352,0.17843152366,1.30699e-13,MeerKAT,856-1712,100.59704732578857,58.7150412682319,73.94917592347818,-21.96874554621332,14.806384020050205,1.6818083988408574,-6.015104502577454,8.444161906237436,10.213373794904276,30.09586163335201,21.21401012910455,32.53205211405776,0.7908069629728001,0.3437704464416795,0.0047588742631884,2.627486813115252,0.3658306188683324,0.3518539472085602,13.724340175953069,0.1917013964557329,-2.4633431085043966,21.804157906190945,0.6871599979677894,0.0199550413352757,-0.0162628994639445,0.0130331023433795,0.0855181401802934,0.0130873373121201,23.00292344327241,13.145274736726137,1.891282654199854,21.67492854949826,10.765837640407362,132.6642171917101,D,[]
J1938+0650,1.121561892,5.68e-15,MeerKAT,856-1712,96.8437057519606,60.667044829379705,65.99673271867327,-1.689004450538872,1.0515356928422623,0.0621291023204146,1.770384126924063,0.238357662293245,0.183525028107532,27.369215403230985,5.934516365284917,7.433481648535775,2.1164051154586385,1.1224228703251402,0.0305798082873263,33.68598661432551,2.588470698259748,2.6997353536460693,10.205278592375358,1.096859676593735,-0.7038123167155419,185.84821760921207,0.1252363610727241,0.0042846362696598,0.0317705125713924,0.0037135997937172,0.0395024526940349,0.003714408485964,5.3481904735029335,2.726138645113463,2.2896849838833764,4.409680314607345,4.761586472965116,126.66377754805298,D,[]
J1938+2010,0.68708185664,3.399e-15,MeerKAT,856-1712,124.3379475731622,43.569265314445445,92.62267214674686,-11.876824696908304,9.001375363274281,4.601354021012323,1.0997968560198623,5.995724035745111,5.240335648753666,22.72189432433099,25.6734910171713,18.26274257900399,1.5669703574472986,0.4075409546448822,0.0251892205435717,4.012105339989753,0.9952071786172024,1.0165707125252723,18.29912023460409,0.8093328684615628,-1.5835777126099693,14.826388352990264,0.27256856078516,0.0189219198228848,-0.1282008598995522,0.014459619490233,0.1581087545283073,0.0145228905696147,14.33068605245753,6.5000123629229085,4.45639402472111,14.648183952794062,13.59246547772075,136.1919374611923,D,[]
J1940+2245,0.258911996567,1.271254e-14,MeerKAT,856-1712,56.76191143067166,59.356248311569786,42.63125291296678,6.4999152471956965,2.0796968278713788,4.665715479299147,4.79717369320842,1.97102600091044,1.2378009432730337,10.201010167939188,7.139687384321597,12.018368959376048,1.050753460622426,0.3225058233933802,0.006510283746665,-7.388579844001098,1.2377944800263814,1.336383416255254,20.76246334310849,0.3699993320504136,-0.3519061583577709,9.360119567120366,0.5305427427660446,0.029656624686797,-0.0504792322893173,0.0199987434217167,0.1283599476909875,0.0201712842048752,11.08452961464427,1.397497113850878,4.448135692153565,16.234123839835995,24.23508437130772,101.98750122453656,C,[]
J1940+2337,0.546824157964,7.67965e-14,MeerKAT,856-1712,85.11139979515207,67.62907781381213,64.02938309188558,12.265802358495527,0.5995494399013168,8.19816209932474,6.020069721099828,3.942305316142983,9.1180174151732,-26.54791524462388,37.494925339862085,33.9649114541522,0.6987667373360025,0.5771671430587046,0.0064112749056102,-4.689929214499304,0.5321235643740501,0.5603450362207925,10.557184750733128,0.6437104947012174,1.2316715542521983,14.856574224657315,0.7943415897270857,0.0331448812901213,-0.1050265560562456,0.0233431865053302,0.1788747658783579,0.0235528799506948,13.348920715222462,1.097413273876286,6.745881765600078,12.53033365071859,13.937958284149676,131.65846090569772,D,[]
J1941+0121,0.217317451828,1.913e-16,MeerKAT,856-1712,157.30537910350372,14.628114000224343,16.583663807362427,4.9395255387429,3.087252672462,3.1318468517887093,-9.50294194433,0.3563055790893923,0.3729624310923984,22.41868655747057,1.3959485508843483,1.3505310372242685,1.318034709178684,0.0912392874312431,0.0002540262996002,-4.480841642735164,0.0953974436701177,0.1137757896131681,56.30498533724341,0.2206918051374024,-5.454545454545439,35.0517221726019,0.7226590966199701,0.0055291100419618,0.1268301373214285,0.0041702028955769,0.1400909217872674,0.004177313687805,10.775610247710508,5.377192704330028,6.668550433614543,34.661280929570296,33.256607633479575,31.21177780758677,A,[]
J1943-1237,0.9724303960846684,1.6556913729226313e-15,MeerKAT,856-1712,25.393877583007708,35.3506517062537,20.183130683922123,1.942233577593327,2.0595116838739225,1.529571914992473,0.5301353742192596,0.2449452028380861,0.2382127803700868,-14.847022082303724,2.620294254377692,2.7366042156322905,8.003306607345705,0.6433718887195692,0.0542908523348337,-12.65313744611924,0.5971212114313342,0.543740759362688,17.94721407624632,0.9498627994369055,0.703812316715541,460.6447783381974,0.117772597452323,0.0018301884560068,-0.0224816830922566,0.0015599168050402,0.0357386882918055,0.0015605552108457,4.427971229697431,3.932394734377568,2.326007700788645,6.33658698712248,4.5770561953336255,55.53378239017582,B,[]
J1944+1755,1.9968990135,7.3e-16,MeerKAT,856-1712,153.3719042520956,18.08817228617079,16.741186328430672,-2.330591125760733,1.5805188525084186,1.389224556143959,-14.987368037286815,0.2719466663501642,0.3443154011057565,-26.712167064155484,0.7046388089752043,0.7891326349761449,2.032008487534253,0.1919357855515251,0.0008272409521179,11.021627707141908,0.659469499007967,0.6687745412157966,39.76539589442815,1.956985691647129,-14.076246334310856,118.86440139484044,0.4044969477115461,0.005043342097163,-0.0248170517586772,0.0045300663052491,0.0569768909818956,0.0045349726118257,9.516793663626125,5.489673588136246,4.623577505919903,17.27475806661233,17.97857038332787,34.82935861460146,A,[]
J1946-1312,0.9837331919310454,3.974471187868404e-15,MeerKAT,856-1712,90.86964792152398,68.79189148745598,68.02913664220027,-9.9854996845057,7.00184253973862,3.067894053197149,2.214924158003962,6.305477114552369,6.530174729983084,34.89712349977161,44.02106224657858,47.026253833576206,0.9984679348890892,1.0149029049138372,0.0003357823526562,5.766383696479147,2.942008398624808,2.9757528338735284,14.428152492668609,1.004596985208985,0.7038123167155419,32.698999038434614,0.1170781095595335,0.0099188501067665,-0.0082635738392038,0.0085313013684486,0.0588703812034089,0.0085457571564499,12.302459538552716,4.869400371120514,3.3280314956843497,3.239621296541488,8.725188087622724,136.82102812965627,D,[]
J1949-2524,0.9576198370703672,3.270586918936385e-15,MeerKAT,856-1712,95.95715478087617,64.16641127183436,69.74727621375229,-5.856129617127882,3.931154357367566,0.2926423806283313,1.5019956838436022,1.6369763421246382,1.4149775630744206,28.596758144424843,19.08599022179376,13.030457287862122,1.1514827403346384,1.1079654363007545,0.0164985951552529,9.748027087642225,1.3988766365218517,1.2496703196362091,12.668621700879754,0.9358873409345612,-1.5835777126099693,256.26822368597846,0.0754331528582255,0.0028697330101498,-0.0094666250790499,0.0021792324975797,0.0283866959900844,0.0021803270921627,8.618030855308227,3.0437332505025685,2.26596339072857,6.25272882167351,5.900822663315739,133.91368748558665,D,[]
J1951+1123,5.0940830275,3.031e-15,MeerKAT,856-1712,106.71292893758208,59.02783013681096,68.69307092332085,1.4058802117018585,0.0971177539371384,1.042150787303103,0.6950918089283521,0.1109157009521721,0.1509562440608294,-53.12689054664203,6.067875411832574,4.747091276973848,2.482511442951573,1.3811476193601413,0.1043652810568356,-39.03673746777999,3.4677116325665622,3.1126360984156065,4.574780058651022,4.980372749688192,-0.7038123167155419,209.16173429908207,0.1457341525483709,0.0037281350061782,0.0029861929082315,0.0029858604091744,0.0210035164506512,0.0029868181638352,2.596068437918331,1.092985597018347,0.7006168753719737,5.093918788400489,2.630575679896092,127.7209010601318,D,[]
J1956+0838,0.30391107936355555,2.263181662528217e-16,MeerKAT,856-1712,26.337119502240608,41.14692603699256,19.576314292105383,3.213031385222616,3.694712600762236,2.3665813818075154,-3.407608724191762,0.4522161941757869,0.47228695005079,-1.45956945935336,3.4581783816663814,3.544373432757093,2.384631700994569,0.4277124049604204,0.0132019477893261,-7.915487210399462,0.7278908194173619,0.5144784209987296,35.54252199413489,0.301259587649651,0.3519061583577603,57.39257476494646,0.1787042767092671,0.0042271434232436,-0.0296400834233239,0.0036557543771729,0.0543125907685773,0.0036599297062414,8.889813709775272,8.319704213347954,4.879462699025765,15.19646502917709,19.41933892947034,60.72324032909793,B,[]
J2002+1637,0.27649748362,2.25e-16,MeerKAT,856-1712,79.5194048895168,77.52405706834102,62.20642361347208,16.28567194304306,1.9661075164835715,11.668761864984765,2.77476862794906,7.451825428112215,6.9071645650362585,-4.66750666666686,23.17492735188318,29.85150845784065,1.087138159535466,0.4323145140611586,0.0157231332076102,-3.506501488255611,0.8560594372979193,0.856731527290143,23.92961876832845,0.2729805521373291,0.1759530791788757,67.31182818750794,0.2138858040197071,0.0072772255296723,0.0033844891907273,0.005881780257001,0.0445255139142956,0.0058878961155679,20.17849470391397,4.0309018579693126,8.118192879826864,13.156000299503305,12.45218798278776,139.7304806818131,D,[]
J2005-0020,2.2796800296651574,2.5663066507450253e-14,MeerKAT,856-1712,97.75374939220056,64.69643849284653,68.55289898719204,4.427434108264729,0.1903474748747751,3.082373733172668,2.3800399917426995,0.8093887221627796,0.6334343455774354,9.566009851610728,6.8774689884615245,8.84069874154491,0.7918445927608694,0.6302438052732674,0.0378195963043981,-12.835530766412615,1.288963090632226,1.0263484273776573,10.9090909090909,2.252503065874292,2.815249266862168,64.92404991255903,0.2117692103651882,0.0069765353589089,0.0427849210193753,0.0054181224274278,0.0646132992439647,0.0054264540232366,6.960353674936266,2.3117075160330973,2.204085554592196,4.482130096233834,5.185942412949376,133.24933748003855,D,[]
J2007+0910,0.4587348258074,3.3244e-16,MeerKAT,856-1712,74.56444883595071,71.82339256463806,58.1960907127269,-4.221053206926042,3.017449173077124,0.3169202442460221,2.1063397538274087,0.760692276815329,1.1316154214468055,-40.62745517875614,11.41010070811488,13.654403278125612,1.33332257785899,0.538086196693323,0.0235171374745846,13.096053084393407,1.6544432568039085,1.5878631150594131,10.557184750733128,0.4644409754278298,-0.1759530791788854,36.55764104908841,0.3502285298335866,0.0134228640858311,-0.0488536933592471,0.0110020982634709,0.0731948390793185,0.011017051515161,6.567488120048337,1.907789115246548,2.1646943256397964,8.968509841803943,7.208979050015087,130.01948327736494,D,[]
J2017+2043,0.537143086032,9.9555e-16,MeerKAT,856-1712,61.296122657759085,74.20391637770238,47.87669319423391,6.17814905350576,1.154319133840917,4.567546719330861,5.466027280798539,1.2768510534864417,1.2286543890600932,31.42139884228292,7.701372120144768,8.470361656908455,10.5126954023726,0.6884902727071243,0.049888598238116,-8.150083369760718,0.8706524876173303,0.6790085806900343,14.428152492668609,0.5290532761386192,4.222873900293251,76.18500053437036,0.1589719877856567,0.0056850461112396,0.0130215858947064,0.0046092184010727,0.1118093992982555,0.0046395700219808,8.966930265181771,1.445198667454375,3.437844309256806,8.457229626839592,7.75341731012405,122.0806095719363,D,[]
J2038-3816,1.5772897322339043,4.161414817843946e-15,MeerKAT,856-1712,91.24358874958052,68.33231778015059,67.14877651763317,-5.076178895797806,3.3866425898003563,0.197087484957354,-1.2246389421854789,0.9074838085151956,0.899081866461614,-16.840780129130653,9.770261292942468,9.462643974048962,1.3131861632882575,0.7704508577899425,0.0183799073945563,11.29930431167896,1.0024786428602042,1.1579740197207151,24.281524926686217,1.5529757936985846,-2.8152492668621774,77.85568846829723,0.2258634893086682,0.0065421258642587,-0.0608610831193566,0.0054800531281477,0.0839643858065138,0.0054901162593833,13.15270305766488,6.297864259394734,6.4197216092224405,3.8780003540022,5.2715597632998445,135.48109429778376,D,[]
J2043+2740,0.09613056295,1.27e-15,MeerKAT,856-1712,141.91406901767533,0.9959834578770312,1.2431971854018116,5.524306029720949,0.1428434336115573,0.1157462875537786,13.779424103772282,0.1640798113838233,0.1625595699497637,-2.10186602671512,1.2501379171850389,1.2682599129272465,10.298514523071034,0.239414222415073,0.0111951541773027,-6.407555500893984,0.014039745028227,0.0133093253816332,39.0615835777126,0.0938803568659814,2.111436950146617,1282.4386950202645,0.8452936270889098,0.0005948826982476,-0.0697702431708451,0.0003964161098276,0.0715847703340199,0.0003964622623755,12.51125466235936,0.2544023660225463,0.3120044389938555,23.80874961696876,18.53015724160219,2.239180643278843,A,[]
J2048-1616,1.9615846233291023,1.0958301744991741e-14,MeerKAT,856-1712,43.26693041952557,1.5976648954035113,1.6864813742533613,1.1510240011569397,0.0358024938862382,0.0383535434996376,-5.152793612863148,0.0030785533122568,0.0030918713302527,-37.20965664450665,0.0296834409653214,0.0276858441255427,351.0752348927484,0.302864986877239,3.96755086740086e-06,-34.120109536357404,0.1045024884927912,0.0913434776439316,22.52199413489736,1.9156234395362028,-5.806451612903231,2667.9811660260766,0.4086853338073817,0.0003639304340635,0.0377465490678142,0.0002664318631279,0.0539785060507497,0.0002666841700364,7.877684228080148,0.221421124348497,0.2400527161880103,9.451311958984366,8.043687325553282,3.2841462696568726,A,[]
J2108-3429,1.4231049123943769,3.501922290155213e-15,MeerKAT,856-1712,16.774099234151233,31.610626451340924,12.53596583750154,0.2855857958472703,0.4652840755460638,0.2123416682859889,1.2995001996197737,0.0382882060686078,0.0359652362791871,-35.92262947873134,1.1779614380935115,1.196006818183136,40.95404593502921,1.248793937718986,0.0577697063035813,-57.90054624669114,3.2042975514910736,2.8659127419865484,7.741935483870961,1.3908552726851546,1.2316715542521983,250.7885039364413,0.1313965563267065,0.0026850854326345,0.1743915830624793,0.0023514668747403,0.1894655914014321,0.0023580868401138,1.161802839917405,1.7642285783225773,0.7519371545429644,3.234984070587513,3.234984070587513,44.14659228884246,B,[]
J2111+2106,3.9538529596,3.24e-15,MeerKAT,856-1712,72.22005020239537,71.18840452373097,57.36092972409982,1.1067864388338546,0.1273485282334792,0.8200352691915254,2.456516826744046,0.1298239685375404,0.1270244303663434,-46.43734210361259,4.5918259656683205,4.100065944009643,1.2999355834773545,1.0742058168644069,0.0834173266183904,-49.298141913015904,6.621044223483537,8.165647169010008,10.557184750733128,3.9071616098312414,0.5278592375366564,64.60789408070681,0.1846668759854306,0.0083766342073956,0.1242341596526331,0.0068641231817059,0.1812179841587666,0.0069935461464376,5.161602206464337,1.8659774728219385,3.377996039266802,4.040094539354016,5.79962533114287,128.5493342478308,D,[]
J2124+1407,0.6940541217243695,7.680113132509621e-16,MeerKAT,856-1712,75.46466538909377,56.21833805727067,51.35016431534747,-3.9285073417381975,2.2351893201469304,0.1572795183265745,-5.957255949428461,0.3440033829374025,0.3494356005096701,50.04989304785092,4.252051376779839,4.424951283990254,1.1955252895032378,0.6018883392343819,0.0133900867907836,14.12887682371874,0.9705089036094172,0.8366188085262198,16.187683284457485,0.6816966094686281,-6.158357771261002,92.97203677487168,0.2748244053012468,0.0051580432190191,-0.0089396213426439,0.0040028465483068,0.0441530758496122,0.0040071271495,8.696057515191258,1.5166211688702185,3.7305173831869007,7.943037305703511,7.54083366203843,107.56850237261814,C,[]
J2127-6648,0.3257716011373503,2.2543101743430446e-16,MeerKAT,856-1712,120.08451781317008,41.39264765676441,49.16464133705632,-9.14662714149327,6.046691860882561,3.03781275089054,12.41060894721674,4.885678956777941,7.652623487621451,30.30008254819768,23.041461359098943,33.47165273932441,1.0732372430433663,0.3507519229423912,0.0004306951835009,5.4433716806043,1.565599810432846,0.880720071775654,37.30205278592376,0.3318178848616773,9.67741935483872,33.736819961097645,0.0828525610368413,0.0067029586459699,0.0125108045701008,0.005207205424967,0.0611114892304093,0.0052172284030255,19.11837636834528,7.9010988456477245,1.791358419296588,23.84755909384432,25.60708988563317,90.55728899382072,C,[]
J2155-3118,1.030003273247361,1.2408895718333098e-15,MeerKAT,856-1712,63.615198063167895,64.59032365045599,51.30234804849205,2.0681771539674525,0.3160216604571264,1.5830234133670429,1.2764238277194595,0.1435020674013698,0.1850232511688447,-46.57155186077947,3.042969744999993,2.485939539902404,3.3276516730234174,0.4560731895653211,0.0535561235023842,-24.82302210485323,2.1761893008296624,2.353836703253858,12.668621700879754,1.0112126650516786,1.93548387096774,96.82709727130036,0.1593092581710971,0.0044311987635445,0.1738576694574191,0.0032865074986374,0.1863914565518389,0.0032961279417629,6.085504438406538,0.7726512555734837,3.575659596474183,5.937652418614845,5.585746260257074,115.89267169894804,C,[]
J2215+1538,0.37419801039605743,2.3671222748058377e-15,MeerKAT,856-1712,179.98817600810727,0.7462319485713067,8.931950215355727,-0.0004696498627936,0.0296217910668588,0.3531621156134577,-2.461997474342696,0.0074549322324215,0.0090021598990621,-37.46905590621996,0.2422108977237158,0.2965240605011132,149.73944238940567,0.5753465433008387,0.000932204506995,25.17618495319091,0.0604717362520368,0.0538186961214854,16.187683284457464,0.3654366516263683,-0.8797653958944274,1432.2372854313269,0.3451940638194261,0.0004790045709427,-0.0036607759382047,0.000382531007197,0.0502378962996815,0.0003830648300807,0.0017653584414447,0.1054583544928343,1.3039627826218756,9.324167562319229,5.101293662025977,9.678182163927032,A,[]
J2248-0101,0.4772331191229628,6.593518352872731e-16,MeerKAT,856-1712,46.23163877703689,60.043242265421554,37.45072317594683,4.752904660558797,1.93369125077628,3.76744359406456,-1.2116315936890052,0.6254361225036436,0.8378166840869192,-11.817235528841762,6.741472088113071,4.93963097946188,3.4890979701895644,0.4983310400322716,0.0566065210866471,-8.715343901702957,0.6203839859013147,0.7172000292963467,22.52199413489736,0.467163518791145,-1.58357771260998,144.44279574537018,0.1308086169826131,0.0033069245955895,-0.0018483822107103,0.0029136393530191,0.0452189251177574,0.0029163009800428,9.681048119454886,2.313904450395982,4.697097673784868,7.369989364949997,7.369989364949997,97.49396544136836,C,[]
J2324-6054,2.3474887644584896,2.5813788401578214e-15,MeerKAT,856-1712,165.94712455999084,11.507274323599944,14.310410247690925,0.5555889458836818,0.5324079064038214,0.4538504745378705,-2.0698830416569964,0.0188966472703393,0.0183511395359263,-43.47332112169901,0.3576198551948337,0.3331801045634392,15.4036100770767,0.6003267250681983,0.0806476890032215,-25.04121190164805,0.1998406967974908,0.152894863128413,19.706744868035194,2.293120126535664,-5.1026392961876885,419.6999645057976,0.3928841316630173,0.0019301588636876,0.0194431403629789,0.001520412414599,0.107094233831065,0.0015314359988196,2.407974408769242,1.7363438097735278,2.2595378236547607,5.496099363035079,4.440380887961766,25.81768457129087,A,[]
J2346-0609,1.1814633829674592,1.3630531157485296e-15,MeerKAT,856-1712,6.5788280499029455,6.114953104745199,5.550838624107475,0.3963243322264456,0.3657395638117682,0.3343514064957456,7.366106974671639,0.0325359592064362,0.0243330098624321,-28.53838350159776,0.1678249541965932,0.1933958375164586,2.8840083430258683,0.273666403509333,0.0372018611754638,-16.563287588252066,0.0979436784980016,0.1017389118033129,22.17008797653957,1.1542185063416492,6.686217008797648,359.745883641717,0.4505392011141957,0.0016799382300671,0.1122658200422038,0.0012148071385313,0.1179055387986151,0.0012157516351054,1.3643573029203195,1.1501279649089289,0.9086044196400468,10.00540316235492,9.653497003997147,11.665791728852676,A,[]
